ISO-10303-21;
HEADER;
FILE_DESCRIPTION(('STEP AP242'),'1');
FILE_NAME('395105010.stp','2026-03-05T17:47:08',('TraceParts'),('TraceParts S.A.S.'),'Spatial InterOp 3D',' ',' ');
FILE_SCHEMA(('AP242_MANAGED_MODEL_BASED_3D_ENGINEERING_MIM_LF  {1 0 10303 442 1 1 4}'));
ENDSEC;
DATA;
#1=MECHANICAL_DESIGN_GEOMETRIC_PRESENTATION_REPRESENTATION(' ',(#10,#11,#12,#13,#14,#15,#16,#17,#18,#19,#20,#21,#22,#23,#24,#25,#26,#27,#28,#29,#30,#31,#32,#33,#34,#35,#36,#37,#38,#39,#40,#41,#42,#43,#44,#45,#46,#47,#48,#49,#50,#51,#52,#53,#54,#55,#56,#57,#58,#59,#60,#61,#62,#63,#64,#65,#66,#67,#68,#69,#70,#71,#72,#73,#74,#75,#76,#77,#78,#79,#80,#81,#82,#83,#84,#85,#86,#87,#88,#89,#90,#91,#92,#93,#94,#95,#96,#97,#98,#99,#100,#101,#102,#103,#104,#105,#106,#107,#108,#109,#110,#111,#112,#113,#114,#115,#116,#117,#118,#119,#120,#121,#122,#123,#124,#125,#126,#127,#128,#129,#130,#131,#132,#133,#134,#135,#136,#137,#138,#139,#140,#141,#142,#143,#144,#145,#146,#147,#148,#149,#150,#151,#152,#153,#154,#155,#156,#157,#158,#159,#160,#161,#162,#163,#164,#165,#166,#167,#168,#169,#170,#171,#172,#173,#174,#175,#176,#177,#178,#179,#180,#181,#182,#183,#184,#185,#186,#187,#188,#189,#190,#191,#192,#193,#194,#195,#196,#197,#198,#199,#200,#201,#202,#203,#204,#205,#206,#207,#208,#209,#210,#211,#212,#213,#214,#215,#216,#217,#218,#219,#220,#221,#222,#223,#224,#225,#226,#227,#228,#229,#230,#231,#232,#233,#234,#235,#236,#237,#238,#239,#240,#241,#242,#243,#244,#245,#246,#247,#248,#249,#250,#251,#252,#253,#254,#255,#256,#257,#258,#259,#260,#261,#262,#263,#264,#265,#266,#267,#268,#269,#270,#271,#272,#273,#274,#275,#276,#277,#278,#279,#280,#281,#282,#283,#284,#285,#286,#287,#288,#289,#290,#291,#292,#293,#294,#295,#296,#297,#298,#299,#300,#301,#302,#303,#304,#305,#306,#307,#308,#309,#310,#311,#312,#313,#314,#315,#316,#317,#318,#319,#320,#321,#322,#323,#324,#325,#326,#327,#328,#329,#330,#331,#332,#333,#334,#335,#336,#337,#338,#339,#340,#341,#342,#343,#344,#345,#346,#347,#348,#349,#350,#351,#352,#353,#354,#355,#356,#357,#358,#359,#360,#361,#362,#363,#364,#365,#366,#367,#368,#369,#370,#371,#372,#373,#374,#375,#376,#377,#378,#379,#380,#381,#382,#383,#384,#385,#386,#387,#388,#389,#390,#391,#392,#393,#394,#395,#396,#397,#398,#399,#400,#401,#402,#403,#404,#405,#406,#407,#408,#409,#410,#411,#412,#413,#414,#415,#416,#417,#418,#419,#420,#421,#422,#423,#424,#425,#426,#427,#428,#429,#430,#431,#432,#433,#434,#435,#436,#437,#438,#439,#440,#441,#442,#443,#444,#445,#446,#447,#448,#449,#450,#451,#452,#453,#454,#455,#456,#457,#458,#459,#460,#461,#462,#463,#464,#465,#466,#467,#468,#469,#470,#471,#472,#473,#474,#475,#476,#477,#478,#479,#480,#481,#482,#483,#484,#485,#486,#487,#488,#489,#490,#491,#492,#493,#494,#495,#496,#497,#498,#499,#500,#501,#502,#503,#504,#505,#506,#507,#508,#509,#510,#511,#512,#513,#514,#515,#516,#517,#518,#519,#520,#521,#522,#523,#524,#525,#526,#527,#528),#6);
#2=PRODUCT_DEFINITION_CONTEXT('',#529,'design');
#3=APPLICATION_PROTOCOL_DEFINITION('INTERNATIONAL STANDARD','ap242_managed_model_based_3d_engineering',2014,#529);
#4=PRODUCT_CATEGORY_RELATIONSHIP('NONE','NONE',#530,#531);
#5=SHAPE_DEFINITION_REPRESENTATION(#532,#533);
#6= (GEOMETRIC_REPRESENTATION_CONTEXT(3)GLOBAL_UNCERTAINTY_ASSIGNED_CONTEXT((#536))GLOBAL_UNIT_ASSIGNED_CONTEXT((#538,#539,#540))REPRESENTATION_CONTEXT('NONE','WORKSPACE'));
#10=STYLED_ITEM('',(#542),#543);
#11=STYLED_ITEM('',(#544),#545);
#12=STYLED_ITEM('',(#546),#547);
#13=STYLED_ITEM('',(#548),#549);
#14=STYLED_ITEM('',(#550),#551);
#15=STYLED_ITEM('',(#552),#553);
#16=STYLED_ITEM('',(#554),#555);
#17=STYLED_ITEM('',(#556),#557);
#18=STYLED_ITEM('',(#558),#559);
#19=STYLED_ITEM('',(#560),#561);
#20=STYLED_ITEM('',(#562),#563);
#21=STYLED_ITEM('',(#564),#565);
#22=STYLED_ITEM('',(#566),#567);
#23=STYLED_ITEM('',(#568),#569);
#24=STYLED_ITEM('',(#570),#571);
#25=STYLED_ITEM('',(#572),#573);
#26=STYLED_ITEM('',(#574),#575);
#27=STYLED_ITEM('',(#576),#577);
#28=STYLED_ITEM('',(#578),#579);
#29=STYLED_ITEM('',(#580),#581);
#30=STYLED_ITEM('',(#582),#583);
#31=STYLED_ITEM('',(#584),#585);
#32=STYLED_ITEM('',(#586),#587);
#33=STYLED_ITEM('',(#588),#589);
#34=STYLED_ITEM('',(#590),#591);
#35=STYLED_ITEM('',(#592),#593);
#36=STYLED_ITEM('',(#594),#595);
#37=STYLED_ITEM('',(#596),#597);
#38=STYLED_ITEM('',(#598),#599);
#39=STYLED_ITEM('',(#600),#601);
#40=STYLED_ITEM('',(#602),#603);
#41=STYLED_ITEM('',(#604),#605);
#42=STYLED_ITEM('',(#606),#607);
#43=STYLED_ITEM('',(#608),#609);
#44=STYLED_ITEM('',(#610),#611);
#45=STYLED_ITEM('',(#612),#613);
#46=STYLED_ITEM('',(#614),#615);
#47=STYLED_ITEM('',(#616),#617);
#48=STYLED_ITEM('',(#618),#619);
#49=STYLED_ITEM('',(#620),#621);
#50=STYLED_ITEM('',(#622),#623);
#51=STYLED_ITEM('',(#624),#625);
#52=STYLED_ITEM('',(#626),#627);
#53=STYLED_ITEM('',(#628),#629);
#54=STYLED_ITEM('',(#630),#631);
#55=STYLED_ITEM('',(#632),#633);
#56=STYLED_ITEM('',(#634),#635);
#57=STYLED_ITEM('',(#636),#637);
#58=STYLED_ITEM('',(#638),#639);
#59=STYLED_ITEM('',(#640),#641);
#60=STYLED_ITEM('',(#642),#643);
#61=STYLED_ITEM('',(#644),#645);
#62=STYLED_ITEM('',(#646),#647);
#63=STYLED_ITEM('',(#648),#649);
#64=STYLED_ITEM('',(#650),#651);
#65=STYLED_ITEM('',(#652),#653);
#66=STYLED_ITEM('',(#654),#655);
#67=STYLED_ITEM('',(#656),#657);
#68=STYLED_ITEM('',(#658),#659);
#69=STYLED_ITEM('',(#660),#661);
#70=STYLED_ITEM('',(#662),#663);
#71=STYLED_ITEM('',(#664),#665);
#72=STYLED_ITEM('',(#666),#667);
#73=STYLED_ITEM('',(#668),#669);
#74=STYLED_ITEM('',(#670),#671);
#75=STYLED_ITEM('',(#672),#673);
#76=STYLED_ITEM('',(#674),#675);
#77=STYLED_ITEM('',(#676),#677);
#78=STYLED_ITEM('',(#678),#679);
#79=STYLED_ITEM('',(#680),#681);
#80=STYLED_ITEM('',(#682),#683);
#81=STYLED_ITEM('',(#684),#685);
#82=STYLED_ITEM('',(#686),#687);
#83=STYLED_ITEM('',(#688),#689);
#84=STYLED_ITEM('',(#690),#691);
#85=STYLED_ITEM('',(#692),#693);
#86=STYLED_ITEM('',(#694),#695);
#87=STYLED_ITEM('',(#696),#697);
#88=STYLED_ITEM('',(#698),#699);
#89=STYLED_ITEM('',(#700),#701);
#90=STYLED_ITEM('',(#702),#703);
#91=STYLED_ITEM('',(#704),#705);
#92=STYLED_ITEM('',(#706),#707);
#93=STYLED_ITEM('',(#708),#709);
#94=STYLED_ITEM('',(#710),#711);
#95=STYLED_ITEM('',(#712),#713);
#96=STYLED_ITEM('',(#714),#715);
#97=STYLED_ITEM('',(#716),#717);
#98=STYLED_ITEM('',(#718),#719);
#99=STYLED_ITEM('',(#720),#721);
#100=STYLED_ITEM('',(#722),#723);
#101=STYLED_ITEM('',(#724),#725);
#102=STYLED_ITEM('',(#726),#727);
#103=STYLED_ITEM('',(#728),#729);
#104=STYLED_ITEM('',(#730),#731);
#105=STYLED_ITEM('',(#732),#733);
#106=STYLED_ITEM('',(#734),#735);
#107=STYLED_ITEM('',(#736),#737);
#108=STYLED_ITEM('',(#738),#739);
#109=STYLED_ITEM('',(#740),#741);
#110=STYLED_ITEM('',(#742),#743);
#111=STYLED_ITEM('',(#744),#745);
#112=STYLED_ITEM('',(#746),#747);
#113=STYLED_ITEM('',(#748),#749);
#114=STYLED_ITEM('',(#750),#751);
#115=STYLED_ITEM('',(#752),#753);
#116=STYLED_ITEM('',(#754),#755);
#117=STYLED_ITEM('',(#756),#757);
#118=STYLED_ITEM('',(#758),#759);
#119=STYLED_ITEM('',(#760),#761);
#120=STYLED_ITEM('',(#762),#763);
#121=STYLED_ITEM('',(#764),#765);
#122=STYLED_ITEM('',(#766),#767);
#123=STYLED_ITEM('',(#768),#769);
#124=STYLED_ITEM('',(#770),#771);
#125=STYLED_ITEM('',(#772),#773);
#126=STYLED_ITEM('',(#774),#775);
#127=STYLED_ITEM('',(#776),#777);
#128=STYLED_ITEM('',(#778),#779);
#129=STYLED_ITEM('',(#780),#781);
#130=STYLED_ITEM('',(#782),#783);
#131=STYLED_ITEM('',(#784),#785);
#132=STYLED_ITEM('',(#786),#787);
#133=STYLED_ITEM('',(#788),#789);
#134=STYLED_ITEM('',(#790),#791);
#135=STYLED_ITEM('',(#792),#793);
#136=STYLED_ITEM('',(#794),#795);
#137=STYLED_ITEM('',(#796),#797);
#138=STYLED_ITEM('',(#798),#799);
#139=STYLED_ITEM('',(#800),#801);
#140=STYLED_ITEM('',(#802),#803);
#141=STYLED_ITEM('',(#804),#805);
#142=STYLED_ITEM('',(#806),#807);
#143=STYLED_ITEM('',(#808),#809);
#144=STYLED_ITEM('',(#810),#811);
#145=STYLED_ITEM('',(#812),#813);
#146=STYLED_ITEM('',(#814),#815);
#147=STYLED_ITEM('',(#816),#817);
#148=STYLED_ITEM('',(#818),#819);
#149=STYLED_ITEM('',(#820),#821);
#150=STYLED_ITEM('',(#822),#823);
#151=STYLED_ITEM('',(#824),#825);
#152=STYLED_ITEM('',(#826),#827);
#153=STYLED_ITEM('',(#828),#829);
#154=STYLED_ITEM('',(#830),#831);
#155=STYLED_ITEM('',(#832),#833);
#156=STYLED_ITEM('',(#834),#835);
#157=STYLED_ITEM('',(#836),#837);
#158=STYLED_ITEM('',(#838),#839);
#159=STYLED_ITEM('',(#840),#841);
#160=STYLED_ITEM('',(#842),#843);
#161=STYLED_ITEM('',(#844),#845);
#162=STYLED_ITEM('',(#846),#847);
#163=STYLED_ITEM('',(#848),#849);
#164=STYLED_ITEM('',(#850),#851);
#165=STYLED_ITEM('',(#852),#853);
#166=STYLED_ITEM('',(#854),#855);
#167=STYLED_ITEM('',(#856),#857);
#168=STYLED_ITEM('',(#858),#859);
#169=STYLED_ITEM('',(#860),#861);
#170=STYLED_ITEM('',(#862),#863);
#171=STYLED_ITEM('',(#864),#865);
#172=STYLED_ITEM('',(#866),#867);
#173=STYLED_ITEM('',(#868),#869);
#174=STYLED_ITEM('',(#870),#871);
#175=STYLED_ITEM('',(#872),#873);
#176=STYLED_ITEM('',(#874),#875);
#177=STYLED_ITEM('',(#876),#877);
#178=STYLED_ITEM('',(#878),#879);
#179=STYLED_ITEM('',(#880),#881);
#180=STYLED_ITEM('',(#882),#883);
#181=STYLED_ITEM('',(#884),#885);
#182=STYLED_ITEM('',(#886),#887);
#183=STYLED_ITEM('',(#888),#889);
#184=STYLED_ITEM('',(#890),#891);
#185=STYLED_ITEM('',(#892),#893);
#186=STYLED_ITEM('',(#894),#895);
#187=STYLED_ITEM('',(#896),#897);
#188=STYLED_ITEM('',(#898),#899);
#189=STYLED_ITEM('',(#900),#901);
#190=STYLED_ITEM('',(#902),#903);
#191=STYLED_ITEM('',(#904),#905);
#192=STYLED_ITEM('',(#906),#907);
#193=STYLED_ITEM('',(#908),#909);
#194=STYLED_ITEM('',(#910),#911);
#195=STYLED_ITEM('',(#912),#913);
#196=STYLED_ITEM('',(#914),#915);
#197=STYLED_ITEM('',(#916),#917);
#198=STYLED_ITEM('',(#918),#919);
#199=STYLED_ITEM('',(#920),#921);
#200=STYLED_ITEM('',(#922),#923);
#201=STYLED_ITEM('',(#924),#925);
#202=STYLED_ITEM('',(#926),#927);
#203=STYLED_ITEM('',(#928),#929);
#204=STYLED_ITEM('',(#930),#931);
#205=STYLED_ITEM('',(#932),#933);
#206=STYLED_ITEM('',(#934),#935);
#207=STYLED_ITEM('',(#936),#937);
#208=STYLED_ITEM('',(#938),#939);
#209=STYLED_ITEM('',(#940),#941);
#210=STYLED_ITEM('',(#942),#943);
#211=STYLED_ITEM('',(#944),#945);
#212=STYLED_ITEM('',(#946),#947);
#213=STYLED_ITEM('',(#948),#949);
#214=STYLED_ITEM('',(#950),#951);
#215=STYLED_ITEM('',(#952),#953);
#216=STYLED_ITEM('',(#954),#955);
#217=STYLED_ITEM('',(#956),#957);
#218=STYLED_ITEM('',(#958),#959);
#219=STYLED_ITEM('',(#960),#961);
#220=STYLED_ITEM('',(#962),#963);
#221=STYLED_ITEM('',(#964),#965);
#222=STYLED_ITEM('',(#966),#967);
#223=STYLED_ITEM('',(#968),#969);
#224=STYLED_ITEM('',(#970),#971);
#225=STYLED_ITEM('',(#972),#973);
#226=STYLED_ITEM('',(#974),#975);
#227=STYLED_ITEM('',(#976),#977);
#228=STYLED_ITEM('',(#978),#979);
#229=STYLED_ITEM('',(#980),#981);
#230=STYLED_ITEM('',(#982),#983);
#231=STYLED_ITEM('',(#984),#985);
#232=STYLED_ITEM('',(#986),#987);
#233=STYLED_ITEM('',(#988),#989);
#234=STYLED_ITEM('',(#990),#991);
#235=STYLED_ITEM('',(#992),#993);
#236=STYLED_ITEM('',(#994),#995);
#237=STYLED_ITEM('',(#996),#997);
#238=STYLED_ITEM('',(#998),#999);
#239=STYLED_ITEM('',(#1000),#1001);
#240=STYLED_ITEM('',(#1002),#1003);
#241=STYLED_ITEM('',(#1004),#1005);
#242=STYLED_ITEM('',(#1006),#1007);
#243=STYLED_ITEM('',(#1008),#1009);
#244=STYLED_ITEM('',(#1010),#1011);
#245=STYLED_ITEM('',(#1012),#1013);
#246=STYLED_ITEM('',(#1014),#1015);
#247=STYLED_ITEM('',(#1016),#1017);
#248=STYLED_ITEM('',(#1018),#1019);
#249=STYLED_ITEM('',(#1020),#1021);
#250=STYLED_ITEM('',(#1022),#1023);
#251=STYLED_ITEM('',(#1024),#1025);
#252=STYLED_ITEM('',(#1026),#1027);
#253=STYLED_ITEM('',(#1028),#1029);
#254=STYLED_ITEM('',(#1030),#1031);
#255=STYLED_ITEM('',(#1032),#1033);
#256=STYLED_ITEM('',(#1034),#1035);
#257=STYLED_ITEM('',(#1036),#1037);
#258=STYLED_ITEM('',(#1038),#1039);
#259=STYLED_ITEM('',(#1040),#1041);
#260=STYLED_ITEM('',(#1042),#1043);
#261=STYLED_ITEM('',(#1044),#1045);
#262=STYLED_ITEM('',(#1046),#1047);
#263=STYLED_ITEM('',(#1048),#1049);
#264=STYLED_ITEM('',(#1050),#1051);
#265=STYLED_ITEM('',(#1052),#1053);
#266=STYLED_ITEM('',(#1054),#1055);
#267=STYLED_ITEM('',(#1056),#1057);
#268=STYLED_ITEM('',(#1058),#1059);
#269=STYLED_ITEM('',(#1060),#1061);
#270=STYLED_ITEM('',(#1062),#1063);
#271=STYLED_ITEM('',(#1064),#1065);
#272=STYLED_ITEM('',(#1066),#1067);
#273=STYLED_ITEM('',(#1068),#1069);
#274=STYLED_ITEM('',(#1070),#1071);
#275=STYLED_ITEM('',(#1072),#1073);
#276=STYLED_ITEM('',(#1074),#1075);
#277=STYLED_ITEM('',(#1076),#1077);
#278=STYLED_ITEM('',(#1078),#1079);
#279=STYLED_ITEM('',(#1080),#1081);
#280=STYLED_ITEM('',(#1082),#1083);
#281=STYLED_ITEM('',(#1084),#1085);
#282=STYLED_ITEM('',(#1086),#1087);
#283=STYLED_ITEM('',(#1088),#1089);
#284=STYLED_ITEM('',(#1090),#1091);
#285=STYLED_ITEM('',(#1092),#1093);
#286=STYLED_ITEM('',(#1094),#1095);
#287=STYLED_ITEM('',(#1096),#1097);
#288=STYLED_ITEM('',(#1098),#1099);
#289=STYLED_ITEM('',(#1100),#1101);
#290=STYLED_ITEM('',(#1102),#1103);
#291=STYLED_ITEM('',(#1104),#1105);
#292=STYLED_ITEM('',(#1106),#1107);
#293=STYLED_ITEM('',(#1108),#1109);
#294=STYLED_ITEM('',(#1110),#1111);
#295=STYLED_ITEM('',(#1112),#1113);
#296=STYLED_ITEM('',(#1114),#1115);
#297=STYLED_ITEM('',(#1116),#1117);
#298=STYLED_ITEM('',(#1118),#1119);
#299=STYLED_ITEM('',(#1120),#1121);
#300=STYLED_ITEM('',(#1122),#1123);
#301=STYLED_ITEM('',(#1124),#1125);
#302=STYLED_ITEM('',(#1126),#1127);
#303=STYLED_ITEM('',(#1128),#1129);
#304=STYLED_ITEM('',(#1130),#1131);
#305=STYLED_ITEM('',(#1132),#1133);
#306=STYLED_ITEM('',(#1134),#1135);
#307=STYLED_ITEM('',(#1136),#1137);
#308=STYLED_ITEM('',(#1138),#1139);
#309=STYLED_ITEM('',(#1140),#1141);
#310=STYLED_ITEM('',(#1142),#1143);
#311=STYLED_ITEM('',(#1144),#1145);
#312=STYLED_ITEM('',(#1146),#1147);
#313=STYLED_ITEM('',(#1148),#1149);
#314=STYLED_ITEM('',(#1150),#1151);
#315=STYLED_ITEM('',(#1152),#1153);
#316=STYLED_ITEM('',(#1154),#1155);
#317=STYLED_ITEM('',(#1156),#1157);
#318=STYLED_ITEM('',(#1158),#1159);
#319=STYLED_ITEM('',(#1160),#1161);
#320=STYLED_ITEM('',(#1162),#1163);
#321=STYLED_ITEM('',(#1164),#1165);
#322=STYLED_ITEM('',(#1166),#1167);
#323=STYLED_ITEM('',(#1168),#1169);
#324=STYLED_ITEM('',(#1170),#1171);
#325=STYLED_ITEM('',(#1172),#1173);
#326=STYLED_ITEM('',(#1174),#1175);
#327=STYLED_ITEM('',(#1176),#1177);
#328=STYLED_ITEM('',(#1178),#1179);
#329=STYLED_ITEM('',(#1180),#1181);
#330=STYLED_ITEM('',(#1182),#1183);
#331=STYLED_ITEM('',(#1184),#1185);
#332=STYLED_ITEM('',(#1186),#1187);
#333=STYLED_ITEM('',(#1188),#1189);
#334=STYLED_ITEM('',(#1190),#1191);
#335=STYLED_ITEM('',(#1192),#1193);
#336=STYLED_ITEM('',(#1194),#1195);
#337=STYLED_ITEM('',(#1196),#1197);
#338=STYLED_ITEM('',(#1198),#1199);
#339=STYLED_ITEM('',(#1200),#1201);
#340=STYLED_ITEM('',(#1202),#1203);
#341=STYLED_ITEM('',(#1204),#1205);
#342=STYLED_ITEM('',(#1206),#1207);
#343=STYLED_ITEM('',(#1208),#1209);
#344=STYLED_ITEM('',(#1210),#1211);
#345=STYLED_ITEM('',(#1212),#1213);
#346=STYLED_ITEM('',(#1214),#1215);
#347=STYLED_ITEM('',(#1216),#1217);
#348=STYLED_ITEM('',(#1218),#1219);
#349=STYLED_ITEM('',(#1220),#1221);
#350=STYLED_ITEM('',(#1222),#1223);
#351=STYLED_ITEM('',(#1224),#1225);
#352=STYLED_ITEM('',(#1226),#1227);
#353=STYLED_ITEM('',(#1228),#1229);
#354=STYLED_ITEM('',(#1230),#1231);
#355=STYLED_ITEM('',(#1232),#1233);
#356=STYLED_ITEM('',(#1234),#1235);
#357=STYLED_ITEM('',(#1236),#1237);
#358=STYLED_ITEM('',(#1238),#1239);
#359=STYLED_ITEM('',(#1240),#1241);
#360=STYLED_ITEM('',(#1242),#1243);
#361=STYLED_ITEM('',(#1244),#1245);
#362=STYLED_ITEM('',(#1246),#1247);
#363=STYLED_ITEM('',(#1248),#1249);
#364=STYLED_ITEM('',(#1250),#1251);
#365=STYLED_ITEM('',(#1252),#1253);
#366=STYLED_ITEM('',(#1254),#1255);
#367=STYLED_ITEM('',(#1256),#1257);
#368=STYLED_ITEM('',(#1258),#1259);
#369=STYLED_ITEM('',(#1260),#1261);
#370=STYLED_ITEM('',(#1262),#1263);
#371=STYLED_ITEM('',(#1264),#1265);
#372=STYLED_ITEM('',(#1266),#1267);
#373=STYLED_ITEM('',(#1268),#1269);
#374=STYLED_ITEM('',(#1270),#1271);
#375=STYLED_ITEM('',(#1272),#1273);
#376=STYLED_ITEM('',(#1274),#1275);
#377=STYLED_ITEM('',(#1276),#1277);
#378=STYLED_ITEM('',(#1278),#1279);
#379=STYLED_ITEM('',(#1280),#1281);
#380=STYLED_ITEM('',(#1282),#1283);
#381=STYLED_ITEM('',(#1284),#1285);
#382=STYLED_ITEM('',(#1286),#1287);
#383=STYLED_ITEM('',(#1288),#1289);
#384=STYLED_ITEM('',(#1290),#1291);
#385=STYLED_ITEM('',(#1292),#1293);
#386=STYLED_ITEM('',(#1294),#1295);
#387=STYLED_ITEM('',(#1296),#1297);
#388=STYLED_ITEM('',(#1298),#1299);
#389=STYLED_ITEM('',(#1300),#1301);
#390=STYLED_ITEM('',(#1302),#1303);
#391=STYLED_ITEM('',(#1304),#1305);
#392=STYLED_ITEM('',(#1306),#1307);
#393=STYLED_ITEM('',(#1308),#1309);
#394=STYLED_ITEM('',(#1310),#1311);
#395=STYLED_ITEM('',(#1312),#1313);
#396=STYLED_ITEM('',(#1314),#1315);
#397=STYLED_ITEM('',(#1316),#1317);
#398=STYLED_ITEM('',(#1318),#1319);
#399=STYLED_ITEM('',(#1320),#1321);
#400=STYLED_ITEM('',(#1322),#1323);
#401=STYLED_ITEM('',(#1324),#1325);
#402=STYLED_ITEM('',(#1326),#1327);
#403=STYLED_ITEM('',(#1328),#1329);
#404=STYLED_ITEM('',(#1330),#1331);
#405=STYLED_ITEM('',(#1332),#1333);
#406=STYLED_ITEM('',(#1334),#1335);
#407=STYLED_ITEM('',(#1336),#1337);
#408=STYLED_ITEM('',(#1338),#1339);
#409=STYLED_ITEM('',(#1340),#1341);
#410=STYLED_ITEM('',(#1342),#1343);
#411=STYLED_ITEM('',(#1344),#1345);
#412=STYLED_ITEM('',(#1346),#1347);
#413=STYLED_ITEM('',(#1348),#1349);
#414=STYLED_ITEM('',(#1350),#1351);
#415=STYLED_ITEM('',(#1352),#1353);
#416=STYLED_ITEM('',(#1354),#1355);
#417=STYLED_ITEM('',(#1356),#1357);
#418=STYLED_ITEM('',(#1358),#1359);
#419=STYLED_ITEM('',(#1360),#1361);
#420=STYLED_ITEM('',(#1362),#1363);
#421=STYLED_ITEM('',(#1364),#1365);
#422=STYLED_ITEM('',(#1366),#1367);
#423=STYLED_ITEM('',(#1368),#1369);
#424=STYLED_ITEM('',(#1370),#1371);
#425=STYLED_ITEM('',(#1372),#1373);
#426=STYLED_ITEM('',(#1374),#1375);
#427=STYLED_ITEM('',(#1376),#1377);
#428=STYLED_ITEM('',(#1378),#1379);
#429=STYLED_ITEM('',(#1380),#1381);
#430=STYLED_ITEM('',(#1382),#1383);
#431=STYLED_ITEM('',(#1384),#1385);
#432=STYLED_ITEM('',(#1386),#1387);
#433=STYLED_ITEM('',(#1388),#1389);
#434=STYLED_ITEM('',(#1390),#1391);
#435=STYLED_ITEM('',(#1392),#1393);
#436=STYLED_ITEM('',(#1394),#1395);
#437=STYLED_ITEM('',(#1396),#1397);
#438=STYLED_ITEM('',(#1398),#1399);
#439=STYLED_ITEM('',(#1400),#1401);
#440=STYLED_ITEM('',(#1402),#1403);
#441=STYLED_ITEM('',(#1404),#1405);
#442=STYLED_ITEM('',(#1406),#1407);
#443=STYLED_ITEM('',(#1408),#1409);
#444=STYLED_ITEM('',(#1410),#1411);
#445=STYLED_ITEM('',(#1412),#1413);
#446=STYLED_ITEM('',(#1414),#1415);
#447=STYLED_ITEM('',(#1416),#1417);
#448=STYLED_ITEM('',(#1418),#1419);
#449=STYLED_ITEM('',(#1420),#1421);
#450=STYLED_ITEM('',(#1422),#1423);
#451=STYLED_ITEM('',(#1424),#1425);
#452=STYLED_ITEM('',(#1426),#1427);
#453=STYLED_ITEM('',(#1428),#1429);
#454=STYLED_ITEM('',(#1430),#1431);
#455=STYLED_ITEM('',(#1432),#1433);
#456=STYLED_ITEM('',(#1434),#1435);
#457=STYLED_ITEM('',(#1436),#1437);
#458=STYLED_ITEM('',(#1438),#1439);
#459=STYLED_ITEM('',(#1440),#1441);
#460=STYLED_ITEM('',(#1442),#1443);
#461=STYLED_ITEM('',(#1444),#1445);
#462=STYLED_ITEM('',(#1446),#1447);
#463=STYLED_ITEM('',(#1448),#1449);
#464=STYLED_ITEM('',(#1450),#1451);
#465=STYLED_ITEM('',(#1452),#1453);
#466=STYLED_ITEM('',(#1454),#1455);
#467=STYLED_ITEM('',(#1456),#1457);
#468=STYLED_ITEM('',(#1458),#1459);
#469=STYLED_ITEM('',(#1460),#1461);
#470=STYLED_ITEM('',(#1462),#1463);
#471=STYLED_ITEM('',(#1464),#1465);
#472=STYLED_ITEM('',(#1466),#1467);
#473=STYLED_ITEM('',(#1468),#1469);
#474=STYLED_ITEM('',(#1470),#1471);
#475=STYLED_ITEM('',(#1472),#1473);
#476=STYLED_ITEM('',(#1474),#1475);
#477=STYLED_ITEM('',(#1476),#1477);
#478=STYLED_ITEM('',(#1478),#1479);
#479=STYLED_ITEM('',(#1480),#1481);
#480=STYLED_ITEM('',(#1482),#1483);
#481=STYLED_ITEM('',(#1484),#1485);
#482=STYLED_ITEM('',(#1486),#1487);
#483=STYLED_ITEM('',(#1488),#1489);
#484=STYLED_ITEM('',(#1490),#1491);
#485=STYLED_ITEM('',(#1492),#1493);
#486=STYLED_ITEM('',(#1494),#1495);
#487=STYLED_ITEM('',(#1496),#1497);
#488=STYLED_ITEM('',(#1498),#1499);
#489=STYLED_ITEM('',(#1500),#1501);
#490=STYLED_ITEM('',(#1502),#1503);
#491=STYLED_ITEM('',(#1504),#1505);
#492=STYLED_ITEM('',(#1506),#1507);
#493=STYLED_ITEM('',(#1508),#1509);
#494=STYLED_ITEM('',(#1510),#1511);
#495=STYLED_ITEM('',(#1512),#1513);
#496=STYLED_ITEM('',(#1514),#1515);
#497=STYLED_ITEM('',(#1516),#1517);
#498=STYLED_ITEM('',(#1518),#1519);
#499=STYLED_ITEM('',(#1520),#1521);
#500=STYLED_ITEM('',(#1522),#1523);
#501=STYLED_ITEM('',(#1524),#1525);
#502=STYLED_ITEM('',(#1526),#1527);
#503=STYLED_ITEM('',(#1528),#1529);
#504=STYLED_ITEM('',(#1530),#1531);
#505=STYLED_ITEM('',(#1532),#1533);
#506=STYLED_ITEM('',(#1534),#1535);
#507=STYLED_ITEM('',(#1536),#1537);
#508=STYLED_ITEM('',(#1538),#1539);
#509=STYLED_ITEM('',(#1540),#1541);
#510=STYLED_ITEM('',(#1542),#1543);
#511=STYLED_ITEM('',(#1544),#1545);
#512=STYLED_ITEM('',(#1546),#1547);
#513=STYLED_ITEM('',(#1548),#1549);
#514=STYLED_ITEM('',(#1550),#1551);
#515=STYLED_ITEM('',(#1552),#1553);
#516=STYLED_ITEM('',(#1554),#1555);
#517=STYLED_ITEM('',(#1556),#1557);
#518=STYLED_ITEM('',(#1558),#1559);
#519=STYLED_ITEM('',(#1560),#1561);
#520=STYLED_ITEM('',(#1562),#1563);
#521=STYLED_ITEM('',(#1564),#1565);
#522=STYLED_ITEM('',(#1566),#1567);
#523=STYLED_ITEM('',(#1568),#1569);
#524=STYLED_ITEM('',(#1570),#1571);
#525=STYLED_ITEM('',(#1572),#1573);
#526=STYLED_ITEM('',(#1574),#1575);
#527=STYLED_ITEM('',(#1576),#1577);
#528=STYLED_ITEM('',(#1578),#1579);
#529=APPLICATION_CONTEXT('managed model based 3d engineering');
#530=PRODUCT_CATEGORY('part','NONE');
#531=PRODUCT_RELATED_PRODUCT_CATEGORY('detail',' ',(#1580));
#532=PRODUCT_DEFINITION_SHAPE('NONE','NONE',#1581);
#533=ADVANCED_BREP_SHAPE_REPRESENTATION('1',(#1582,#1583),#6);
#536=UNCERTAINTY_MEASURE_WITH_UNIT(LENGTH_MEASURE(1.0E-06),#538,'','');
#538= (CONVERSION_BASED_UNIT('MILLIMETRE',#1586)LENGTH_UNIT()NAMED_UNIT(#1589));
#539= (NAMED_UNIT(#1591)PLANE_ANGLE_UNIT()SI_UNIT($,.RADIAN.));
#540= (NAMED_UNIT(#1591)SOLID_ANGLE_UNIT()SI_UNIT($,.STERADIAN.));
#542=PRESENTATION_STYLE_ASSIGNMENT((#1597));
#543=ADVANCED_FACE('',(#1598),#1599,.F.);
#544=PRESENTATION_STYLE_ASSIGNMENT((#1600));
#545=ADVANCED_FACE('',(#1601),#1602,.F.);
#546=PRESENTATION_STYLE_ASSIGNMENT((#1603));
#547=ADVANCED_FACE('',(#1604),#1605,.F.);
#548=PRESENTATION_STYLE_ASSIGNMENT((#1606));
#549=ADVANCED_FACE('',(#1607),#1608,.F.);
#550=PRESENTATION_STYLE_ASSIGNMENT((#1609));
#551=ADVANCED_FACE('',(#1610),#1611,.F.);
#552=PRESENTATION_STYLE_ASSIGNMENT((#1612));
#553=ADVANCED_FACE('',(#1613),#1614,.F.);
#554=PRESENTATION_STYLE_ASSIGNMENT((#1615));
#555=ADVANCED_FACE('',(#1616),#1617,.F.);
#556=PRESENTATION_STYLE_ASSIGNMENT((#1618));
#557=ADVANCED_FACE('',(#1619),#1620,.F.);
#558=PRESENTATION_STYLE_ASSIGNMENT((#1621));
#559=ADVANCED_FACE('',(#1622),#1623,.F.);
#560=PRESENTATION_STYLE_ASSIGNMENT((#1624));
#561=ADVANCED_FACE('',(#1625),#1626,.F.);
#562=PRESENTATION_STYLE_ASSIGNMENT((#1627));
#563=ADVANCED_FACE('',(#1628),#1629,.F.);
#564=PRESENTATION_STYLE_ASSIGNMENT((#1630));
#565=ADVANCED_FACE('',(#1631),#1632,.F.);
#566=PRESENTATION_STYLE_ASSIGNMENT((#1633));
#567=ADVANCED_FACE('',(#1634),#1635,.F.);
#568=PRESENTATION_STYLE_ASSIGNMENT((#1636));
#569=ADVANCED_FACE('',(#1637),#1638,.F.);
#570=PRESENTATION_STYLE_ASSIGNMENT((#1639));
#571=ADVANCED_FACE('',(#1640),#1641,.F.);
#572=PRESENTATION_STYLE_ASSIGNMENT((#1642));
#573=ADVANCED_FACE('',(#1643),#1644,.F.);
#574=PRESENTATION_STYLE_ASSIGNMENT((#1645));
#575=ADVANCED_FACE('',(#1646),#1647,.F.);
#576=PRESENTATION_STYLE_ASSIGNMENT((#1648));
#577=ADVANCED_FACE('',(#1649),#1650,.F.);
#578=PRESENTATION_STYLE_ASSIGNMENT((#1651));
#579=ADVANCED_FACE('',(#1652),#1653,.F.);
#580=PRESENTATION_STYLE_ASSIGNMENT((#1654));
#581=ADVANCED_FACE('',(#1655),#1656,.F.);
#582=PRESENTATION_STYLE_ASSIGNMENT((#1657));
#583=ADVANCED_FACE('',(#1658),#1659,.F.);
#584=PRESENTATION_STYLE_ASSIGNMENT((#1660));
#585=ADVANCED_FACE('',(#1661),#1662,.F.);
#586=PRESENTATION_STYLE_ASSIGNMENT((#1663));
#587=ADVANCED_FACE('',(#1664),#1665,.F.);
#588=PRESENTATION_STYLE_ASSIGNMENT((#1666));
#589=ADVANCED_FACE('',(#1667),#1668,.F.);
#590=PRESENTATION_STYLE_ASSIGNMENT((#1669));
#591=ADVANCED_FACE('',(#1670),#1671,.F.);
#592=PRESENTATION_STYLE_ASSIGNMENT((#1672));
#593=ADVANCED_FACE('',(#1673),#1674,.F.);
#594=PRESENTATION_STYLE_ASSIGNMENT((#1675));
#595=ADVANCED_FACE('',(#1676),#1677,.F.);
#596=PRESENTATION_STYLE_ASSIGNMENT((#1678));
#597=ADVANCED_FACE('',(#1679),#1680,.F.);
#598=PRESENTATION_STYLE_ASSIGNMENT((#1681));
#599=ADVANCED_FACE('',(#1682),#1683,.F.);
#600=PRESENTATION_STYLE_ASSIGNMENT((#1684));
#601=ADVANCED_FACE('',(#1685),#1686,.F.);
#602=PRESENTATION_STYLE_ASSIGNMENT((#1687));
#603=ADVANCED_FACE('',(#1688),#1689,.F.);
#604=PRESENTATION_STYLE_ASSIGNMENT((#1690));
#605=ADVANCED_FACE('',(#1691),#1692,.F.);
#606=PRESENTATION_STYLE_ASSIGNMENT((#1693));
#607=ADVANCED_FACE('',(#1694),#1695,.F.);
#608=PRESENTATION_STYLE_ASSIGNMENT((#1696));
#609=ADVANCED_FACE('',(#1697),#1698,.F.);
#610=PRESENTATION_STYLE_ASSIGNMENT((#1699));
#611=ADVANCED_FACE('',(#1700),#1701,.F.);
#612=PRESENTATION_STYLE_ASSIGNMENT((#1702));
#613=ADVANCED_FACE('',(#1703),#1704,.F.);
#614=PRESENTATION_STYLE_ASSIGNMENT((#1705));
#615=ADVANCED_FACE('',(#1706),#1707,.F.);
#616=PRESENTATION_STYLE_ASSIGNMENT((#1708));
#617=ADVANCED_FACE('',(#1709),#1710,.F.);
#618=PRESENTATION_STYLE_ASSIGNMENT((#1711));
#619=ADVANCED_FACE('',(#1712),#1713,.F.);
#620=PRESENTATION_STYLE_ASSIGNMENT((#1714));
#621=ADVANCED_FACE('',(#1715),#1716,.F.);
#622=PRESENTATION_STYLE_ASSIGNMENT((#1717));
#623=ADVANCED_FACE('',(#1718),#1719,.T.);
#624=PRESENTATION_STYLE_ASSIGNMENT((#1720));
#625=ADVANCED_FACE('',(#1721),#1722,.T.);
#626=PRESENTATION_STYLE_ASSIGNMENT((#1723));
#627=ADVANCED_FACE('',(#1724),#1725,.T.);
#628=PRESENTATION_STYLE_ASSIGNMENT((#1726));
#629=ADVANCED_FACE('',(#1727),#1728,.T.);
#630=PRESENTATION_STYLE_ASSIGNMENT((#1729));
#631=ADVANCED_FACE('',(#1730),#1731,.T.);
#632=PRESENTATION_STYLE_ASSIGNMENT((#1732));
#633=ADVANCED_FACE('',(#1733),#1734,.T.);
#634=PRESENTATION_STYLE_ASSIGNMENT((#1735));
#635=ADVANCED_FACE('',(#1736),#1737,.T.);
#636=PRESENTATION_STYLE_ASSIGNMENT((#1738));
#637=ADVANCED_FACE('',(#1739),#1740,.T.);
#638=PRESENTATION_STYLE_ASSIGNMENT((#1741));
#639=ADVANCED_FACE('',(#1742),#1743,.T.);
#640=PRESENTATION_STYLE_ASSIGNMENT((#1744));
#641=ADVANCED_FACE('',(#1745),#1746,.T.);
#642=PRESENTATION_STYLE_ASSIGNMENT((#1747));
#643=ADVANCED_FACE('',(#1748),#1749,.T.);
#644=PRESENTATION_STYLE_ASSIGNMENT((#1750));
#645=ADVANCED_FACE('',(#1751),#1752,.F.);
#646=PRESENTATION_STYLE_ASSIGNMENT((#1753));
#647=ADVANCED_FACE('',(#1754),#1755,.T.);
#648=PRESENTATION_STYLE_ASSIGNMENT((#1756));
#649=ADVANCED_FACE('',(#1757),#1758,.T.);
#650=PRESENTATION_STYLE_ASSIGNMENT((#1759));
#651=ADVANCED_FACE('',(#1760),#1761,.T.);
#652=PRESENTATION_STYLE_ASSIGNMENT((#1762));
#653=ADVANCED_FACE('',(#1763),#1764,.T.);
#654=PRESENTATION_STYLE_ASSIGNMENT((#1765));
#655=ADVANCED_FACE('',(#1766),#1767,.T.);
#656=PRESENTATION_STYLE_ASSIGNMENT((#1768));
#657=ADVANCED_FACE('',(#1769),#1770,.F.);
#658=PRESENTATION_STYLE_ASSIGNMENT((#1771));
#659=ADVANCED_FACE('',(#1772),#1773,.T.);
#660=PRESENTATION_STYLE_ASSIGNMENT((#1774));
#661=ADVANCED_FACE('',(#1775),#1776,.T.);
#662=PRESENTATION_STYLE_ASSIGNMENT((#1777));
#663=ADVANCED_FACE('',(#1778),#1779,.T.);
#664=PRESENTATION_STYLE_ASSIGNMENT((#1780));
#665=ADVANCED_FACE('',(#1781),#1782,.T.);
#666=PRESENTATION_STYLE_ASSIGNMENT((#1783));
#667=ADVANCED_FACE('',(#1784),#1785,.T.);
#668=PRESENTATION_STYLE_ASSIGNMENT((#1786));
#669=ADVANCED_FACE('',(#1787),#1788,.F.);
#670=PRESENTATION_STYLE_ASSIGNMENT((#1789));
#671=ADVANCED_FACE('',(#1790),#1791,.T.);
#672=PRESENTATION_STYLE_ASSIGNMENT((#1792));
#673=ADVANCED_FACE('',(#1793),#1794,.T.);
#674=PRESENTATION_STYLE_ASSIGNMENT((#1795));
#675=ADVANCED_FACE('',(#1796),#1797,.T.);
#676=PRESENTATION_STYLE_ASSIGNMENT((#1798));
#677=ADVANCED_FACE('',(#1799),#1800,.T.);
#678=PRESENTATION_STYLE_ASSIGNMENT((#1801));
#679=ADVANCED_FACE('',(#1802),#1803,.T.);
#680=PRESENTATION_STYLE_ASSIGNMENT((#1804));
#681=ADVANCED_FACE('',(#1805),#1806,.F.);
#682=PRESENTATION_STYLE_ASSIGNMENT((#1807));
#683=ADVANCED_FACE('',(#1808),#1809,.T.);
#684=PRESENTATION_STYLE_ASSIGNMENT((#1810));
#685=ADVANCED_FACE('',(#1811),#1812,.T.);
#686=PRESENTATION_STYLE_ASSIGNMENT((#1813));
#687=ADVANCED_FACE('',(#1814),#1815,.T.);
#688=PRESENTATION_STYLE_ASSIGNMENT((#1816));
#689=ADVANCED_FACE('',(#1817),#1818,.T.);
#690=PRESENTATION_STYLE_ASSIGNMENT((#1819));
#691=ADVANCED_FACE('',(#1820),#1821,.T.);
#692=PRESENTATION_STYLE_ASSIGNMENT((#1822));
#693=ADVANCED_FACE('',(#1823),#1824,.F.);
#694=PRESENTATION_STYLE_ASSIGNMENT((#1825));
#695=ADVANCED_FACE('',(#1826),#1827,.T.);
#696=PRESENTATION_STYLE_ASSIGNMENT((#1828));
#697=ADVANCED_FACE('',(#1829),#1830,.T.);
#698=PRESENTATION_STYLE_ASSIGNMENT((#1831));
#699=ADVANCED_FACE('',(#1832),#1833,.T.);
#700=PRESENTATION_STYLE_ASSIGNMENT((#1834));
#701=ADVANCED_FACE('',(#1835),#1836,.T.);
#702=PRESENTATION_STYLE_ASSIGNMENT((#1837));
#703=ADVANCED_FACE('',(#1838),#1839,.T.);
#704=PRESENTATION_STYLE_ASSIGNMENT((#1840));
#705=ADVANCED_FACE('',(#1841),#1842,.F.);
#706=PRESENTATION_STYLE_ASSIGNMENT((#1843));
#707=ADVANCED_FACE('',(#1844),#1845,.T.);
#708=PRESENTATION_STYLE_ASSIGNMENT((#1846));
#709=ADVANCED_FACE('',(#1847),#1848,.T.);
#710=PRESENTATION_STYLE_ASSIGNMENT((#1849));
#711=ADVANCED_FACE('',(#1850),#1851,.T.);
#712=PRESENTATION_STYLE_ASSIGNMENT((#1852));
#713=ADVANCED_FACE('',(#1853),#1854,.T.);
#714=PRESENTATION_STYLE_ASSIGNMENT((#1855));
#715=ADVANCED_FACE('',(#1856),#1857,.T.);
#716=PRESENTATION_STYLE_ASSIGNMENT((#1858));
#717=ADVANCED_FACE('',(#1859),#1860,.F.);
#718=PRESENTATION_STYLE_ASSIGNMENT((#1861));
#719=ADVANCED_FACE('',(#1862),#1863,.T.);
#720=PRESENTATION_STYLE_ASSIGNMENT((#1864));
#721=ADVANCED_FACE('',(#1865),#1866,.T.);
#722=PRESENTATION_STYLE_ASSIGNMENT((#1867));
#723=ADVANCED_FACE('',(#1868),#1869,.T.);
#724=PRESENTATION_STYLE_ASSIGNMENT((#1870));
#725=ADVANCED_FACE('',(#1871),#1872,.T.);
#726=PRESENTATION_STYLE_ASSIGNMENT((#1873));
#727=ADVANCED_FACE('',(#1874),#1875,.T.);
#728=PRESENTATION_STYLE_ASSIGNMENT((#1876));
#729=ADVANCED_FACE('',(#1877),#1878,.F.);
#730=PRESENTATION_STYLE_ASSIGNMENT((#1879));
#731=ADVANCED_FACE('',(#1880),#1881,.T.);
#732=PRESENTATION_STYLE_ASSIGNMENT((#1882));
#733=ADVANCED_FACE('',(#1883),#1884,.T.);
#734=PRESENTATION_STYLE_ASSIGNMENT((#1885));
#735=ADVANCED_FACE('',(#1886),#1887,.T.);
#736=PRESENTATION_STYLE_ASSIGNMENT((#1888));
#737=ADVANCED_FACE('',(#1889),#1890,.T.);
#738=PRESENTATION_STYLE_ASSIGNMENT((#1891));
#739=ADVANCED_FACE('',(#1892),#1893,.T.);
#740=PRESENTATION_STYLE_ASSIGNMENT((#1894));
#741=ADVANCED_FACE('',(#1895),#1896,.F.);
#742=PRESENTATION_STYLE_ASSIGNMENT((#1897));
#743=ADVANCED_FACE('',(#1898),#1899,.T.);
#744=PRESENTATION_STYLE_ASSIGNMENT((#1900));
#745=ADVANCED_FACE('',(#1901),#1902,.T.);
#746=PRESENTATION_STYLE_ASSIGNMENT((#1903));
#747=ADVANCED_FACE('',(#1904),#1905,.T.);
#748=PRESENTATION_STYLE_ASSIGNMENT((#1906));
#749=ADVANCED_FACE('',(#1907),#1908,.T.);
#750=PRESENTATION_STYLE_ASSIGNMENT((#1909));
#751=ADVANCED_FACE('',(#1910),#1911,.T.);
#752=PRESENTATION_STYLE_ASSIGNMENT((#1912));
#753=ADVANCED_FACE('',(#1913),#1914,.F.);
#754=PRESENTATION_STYLE_ASSIGNMENT((#1915));
#755=ADVANCED_FACE('',(#1916),#1917,.T.);
#756=PRESENTATION_STYLE_ASSIGNMENT((#1918));
#757=ADVANCED_FACE('',(#1919),#1920,.T.);
#758=PRESENTATION_STYLE_ASSIGNMENT((#1921));
#759=ADVANCED_FACE('',(#1922),#1923,.T.);
#760=PRESENTATION_STYLE_ASSIGNMENT((#1924));
#761=ADVANCED_FACE('',(#1925),#1926,.T.);
#762=PRESENTATION_STYLE_ASSIGNMENT((#1927));
#763=ADVANCED_FACE('',(#1928),#1929,.F.);
#764=PRESENTATION_STYLE_ASSIGNMENT((#1930));
#765=ADVANCED_FACE('',(#1931,#1932),#1933,.F.);
#766=PRESENTATION_STYLE_ASSIGNMENT((#1934));
#767=ADVANCED_FACE('',(#1935),#1936,.F.);
#768=PRESENTATION_STYLE_ASSIGNMENT((#1937));
#769=ADVANCED_FACE('',(#1938,#1939),#1940,.F.);
#770=PRESENTATION_STYLE_ASSIGNMENT((#1941));
#771=ADVANCED_FACE('',(#1942),#1943,.F.);
#772=PRESENTATION_STYLE_ASSIGNMENT((#1944));
#773=ADVANCED_FACE('',(#1945,#1946),#1947,.F.);
#774=PRESENTATION_STYLE_ASSIGNMENT((#1948));
#775=ADVANCED_FACE('',(#1949),#1950,.F.);
#776=PRESENTATION_STYLE_ASSIGNMENT((#1951));
#777=ADVANCED_FACE('',(#1952,#1953),#1954,.F.);
#778=PRESENTATION_STYLE_ASSIGNMENT((#1955));
#779=ADVANCED_FACE('',(#1956),#1957,.F.);
#780=PRESENTATION_STYLE_ASSIGNMENT((#1958));
#781=ADVANCED_FACE('',(#1959,#1960),#1961,.F.);
#782=PRESENTATION_STYLE_ASSIGNMENT((#1962));
#783=ADVANCED_FACE('',(#1963),#1964,.F.);
#784=PRESENTATION_STYLE_ASSIGNMENT((#1965));
#785=ADVANCED_FACE('',(#1966,#1967),#1968,.F.);
#786=PRESENTATION_STYLE_ASSIGNMENT((#1969));
#787=ADVANCED_FACE('',(#1970),#1971,.F.);
#788=PRESENTATION_STYLE_ASSIGNMENT((#1972));
#789=ADVANCED_FACE('',(#1973,#1974),#1975,.F.);
#790=PRESENTATION_STYLE_ASSIGNMENT((#1976));
#791=ADVANCED_FACE('',(#1977),#1978,.F.);
#792=PRESENTATION_STYLE_ASSIGNMENT((#1979));
#793=ADVANCED_FACE('',(#1980,#1981),#1982,.F.);
#794=PRESENTATION_STYLE_ASSIGNMENT((#1983));
#795=ADVANCED_FACE('',(#1984),#1985,.F.);
#796=PRESENTATION_STYLE_ASSIGNMENT((#1986));
#797=ADVANCED_FACE('',(#1987,#1988),#1989,.F.);
#798=PRESENTATION_STYLE_ASSIGNMENT((#1990));
#799=ADVANCED_FACE('',(#1991),#1992,.F.);
#800=PRESENTATION_STYLE_ASSIGNMENT((#1993));
#801=ADVANCED_FACE('',(#1994,#1995),#1996,.F.);
#802=PRESENTATION_STYLE_ASSIGNMENT((#1997));
#803=ADVANCED_FACE('',(#1998),#1999,.T.);
#804=PRESENTATION_STYLE_ASSIGNMENT((#2000));
#805=ADVANCED_FACE('',(#2001),#2002,.T.);
#806=PRESENTATION_STYLE_ASSIGNMENT((#2003));
#807=ADVANCED_FACE('',(#2004,#2005),#2006,.T.);
#808=PRESENTATION_STYLE_ASSIGNMENT((#2007));
#809=ADVANCED_FACE('',(#2008),#2009,.F.);
#810=PRESENTATION_STYLE_ASSIGNMENT((#2010));
#811=ADVANCED_FACE('',(#2011),#2012,.F.);
#812=PRESENTATION_STYLE_ASSIGNMENT((#2013));
#813=ADVANCED_FACE('',(#2014),#2015,.F.);
#814=PRESENTATION_STYLE_ASSIGNMENT((#2016));
#815=ADVANCED_FACE('',(#2017),#2018,.F.);
#816=PRESENTATION_STYLE_ASSIGNMENT((#2019));
#817=ADVANCED_FACE('',(#2020),#2021,.F.);
#818=PRESENTATION_STYLE_ASSIGNMENT((#2022));
#819=ADVANCED_FACE('',(#2023),#2024,.T.);
#820=PRESENTATION_STYLE_ASSIGNMENT((#2025));
#821=ADVANCED_FACE('',(#2026),#2027,.T.);
#822=PRESENTATION_STYLE_ASSIGNMENT((#2028));
#823=ADVANCED_FACE('',(#2029),#2030,.T.);
#824=PRESENTATION_STYLE_ASSIGNMENT((#2031));
#825=ADVANCED_FACE('',(#2032),#2033,.T.);
#826=PRESENTATION_STYLE_ASSIGNMENT((#2034));
#827=ADVANCED_FACE('',(#2035),#2036,.T.);
#828=PRESENTATION_STYLE_ASSIGNMENT((#2037));
#829=ADVANCED_FACE('',(#2038),#2039,.T.);
#830=PRESENTATION_STYLE_ASSIGNMENT((#2040));
#831=ADVANCED_FACE('',(#2041),#2042,.T.);
#832=PRESENTATION_STYLE_ASSIGNMENT((#2043));
#833=ADVANCED_FACE('',(#2044),#2045,.T.);
#834=PRESENTATION_STYLE_ASSIGNMENT((#2046));
#835=ADVANCED_FACE('',(#2047),#2048,.T.);
#836=PRESENTATION_STYLE_ASSIGNMENT((#2049));
#837=ADVANCED_FACE('',(#2050),#2051,.T.);
#838=PRESENTATION_STYLE_ASSIGNMENT((#2052));
#839=ADVANCED_FACE('',(#2053),#2054,.F.);
#840=PRESENTATION_STYLE_ASSIGNMENT((#2055));
#841=ADVANCED_FACE('',(#2056,#2057),#2058,.F.);
#842=PRESENTATION_STYLE_ASSIGNMENT((#2059));
#843=ADVANCED_FACE('',(#2060),#2061,.T.);
#844=PRESENTATION_STYLE_ASSIGNMENT((#2062));
#845=ADVANCED_FACE('',(#2063),#2064,.T.);
#846=PRESENTATION_STYLE_ASSIGNMENT((#2065));
#847=ADVANCED_FACE('',(#2066,#2067),#2068,.T.);
#848=PRESENTATION_STYLE_ASSIGNMENT((#2069));
#849=ADVANCED_FACE('',(#2070),#2071,.F.);
#850=PRESENTATION_STYLE_ASSIGNMENT((#2072));
#851=ADVANCED_FACE('',(#2073),#2074,.F.);
#852=PRESENTATION_STYLE_ASSIGNMENT((#2075));
#853=ADVANCED_FACE('',(#2076),#2077,.F.);
#854=PRESENTATION_STYLE_ASSIGNMENT((#2078));
#855=ADVANCED_FACE('',(#2079),#2080,.F.);
#856=PRESENTATION_STYLE_ASSIGNMENT((#2081));
#857=ADVANCED_FACE('',(#2082),#2083,.F.);
#858=PRESENTATION_STYLE_ASSIGNMENT((#2084));
#859=ADVANCED_FACE('',(#2085),#2086,.T.);
#860=PRESENTATION_STYLE_ASSIGNMENT((#2087));
#861=ADVANCED_FACE('',(#2088),#2089,.T.);
#862=PRESENTATION_STYLE_ASSIGNMENT((#2090));
#863=ADVANCED_FACE('',(#2091),#2092,.T.);
#864=PRESENTATION_STYLE_ASSIGNMENT((#2093));
#865=ADVANCED_FACE('',(#2094),#2095,.T.);
#866=PRESENTATION_STYLE_ASSIGNMENT((#2096));
#867=ADVANCED_FACE('',(#2097),#2098,.T.);
#868=PRESENTATION_STYLE_ASSIGNMENT((#2099));
#869=ADVANCED_FACE('',(#2100),#2101,.T.);
#870=PRESENTATION_STYLE_ASSIGNMENT((#2102));
#871=ADVANCED_FACE('',(#2103),#2104,.T.);
#872=PRESENTATION_STYLE_ASSIGNMENT((#2105));
#873=ADVANCED_FACE('',(#2106),#2107,.T.);
#874=PRESENTATION_STYLE_ASSIGNMENT((#2108));
#875=ADVANCED_FACE('',(#2109),#2110,.T.);
#876=PRESENTATION_STYLE_ASSIGNMENT((#2111));
#877=ADVANCED_FACE('',(#2112),#2113,.T.);
#878=PRESENTATION_STYLE_ASSIGNMENT((#2114));
#879=ADVANCED_FACE('',(#2115),#2116,.F.);
#880=PRESENTATION_STYLE_ASSIGNMENT((#2117));
#881=ADVANCED_FACE('',(#2118,#2119),#2120,.F.);
#882=PRESENTATION_STYLE_ASSIGNMENT((#2121));
#883=ADVANCED_FACE('',(#2122),#2123,.T.);
#884=PRESENTATION_STYLE_ASSIGNMENT((#2124));
#885=ADVANCED_FACE('',(#2125),#2126,.T.);
#886=PRESENTATION_STYLE_ASSIGNMENT((#2127));
#887=ADVANCED_FACE('',(#2128,#2129),#2130,.T.);
#888=PRESENTATION_STYLE_ASSIGNMENT((#2131));
#889=ADVANCED_FACE('',(#2132),#2133,.F.);
#890=PRESENTATION_STYLE_ASSIGNMENT((#2134));
#891=ADVANCED_FACE('',(#2135),#2136,.F.);
#892=PRESENTATION_STYLE_ASSIGNMENT((#2137));
#893=ADVANCED_FACE('',(#2138),#2139,.F.);
#894=PRESENTATION_STYLE_ASSIGNMENT((#2140));
#895=ADVANCED_FACE('',(#2141),#2142,.F.);
#896=PRESENTATION_STYLE_ASSIGNMENT((#2143));
#897=ADVANCED_FACE('',(#2144),#2145,.F.);
#898=PRESENTATION_STYLE_ASSIGNMENT((#2146));
#899=ADVANCED_FACE('',(#2147),#2148,.T.);
#900=PRESENTATION_STYLE_ASSIGNMENT((#2149));
#901=ADVANCED_FACE('',(#2150),#2151,.T.);
#902=PRESENTATION_STYLE_ASSIGNMENT((#2152));
#903=ADVANCED_FACE('',(#2153),#2154,.T.);
#904=PRESENTATION_STYLE_ASSIGNMENT((#2155));
#905=ADVANCED_FACE('',(#2156),#2157,.T.);
#906=PRESENTATION_STYLE_ASSIGNMENT((#2158));
#907=ADVANCED_FACE('',(#2159),#2160,.T.);
#908=PRESENTATION_STYLE_ASSIGNMENT((#2161));
#909=ADVANCED_FACE('',(#2162),#2163,.T.);
#910=PRESENTATION_STYLE_ASSIGNMENT((#2164));
#911=ADVANCED_FACE('',(#2165),#2166,.T.);
#912=PRESENTATION_STYLE_ASSIGNMENT((#2167));
#913=ADVANCED_FACE('',(#2168),#2169,.T.);
#914=PRESENTATION_STYLE_ASSIGNMENT((#2170));
#915=ADVANCED_FACE('',(#2171),#2172,.T.);
#916=PRESENTATION_STYLE_ASSIGNMENT((#2173));
#917=ADVANCED_FACE('',(#2174),#2175,.T.);
#918=PRESENTATION_STYLE_ASSIGNMENT((#2176));
#919=ADVANCED_FACE('',(#2177),#2178,.F.);
#920=PRESENTATION_STYLE_ASSIGNMENT((#2179));
#921=ADVANCED_FACE('',(#2180,#2181),#2182,.F.);
#922=PRESENTATION_STYLE_ASSIGNMENT((#2183));
#923=ADVANCED_FACE('',(#2184),#2185,.T.);
#924=PRESENTATION_STYLE_ASSIGNMENT((#2186));
#925=ADVANCED_FACE('',(#2187),#2188,.T.);
#926=PRESENTATION_STYLE_ASSIGNMENT((#2189));
#927=ADVANCED_FACE('',(#2190,#2191),#2192,.T.);
#928=PRESENTATION_STYLE_ASSIGNMENT((#2193));
#929=ADVANCED_FACE('',(#2194),#2195,.F.);
#930=PRESENTATION_STYLE_ASSIGNMENT((#2196));
#931=ADVANCED_FACE('',(#2197),#2198,.F.);
#932=PRESENTATION_STYLE_ASSIGNMENT((#2199));
#933=ADVANCED_FACE('',(#2200),#2201,.F.);
#934=PRESENTATION_STYLE_ASSIGNMENT((#2202));
#935=ADVANCED_FACE('',(#2203),#2204,.F.);
#936=PRESENTATION_STYLE_ASSIGNMENT((#2205));
#937=ADVANCED_FACE('',(#2206),#2207,.F.);
#938=PRESENTATION_STYLE_ASSIGNMENT((#2208));
#939=ADVANCED_FACE('',(#2209),#2210,.T.);
#940=PRESENTATION_STYLE_ASSIGNMENT((#2211));
#941=ADVANCED_FACE('',(#2212),#2213,.T.);
#942=PRESENTATION_STYLE_ASSIGNMENT((#2214));
#943=ADVANCED_FACE('',(#2215),#2216,.T.);
#944=PRESENTATION_STYLE_ASSIGNMENT((#2217));
#945=ADVANCED_FACE('',(#2218),#2219,.T.);
#946=PRESENTATION_STYLE_ASSIGNMENT((#2220));
#947=ADVANCED_FACE('',(#2221),#2222,.T.);
#948=PRESENTATION_STYLE_ASSIGNMENT((#2223));
#949=ADVANCED_FACE('',(#2224),#2225,.T.);
#950=PRESENTATION_STYLE_ASSIGNMENT((#2226));
#951=ADVANCED_FACE('',(#2227),#2228,.T.);
#952=PRESENTATION_STYLE_ASSIGNMENT((#2229));
#953=ADVANCED_FACE('',(#2230),#2231,.T.);
#954=PRESENTATION_STYLE_ASSIGNMENT((#2232));
#955=ADVANCED_FACE('',(#2233),#2234,.T.);
#956=PRESENTATION_STYLE_ASSIGNMENT((#2235));
#957=ADVANCED_FACE('',(#2236),#2237,.T.);
#958=PRESENTATION_STYLE_ASSIGNMENT((#2238));
#959=ADVANCED_FACE('',(#2239),#2240,.F.);
#960=PRESENTATION_STYLE_ASSIGNMENT((#2241));
#961=ADVANCED_FACE('',(#2242,#2243),#2244,.F.);
#962=PRESENTATION_STYLE_ASSIGNMENT((#2245));
#963=ADVANCED_FACE('',(#2246),#2247,.T.);
#964=PRESENTATION_STYLE_ASSIGNMENT((#2248));
#965=ADVANCED_FACE('',(#2249),#2250,.T.);
#966=PRESENTATION_STYLE_ASSIGNMENT((#2251));
#967=ADVANCED_FACE('',(#2252,#2253),#2254,.T.);
#968=PRESENTATION_STYLE_ASSIGNMENT((#2255));
#969=ADVANCED_FACE('',(#2256),#2257,.F.);
#970=PRESENTATION_STYLE_ASSIGNMENT((#2258));
#971=ADVANCED_FACE('',(#2259),#2260,.F.);
#972=PRESENTATION_STYLE_ASSIGNMENT((#2261));
#973=ADVANCED_FACE('',(#2262),#2263,.F.);
#974=PRESENTATION_STYLE_ASSIGNMENT((#2264));
#975=ADVANCED_FACE('',(#2265),#2266,.F.);
#976=PRESENTATION_STYLE_ASSIGNMENT((#2267));
#977=ADVANCED_FACE('',(#2268),#2269,.F.);
#978=PRESENTATION_STYLE_ASSIGNMENT((#2270));
#979=ADVANCED_FACE('',(#2271),#2272,.T.);
#980=PRESENTATION_STYLE_ASSIGNMENT((#2273));
#981=ADVANCED_FACE('',(#2274),#2275,.T.);
#982=PRESENTATION_STYLE_ASSIGNMENT((#2276));
#983=ADVANCED_FACE('',(#2277),#2278,.T.);
#984=PRESENTATION_STYLE_ASSIGNMENT((#2279));
#985=ADVANCED_FACE('',(#2280),#2281,.T.);
#986=PRESENTATION_STYLE_ASSIGNMENT((#2282));
#987=ADVANCED_FACE('',(#2283),#2284,.T.);
#988=PRESENTATION_STYLE_ASSIGNMENT((#2285));
#989=ADVANCED_FACE('',(#2286),#2287,.T.);
#990=PRESENTATION_STYLE_ASSIGNMENT((#2288));
#991=ADVANCED_FACE('',(#2289),#2290,.T.);
#992=PRESENTATION_STYLE_ASSIGNMENT((#2291));
#993=ADVANCED_FACE('',(#2292),#2293,.T.);
#994=PRESENTATION_STYLE_ASSIGNMENT((#2294));
#995=ADVANCED_FACE('',(#2295),#2296,.T.);
#996=PRESENTATION_STYLE_ASSIGNMENT((#2297));
#997=ADVANCED_FACE('',(#2298),#2299,.T.);
#998=PRESENTATION_STYLE_ASSIGNMENT((#2300));
#999=ADVANCED_FACE('',(#2301),#2302,.F.);
#1000=PRESENTATION_STYLE_ASSIGNMENT((#2303));
#1001=ADVANCED_FACE('',(#2304,#2305),#2306,.F.);
#1002=PRESENTATION_STYLE_ASSIGNMENT((#2307));
#1003=ADVANCED_FACE('',(#2308),#2309,.T.);
#1004=PRESENTATION_STYLE_ASSIGNMENT((#2310));
#1005=ADVANCED_FACE('',(#2311),#2312,.T.);
#1006=PRESENTATION_STYLE_ASSIGNMENT((#2313));
#1007=ADVANCED_FACE('',(#2314,#2315),#2316,.T.);
#1008=PRESENTATION_STYLE_ASSIGNMENT((#2317));
#1009=ADVANCED_FACE('',(#2318),#2319,.F.);
#1010=PRESENTATION_STYLE_ASSIGNMENT((#2320));
#1011=ADVANCED_FACE('',(#2321),#2322,.F.);
#1012=PRESENTATION_STYLE_ASSIGNMENT((#2323));
#1013=ADVANCED_FACE('',(#2324),#2325,.F.);
#1014=PRESENTATION_STYLE_ASSIGNMENT((#2326));
#1015=ADVANCED_FACE('',(#2327),#2328,.F.);
#1016=PRESENTATION_STYLE_ASSIGNMENT((#2329));
#1017=ADVANCED_FACE('',(#2330),#2331,.F.);
#1018=PRESENTATION_STYLE_ASSIGNMENT((#2332));
#1019=ADVANCED_FACE('',(#2333),#2334,.T.);
#1020=PRESENTATION_STYLE_ASSIGNMENT((#2335));
#1021=ADVANCED_FACE('',(#2336),#2337,.T.);
#1022=PRESENTATION_STYLE_ASSIGNMENT((#2338));
#1023=ADVANCED_FACE('',(#2339),#2340,.T.);
#1024=PRESENTATION_STYLE_ASSIGNMENT((#2341));
#1025=ADVANCED_FACE('',(#2342),#2343,.T.);
#1026=PRESENTATION_STYLE_ASSIGNMENT((#2344));
#1027=ADVANCED_FACE('',(#2345),#2346,.T.);
#1028=PRESENTATION_STYLE_ASSIGNMENT((#2347));
#1029=ADVANCED_FACE('',(#2348),#2349,.T.);
#1030=PRESENTATION_STYLE_ASSIGNMENT((#2350));
#1031=ADVANCED_FACE('',(#2351),#2352,.T.);
#1032=PRESENTATION_STYLE_ASSIGNMENT((#2353));
#1033=ADVANCED_FACE('',(#2354),#2355,.T.);
#1034=PRESENTATION_STYLE_ASSIGNMENT((#2356));
#1035=ADVANCED_FACE('',(#2357),#2358,.T.);
#1036=PRESENTATION_STYLE_ASSIGNMENT((#2359));
#1037=ADVANCED_FACE('',(#2360),#2361,.T.);
#1038=PRESENTATION_STYLE_ASSIGNMENT((#2362));
#1039=ADVANCED_FACE('',(#2363),#2364,.F.);
#1040=PRESENTATION_STYLE_ASSIGNMENT((#2365));
#1041=ADVANCED_FACE('',(#2366,#2367),#2368,.F.);
#1042=PRESENTATION_STYLE_ASSIGNMENT((#2369));
#1043=ADVANCED_FACE('',(#2370),#2371,.T.);
#1044=PRESENTATION_STYLE_ASSIGNMENT((#2372));
#1045=ADVANCED_FACE('',(#2373),#2374,.T.);
#1046=PRESENTATION_STYLE_ASSIGNMENT((#2375));
#1047=ADVANCED_FACE('',(#2376,#2377),#2378,.T.);
#1048=PRESENTATION_STYLE_ASSIGNMENT((#2379));
#1049=ADVANCED_FACE('',(#2380),#2381,.F.);
#1050=PRESENTATION_STYLE_ASSIGNMENT((#2382));
#1051=ADVANCED_FACE('',(#2383),#2384,.F.);
#1052=PRESENTATION_STYLE_ASSIGNMENT((#2385));
#1053=ADVANCED_FACE('',(#2386),#2387,.F.);
#1054=PRESENTATION_STYLE_ASSIGNMENT((#2388));
#1055=ADVANCED_FACE('',(#2389),#2390,.F.);
#1056=PRESENTATION_STYLE_ASSIGNMENT((#2391));
#1057=ADVANCED_FACE('',(#2392),#2393,.F.);
#1058=PRESENTATION_STYLE_ASSIGNMENT((#2394));
#1059=ADVANCED_FACE('',(#2395),#2396,.T.);
#1060=PRESENTATION_STYLE_ASSIGNMENT((#2397));
#1061=ADVANCED_FACE('',(#2398),#2399,.T.);
#1062=PRESENTATION_STYLE_ASSIGNMENT((#2400));
#1063=ADVANCED_FACE('',(#2401),#2402,.T.);
#1064=PRESENTATION_STYLE_ASSIGNMENT((#2403));
#1065=ADVANCED_FACE('',(#2404),#2405,.T.);
#1066=PRESENTATION_STYLE_ASSIGNMENT((#2406));
#1067=ADVANCED_FACE('',(#2407),#2408,.T.);
#1068=PRESENTATION_STYLE_ASSIGNMENT((#2409));
#1069=ADVANCED_FACE('',(#2410),#2411,.T.);
#1070=PRESENTATION_STYLE_ASSIGNMENT((#2412));
#1071=ADVANCED_FACE('',(#2413),#2414,.T.);
#1072=PRESENTATION_STYLE_ASSIGNMENT((#2415));
#1073=ADVANCED_FACE('',(#2416),#2417,.T.);
#1074=PRESENTATION_STYLE_ASSIGNMENT((#2418));
#1075=ADVANCED_FACE('',(#2419),#2420,.T.);
#1076=PRESENTATION_STYLE_ASSIGNMENT((#2421));
#1077=ADVANCED_FACE('',(#2422),#2423,.T.);
#1078=PRESENTATION_STYLE_ASSIGNMENT((#2424));
#1079=ADVANCED_FACE('',(#2425),#2426,.F.);
#1080=PRESENTATION_STYLE_ASSIGNMENT((#2427));
#1081=ADVANCED_FACE('',(#2428,#2429),#2430,.F.);
#1082=PRESENTATION_STYLE_ASSIGNMENT((#2431));
#1083=ADVANCED_FACE('',(#2432),#2433,.T.);
#1084=PRESENTATION_STYLE_ASSIGNMENT((#2434));
#1085=ADVANCED_FACE('',(#2435),#2436,.T.);
#1086=PRESENTATION_STYLE_ASSIGNMENT((#2437));
#1087=ADVANCED_FACE('',(#2438,#2439),#2440,.T.);
#1088=PRESENTATION_STYLE_ASSIGNMENT((#2441));
#1089=ADVANCED_FACE('',(#2442),#2443,.F.);
#1090=PRESENTATION_STYLE_ASSIGNMENT((#2444));
#1091=ADVANCED_FACE('',(#2445),#2446,.F.);
#1092=PRESENTATION_STYLE_ASSIGNMENT((#2447));
#1093=ADVANCED_FACE('',(#2448),#2449,.F.);
#1094=PRESENTATION_STYLE_ASSIGNMENT((#2450));
#1095=ADVANCED_FACE('',(#2451),#2452,.F.);
#1096=PRESENTATION_STYLE_ASSIGNMENT((#2453));
#1097=ADVANCED_FACE('',(#2454),#2455,.F.);
#1098=PRESENTATION_STYLE_ASSIGNMENT((#2456));
#1099=ADVANCED_FACE('',(#2457),#2458,.T.);
#1100=PRESENTATION_STYLE_ASSIGNMENT((#2459));
#1101=ADVANCED_FACE('',(#2460),#2461,.T.);
#1102=PRESENTATION_STYLE_ASSIGNMENT((#2462));
#1103=ADVANCED_FACE('',(#2463),#2464,.T.);
#1104=PRESENTATION_STYLE_ASSIGNMENT((#2465));
#1105=ADVANCED_FACE('',(#2466),#2467,.T.);
#1106=PRESENTATION_STYLE_ASSIGNMENT((#2468));
#1107=ADVANCED_FACE('',(#2469),#2470,.T.);
#1108=PRESENTATION_STYLE_ASSIGNMENT((#2471));
#1109=ADVANCED_FACE('',(#2472),#2473,.T.);
#1110=PRESENTATION_STYLE_ASSIGNMENT((#2474));
#1111=ADVANCED_FACE('',(#2475),#2476,.T.);
#1112=PRESENTATION_STYLE_ASSIGNMENT((#2477));
#1113=ADVANCED_FACE('',(#2478),#2479,.T.);
#1114=PRESENTATION_STYLE_ASSIGNMENT((#2480));
#1115=ADVANCED_FACE('',(#2481),#2482,.T.);
#1116=PRESENTATION_STYLE_ASSIGNMENT((#2483));
#1117=ADVANCED_FACE('',(#2484),#2485,.T.);
#1118=PRESENTATION_STYLE_ASSIGNMENT((#2486));
#1119=ADVANCED_FACE('',(#2487),#2488,.F.);
#1120=PRESENTATION_STYLE_ASSIGNMENT((#2489));
#1121=ADVANCED_FACE('',(#2490,#2491),#2492,.F.);
#1122=PRESENTATION_STYLE_ASSIGNMENT((#2493));
#1123=ADVANCED_FACE('',(#2494),#2495,.T.);
#1124=PRESENTATION_STYLE_ASSIGNMENT((#2496));
#1125=ADVANCED_FACE('',(#2497),#2498,.T.);
#1126=PRESENTATION_STYLE_ASSIGNMENT((#2499));
#1127=ADVANCED_FACE('',(#2500,#2501),#2502,.T.);
#1128=PRESENTATION_STYLE_ASSIGNMENT((#2503));
#1129=ADVANCED_FACE('',(#2504),#2505,.F.);
#1130=PRESENTATION_STYLE_ASSIGNMENT((#2506));
#1131=ADVANCED_FACE('',(#2507),#2508,.F.);
#1132=PRESENTATION_STYLE_ASSIGNMENT((#2509));
#1133=ADVANCED_FACE('',(#2510),#2511,.F.);
#1134=PRESENTATION_STYLE_ASSIGNMENT((#2512));
#1135=ADVANCED_FACE('',(#2513),#2514,.F.);
#1136=PRESENTATION_STYLE_ASSIGNMENT((#2515));
#1137=ADVANCED_FACE('',(#2516),#2517,.F.);
#1138=PRESENTATION_STYLE_ASSIGNMENT((#2518));
#1139=ADVANCED_FACE('',(#2519),#2520,.T.);
#1140=PRESENTATION_STYLE_ASSIGNMENT((#2521));
#1141=ADVANCED_FACE('',(#2522),#2523,.T.);
#1142=PRESENTATION_STYLE_ASSIGNMENT((#2524));
#1143=ADVANCED_FACE('',(#2525),#2526,.T.);
#1144=PRESENTATION_STYLE_ASSIGNMENT((#2527));
#1145=ADVANCED_FACE('',(#2528),#2529,.T.);
#1146=PRESENTATION_STYLE_ASSIGNMENT((#2530));
#1147=ADVANCED_FACE('',(#2531),#2532,.T.);
#1148=PRESENTATION_STYLE_ASSIGNMENT((#2533));
#1149=ADVANCED_FACE('',(#2534),#2535,.T.);
#1150=PRESENTATION_STYLE_ASSIGNMENT((#2536));
#1151=ADVANCED_FACE('',(#2537),#2538,.T.);
#1152=PRESENTATION_STYLE_ASSIGNMENT((#2539));
#1153=ADVANCED_FACE('',(#2540),#2541,.T.);
#1154=PRESENTATION_STYLE_ASSIGNMENT((#2542));
#1155=ADVANCED_FACE('',(#2543),#2544,.T.);
#1156=PRESENTATION_STYLE_ASSIGNMENT((#2545));
#1157=ADVANCED_FACE('',(#2546),#2547,.T.);
#1158=PRESENTATION_STYLE_ASSIGNMENT((#2548));
#1159=ADVANCED_FACE('',(#2549),#2550,.F.);
#1160=PRESENTATION_STYLE_ASSIGNMENT((#2551));
#1161=ADVANCED_FACE('',(#2552,#2553),#2554,.F.);
#1162=PRESENTATION_STYLE_ASSIGNMENT((#2555));
#1163=ADVANCED_FACE('',(#2556),#2557,.T.);
#1164=PRESENTATION_STYLE_ASSIGNMENT((#2558));
#1165=ADVANCED_FACE('',(#2559),#2560,.T.);
#1166=PRESENTATION_STYLE_ASSIGNMENT((#2561));
#1167=ADVANCED_FACE('',(#2562,#2563),#2564,.T.);
#1168=PRESENTATION_STYLE_ASSIGNMENT((#2565));
#1169=ADVANCED_FACE('',(#2566),#2567,.F.);
#1170=PRESENTATION_STYLE_ASSIGNMENT((#2568));
#1171=ADVANCED_FACE('',(#2569),#2570,.F.);
#1172=PRESENTATION_STYLE_ASSIGNMENT((#2571));
#1173=ADVANCED_FACE('',(#2572),#2573,.F.);
#1174=PRESENTATION_STYLE_ASSIGNMENT((#2574));
#1175=ADVANCED_FACE('',(#2575),#2576,.F.);
#1176=PRESENTATION_STYLE_ASSIGNMENT((#2577));
#1177=ADVANCED_FACE('',(#2578),#2579,.F.);
#1178=PRESENTATION_STYLE_ASSIGNMENT((#2580));
#1179=ADVANCED_FACE('',(#2581),#2582,.T.);
#1180=PRESENTATION_STYLE_ASSIGNMENT((#2583));
#1181=ADVANCED_FACE('',(#2584),#2585,.T.);
#1182=PRESENTATION_STYLE_ASSIGNMENT((#2586));
#1183=ADVANCED_FACE('',(#2587),#2588,.T.);
#1184=PRESENTATION_STYLE_ASSIGNMENT((#2589));
#1185=ADVANCED_FACE('',(#2590),#2591,.T.);
#1186=PRESENTATION_STYLE_ASSIGNMENT((#2592));
#1187=ADVANCED_FACE('',(#2593),#2594,.T.);
#1188=PRESENTATION_STYLE_ASSIGNMENT((#2595));
#1189=ADVANCED_FACE('',(#2596),#2597,.T.);
#1190=PRESENTATION_STYLE_ASSIGNMENT((#2598));
#1191=ADVANCED_FACE('',(#2599),#2600,.T.);
#1192=PRESENTATION_STYLE_ASSIGNMENT((#2601));
#1193=ADVANCED_FACE('',(#2602),#2603,.T.);
#1194=PRESENTATION_STYLE_ASSIGNMENT((#2604));
#1195=ADVANCED_FACE('',(#2605),#2606,.T.);
#1196=PRESENTATION_STYLE_ASSIGNMENT((#2607));
#1197=ADVANCED_FACE('',(#2608),#2609,.T.);
#1198=PRESENTATION_STYLE_ASSIGNMENT((#2610));
#1199=ADVANCED_FACE('',(#2611),#2612,.F.);
#1200=PRESENTATION_STYLE_ASSIGNMENT((#2613));
#1201=ADVANCED_FACE('',(#2614,#2615),#2616,.F.);
#1202=PRESENTATION_STYLE_ASSIGNMENT((#2617));
#1203=ADVANCED_FACE('',(#2618),#2619,.T.);
#1204=PRESENTATION_STYLE_ASSIGNMENT((#2620));
#1205=ADVANCED_FACE('',(#2621),#2622,.F.);
#1206=PRESENTATION_STYLE_ASSIGNMENT((#2623));
#1207=ADVANCED_FACE('',(#2624),#2625,.T.);
#1208=PRESENTATION_STYLE_ASSIGNMENT((#2626));
#1209=ADVANCED_FACE('',(#2627),#2628,.F.);
#1210=PRESENTATION_STYLE_ASSIGNMENT((#2629));
#1211=ADVANCED_FACE('',(#2630),#2631,.T.);
#1212=PRESENTATION_STYLE_ASSIGNMENT((#2632));
#1213=ADVANCED_FACE('',(#2633),#2634,.F.);
#1214=PRESENTATION_STYLE_ASSIGNMENT((#2635));
#1215=ADVANCED_FACE('',(#2636),#2637,.T.);
#1216=PRESENTATION_STYLE_ASSIGNMENT((#2638));
#1217=ADVANCED_FACE('',(#2639),#2640,.F.);
#1218=PRESENTATION_STYLE_ASSIGNMENT((#2641));
#1219=ADVANCED_FACE('',(#2642),#2643,.T.);
#1220=PRESENTATION_STYLE_ASSIGNMENT((#2644));
#1221=ADVANCED_FACE('',(#2645),#2646,.F.);
#1222=PRESENTATION_STYLE_ASSIGNMENT((#2647));
#1223=ADVANCED_FACE('',(#2648),#2649,.F.);
#1224=PRESENTATION_STYLE_ASSIGNMENT((#2650));
#1225=ADVANCED_FACE('',(#2651),#2652,.T.);
#1226=PRESENTATION_STYLE_ASSIGNMENT((#2653));
#1227=ADVANCED_FACE('',(#2654),#2655,.F.);
#1228=PRESENTATION_STYLE_ASSIGNMENT((#2656));
#1229=ADVANCED_FACE('',(#2657),#2658,.T.);
#1230=PRESENTATION_STYLE_ASSIGNMENT((#2659));
#1231=ADVANCED_FACE('',(#2660),#2661,.F.);
#1232=PRESENTATION_STYLE_ASSIGNMENT((#2662));
#1233=ADVANCED_FACE('',(#2663),#2664,.T.);
#1234=PRESENTATION_STYLE_ASSIGNMENT((#2665));
#1235=ADVANCED_FACE('',(#2666),#2667,.F.);
#1236=PRESENTATION_STYLE_ASSIGNMENT((#2668));
#1237=ADVANCED_FACE('',(#2669),#2670,.T.);
#1238=PRESENTATION_STYLE_ASSIGNMENT((#2671));
#1239=ADVANCED_FACE('',(#2672),#2673,.F.);
#1240=PRESENTATION_STYLE_ASSIGNMENT((#2674));
#1241=ADVANCED_FACE('',(#2675),#2676,.T.);
#1242=PRESENTATION_STYLE_ASSIGNMENT((#2677));
#1243=ADVANCED_FACE('',(#2678),#2679,.F.);
#1244=PRESENTATION_STYLE_ASSIGNMENT((#2680));
#1245=ADVANCED_FACE('',(#2681),#2682,.F.);
#1246=PRESENTATION_STYLE_ASSIGNMENT((#2683));
#1247=ADVANCED_FACE('',(#2684),#2685,.T.);
#1248=PRESENTATION_STYLE_ASSIGNMENT((#2686));
#1249=ADVANCED_FACE('',(#2687),#2688,.T.);
#1250=PRESENTATION_STYLE_ASSIGNMENT((#2689));
#1251=ADVANCED_FACE('',(#2690),#2691,.T.);
#1252=PRESENTATION_STYLE_ASSIGNMENT((#2692));
#1253=ADVANCED_FACE('',(#2693),#2694,.F.);
#1254=PRESENTATION_STYLE_ASSIGNMENT((#2695));
#1255=ADVANCED_FACE('',(#2696),#2697,.T.);
#1256=PRESENTATION_STYLE_ASSIGNMENT((#2698));
#1257=ADVANCED_FACE('',(#2699),#2700,.T.);
#1258=PRESENTATION_STYLE_ASSIGNMENT((#2701));
#1259=ADVANCED_FACE('',(#2702),#2703,.T.);
#1260=PRESENTATION_STYLE_ASSIGNMENT((#2704));
#1261=ADVANCED_FACE('',(#2705),#2706,.T.);
#1262=PRESENTATION_STYLE_ASSIGNMENT((#2707));
#1263=ADVANCED_FACE('',(#2708),#2709,.F.);
#1264=PRESENTATION_STYLE_ASSIGNMENT((#2710));
#1265=ADVANCED_FACE('',(#2711),#2712,.T.);
#1266=PRESENTATION_STYLE_ASSIGNMENT((#2713));
#1267=ADVANCED_FACE('',(#2714),#2715,.T.);
#1268=PRESENTATION_STYLE_ASSIGNMENT((#2716));
#1269=ADVANCED_FACE('',(#2717),#2718,.T.);
#1270=PRESENTATION_STYLE_ASSIGNMENT((#2719));
#1271=ADVANCED_FACE('',(#2720),#2721,.T.);
#1272=PRESENTATION_STYLE_ASSIGNMENT((#2722));
#1273=ADVANCED_FACE('',(#2723),#2724,.F.);
#1274=PRESENTATION_STYLE_ASSIGNMENT((#2725));
#1275=ADVANCED_FACE('',(#2726),#2727,.T.);
#1276=PRESENTATION_STYLE_ASSIGNMENT((#2728));
#1277=ADVANCED_FACE('',(#2729),#2730,.T.);
#1278=PRESENTATION_STYLE_ASSIGNMENT((#2731));
#1279=ADVANCED_FACE('',(#2732),#2733,.T.);
#1280=PRESENTATION_STYLE_ASSIGNMENT((#2734));
#1281=ADVANCED_FACE('',(#2735),#2736,.T.);
#1282=PRESENTATION_STYLE_ASSIGNMENT((#2737));
#1283=ADVANCED_FACE('',(#2738),#2739,.F.);
#1284=PRESENTATION_STYLE_ASSIGNMENT((#2740));
#1285=ADVANCED_FACE('',(#2741),#2742,.T.);
#1286=PRESENTATION_STYLE_ASSIGNMENT((#2743));
#1287=ADVANCED_FACE('',(#2744),#2745,.T.);
#1288=PRESENTATION_STYLE_ASSIGNMENT((#2746));
#1289=ADVANCED_FACE('',(#2747),#2748,.T.);
#1290=PRESENTATION_STYLE_ASSIGNMENT((#2749));
#1291=ADVANCED_FACE('',(#2750),#2751,.T.);
#1292=PRESENTATION_STYLE_ASSIGNMENT((#2752));
#1293=ADVANCED_FACE('',(#2753),#2754,.F.);
#1294=PRESENTATION_STYLE_ASSIGNMENT((#2755));
#1295=ADVANCED_FACE('',(#2756),#2757,.T.);
#1296=PRESENTATION_STYLE_ASSIGNMENT((#2758));
#1297=ADVANCED_FACE('',(#2759),#2760,.T.);
#1298=PRESENTATION_STYLE_ASSIGNMENT((#2761));
#1299=ADVANCED_FACE('',(#2762),#2763,.T.);
#1300=PRESENTATION_STYLE_ASSIGNMENT((#2764));
#1301=ADVANCED_FACE('',(#2765),#2766,.T.);
#1302=PRESENTATION_STYLE_ASSIGNMENT((#2767));
#1303=ADVANCED_FACE('',(#2768),#2769,.F.);
#1304=PRESENTATION_STYLE_ASSIGNMENT((#2770));
#1305=ADVANCED_FACE('',(#2771),#2772,.T.);
#1306=PRESENTATION_STYLE_ASSIGNMENT((#2773));
#1307=ADVANCED_FACE('',(#2774),#2775,.T.);
#1308=PRESENTATION_STYLE_ASSIGNMENT((#2776));
#1309=ADVANCED_FACE('',(#2777),#2778,.T.);
#1310=PRESENTATION_STYLE_ASSIGNMENT((#2779));
#1311=ADVANCED_FACE('',(#2780),#2781,.T.);
#1312=PRESENTATION_STYLE_ASSIGNMENT((#2782));
#1313=ADVANCED_FACE('',(#2783),#2784,.F.);
#1314=PRESENTATION_STYLE_ASSIGNMENT((#2785));
#1315=ADVANCED_FACE('',(#2786),#2787,.T.);
#1316=PRESENTATION_STYLE_ASSIGNMENT((#2788));
#1317=ADVANCED_FACE('',(#2789),#2790,.T.);
#1318=PRESENTATION_STYLE_ASSIGNMENT((#2791));
#1319=ADVANCED_FACE('',(#2792),#2793,.T.);
#1320=PRESENTATION_STYLE_ASSIGNMENT((#2794));
#1321=ADVANCED_FACE('',(#2795),#2796,.T.);
#1322=PRESENTATION_STYLE_ASSIGNMENT((#2797));
#1323=ADVANCED_FACE('',(#2798),#2799,.F.);
#1324=PRESENTATION_STYLE_ASSIGNMENT((#2800));
#1325=ADVANCED_FACE('',(#2801),#2802,.T.);
#1326=PRESENTATION_STYLE_ASSIGNMENT((#2803));
#1327=ADVANCED_FACE('',(#2804),#2805,.T.);
#1328=PRESENTATION_STYLE_ASSIGNMENT((#2806));
#1329=ADVANCED_FACE('',(#2807),#2808,.T.);
#1330=PRESENTATION_STYLE_ASSIGNMENT((#2809));
#1331=ADVANCED_FACE('',(#2810),#2811,.T.);
#1332=PRESENTATION_STYLE_ASSIGNMENT((#2812));
#1333=ADVANCED_FACE('',(#2813),#2814,.F.);
#1334=PRESENTATION_STYLE_ASSIGNMENT((#2815));
#1335=ADVANCED_FACE('',(#2816),#2817,.T.);
#1336=PRESENTATION_STYLE_ASSIGNMENT((#2818));
#1337=ADVANCED_FACE('',(#2819),#2820,.T.);
#1338=PRESENTATION_STYLE_ASSIGNMENT((#2821));
#1339=ADVANCED_FACE('',(#2822),#2823,.T.);
#1340=PRESENTATION_STYLE_ASSIGNMENT((#2824));
#1341=ADVANCED_FACE('',(#2825),#2826,.T.);
#1342=PRESENTATION_STYLE_ASSIGNMENT((#2827));
#1343=ADVANCED_FACE('',(#2828),#2829,.F.);
#1344=PRESENTATION_STYLE_ASSIGNMENT((#2830));
#1345=ADVANCED_FACE('',(#2831),#2832,.T.);
#1346=PRESENTATION_STYLE_ASSIGNMENT((#2833));
#1347=ADVANCED_FACE('',(#2834),#2835,.T.);
#1348=PRESENTATION_STYLE_ASSIGNMENT((#2836));
#1349=ADVANCED_FACE('',(#2837),#2838,.T.);
#1350=PRESENTATION_STYLE_ASSIGNMENT((#2839));
#1351=ADVANCED_FACE('',(#2840),#2841,.T.);
#1352=PRESENTATION_STYLE_ASSIGNMENT((#2842));
#1353=ADVANCED_FACE('',(#2843),#2844,.F.);
#1354=PRESENTATION_STYLE_ASSIGNMENT((#2845));
#1355=ADVANCED_FACE('',(#2846),#2847,.F.);
#1356=PRESENTATION_STYLE_ASSIGNMENT((#2848));
#1357=ADVANCED_FACE('',(#2849),#2850,.F.);
#1358=PRESENTATION_STYLE_ASSIGNMENT((#2851));
#1359=ADVANCED_FACE('',(#2852),#2853,.F.);
#1360=PRESENTATION_STYLE_ASSIGNMENT((#2854));
#1361=ADVANCED_FACE('',(#2855),#2856,.F.);
#1362=PRESENTATION_STYLE_ASSIGNMENT((#2857));
#1363=ADVANCED_FACE('',(#2858),#2859,.F.);
#1364=PRESENTATION_STYLE_ASSIGNMENT((#2860));
#1365=ADVANCED_FACE('',(#2861),#2862,.F.);
#1366=PRESENTATION_STYLE_ASSIGNMENT((#2863));
#1367=ADVANCED_FACE('',(#2864),#2865,.F.);
#1368=PRESENTATION_STYLE_ASSIGNMENT((#2866));
#1369=ADVANCED_FACE('',(#2867),#2868,.F.);
#1370=PRESENTATION_STYLE_ASSIGNMENT((#2869));
#1371=ADVANCED_FACE('',(#2870),#2871,.F.);
#1372=PRESENTATION_STYLE_ASSIGNMENT((#2872));
#1373=ADVANCED_FACE('',(#2873),#2874,.F.);
#1374=PRESENTATION_STYLE_ASSIGNMENT((#2875));
#1375=ADVANCED_FACE('',(#2876),#2877,.F.);
#1376=PRESENTATION_STYLE_ASSIGNMENT((#2878));
#1377=ADVANCED_FACE('',(#2879),#2880,.F.);
#1378=PRESENTATION_STYLE_ASSIGNMENT((#2881));
#1379=ADVANCED_FACE('',(#2882),#2883,.F.);
#1380=PRESENTATION_STYLE_ASSIGNMENT((#2884));
#1381=ADVANCED_FACE('',(#2885),#2886,.F.);
#1382=PRESENTATION_STYLE_ASSIGNMENT((#2887));
#1383=ADVANCED_FACE('',(#2888),#2889,.F.);
#1384=PRESENTATION_STYLE_ASSIGNMENT((#2890));
#1385=ADVANCED_FACE('',(#2891),#2892,.F.);
#1386=PRESENTATION_STYLE_ASSIGNMENT((#2893));
#1387=ADVANCED_FACE('',(#2894),#2895,.F.);
#1388=PRESENTATION_STYLE_ASSIGNMENT((#2896));
#1389=ADVANCED_FACE('',(#2897),#2898,.F.);
#1390=PRESENTATION_STYLE_ASSIGNMENT((#2899));
#1391=ADVANCED_FACE('',(#2900),#2901,.F.);
#1392=PRESENTATION_STYLE_ASSIGNMENT((#2902));
#1393=ADVANCED_FACE('',(#2903),#2904,.F.);
#1394=PRESENTATION_STYLE_ASSIGNMENT((#2905));
#1395=ADVANCED_FACE('',(#2906),#2907,.F.);
#1396=PRESENTATION_STYLE_ASSIGNMENT((#2908));
#1397=ADVANCED_FACE('',(#2909),#2910,.F.);
#1398=PRESENTATION_STYLE_ASSIGNMENT((#2911));
#1399=ADVANCED_FACE('',(#2912),#2913,.F.);
#1400=PRESENTATION_STYLE_ASSIGNMENT((#2914));
#1401=ADVANCED_FACE('',(#2915),#2916,.F.);
#1402=PRESENTATION_STYLE_ASSIGNMENT((#2917));
#1403=ADVANCED_FACE('',(#2918),#2919,.F.);
#1404=PRESENTATION_STYLE_ASSIGNMENT((#2920));
#1405=ADVANCED_FACE('',(#2921),#2922,.F.);
#1406=PRESENTATION_STYLE_ASSIGNMENT((#2923));
#1407=ADVANCED_FACE('',(#2924),#2925,.F.);
#1408=PRESENTATION_STYLE_ASSIGNMENT((#2926));
#1409=ADVANCED_FACE('',(#2927),#2928,.F.);
#1410=PRESENTATION_STYLE_ASSIGNMENT((#2929));
#1411=ADVANCED_FACE('',(#2930),#2931,.F.);
#1412=PRESENTATION_STYLE_ASSIGNMENT((#2932));
#1413=ADVANCED_FACE('',(#2933),#2934,.F.);
#1414=PRESENTATION_STYLE_ASSIGNMENT((#2935));
#1415=ADVANCED_FACE('',(#2936),#2937,.F.);
#1416=PRESENTATION_STYLE_ASSIGNMENT((#2938));
#1417=ADVANCED_FACE('',(#2939),#2940,.F.);
#1418=PRESENTATION_STYLE_ASSIGNMENT((#2941));
#1419=ADVANCED_FACE('',(#2942),#2943,.F.);
#1420=PRESENTATION_STYLE_ASSIGNMENT((#2944));
#1421=ADVANCED_FACE('',(#2945),#2946,.F.);
#1422=PRESENTATION_STYLE_ASSIGNMENT((#2947));
#1423=ADVANCED_FACE('',(#2948),#2949,.F.);
#1424=PRESENTATION_STYLE_ASSIGNMENT((#2950));
#1425=ADVANCED_FACE('',(#2951),#2952,.F.);
#1426=PRESENTATION_STYLE_ASSIGNMENT((#2953));
#1427=ADVANCED_FACE('',(#2954),#2955,.F.);
#1428=PRESENTATION_STYLE_ASSIGNMENT((#2956));
#1429=ADVANCED_FACE('',(#2957),#2958,.F.);
#1430=PRESENTATION_STYLE_ASSIGNMENT((#2959));
#1431=ADVANCED_FACE('',(#2960),#2961,.F.);
#1432=PRESENTATION_STYLE_ASSIGNMENT((#2962));
#1433=ADVANCED_FACE('',(#2963),#2964,.F.);
#1434=PRESENTATION_STYLE_ASSIGNMENT((#2965));
#1435=ADVANCED_FACE('',(#2966),#2967,.F.);
#1436=PRESENTATION_STYLE_ASSIGNMENT((#2968));
#1437=ADVANCED_FACE('',(#2969),#2970,.F.);
#1438=PRESENTATION_STYLE_ASSIGNMENT((#2971));
#1439=ADVANCED_FACE('',(#2972),#2973,.F.);
#1440=PRESENTATION_STYLE_ASSIGNMENT((#2974));
#1441=ADVANCED_FACE('',(#2975),#2976,.F.);
#1442=PRESENTATION_STYLE_ASSIGNMENT((#2977));
#1443=ADVANCED_FACE('',(#2978),#2979,.F.);
#1444=PRESENTATION_STYLE_ASSIGNMENT((#2980));
#1445=ADVANCED_FACE('',(#2981),#2982,.F.);
#1446=PRESENTATION_STYLE_ASSIGNMENT((#2983));
#1447=ADVANCED_FACE('',(#2984),#2985,.F.);
#1448=PRESENTATION_STYLE_ASSIGNMENT((#2986));
#1449=ADVANCED_FACE('',(#2987),#2988,.F.);
#1450=PRESENTATION_STYLE_ASSIGNMENT((#2989));
#1451=ADVANCED_FACE('',(#2990),#2991,.F.);
#1452=PRESENTATION_STYLE_ASSIGNMENT((#2992));
#1453=ADVANCED_FACE('',(#2993),#2994,.F.);
#1454=PRESENTATION_STYLE_ASSIGNMENT((#2995));
#1455=ADVANCED_FACE('',(#2996),#2997,.F.);
#1456=PRESENTATION_STYLE_ASSIGNMENT((#2998));
#1457=ADVANCED_FACE('',(#2999),#3000,.F.);
#1458=PRESENTATION_STYLE_ASSIGNMENT((#3001));
#1459=ADVANCED_FACE('',(#3002),#3003,.F.);
#1460=PRESENTATION_STYLE_ASSIGNMENT((#3004));
#1461=ADVANCED_FACE('',(#3005),#3006,.F.);
#1462=PRESENTATION_STYLE_ASSIGNMENT((#3007));
#1463=ADVANCED_FACE('',(#3008),#3009,.F.);
#1464=PRESENTATION_STYLE_ASSIGNMENT((#3010));
#1465=ADVANCED_FACE('',(#3011),#3012,.F.);
#1466=PRESENTATION_STYLE_ASSIGNMENT((#3013));
#1467=ADVANCED_FACE('',(#3014),#3015,.F.);
#1468=PRESENTATION_STYLE_ASSIGNMENT((#3016));
#1469=ADVANCED_FACE('',(#3017),#3018,.F.);
#1470=PRESENTATION_STYLE_ASSIGNMENT((#3019));
#1471=ADVANCED_FACE('',(#3020),#3021,.F.);
#1472=PRESENTATION_STYLE_ASSIGNMENT((#3022));
#1473=ADVANCED_FACE('',(#3023),#3024,.F.);
#1474=PRESENTATION_STYLE_ASSIGNMENT((#3025));
#1475=ADVANCED_FACE('',(#3026),#3027,.F.);
#1476=PRESENTATION_STYLE_ASSIGNMENT((#3028));
#1477=ADVANCED_FACE('',(#3029),#3030,.F.);
#1478=PRESENTATION_STYLE_ASSIGNMENT((#3031));
#1479=ADVANCED_FACE('',(#3032),#3033,.F.);
#1480=PRESENTATION_STYLE_ASSIGNMENT((#3034));
#1481=ADVANCED_FACE('',(#3035),#3036,.F.);
#1482=PRESENTATION_STYLE_ASSIGNMENT((#3037));
#1483=ADVANCED_FACE('',(#3038),#3039,.F.);
#1484=PRESENTATION_STYLE_ASSIGNMENT((#3040));
#1485=ADVANCED_FACE('',(#3041),#3042,.F.);
#1486=PRESENTATION_STYLE_ASSIGNMENT((#3043));
#1487=ADVANCED_FACE('',(#3044),#3045,.F.);
#1488=PRESENTATION_STYLE_ASSIGNMENT((#3046));
#1489=ADVANCED_FACE('',(#3047),#3048,.F.);
#1490=PRESENTATION_STYLE_ASSIGNMENT((#3049));
#1491=ADVANCED_FACE('',(#3050),#3051,.F.);
#1492=PRESENTATION_STYLE_ASSIGNMENT((#3052));
#1493=ADVANCED_FACE('',(#3053),#3054,.F.);
#1494=PRESENTATION_STYLE_ASSIGNMENT((#3055));
#1495=ADVANCED_FACE('',(#3056),#3057,.F.);
#1496=PRESENTATION_STYLE_ASSIGNMENT((#3058));
#1497=ADVANCED_FACE('',(#3059),#3060,.F.);
#1498=PRESENTATION_STYLE_ASSIGNMENT((#3061));
#1499=ADVANCED_FACE('',(#3062),#3063,.F.);
#1500=PRESENTATION_STYLE_ASSIGNMENT((#3064));
#1501=ADVANCED_FACE('',(#3065),#3066,.F.);
#1502=PRESENTATION_STYLE_ASSIGNMENT((#3067));
#1503=ADVANCED_FACE('',(#3068),#3069,.F.);
#1504=PRESENTATION_STYLE_ASSIGNMENT((#3070));
#1505=ADVANCED_FACE('',(#3071),#3072,.F.);
#1506=PRESENTATION_STYLE_ASSIGNMENT((#3073));
#1507=ADVANCED_FACE('',(#3074),#3075,.F.);
#1508=PRESENTATION_STYLE_ASSIGNMENT((#3076));
#1509=ADVANCED_FACE('',(#3077),#3078,.F.);
#1510=PRESENTATION_STYLE_ASSIGNMENT((#3079));
#1511=ADVANCED_FACE('',(#3080),#3081,.F.);
#1512=PRESENTATION_STYLE_ASSIGNMENT((#3082));
#1513=ADVANCED_FACE('',(#3083),#3084,.F.);
#1514=PRESENTATION_STYLE_ASSIGNMENT((#3085));
#1515=ADVANCED_FACE('',(#3086),#3087,.F.);
#1516=PRESENTATION_STYLE_ASSIGNMENT((#3088));
#1517=ADVANCED_FACE('',(#3089),#3090,.F.);
#1518=PRESENTATION_STYLE_ASSIGNMENT((#3091));
#1519=ADVANCED_FACE('',(#3092),#3093,.F.);
#1520=PRESENTATION_STYLE_ASSIGNMENT((#3094));
#1521=ADVANCED_FACE('',(#3095),#3096,.F.);
#1522=PRESENTATION_STYLE_ASSIGNMENT((#3097));
#1523=ADVANCED_FACE('',(#3098),#3099,.F.);
#1524=PRESENTATION_STYLE_ASSIGNMENT((#3100));
#1525=ADVANCED_FACE('',(#3101),#3102,.F.);
#1526=PRESENTATION_STYLE_ASSIGNMENT((#3103));
#1527=ADVANCED_FACE('',(#3104),#3105,.F.);
#1528=PRESENTATION_STYLE_ASSIGNMENT((#3106));
#1529=ADVANCED_FACE('',(#3107),#3108,.F.);
#1530=PRESENTATION_STYLE_ASSIGNMENT((#3109));
#1531=ADVANCED_FACE('',(#3110),#3111,.F.);
#1532=PRESENTATION_STYLE_ASSIGNMENT((#3112));
#1533=ADVANCED_FACE('',(#3113),#3114,.F.);
#1534=PRESENTATION_STYLE_ASSIGNMENT((#3115));
#1535=ADVANCED_FACE('',(#3116),#3117,.F.);
#1536=PRESENTATION_STYLE_ASSIGNMENT((#3118));
#1537=ADVANCED_FACE('',(#3119),#3120,.T.);
#1538=PRESENTATION_STYLE_ASSIGNMENT((#3121));
#1539=ADVANCED_FACE('',(#3122),#3123,.T.);
#1540=PRESENTATION_STYLE_ASSIGNMENT((#3124));
#1541=ADVANCED_FACE('',(#3125),#3126,.T.);
#1542=PRESENTATION_STYLE_ASSIGNMENT((#3127));
#1543=ADVANCED_FACE('',(#3128),#3129,.F.);
#1544=PRESENTATION_STYLE_ASSIGNMENT((#3130));
#1545=ADVANCED_FACE('',(#3131),#3132,.F.);
#1546=PRESENTATION_STYLE_ASSIGNMENT((#3133));
#1547=ADVANCED_FACE('',(#3134),#3135,.F.);
#1548=PRESENTATION_STYLE_ASSIGNMENT((#3136));
#1549=ADVANCED_FACE('',(#3137),#3138,.T.);
#1550=PRESENTATION_STYLE_ASSIGNMENT((#3139));
#1551=ADVANCED_FACE('',(#3140),#3141,.F.);
#1552=PRESENTATION_STYLE_ASSIGNMENT((#3142));
#1553=ADVANCED_FACE('',(#3143),#3144,.T.);
#1554=PRESENTATION_STYLE_ASSIGNMENT((#3145));
#1555=ADVANCED_FACE('',(#3146),#3147,.F.);
#1556=PRESENTATION_STYLE_ASSIGNMENT((#3148));
#1557=ADVANCED_FACE('',(#3149),#3150,.F.);
#1558=PRESENTATION_STYLE_ASSIGNMENT((#3151));
#1559=ADVANCED_FACE('',(#3152),#3153,.F.);
#1560=PRESENTATION_STYLE_ASSIGNMENT((#3154));
#1561=ADVANCED_FACE('',(#3155),#3156,.T.);
#1562=PRESENTATION_STYLE_ASSIGNMENT((#3157));
#1563=ADVANCED_FACE('',(#3158,#3159,#3160,#3161,#3162,#3163,#3164,#3165,#3166,#3167,#3168),#3169,.T.);
#1564=PRESENTATION_STYLE_ASSIGNMENT((#3170));
#1565=ADVANCED_FACE('',(#3171),#3172,.T.);
#1566=PRESENTATION_STYLE_ASSIGNMENT((#3173));
#1567=ADVANCED_FACE('',(#3174),#3175,.T.);
#1568=PRESENTATION_STYLE_ASSIGNMENT((#3176));
#1569=ADVANCED_FACE('',(#3177),#3178,.T.);
#1570=PRESENTATION_STYLE_ASSIGNMENT((#3179));
#1571=ADVANCED_FACE('',(#3180,#3181,#3182,#3183,#3184,#3185,#3186,#3187,#3188,#3189,#3190),#3191,.T.);
#1572=PRESENTATION_STYLE_ASSIGNMENT((#3192));
#1573=ADVANCED_FACE('',(#3193),#3194,.T.);
#1574=PRESENTATION_STYLE_ASSIGNMENT((#3195));
#1575=ADVANCED_FACE('',(#3196,#3197,#3198,#3199,#3200,#3201,#3202,#3203,#3204,#3205,#3206,#3207,#3208,#3209,#3210,#3211,#3212,#3213,#3214,#3215,#3216),#3217,.T.);
#1576=PRESENTATION_STYLE_ASSIGNMENT((#3218));
#1577=ADVANCED_FACE('',(#3219),#3220,.T.);
#1578=PRESENTATION_STYLE_ASSIGNMENT((#3221));
#1579=ADVANCED_FACE('',(#3222),#3223,.T.);
#1580=PRODUCT('1','','PART--DESC',(#3224));
#1581=PRODUCT_DEFINITION('','NONE',#3225,#2);
#1582=MANIFOLD_SOLID_BREP('1',#3226);
#1583=AXIS2_PLACEMENT_3D('',#3227,#3228,#3229);
#1586=LENGTH_MEASURE_WITH_UNIT(LENGTH_MEASURE(1.0),#3230);
#1589=DIMENSIONAL_EXPONENTS(1.0,0.0,0.0,0.0,0.0,0.0,0.0);
#1591=DIMENSIONAL_EXPONENTS(0.0,0.0,0.0,0.0,0.0,0.0,0.0);
#1597=SURFACE_STYLE_USAGE(.BOTH.,#3231);
#1598=FACE_OUTER_BOUND('',#3232,.T.);
#1599=CYLINDRICAL_SURFACE('',#3233,0.571500000000022);
#1600=SURFACE_STYLE_USAGE(.BOTH.,#3234);
#1601=FACE_OUTER_BOUND('',#3235,.T.);
#1602=CONICAL_SURFACE('',#3236,0.666750000000003,0.78539816339733);
#1603=SURFACE_STYLE_USAGE(.BOTH.,#3237);
#1604=FACE_OUTER_BOUND('',#3238,.T.);
#1605=CYLINDRICAL_SURFACE('',#3239,0.761999999999984);
#1606=SURFACE_STYLE_USAGE(.BOTH.,#3240);
#1607=FACE_OUTER_BOUND('',#3241,.T.);
#1608=CYLINDRICAL_SURFACE('',#3242,0.571500000000022);
#1609=SURFACE_STYLE_USAGE(.BOTH.,#3243);
#1610=FACE_OUTER_BOUND('',#3244,.T.);
#1611=CONICAL_SURFACE('',#3245,0.666750000000003,0.78539816339733);
#1612=SURFACE_STYLE_USAGE(.BOTH.,#3246);
#1613=FACE_OUTER_BOUND('',#3247,.T.);
#1614=CYLINDRICAL_SURFACE('',#3248,0.761999999999984);
#1615=SURFACE_STYLE_USAGE(.BOTH.,#3249);
#1616=FACE_OUTER_BOUND('',#3250,.T.);
#1617=CYLINDRICAL_SURFACE('',#3251,0.571500000000022);
#1618=SURFACE_STYLE_USAGE(.BOTH.,#3252);
#1619=FACE_OUTER_BOUND('',#3253,.T.);
#1620=CONICAL_SURFACE('',#3254,0.666750000000003,0.78539816339733);
#1621=SURFACE_STYLE_USAGE(.BOTH.,#3255);
#1622=FACE_OUTER_BOUND('',#3256,.T.);
#1623=CYLINDRICAL_SURFACE('',#3257,0.761999999999984);
#1624=SURFACE_STYLE_USAGE(.BOTH.,#3258);
#1625=FACE_OUTER_BOUND('',#3259,.T.);
#1626=CYLINDRICAL_SURFACE('',#3260,0.571500000000022);
#1627=SURFACE_STYLE_USAGE(.BOTH.,#3261);
#1628=FACE_OUTER_BOUND('',#3262,.T.);
#1629=CONICAL_SURFACE('',#3263,0.666750000000003,0.78539816339733);
#1630=SURFACE_STYLE_USAGE(.BOTH.,#3264);
#1631=FACE_OUTER_BOUND('',#3265,.T.);
#1632=CYLINDRICAL_SURFACE('',#3266,0.761999999999984);
#1633=SURFACE_STYLE_USAGE(.BOTH.,#3267);
#1634=FACE_OUTER_BOUND('',#3268,.T.);
#1635=CYLINDRICAL_SURFACE('',#3269,0.571500000000022);
#1636=SURFACE_STYLE_USAGE(.BOTH.,#3270);
#1637=FACE_OUTER_BOUND('',#3271,.T.);
#1638=CONICAL_SURFACE('',#3272,0.666750000000003,0.78539816339733);
#1639=SURFACE_STYLE_USAGE(.BOTH.,#3273);
#1640=FACE_OUTER_BOUND('',#3274,.T.);
#1641=CYLINDRICAL_SURFACE('',#3275,0.761999999999984);
#1642=SURFACE_STYLE_USAGE(.BOTH.,#3276);
#1643=FACE_OUTER_BOUND('',#3277,.T.);
#1644=CYLINDRICAL_SURFACE('',#3278,0.571500000000022);
#1645=SURFACE_STYLE_USAGE(.BOTH.,#3279);
#1646=FACE_OUTER_BOUND('',#3280,.T.);
#1647=CONICAL_SURFACE('',#3281,0.666750000000003,0.78539816339733);
#1648=SURFACE_STYLE_USAGE(.BOTH.,#3282);
#1649=FACE_OUTER_BOUND('',#3283,.T.);
#1650=CYLINDRICAL_SURFACE('',#3284,0.761999999999984);
#1651=SURFACE_STYLE_USAGE(.BOTH.,#3285);
#1652=FACE_OUTER_BOUND('',#3286,.T.);
#1653=CYLINDRICAL_SURFACE('',#3287,0.571500000000022);
#1654=SURFACE_STYLE_USAGE(.BOTH.,#3288);
#1655=FACE_OUTER_BOUND('',#3289,.T.);
#1656=CONICAL_SURFACE('',#3290,0.666750000000003,0.78539816339733);
#1657=SURFACE_STYLE_USAGE(.BOTH.,#3291);
#1658=FACE_OUTER_BOUND('',#3292,.T.);
#1659=CYLINDRICAL_SURFACE('',#3293,0.761999999999984);
#1660=SURFACE_STYLE_USAGE(.BOTH.,#3294);
#1661=FACE_OUTER_BOUND('',#3295,.T.);
#1662=CYLINDRICAL_SURFACE('',#3296,0.571500000000022);
#1663=SURFACE_STYLE_USAGE(.BOTH.,#3297);
#1664=FACE_OUTER_BOUND('',#3298,.T.);
#1665=CONICAL_SURFACE('',#3299,0.666750000000003,0.78539816339733);
#1666=SURFACE_STYLE_USAGE(.BOTH.,#3300);
#1667=FACE_OUTER_BOUND('',#3301,.T.);
#1668=CYLINDRICAL_SURFACE('',#3302,0.761999999999984);
#1669=SURFACE_STYLE_USAGE(.BOTH.,#3303);
#1670=FACE_OUTER_BOUND('',#3304,.T.);
#1671=CYLINDRICAL_SURFACE('',#3305,0.571500000000022);
#1672=SURFACE_STYLE_USAGE(.BOTH.,#3306);
#1673=FACE_OUTER_BOUND('',#3307,.T.);
#1674=CONICAL_SURFACE('',#3308,0.666750000000003,0.78539816339733);
#1675=SURFACE_STYLE_USAGE(.BOTH.,#3309);
#1676=FACE_OUTER_BOUND('',#3310,.T.);
#1677=CYLINDRICAL_SURFACE('',#3311,0.761999999999984);
#1678=SURFACE_STYLE_USAGE(.BOTH.,#3312);
#1679=FACE_OUTER_BOUND('',#3313,.T.);
#1680=CYLINDRICAL_SURFACE('',#3314,0.571500000000022);
#1681=SURFACE_STYLE_USAGE(.BOTH.,#3315);
#1682=FACE_OUTER_BOUND('',#3316,.T.);
#1683=CONICAL_SURFACE('',#3317,0.666750000000003,0.78539816339733);
#1684=SURFACE_STYLE_USAGE(.BOTH.,#3318);
#1685=FACE_OUTER_BOUND('',#3319,.T.);
#1686=CYLINDRICAL_SURFACE('',#3320,0.761999999999984);
#1687=SURFACE_STYLE_USAGE(.BOTH.,#3321);
#1688=FACE_OUTER_BOUND('',#3322,.T.);
#1689=CYLINDRICAL_SURFACE('',#3323,1.01600000000002);
#1690=SURFACE_STYLE_USAGE(.BOTH.,#3324);
#1691=FACE_OUTER_BOUND('',#3325,.T.);
#1692=CYLINDRICAL_SURFACE('',#3326,1.01600000000002);
#1693=SURFACE_STYLE_USAGE(.BOTH.,#3327);
#1694=FACE_OUTER_BOUND('',#3328,.T.);
#1695=CYLINDRICAL_SURFACE('',#3329,1.01600000000002);
#1696=SURFACE_STYLE_USAGE(.BOTH.,#3330);
#1697=FACE_OUTER_BOUND('',#3331,.T.);
#1698=CYLINDRICAL_SURFACE('',#3332,1.01600000000002);
#1699=SURFACE_STYLE_USAGE(.BOTH.,#3333);
#1700=FACE_OUTER_BOUND('',#3334,.T.);
#1701=CYLINDRICAL_SURFACE('',#3335,1.01600000000002);
#1702=SURFACE_STYLE_USAGE(.BOTH.,#3336);
#1703=FACE_OUTER_BOUND('',#3337,.T.);
#1704=CYLINDRICAL_SURFACE('',#3338,1.01600000000002);
#1705=SURFACE_STYLE_USAGE(.BOTH.,#3339);
#1706=FACE_OUTER_BOUND('',#3340,.T.);
#1707=CYLINDRICAL_SURFACE('',#3341,1.01600000000002);
#1708=SURFACE_STYLE_USAGE(.BOTH.,#3342);
#1709=FACE_OUTER_BOUND('',#3343,.T.);
#1710=CYLINDRICAL_SURFACE('',#3344,1.01600000000002);
#1711=SURFACE_STYLE_USAGE(.BOTH.,#3345);
#1712=FACE_OUTER_BOUND('',#3346,.T.);
#1713=CYLINDRICAL_SURFACE('',#3347,1.01600000000002);
#1714=SURFACE_STYLE_USAGE(.BOTH.,#3348);
#1715=FACE_OUTER_BOUND('',#3349,.T.);
#1716=CYLINDRICAL_SURFACE('',#3350,1.01600000000002);
#1717=SURFACE_STYLE_USAGE(.BOTH.,#3351);
#1718=FACE_OUTER_BOUND('',#3352,.T.);
#1719=CYLINDRICAL_SURFACE('',#3353,0.8255);
#1720=SURFACE_STYLE_USAGE(.BOTH.,#3354);
#1721=FACE_OUTER_BOUND('',#3355,.T.);
#1722=CYLINDRICAL_SURFACE('',#3356,0.8255);
#1723=SURFACE_STYLE_USAGE(.BOTH.,#3357);
#1724=FACE_OUTER_BOUND('',#3358,.T.);
#1725=CYLINDRICAL_SURFACE('',#3359,0.8255);
#1726=SURFACE_STYLE_USAGE(.BOTH.,#3360);
#1727=FACE_OUTER_BOUND('',#3361,.T.);
#1728=CYLINDRICAL_SURFACE('',#3362,0.8255);
#1729=SURFACE_STYLE_USAGE(.BOTH.,#3363);
#1730=FACE_OUTER_BOUND('',#3364,.T.);
#1731=CYLINDRICAL_SURFACE('',#3365,0.8255);
#1732=SURFACE_STYLE_USAGE(.BOTH.,#3366);
#1733=FACE_OUTER_BOUND('',#3367,.T.);
#1734=CYLINDRICAL_SURFACE('',#3368,0.8255);
#1735=SURFACE_STYLE_USAGE(.BOTH.,#3369);
#1736=FACE_OUTER_BOUND('',#3370,.T.);
#1737=CYLINDRICAL_SURFACE('',#3371,0.8255);
#1738=SURFACE_STYLE_USAGE(.BOTH.,#3372);
#1739=FACE_OUTER_BOUND('',#3373,.T.);
#1740=CYLINDRICAL_SURFACE('',#3374,0.8255);
#1741=SURFACE_STYLE_USAGE(.BOTH.,#3375);
#1742=FACE_OUTER_BOUND('',#3376,.T.);
#1743=CYLINDRICAL_SURFACE('',#3377,0.8255);
#1744=SURFACE_STYLE_USAGE(.BOTH.,#3378);
#1745=FACE_OUTER_BOUND('',#3379,.T.);
#1746=CYLINDRICAL_SURFACE('',#3380,0.8255);
#1747=SURFACE_STYLE_USAGE(.BOTH.,#3381);
#1748=FACE_OUTER_BOUND('',#3382,.T.);
#1749=CYLINDRICAL_SURFACE('',#3383,0.8255);
#1750=SURFACE_STYLE_USAGE(.BOTH.,#3384);
#1751=FACE_OUTER_BOUND('',#3385,.T.);
#1752=PLANE('',#3386);
#1753=SURFACE_STYLE_USAGE(.BOTH.,#3387);
#1754=FACE_OUTER_BOUND('',#3388,.T.);
#1755=PLANE('',#3389);
#1756=SURFACE_STYLE_USAGE(.BOTH.,#3390);
#1757=FACE_OUTER_BOUND('',#3391,.T.);
#1758=PLANE('',#3392);
#1759=SURFACE_STYLE_USAGE(.BOTH.,#3393);
#1760=FACE_OUTER_BOUND('',#3394,.T.);
#1761=PLANE('',#3395);
#1762=SURFACE_STYLE_USAGE(.BOTH.,#3396);
#1763=FACE_OUTER_BOUND('',#3397,.T.);
#1764=PLANE('',#3398);
#1765=SURFACE_STYLE_USAGE(.BOTH.,#3399);
#1766=FACE_OUTER_BOUND('',#3400,.T.);
#1767=CYLINDRICAL_SURFACE('',#3401,0.8255);
#1768=SURFACE_STYLE_USAGE(.BOTH.,#3402);
#1769=FACE_OUTER_BOUND('',#3403,.T.);
#1770=PLANE('',#3404);
#1771=SURFACE_STYLE_USAGE(.BOTH.,#3405);
#1772=FACE_OUTER_BOUND('',#3406,.T.);
#1773=PLANE('',#3407);
#1774=SURFACE_STYLE_USAGE(.BOTH.,#3408);
#1775=FACE_OUTER_BOUND('',#3409,.T.);
#1776=PLANE('',#3410);
#1777=SURFACE_STYLE_USAGE(.BOTH.,#3411);
#1778=FACE_OUTER_BOUND('',#3412,.T.);
#1779=PLANE('',#3413);
#1780=SURFACE_STYLE_USAGE(.BOTH.,#3414);
#1781=FACE_OUTER_BOUND('',#3415,.T.);
#1782=PLANE('',#3416);
#1783=SURFACE_STYLE_USAGE(.BOTH.,#3417);
#1784=FACE_OUTER_BOUND('',#3418,.T.);
#1785=CYLINDRICAL_SURFACE('',#3419,0.8255);
#1786=SURFACE_STYLE_USAGE(.BOTH.,#3420);
#1787=FACE_OUTER_BOUND('',#3421,.T.);
#1788=PLANE('',#3422);
#1789=SURFACE_STYLE_USAGE(.BOTH.,#3423);
#1790=FACE_OUTER_BOUND('',#3424,.T.);
#1791=PLANE('',#3425);
#1792=SURFACE_STYLE_USAGE(.BOTH.,#3426);
#1793=FACE_OUTER_BOUND('',#3427,.T.);
#1794=PLANE('',#3428);
#1795=SURFACE_STYLE_USAGE(.BOTH.,#3429);
#1796=FACE_OUTER_BOUND('',#3430,.T.);
#1797=PLANE('',#3431);
#1798=SURFACE_STYLE_USAGE(.BOTH.,#3432);
#1799=FACE_OUTER_BOUND('',#3433,.T.);
#1800=PLANE('',#3434);
#1801=SURFACE_STYLE_USAGE(.BOTH.,#3435);
#1802=FACE_OUTER_BOUND('',#3436,.T.);
#1803=CYLINDRICAL_SURFACE('',#3437,0.8255);
#1804=SURFACE_STYLE_USAGE(.BOTH.,#3438);
#1805=FACE_OUTER_BOUND('',#3439,.T.);
#1806=PLANE('',#3440);
#1807=SURFACE_STYLE_USAGE(.BOTH.,#3441);
#1808=FACE_OUTER_BOUND('',#3442,.T.);
#1809=PLANE('',#3443);
#1810=SURFACE_STYLE_USAGE(.BOTH.,#3444);
#1811=FACE_OUTER_BOUND('',#3445,.T.);
#1812=PLANE('',#3446);
#1813=SURFACE_STYLE_USAGE(.BOTH.,#3447);
#1814=FACE_OUTER_BOUND('',#3448,.T.);
#1815=PLANE('',#3449);
#1816=SURFACE_STYLE_USAGE(.BOTH.,#3450);
#1817=FACE_OUTER_BOUND('',#3451,.T.);
#1818=PLANE('',#3452);
#1819=SURFACE_STYLE_USAGE(.BOTH.,#3453);
#1820=FACE_OUTER_BOUND('',#3454,.T.);
#1821=CYLINDRICAL_SURFACE('',#3455,0.8255);
#1822=SURFACE_STYLE_USAGE(.BOTH.,#3456);
#1823=FACE_OUTER_BOUND('',#3457,.T.);
#1824=PLANE('',#3458);
#1825=SURFACE_STYLE_USAGE(.BOTH.,#3459);
#1826=FACE_OUTER_BOUND('',#3460,.T.);
#1827=PLANE('',#3461);
#1828=SURFACE_STYLE_USAGE(.BOTH.,#3462);
#1829=FACE_OUTER_BOUND('',#3463,.T.);
#1830=PLANE('',#3464);
#1831=SURFACE_STYLE_USAGE(.BOTH.,#3465);
#1832=FACE_OUTER_BOUND('',#3466,.T.);
#1833=PLANE('',#3467);
#1834=SURFACE_STYLE_USAGE(.BOTH.,#3468);
#1835=FACE_OUTER_BOUND('',#3469,.T.);
#1836=PLANE('',#3470);
#1837=SURFACE_STYLE_USAGE(.BOTH.,#3471);
#1838=FACE_OUTER_BOUND('',#3472,.T.);
#1839=CYLINDRICAL_SURFACE('',#3473,0.8255);
#1840=SURFACE_STYLE_USAGE(.BOTH.,#3474);
#1841=FACE_OUTER_BOUND('',#3475,.T.);
#1842=PLANE('',#3476);
#1843=SURFACE_STYLE_USAGE(.BOTH.,#3477);
#1844=FACE_OUTER_BOUND('',#3478,.T.);
#1845=PLANE('',#3479);
#1846=SURFACE_STYLE_USAGE(.BOTH.,#3480);
#1847=FACE_OUTER_BOUND('',#3481,.T.);
#1848=PLANE('',#3482);
#1849=SURFACE_STYLE_USAGE(.BOTH.,#3483);
#1850=FACE_OUTER_BOUND('',#3484,.T.);
#1851=PLANE('',#3485);
#1852=SURFACE_STYLE_USAGE(.BOTH.,#3486);
#1853=FACE_OUTER_BOUND('',#3487,.T.);
#1854=PLANE('',#3488);
#1855=SURFACE_STYLE_USAGE(.BOTH.,#3489);
#1856=FACE_OUTER_BOUND('',#3490,.T.);
#1857=CYLINDRICAL_SURFACE('',#3491,0.8255);
#1858=SURFACE_STYLE_USAGE(.BOTH.,#3492);
#1859=FACE_OUTER_BOUND('',#3493,.T.);
#1860=PLANE('',#3494);
#1861=SURFACE_STYLE_USAGE(.BOTH.,#3495);
#1862=FACE_OUTER_BOUND('',#3496,.T.);
#1863=PLANE('',#3497);
#1864=SURFACE_STYLE_USAGE(.BOTH.,#3498);
#1865=FACE_OUTER_BOUND('',#3499,.T.);
#1866=PLANE('',#3500);
#1867=SURFACE_STYLE_USAGE(.BOTH.,#3501);
#1868=FACE_OUTER_BOUND('',#3502,.T.);
#1869=PLANE('',#3503);
#1870=SURFACE_STYLE_USAGE(.BOTH.,#3504);
#1871=FACE_OUTER_BOUND('',#3505,.T.);
#1872=PLANE('',#3506);
#1873=SURFACE_STYLE_USAGE(.BOTH.,#3507);
#1874=FACE_OUTER_BOUND('',#3508,.T.);
#1875=CYLINDRICAL_SURFACE('',#3509,0.8255);
#1876=SURFACE_STYLE_USAGE(.BOTH.,#3510);
#1877=FACE_OUTER_BOUND('',#3511,.T.);
#1878=PLANE('',#3512);
#1879=SURFACE_STYLE_USAGE(.BOTH.,#3513);
#1880=FACE_OUTER_BOUND('',#3514,.T.);
#1881=PLANE('',#3515);
#1882=SURFACE_STYLE_USAGE(.BOTH.,#3516);
#1883=FACE_OUTER_BOUND('',#3517,.T.);
#1884=PLANE('',#3518);
#1885=SURFACE_STYLE_USAGE(.BOTH.,#3519);
#1886=FACE_OUTER_BOUND('',#3520,.T.);
#1887=PLANE('',#3521);
#1888=SURFACE_STYLE_USAGE(.BOTH.,#3522);
#1889=FACE_OUTER_BOUND('',#3523,.T.);
#1890=PLANE('',#3524);
#1891=SURFACE_STYLE_USAGE(.BOTH.,#3525);
#1892=FACE_OUTER_BOUND('',#3526,.T.);
#1893=CYLINDRICAL_SURFACE('',#3527,0.8255);
#1894=SURFACE_STYLE_USAGE(.BOTH.,#3528);
#1895=FACE_OUTER_BOUND('',#3529,.T.);
#1896=PLANE('',#3530);
#1897=SURFACE_STYLE_USAGE(.BOTH.,#3531);
#1898=FACE_OUTER_BOUND('',#3532,.T.);
#1899=PLANE('',#3533);
#1900=SURFACE_STYLE_USAGE(.BOTH.,#3534);
#1901=FACE_OUTER_BOUND('',#3535,.T.);
#1902=PLANE('',#3536);
#1903=SURFACE_STYLE_USAGE(.BOTH.,#3537);
#1904=FACE_OUTER_BOUND('',#3538,.T.);
#1905=PLANE('',#3539);
#1906=SURFACE_STYLE_USAGE(.BOTH.,#3540);
#1907=FACE_OUTER_BOUND('',#3541,.T.);
#1908=PLANE('',#3542);
#1909=SURFACE_STYLE_USAGE(.BOTH.,#3543);
#1910=FACE_OUTER_BOUND('',#3544,.T.);
#1911=CYLINDRICAL_SURFACE('',#3545,0.8255);
#1912=SURFACE_STYLE_USAGE(.BOTH.,#3546);
#1913=FACE_OUTER_BOUND('',#3547,.T.);
#1914=PLANE('',#3548);
#1915=SURFACE_STYLE_USAGE(.BOTH.,#3549);
#1916=FACE_OUTER_BOUND('',#3550,.T.);
#1917=PLANE('',#3551);
#1918=SURFACE_STYLE_USAGE(.BOTH.,#3552);
#1919=FACE_OUTER_BOUND('',#3553,.T.);
#1920=PLANE('',#3554);
#1921=SURFACE_STYLE_USAGE(.BOTH.,#3555);
#1922=FACE_OUTER_BOUND('',#3556,.T.);
#1923=PLANE('',#3557);
#1924=SURFACE_STYLE_USAGE(.BOTH.,#3558);
#1925=FACE_OUTER_BOUND('',#3559,.T.);
#1926=PLANE('',#3560);
#1927=SURFACE_STYLE_USAGE(.BOTH.,#3561);
#1928=FACE_OUTER_BOUND('',#3562,.T.);
#1929=CYLINDRICAL_SURFACE('',#3563,1.01600000000002);
#1930=SURFACE_STYLE_USAGE(.BOTH.,#3564);
#1931=FACE_BOUND('',#3565,.T.);
#1932=FACE_OUTER_BOUND('',#3566,.T.);
#1933=PLANE('',#3567);
#1934=SURFACE_STYLE_USAGE(.BOTH.,#3568);
#1935=FACE_OUTER_BOUND('',#3569,.T.);
#1936=CYLINDRICAL_SURFACE('',#3570,1.01600000000002);
#1937=SURFACE_STYLE_USAGE(.BOTH.,#3571);
#1938=FACE_BOUND('',#3572,.T.);
#1939=FACE_OUTER_BOUND('',#3573,.T.);
#1940=PLANE('',#3574);
#1941=SURFACE_STYLE_USAGE(.BOTH.,#3575);
#1942=FACE_OUTER_BOUND('',#3576,.T.);
#1943=CYLINDRICAL_SURFACE('',#3577,1.01600000000002);
#1944=SURFACE_STYLE_USAGE(.BOTH.,#3578);
#1945=FACE_BOUND('',#3579,.T.);
#1946=FACE_OUTER_BOUND('',#3580,.T.);
#1947=PLANE('',#3581);
#1948=SURFACE_STYLE_USAGE(.BOTH.,#3582);
#1949=FACE_OUTER_BOUND('',#3583,.T.);
#1950=CYLINDRICAL_SURFACE('',#3584,1.01600000000002);
#1951=SURFACE_STYLE_USAGE(.BOTH.,#3585);
#1952=FACE_BOUND('',#3586,.T.);
#1953=FACE_OUTER_BOUND('',#3587,.T.);
#1954=PLANE('',#3588);
#1955=SURFACE_STYLE_USAGE(.BOTH.,#3589);
#1956=FACE_OUTER_BOUND('',#3590,.T.);
#1957=CYLINDRICAL_SURFACE('',#3591,1.01600000000002);
#1958=SURFACE_STYLE_USAGE(.BOTH.,#3592);
#1959=FACE_BOUND('',#3593,.T.);
#1960=FACE_OUTER_BOUND('',#3594,.T.);
#1961=PLANE('',#3595);
#1962=SURFACE_STYLE_USAGE(.BOTH.,#3596);
#1963=FACE_OUTER_BOUND('',#3597,.T.);
#1964=CYLINDRICAL_SURFACE('',#3598,1.01600000000002);
#1965=SURFACE_STYLE_USAGE(.BOTH.,#3599);
#1966=FACE_BOUND('',#3600,.T.);
#1967=FACE_OUTER_BOUND('',#3601,.T.);
#1968=PLANE('',#3602);
#1969=SURFACE_STYLE_USAGE(.BOTH.,#3603);
#1970=FACE_OUTER_BOUND('',#3604,.T.);
#1971=CYLINDRICAL_SURFACE('',#3605,1.01600000000002);
#1972=SURFACE_STYLE_USAGE(.BOTH.,#3606);
#1973=FACE_BOUND('',#3607,.T.);
#1974=FACE_OUTER_BOUND('',#3608,.T.);
#1975=PLANE('',#3609);
#1976=SURFACE_STYLE_USAGE(.BOTH.,#3610);
#1977=FACE_OUTER_BOUND('',#3611,.T.);
#1978=CYLINDRICAL_SURFACE('',#3612,1.01600000000002);
#1979=SURFACE_STYLE_USAGE(.BOTH.,#3613);
#1980=FACE_BOUND('',#3614,.T.);
#1981=FACE_OUTER_BOUND('',#3615,.T.);
#1982=PLANE('',#3616);
#1983=SURFACE_STYLE_USAGE(.BOTH.,#3617);
#1984=FACE_OUTER_BOUND('',#3618,.T.);
#1985=CYLINDRICAL_SURFACE('',#3619,1.01600000000002);
#1986=SURFACE_STYLE_USAGE(.BOTH.,#3620);
#1987=FACE_BOUND('',#3621,.T.);
#1988=FACE_OUTER_BOUND('',#3622,.T.);
#1989=PLANE('',#3623);
#1990=SURFACE_STYLE_USAGE(.BOTH.,#3624);
#1991=FACE_OUTER_BOUND('',#3625,.T.);
#1992=CYLINDRICAL_SURFACE('',#3626,1.01600000000002);
#1993=SURFACE_STYLE_USAGE(.BOTH.,#3627);
#1994=FACE_BOUND('',#3628,.T.);
#1995=FACE_OUTER_BOUND('',#3629,.T.);
#1996=PLANE('',#3630);
#1997=SURFACE_STYLE_USAGE(.BOTH.,#3631);
#1998=FACE_OUTER_BOUND('',#3632,.T.);
#1999=PLANE('',#3633);
#2000=SURFACE_STYLE_USAGE(.BOTH.,#3634);
#2001=FACE_OUTER_BOUND('',#3635,.T.);
#2002=PLANE('',#3636);
#2003=SURFACE_STYLE_USAGE(.BOTH.,#3637);
#2004=FACE_OUTER_BOUND('',#3638,.T.);
#2005=FACE_BOUND('',#3639,.T.);
#2006=PLANE('',#3640);
#2007=SURFACE_STYLE_USAGE(.BOTH.,#3641);
#2008=FACE_OUTER_BOUND('',#3642,.T.);
#2009=CYLINDRICAL_SURFACE('',#3643,0.761999999999984);
#2010=SURFACE_STYLE_USAGE(.BOTH.,#3644);
#2011=FACE_OUTER_BOUND('',#3645,.T.);
#2012=CONICAL_SURFACE('',#3646,0.666750000000003,0.78539816339733);
#2013=SURFACE_STYLE_USAGE(.BOTH.,#3647);
#2014=FACE_OUTER_BOUND('',#3648,.T.);
#2015=CYLINDRICAL_SURFACE('',#3649,0.571500000000022);
#2016=SURFACE_STYLE_USAGE(.BOTH.,#3650);
#2017=FACE_OUTER_BOUND('',#3651,.T.);
#2018=PLANE('',#3652);
#2019=SURFACE_STYLE_USAGE(.BOTH.,#3653);
#2020=FACE_OUTER_BOUND('',#3654,.T.);
#2021=PLANE('',#3655);
#2022=SURFACE_STYLE_USAGE(.BOTH.,#3656);
#2023=FACE_OUTER_BOUND('',#3657,.T.);
#2024=PLANE('',#3658);
#2025=SURFACE_STYLE_USAGE(.BOTH.,#3659);
#2026=FACE_OUTER_BOUND('',#3660,.T.);
#2027=PLANE('',#3661);
#2028=SURFACE_STYLE_USAGE(.BOTH.,#3662);
#2029=FACE_OUTER_BOUND('',#3663,.T.);
#2030=PLANE('',#3664);
#2031=SURFACE_STYLE_USAGE(.BOTH.,#3665);
#2032=FACE_OUTER_BOUND('',#3666,.T.);
#2033=PLANE('',#3667);
#2034=SURFACE_STYLE_USAGE(.BOTH.,#3668);
#2035=FACE_OUTER_BOUND('',#3669,.T.);
#2036=PLANE('',#3670);
#2037=SURFACE_STYLE_USAGE(.BOTH.,#3671);
#2038=FACE_OUTER_BOUND('',#3672,.T.);
#2039=PLANE('',#3673);
#2040=SURFACE_STYLE_USAGE(.BOTH.,#3674);
#2041=FACE_OUTER_BOUND('',#3675,.T.);
#2042=PLANE('',#3676);
#2043=SURFACE_STYLE_USAGE(.BOTH.,#3677);
#2044=FACE_OUTER_BOUND('',#3678,.T.);
#2045=PLANE('',#3679);
#2046=SURFACE_STYLE_USAGE(.BOTH.,#3680);
#2047=FACE_OUTER_BOUND('',#3681,.T.);
#2048=PLANE('',#3682);
#2049=SURFACE_STYLE_USAGE(.BOTH.,#3683);
#2050=FACE_OUTER_BOUND('',#3684,.T.);
#2051=PLANE('',#3685);
#2052=SURFACE_STYLE_USAGE(.BOTH.,#3686);
#2053=FACE_OUTER_BOUND('',#3687,.T.);
#2054=CYLINDRICAL_SURFACE('',#3688,1.86563);
#2055=SURFACE_STYLE_USAGE(.BOTH.,#3689);
#2056=FACE_BOUND('',#3690,.T.);
#2057=FACE_OUTER_BOUND('',#3691,.T.);
#2058=PLANE('',#3692);
#2059=SURFACE_STYLE_USAGE(.BOTH.,#3693);
#2060=FACE_OUTER_BOUND('',#3694,.T.);
#2061=PLANE('',#3695);
#2062=SURFACE_STYLE_USAGE(.BOTH.,#3696);
#2063=FACE_OUTER_BOUND('',#3697,.T.);
#2064=PLANE('',#3698);
#2065=SURFACE_STYLE_USAGE(.BOTH.,#3699);
#2066=FACE_OUTER_BOUND('',#3700,.T.);
#2067=FACE_BOUND('',#3701,.T.);
#2068=PLANE('',#3702);
#2069=SURFACE_STYLE_USAGE(.BOTH.,#3703);
#2070=FACE_OUTER_BOUND('',#3704,.T.);
#2071=CYLINDRICAL_SURFACE('',#3705,0.761999999999984);
#2072=SURFACE_STYLE_USAGE(.BOTH.,#3706);
#2073=FACE_OUTER_BOUND('',#3707,.T.);
#2074=CONICAL_SURFACE('',#3708,0.666750000000003,0.78539816339733);
#2075=SURFACE_STYLE_USAGE(.BOTH.,#3709);
#2076=FACE_OUTER_BOUND('',#3710,.T.);
#2077=CYLINDRICAL_SURFACE('',#3711,0.571500000000022);
#2078=SURFACE_STYLE_USAGE(.BOTH.,#3712);
#2079=FACE_OUTER_BOUND('',#3713,.T.);
#2080=PLANE('',#3714);
#2081=SURFACE_STYLE_USAGE(.BOTH.,#3715);
#2082=FACE_OUTER_BOUND('',#3716,.T.);
#2083=PLANE('',#3717);
#2084=SURFACE_STYLE_USAGE(.BOTH.,#3718);
#2085=FACE_OUTER_BOUND('',#3719,.T.);
#2086=PLANE('',#3720);
#2087=SURFACE_STYLE_USAGE(.BOTH.,#3721);
#2088=FACE_OUTER_BOUND('',#3722,.T.);
#2089=PLANE('',#3723);
#2090=SURFACE_STYLE_USAGE(.BOTH.,#3724);
#2091=FACE_OUTER_BOUND('',#3725,.T.);
#2092=PLANE('',#3726);
#2093=SURFACE_STYLE_USAGE(.BOTH.,#3727);
#2094=FACE_OUTER_BOUND('',#3728,.T.);
#2095=PLANE('',#3729);
#2096=SURFACE_STYLE_USAGE(.BOTH.,#3730);
#2097=FACE_OUTER_BOUND('',#3731,.T.);
#2098=PLANE('',#3732);
#2099=SURFACE_STYLE_USAGE(.BOTH.,#3733);
#2100=FACE_OUTER_BOUND('',#3734,.T.);
#2101=PLANE('',#3735);
#2102=SURFACE_STYLE_USAGE(.BOTH.,#3736);
#2103=FACE_OUTER_BOUND('',#3737,.T.);
#2104=PLANE('',#3738);
#2105=SURFACE_STYLE_USAGE(.BOTH.,#3739);
#2106=FACE_OUTER_BOUND('',#3740,.T.);
#2107=PLANE('',#3741);
#2108=SURFACE_STYLE_USAGE(.BOTH.,#3742);
#2109=FACE_OUTER_BOUND('',#3743,.T.);
#2110=PLANE('',#3744);
#2111=SURFACE_STYLE_USAGE(.BOTH.,#3745);
#2112=FACE_OUTER_BOUND('',#3746,.T.);
#2113=PLANE('',#3747);
#2114=SURFACE_STYLE_USAGE(.BOTH.,#3748);
#2115=FACE_OUTER_BOUND('',#3749,.T.);
#2116=CYLINDRICAL_SURFACE('',#3750,1.86563);
#2117=SURFACE_STYLE_USAGE(.BOTH.,#3751);
#2118=FACE_BOUND('',#3752,.T.);
#2119=FACE_OUTER_BOUND('',#3753,.T.);
#2120=PLANE('',#3754);
#2121=SURFACE_STYLE_USAGE(.BOTH.,#3755);
#2122=FACE_OUTER_BOUND('',#3756,.T.);
#2123=PLANE('',#3757);
#2124=SURFACE_STYLE_USAGE(.BOTH.,#3758);
#2125=FACE_OUTER_BOUND('',#3759,.T.);
#2126=PLANE('',#3760);
#2127=SURFACE_STYLE_USAGE(.BOTH.,#3761);
#2128=FACE_OUTER_BOUND('',#3762,.T.);
#2129=FACE_BOUND('',#3763,.T.);
#2130=PLANE('',#3764);
#2131=SURFACE_STYLE_USAGE(.BOTH.,#3765);
#2132=FACE_OUTER_BOUND('',#3766,.T.);
#2133=CYLINDRICAL_SURFACE('',#3767,0.761999999999984);
#2134=SURFACE_STYLE_USAGE(.BOTH.,#3768);
#2135=FACE_OUTER_BOUND('',#3769,.T.);
#2136=CONICAL_SURFACE('',#3770,0.666750000000003,0.78539816339733);
#2137=SURFACE_STYLE_USAGE(.BOTH.,#3771);
#2138=FACE_OUTER_BOUND('',#3772,.T.);
#2139=CYLINDRICAL_SURFACE('',#3773,0.571500000000022);
#2140=SURFACE_STYLE_USAGE(.BOTH.,#3774);
#2141=FACE_OUTER_BOUND('',#3775,.T.);
#2142=PLANE('',#3776);
#2143=SURFACE_STYLE_USAGE(.BOTH.,#3777);
#2144=FACE_OUTER_BOUND('',#3778,.T.);
#2145=PLANE('',#3779);
#2146=SURFACE_STYLE_USAGE(.BOTH.,#3780);
#2147=FACE_OUTER_BOUND('',#3781,.T.);
#2148=PLANE('',#3782);
#2149=SURFACE_STYLE_USAGE(.BOTH.,#3783);
#2150=FACE_OUTER_BOUND('',#3784,.T.);
#2151=PLANE('',#3785);
#2152=SURFACE_STYLE_USAGE(.BOTH.,#3786);
#2153=FACE_OUTER_BOUND('',#3787,.T.);
#2154=PLANE('',#3788);
#2155=SURFACE_STYLE_USAGE(.BOTH.,#3789);
#2156=FACE_OUTER_BOUND('',#3790,.T.);
#2157=PLANE('',#3791);
#2158=SURFACE_STYLE_USAGE(.BOTH.,#3792);
#2159=FACE_OUTER_BOUND('',#3793,.T.);
#2160=PLANE('',#3794);
#2161=SURFACE_STYLE_USAGE(.BOTH.,#3795);
#2162=FACE_OUTER_BOUND('',#3796,.T.);
#2163=PLANE('',#3797);
#2164=SURFACE_STYLE_USAGE(.BOTH.,#3798);
#2165=FACE_OUTER_BOUND('',#3799,.T.);
#2166=PLANE('',#3800);
#2167=SURFACE_STYLE_USAGE(.BOTH.,#3801);
#2168=FACE_OUTER_BOUND('',#3802,.T.);
#2169=PLANE('',#3803);
#2170=SURFACE_STYLE_USAGE(.BOTH.,#3804);
#2171=FACE_OUTER_BOUND('',#3805,.T.);
#2172=PLANE('',#3806);
#2173=SURFACE_STYLE_USAGE(.BOTH.,#3807);
#2174=FACE_OUTER_BOUND('',#3808,.T.);
#2175=PLANE('',#3809);
#2176=SURFACE_STYLE_USAGE(.BOTH.,#3810);
#2177=FACE_OUTER_BOUND('',#3811,.T.);
#2178=CYLINDRICAL_SURFACE('',#3812,1.86563);
#2179=SURFACE_STYLE_USAGE(.BOTH.,#3813);
#2180=FACE_BOUND('',#3814,.T.);
#2181=FACE_OUTER_BOUND('',#3815,.T.);
#2182=PLANE('',#3816);
#2183=SURFACE_STYLE_USAGE(.BOTH.,#3817);
#2184=FACE_OUTER_BOUND('',#3818,.T.);
#2185=PLANE('',#3819);
#2186=SURFACE_STYLE_USAGE(.BOTH.,#3820);
#2187=FACE_OUTER_BOUND('',#3821,.T.);
#2188=PLANE('',#3822);
#2189=SURFACE_STYLE_USAGE(.BOTH.,#3823);
#2190=FACE_OUTER_BOUND('',#3824,.T.);
#2191=FACE_BOUND('',#3825,.T.);
#2192=PLANE('',#3826);
#2193=SURFACE_STYLE_USAGE(.BOTH.,#3827);
#2194=FACE_OUTER_BOUND('',#3828,.T.);
#2195=CYLINDRICAL_SURFACE('',#3829,0.761999999999984);
#2196=SURFACE_STYLE_USAGE(.BOTH.,#3830);
#2197=FACE_OUTER_BOUND('',#3831,.T.);
#2198=CONICAL_SURFACE('',#3832,0.666750000000003,0.78539816339733);
#2199=SURFACE_STYLE_USAGE(.BOTH.,#3833);
#2200=FACE_OUTER_BOUND('',#3834,.T.);
#2201=CYLINDRICAL_SURFACE('',#3835,0.571500000000022);
#2202=SURFACE_STYLE_USAGE(.BOTH.,#3836);
#2203=FACE_OUTER_BOUND('',#3837,.T.);
#2204=PLANE('',#3838);
#2205=SURFACE_STYLE_USAGE(.BOTH.,#3839);
#2206=FACE_OUTER_BOUND('',#3840,.T.);
#2207=PLANE('',#3841);
#2208=SURFACE_STYLE_USAGE(.BOTH.,#3842);
#2209=FACE_OUTER_BOUND('',#3843,.T.);
#2210=PLANE('',#3844);
#2211=SURFACE_STYLE_USAGE(.BOTH.,#3845);
#2212=FACE_OUTER_BOUND('',#3846,.T.);
#2213=PLANE('',#3847);
#2214=SURFACE_STYLE_USAGE(.BOTH.,#3848);
#2215=FACE_OUTER_BOUND('',#3849,.T.);
#2216=PLANE('',#3850);
#2217=SURFACE_STYLE_USAGE(.BOTH.,#3851);
#2218=FACE_OUTER_BOUND('',#3852,.T.);
#2219=PLANE('',#3853);
#2220=SURFACE_STYLE_USAGE(.BOTH.,#3854);
#2221=FACE_OUTER_BOUND('',#3855,.T.);
#2222=PLANE('',#3856);
#2223=SURFACE_STYLE_USAGE(.BOTH.,#3857);
#2224=FACE_OUTER_BOUND('',#3858,.T.);
#2225=PLANE('',#3859);
#2226=SURFACE_STYLE_USAGE(.BOTH.,#3860);
#2227=FACE_OUTER_BOUND('',#3861,.T.);
#2228=PLANE('',#3862);
#2229=SURFACE_STYLE_USAGE(.BOTH.,#3863);
#2230=FACE_OUTER_BOUND('',#3864,.T.);
#2231=PLANE('',#3865);
#2232=SURFACE_STYLE_USAGE(.BOTH.,#3866);
#2233=FACE_OUTER_BOUND('',#3867,.T.);
#2234=PLANE('',#3868);
#2235=SURFACE_STYLE_USAGE(.BOTH.,#3869);
#2236=FACE_OUTER_BOUND('',#3870,.T.);
#2237=PLANE('',#3871);
#2238=SURFACE_STYLE_USAGE(.BOTH.,#3872);
#2239=FACE_OUTER_BOUND('',#3873,.T.);
#2240=CYLINDRICAL_SURFACE('',#3874,1.86563);
#2241=SURFACE_STYLE_USAGE(.BOTH.,#3875);
#2242=FACE_BOUND('',#3876,.T.);
#2243=FACE_OUTER_BOUND('',#3877,.T.);
#2244=PLANE('',#3878);
#2245=SURFACE_STYLE_USAGE(.BOTH.,#3879);
#2246=FACE_OUTER_BOUND('',#3880,.T.);
#2247=PLANE('',#3881);
#2248=SURFACE_STYLE_USAGE(.BOTH.,#3882);
#2249=FACE_OUTER_BOUND('',#3883,.T.);
#2250=PLANE('',#3884);
#2251=SURFACE_STYLE_USAGE(.BOTH.,#3885);
#2252=FACE_OUTER_BOUND('',#3886,.T.);
#2253=FACE_BOUND('',#3887,.T.);
#2254=PLANE('',#3888);
#2255=SURFACE_STYLE_USAGE(.BOTH.,#3889);
#2256=FACE_OUTER_BOUND('',#3890,.T.);
#2257=CYLINDRICAL_SURFACE('',#3891,0.761999999999984);
#2258=SURFACE_STYLE_USAGE(.BOTH.,#3892);
#2259=FACE_OUTER_BOUND('',#3893,.T.);
#2260=CONICAL_SURFACE('',#3894,0.666750000000003,0.78539816339733);
#2261=SURFACE_STYLE_USAGE(.BOTH.,#3895);
#2262=FACE_OUTER_BOUND('',#3896,.T.);
#2263=CYLINDRICAL_SURFACE('',#3897,0.571500000000022);
#2264=SURFACE_STYLE_USAGE(.BOTH.,#3898);
#2265=FACE_OUTER_BOUND('',#3899,.T.);
#2266=PLANE('',#3900);
#2267=SURFACE_STYLE_USAGE(.BOTH.,#3901);
#2268=FACE_OUTER_BOUND('',#3902,.T.);
#2269=PLANE('',#3903);
#2270=SURFACE_STYLE_USAGE(.BOTH.,#3904);
#2271=FACE_OUTER_BOUND('',#3905,.T.);
#2272=PLANE('',#3906);
#2273=SURFACE_STYLE_USAGE(.BOTH.,#3907);
#2274=FACE_OUTER_BOUND('',#3908,.T.);
#2275=PLANE('',#3909);
#2276=SURFACE_STYLE_USAGE(.BOTH.,#3910);
#2277=FACE_OUTER_BOUND('',#3911,.T.);
#2278=PLANE('',#3912);
#2279=SURFACE_STYLE_USAGE(.BOTH.,#3913);
#2280=FACE_OUTER_BOUND('',#3914,.T.);
#2281=PLANE('',#3915);
#2282=SURFACE_STYLE_USAGE(.BOTH.,#3916);
#2283=FACE_OUTER_BOUND('',#3917,.T.);
#2284=PLANE('',#3918);
#2285=SURFACE_STYLE_USAGE(.BOTH.,#3919);
#2286=FACE_OUTER_BOUND('',#3920,.T.);
#2287=PLANE('',#3921);
#2288=SURFACE_STYLE_USAGE(.BOTH.,#3922);
#2289=FACE_OUTER_BOUND('',#3923,.T.);
#2290=PLANE('',#3924);
#2291=SURFACE_STYLE_USAGE(.BOTH.,#3925);
#2292=FACE_OUTER_BOUND('',#3926,.T.);
#2293=PLANE('',#3927);
#2294=SURFACE_STYLE_USAGE(.BOTH.,#3928);
#2295=FACE_OUTER_BOUND('',#3929,.T.);
#2296=PLANE('',#3930);
#2297=SURFACE_STYLE_USAGE(.BOTH.,#3931);
#2298=FACE_OUTER_BOUND('',#3932,.T.);
#2299=PLANE('',#3933);
#2300=SURFACE_STYLE_USAGE(.BOTH.,#3934);
#2301=FACE_OUTER_BOUND('',#3935,.T.);
#2302=CYLINDRICAL_SURFACE('',#3936,1.86563);
#2303=SURFACE_STYLE_USAGE(.BOTH.,#3937);
#2304=FACE_BOUND('',#3938,.T.);
#2305=FACE_OUTER_BOUND('',#3939,.T.);
#2306=PLANE('',#3940);
#2307=SURFACE_STYLE_USAGE(.BOTH.,#3941);
#2308=FACE_OUTER_BOUND('',#3942,.T.);
#2309=PLANE('',#3943);
#2310=SURFACE_STYLE_USAGE(.BOTH.,#3944);
#2311=FACE_OUTER_BOUND('',#3945,.T.);
#2312=PLANE('',#3946);
#2313=SURFACE_STYLE_USAGE(.BOTH.,#3947);
#2314=FACE_OUTER_BOUND('',#3948,.T.);
#2315=FACE_BOUND('',#3949,.T.);
#2316=PLANE('',#3950);
#2317=SURFACE_STYLE_USAGE(.BOTH.,#3951);
#2318=FACE_OUTER_BOUND('',#3952,.T.);
#2319=CYLINDRICAL_SURFACE('',#3953,0.761999999999984);
#2320=SURFACE_STYLE_USAGE(.BOTH.,#3954);
#2321=FACE_OUTER_BOUND('',#3955,.T.);
#2322=CONICAL_SURFACE('',#3956,0.666750000000003,0.78539816339733);
#2323=SURFACE_STYLE_USAGE(.BOTH.,#3957);
#2324=FACE_OUTER_BOUND('',#3958,.T.);
#2325=CYLINDRICAL_SURFACE('',#3959,0.571500000000022);
#2326=SURFACE_STYLE_USAGE(.BOTH.,#3960);
#2327=FACE_OUTER_BOUND('',#3961,.T.);
#2328=PLANE('',#3962);
#2329=SURFACE_STYLE_USAGE(.BOTH.,#3963);
#2330=FACE_OUTER_BOUND('',#3964,.T.);
#2331=PLANE('',#3965);
#2332=SURFACE_STYLE_USAGE(.BOTH.,#3966);
#2333=FACE_OUTER_BOUND('',#3967,.T.);
#2334=PLANE('',#3968);
#2335=SURFACE_STYLE_USAGE(.BOTH.,#3969);
#2336=FACE_OUTER_BOUND('',#3970,.T.);
#2337=PLANE('',#3971);
#2338=SURFACE_STYLE_USAGE(.BOTH.,#3972);
#2339=FACE_OUTER_BOUND('',#3973,.T.);
#2340=PLANE('',#3974);
#2341=SURFACE_STYLE_USAGE(.BOTH.,#3975);
#2342=FACE_OUTER_BOUND('',#3976,.T.);
#2343=PLANE('',#3977);
#2344=SURFACE_STYLE_USAGE(.BOTH.,#3978);
#2345=FACE_OUTER_BOUND('',#3979,.T.);
#2346=PLANE('',#3980);
#2347=SURFACE_STYLE_USAGE(.BOTH.,#3981);
#2348=FACE_OUTER_BOUND('',#3982,.T.);
#2349=PLANE('',#3983);
#2350=SURFACE_STYLE_USAGE(.BOTH.,#3984);
#2351=FACE_OUTER_BOUND('',#3985,.T.);
#2352=PLANE('',#3986);
#2353=SURFACE_STYLE_USAGE(.BOTH.,#3987);
#2354=FACE_OUTER_BOUND('',#3988,.T.);
#2355=PLANE('',#3989);
#2356=SURFACE_STYLE_USAGE(.BOTH.,#3990);
#2357=FACE_OUTER_BOUND('',#3991,.T.);
#2358=PLANE('',#3992);
#2359=SURFACE_STYLE_USAGE(.BOTH.,#3993);
#2360=FACE_OUTER_BOUND('',#3994,.T.);
#2361=PLANE('',#3995);
#2362=SURFACE_STYLE_USAGE(.BOTH.,#3996);
#2363=FACE_OUTER_BOUND('',#3997,.T.);
#2364=CYLINDRICAL_SURFACE('',#3998,1.86563);
#2365=SURFACE_STYLE_USAGE(.BOTH.,#3999);
#2366=FACE_BOUND('',#4000,.T.);
#2367=FACE_OUTER_BOUND('',#4001,.T.);
#2368=PLANE('',#4002);
#2369=SURFACE_STYLE_USAGE(.BOTH.,#4003);
#2370=FACE_OUTER_BOUND('',#4004,.T.);
#2371=PLANE('',#4005);
#2372=SURFACE_STYLE_USAGE(.BOTH.,#4006);
#2373=FACE_OUTER_BOUND('',#4007,.T.);
#2374=PLANE('',#4008);
#2375=SURFACE_STYLE_USAGE(.BOTH.,#4009);
#2376=FACE_OUTER_BOUND('',#4010,.T.);
#2377=FACE_BOUND('',#4011,.T.);
#2378=PLANE('',#4012);
#2379=SURFACE_STYLE_USAGE(.BOTH.,#4013);
#2380=FACE_OUTER_BOUND('',#4014,.T.);
#2381=CYLINDRICAL_SURFACE('',#4015,0.761999999999984);
#2382=SURFACE_STYLE_USAGE(.BOTH.,#4016);
#2383=FACE_OUTER_BOUND('',#4017,.T.);
#2384=CONICAL_SURFACE('',#4018,0.666750000000003,0.78539816339733);
#2385=SURFACE_STYLE_USAGE(.BOTH.,#4019);
#2386=FACE_OUTER_BOUND('',#4020,.T.);
#2387=CYLINDRICAL_SURFACE('',#4021,0.571500000000022);
#2388=SURFACE_STYLE_USAGE(.BOTH.,#4022);
#2389=FACE_OUTER_BOUND('',#4023,.T.);
#2390=PLANE('',#4024);
#2391=SURFACE_STYLE_USAGE(.BOTH.,#4025);
#2392=FACE_OUTER_BOUND('',#4026,.T.);
#2393=PLANE('',#4027);
#2394=SURFACE_STYLE_USAGE(.BOTH.,#4028);
#2395=FACE_OUTER_BOUND('',#4029,.T.);
#2396=PLANE('',#4030);
#2397=SURFACE_STYLE_USAGE(.BOTH.,#4031);
#2398=FACE_OUTER_BOUND('',#4032,.T.);
#2399=PLANE('',#4033);
#2400=SURFACE_STYLE_USAGE(.BOTH.,#4034);
#2401=FACE_OUTER_BOUND('',#4035,.T.);
#2402=PLANE('',#4036);
#2403=SURFACE_STYLE_USAGE(.BOTH.,#4037);
#2404=FACE_OUTER_BOUND('',#4038,.T.);
#2405=PLANE('',#4039);
#2406=SURFACE_STYLE_USAGE(.BOTH.,#4040);
#2407=FACE_OUTER_BOUND('',#4041,.T.);
#2408=PLANE('',#4042);
#2409=SURFACE_STYLE_USAGE(.BOTH.,#4043);
#2410=FACE_OUTER_BOUND('',#4044,.T.);
#2411=PLANE('',#4045);
#2412=SURFACE_STYLE_USAGE(.BOTH.,#4046);
#2413=FACE_OUTER_BOUND('',#4047,.T.);
#2414=PLANE('',#4048);
#2415=SURFACE_STYLE_USAGE(.BOTH.,#4049);
#2416=FACE_OUTER_BOUND('',#4050,.T.);
#2417=PLANE('',#4051);
#2418=SURFACE_STYLE_USAGE(.BOTH.,#4052);
#2419=FACE_OUTER_BOUND('',#4053,.T.);
#2420=PLANE('',#4054);
#2421=SURFACE_STYLE_USAGE(.BOTH.,#4055);
#2422=FACE_OUTER_BOUND('',#4056,.T.);
#2423=PLANE('',#4057);
#2424=SURFACE_STYLE_USAGE(.BOTH.,#4058);
#2425=FACE_OUTER_BOUND('',#4059,.T.);
#2426=CYLINDRICAL_SURFACE('',#4060,1.86563);
#2427=SURFACE_STYLE_USAGE(.BOTH.,#4061);
#2428=FACE_BOUND('',#4062,.T.);
#2429=FACE_OUTER_BOUND('',#4063,.T.);
#2430=PLANE('',#4064);
#2431=SURFACE_STYLE_USAGE(.BOTH.,#4065);
#2432=FACE_OUTER_BOUND('',#4066,.T.);
#2433=PLANE('',#4067);
#2434=SURFACE_STYLE_USAGE(.BOTH.,#4068);
#2435=FACE_OUTER_BOUND('',#4069,.T.);
#2436=PLANE('',#4070);
#2437=SURFACE_STYLE_USAGE(.BOTH.,#4071);
#2438=FACE_OUTER_BOUND('',#4072,.T.);
#2439=FACE_BOUND('',#4073,.T.);
#2440=PLANE('',#4074);
#2441=SURFACE_STYLE_USAGE(.BOTH.,#4075);
#2442=FACE_OUTER_BOUND('',#4076,.T.);
#2443=CYLINDRICAL_SURFACE('',#4077,0.761999999999984);
#2444=SURFACE_STYLE_USAGE(.BOTH.,#4078);
#2445=FACE_OUTER_BOUND('',#4079,.T.);
#2446=CONICAL_SURFACE('',#4080,0.666750000000003,0.78539816339733);
#2447=SURFACE_STYLE_USAGE(.BOTH.,#4081);
#2448=FACE_OUTER_BOUND('',#4082,.T.);
#2449=CYLINDRICAL_SURFACE('',#4083,0.571500000000022);
#2450=SURFACE_STYLE_USAGE(.BOTH.,#4084);
#2451=FACE_OUTER_BOUND('',#4085,.T.);
#2452=PLANE('',#4086);
#2453=SURFACE_STYLE_USAGE(.BOTH.,#4087);
#2454=FACE_OUTER_BOUND('',#4088,.T.);
#2455=PLANE('',#4089);
#2456=SURFACE_STYLE_USAGE(.BOTH.,#4090);
#2457=FACE_OUTER_BOUND('',#4091,.T.);
#2458=PLANE('',#4092);
#2459=SURFACE_STYLE_USAGE(.BOTH.,#4093);
#2460=FACE_OUTER_BOUND('',#4094,.T.);
#2461=PLANE('',#4095);
#2462=SURFACE_STYLE_USAGE(.BOTH.,#4096);
#2463=FACE_OUTER_BOUND('',#4097,.T.);
#2464=PLANE('',#4098);
#2465=SURFACE_STYLE_USAGE(.BOTH.,#4099);
#2466=FACE_OUTER_BOUND('',#4100,.T.);
#2467=PLANE('',#4101);
#2468=SURFACE_STYLE_USAGE(.BOTH.,#4102);
#2469=FACE_OUTER_BOUND('',#4103,.T.);
#2470=PLANE('',#4104);
#2471=SURFACE_STYLE_USAGE(.BOTH.,#4105);
#2472=FACE_OUTER_BOUND('',#4106,.T.);
#2473=PLANE('',#4107);
#2474=SURFACE_STYLE_USAGE(.BOTH.,#4108);
#2475=FACE_OUTER_BOUND('',#4109,.T.);
#2476=PLANE('',#4110);
#2477=SURFACE_STYLE_USAGE(.BOTH.,#4111);
#2478=FACE_OUTER_BOUND('',#4112,.T.);
#2479=PLANE('',#4113);
#2480=SURFACE_STYLE_USAGE(.BOTH.,#4114);
#2481=FACE_OUTER_BOUND('',#4115,.T.);
#2482=PLANE('',#4116);
#2483=SURFACE_STYLE_USAGE(.BOTH.,#4117);
#2484=FACE_OUTER_BOUND('',#4118,.T.);
#2485=PLANE('',#4119);
#2486=SURFACE_STYLE_USAGE(.BOTH.,#4120);
#2487=FACE_OUTER_BOUND('',#4121,.T.);
#2488=CYLINDRICAL_SURFACE('',#4122,1.86563);
#2489=SURFACE_STYLE_USAGE(.BOTH.,#4123);
#2490=FACE_BOUND('',#4124,.T.);
#2491=FACE_OUTER_BOUND('',#4125,.T.);
#2492=PLANE('',#4126);
#2493=SURFACE_STYLE_USAGE(.BOTH.,#4127);
#2494=FACE_OUTER_BOUND('',#4128,.T.);
#2495=PLANE('',#4129);
#2496=SURFACE_STYLE_USAGE(.BOTH.,#4130);
#2497=FACE_OUTER_BOUND('',#4131,.T.);
#2498=PLANE('',#4132);
#2499=SURFACE_STYLE_USAGE(.BOTH.,#4133);
#2500=FACE_OUTER_BOUND('',#4134,.T.);
#2501=FACE_BOUND('',#4135,.T.);
#2502=PLANE('',#4136);
#2503=SURFACE_STYLE_USAGE(.BOTH.,#4137);
#2504=FACE_OUTER_BOUND('',#4138,.T.);
#2505=CYLINDRICAL_SURFACE('',#4139,0.761999999999984);
#2506=SURFACE_STYLE_USAGE(.BOTH.,#4140);
#2507=FACE_OUTER_BOUND('',#4141,.T.);
#2508=CONICAL_SURFACE('',#4142,0.666750000000003,0.78539816339733);
#2509=SURFACE_STYLE_USAGE(.BOTH.,#4143);
#2510=FACE_OUTER_BOUND('',#4144,.T.);
#2511=CYLINDRICAL_SURFACE('',#4145,0.571500000000022);
#2512=SURFACE_STYLE_USAGE(.BOTH.,#4146);
#2513=FACE_OUTER_BOUND('',#4147,.T.);
#2514=PLANE('',#4148);
#2515=SURFACE_STYLE_USAGE(.BOTH.,#4149);
#2516=FACE_OUTER_BOUND('',#4150,.T.);
#2517=PLANE('',#4151);
#2518=SURFACE_STYLE_USAGE(.BOTH.,#4152);
#2519=FACE_OUTER_BOUND('',#4153,.T.);
#2520=PLANE('',#4154);
#2521=SURFACE_STYLE_USAGE(.BOTH.,#4155);
#2522=FACE_OUTER_BOUND('',#4156,.T.);
#2523=PLANE('',#4157);
#2524=SURFACE_STYLE_USAGE(.BOTH.,#4158);
#2525=FACE_OUTER_BOUND('',#4159,.T.);
#2526=PLANE('',#4160);
#2527=SURFACE_STYLE_USAGE(.BOTH.,#4161);
#2528=FACE_OUTER_BOUND('',#4162,.T.);
#2529=PLANE('',#4163);
#2530=SURFACE_STYLE_USAGE(.BOTH.,#4164);
#2531=FACE_OUTER_BOUND('',#4165,.T.);
#2532=PLANE('',#4166);
#2533=SURFACE_STYLE_USAGE(.BOTH.,#4167);
#2534=FACE_OUTER_BOUND('',#4168,.T.);
#2535=PLANE('',#4169);
#2536=SURFACE_STYLE_USAGE(.BOTH.,#4170);
#2537=FACE_OUTER_BOUND('',#4171,.T.);
#2538=PLANE('',#4172);
#2539=SURFACE_STYLE_USAGE(.BOTH.,#4173);
#2540=FACE_OUTER_BOUND('',#4174,.T.);
#2541=PLANE('',#4175);
#2542=SURFACE_STYLE_USAGE(.BOTH.,#4176);
#2543=FACE_OUTER_BOUND('',#4177,.T.);
#2544=PLANE('',#4178);
#2545=SURFACE_STYLE_USAGE(.BOTH.,#4179);
#2546=FACE_OUTER_BOUND('',#4180,.T.);
#2547=PLANE('',#4181);
#2548=SURFACE_STYLE_USAGE(.BOTH.,#4182);
#2549=FACE_OUTER_BOUND('',#4183,.T.);
#2550=CYLINDRICAL_SURFACE('',#4184,1.86563);
#2551=SURFACE_STYLE_USAGE(.BOTH.,#4185);
#2552=FACE_BOUND('',#4186,.T.);
#2553=FACE_OUTER_BOUND('',#4187,.T.);
#2554=PLANE('',#4188);
#2555=SURFACE_STYLE_USAGE(.BOTH.,#4189);
#2556=FACE_OUTER_BOUND('',#4190,.T.);
#2557=PLANE('',#4191);
#2558=SURFACE_STYLE_USAGE(.BOTH.,#4192);
#2559=FACE_OUTER_BOUND('',#4193,.T.);
#2560=PLANE('',#4194);
#2561=SURFACE_STYLE_USAGE(.BOTH.,#4195);
#2562=FACE_OUTER_BOUND('',#4196,.T.);
#2563=FACE_BOUND('',#4197,.T.);
#2564=PLANE('',#4198);
#2565=SURFACE_STYLE_USAGE(.BOTH.,#4199);
#2566=FACE_OUTER_BOUND('',#4200,.T.);
#2567=CYLINDRICAL_SURFACE('',#4201,0.761999999999984);
#2568=SURFACE_STYLE_USAGE(.BOTH.,#4202);
#2569=FACE_OUTER_BOUND('',#4203,.T.);
#2570=CONICAL_SURFACE('',#4204,0.666750000000003,0.78539816339733);
#2571=SURFACE_STYLE_USAGE(.BOTH.,#4205);
#2572=FACE_OUTER_BOUND('',#4206,.T.);
#2573=CYLINDRICAL_SURFACE('',#4207,0.571500000000022);
#2574=SURFACE_STYLE_USAGE(.BOTH.,#4208);
#2575=FACE_OUTER_BOUND('',#4209,.T.);
#2576=PLANE('',#4210);
#2577=SURFACE_STYLE_USAGE(.BOTH.,#4211);
#2578=FACE_OUTER_BOUND('',#4212,.T.);
#2579=PLANE('',#4213);
#2580=SURFACE_STYLE_USAGE(.BOTH.,#4214);
#2581=FACE_OUTER_BOUND('',#4215,.T.);
#2582=PLANE('',#4216);
#2583=SURFACE_STYLE_USAGE(.BOTH.,#4217);
#2584=FACE_OUTER_BOUND('',#4218,.T.);
#2585=PLANE('',#4219);
#2586=SURFACE_STYLE_USAGE(.BOTH.,#4220);
#2587=FACE_OUTER_BOUND('',#4221,.T.);
#2588=PLANE('',#4222);
#2589=SURFACE_STYLE_USAGE(.BOTH.,#4223);
#2590=FACE_OUTER_BOUND('',#4224,.T.);
#2591=PLANE('',#4225);
#2592=SURFACE_STYLE_USAGE(.BOTH.,#4226);
#2593=FACE_OUTER_BOUND('',#4227,.T.);
#2594=PLANE('',#4228);
#2595=SURFACE_STYLE_USAGE(.BOTH.,#4229);
#2596=FACE_OUTER_BOUND('',#4230,.T.);
#2597=PLANE('',#4231);
#2598=SURFACE_STYLE_USAGE(.BOTH.,#4232);
#2599=FACE_OUTER_BOUND('',#4233,.T.);
#2600=PLANE('',#4234);
#2601=SURFACE_STYLE_USAGE(.BOTH.,#4235);
#2602=FACE_OUTER_BOUND('',#4236,.T.);
#2603=PLANE('',#4237);
#2604=SURFACE_STYLE_USAGE(.BOTH.,#4238);
#2605=FACE_OUTER_BOUND('',#4239,.T.);
#2606=PLANE('',#4240);
#2607=SURFACE_STYLE_USAGE(.BOTH.,#4241);
#2608=FACE_OUTER_BOUND('',#4242,.T.);
#2609=PLANE('',#4243);
#2610=SURFACE_STYLE_USAGE(.BOTH.,#4244);
#2611=FACE_OUTER_BOUND('',#4245,.T.);
#2612=CYLINDRICAL_SURFACE('',#4246,1.86563);
#2613=SURFACE_STYLE_USAGE(.BOTH.,#4247);
#2614=FACE_BOUND('',#4248,.T.);
#2615=FACE_OUTER_BOUND('',#4249,.T.);
#2616=PLANE('',#4250);
#2617=SURFACE_STYLE_USAGE(.BOTH.,#4251);
#2618=FACE_OUTER_BOUND('',#4252,.T.);
#2619=CYLINDRICAL_SURFACE('',#4253,2.54);
#2620=SURFACE_STYLE_USAGE(.BOTH.,#4254);
#2621=FACE_OUTER_BOUND('',#4255,.T.);
#2622=PLANE('',#4256);
#2623=SURFACE_STYLE_USAGE(.BOTH.,#4257);
#2624=FACE_OUTER_BOUND('',#4258,.T.);
#2625=CYLINDRICAL_SURFACE('',#4259,2.54);
#2626=SURFACE_STYLE_USAGE(.BOTH.,#4260);
#2627=FACE_OUTER_BOUND('',#4261,.T.);
#2628=PLANE('',#4262);
#2629=SURFACE_STYLE_USAGE(.BOTH.,#4263);
#2630=FACE_OUTER_BOUND('',#4264,.T.);
#2631=CYLINDRICAL_SURFACE('',#4265,2.54);
#2632=SURFACE_STYLE_USAGE(.BOTH.,#4266);
#2633=FACE_OUTER_BOUND('',#4267,.T.);
#2634=PLANE('',#4268);
#2635=SURFACE_STYLE_USAGE(.BOTH.,#4269);
#2636=FACE_OUTER_BOUND('',#4270,.T.);
#2637=CYLINDRICAL_SURFACE('',#4271,2.54);
#2638=SURFACE_STYLE_USAGE(.BOTH.,#4272);
#2639=FACE_OUTER_BOUND('',#4273,.T.);
#2640=PLANE('',#4274);
#2641=SURFACE_STYLE_USAGE(.BOTH.,#4275);
#2642=FACE_OUTER_BOUND('',#4276,.T.);
#2643=CYLINDRICAL_SURFACE('',#4277,2.54);
#2644=SURFACE_STYLE_USAGE(.BOTH.,#4278);
#2645=FACE_OUTER_BOUND('',#4279,.T.);
#2646=PLANE('',#4280);
#2647=SURFACE_STYLE_USAGE(.BOTH.,#4281);
#2648=FACE_OUTER_BOUND('',#4282,.T.);
#2649=PLANE('',#4283);
#2650=SURFACE_STYLE_USAGE(.BOTH.,#4284);
#2651=FACE_OUTER_BOUND('',#4285,.T.);
#2652=CYLINDRICAL_SURFACE('',#4286,2.54);
#2653=SURFACE_STYLE_USAGE(.BOTH.,#4287);
#2654=FACE_OUTER_BOUND('',#4288,.T.);
#2655=PLANE('',#4289);
#2656=SURFACE_STYLE_USAGE(.BOTH.,#4290);
#2657=FACE_OUTER_BOUND('',#4291,.T.);
#2658=CYLINDRICAL_SURFACE('',#4292,2.54);
#2659=SURFACE_STYLE_USAGE(.BOTH.,#4293);
#2660=FACE_OUTER_BOUND('',#4294,.T.);
#2661=PLANE('',#4295);
#2662=SURFACE_STYLE_USAGE(.BOTH.,#4296);
#2663=FACE_OUTER_BOUND('',#4297,.T.);
#2664=CYLINDRICAL_SURFACE('',#4298,2.54);
#2665=SURFACE_STYLE_USAGE(.BOTH.,#4299);
#2666=FACE_OUTER_BOUND('',#4300,.T.);
#2667=PLANE('',#4301);
#2668=SURFACE_STYLE_USAGE(.BOTH.,#4302);
#2669=FACE_OUTER_BOUND('',#4303,.T.);
#2670=CYLINDRICAL_SURFACE('',#4304,2.54);
#2671=SURFACE_STYLE_USAGE(.BOTH.,#4305);
#2672=FACE_OUTER_BOUND('',#4306,.T.);
#2673=PLANE('',#4307);
#2674=SURFACE_STYLE_USAGE(.BOTH.,#4308);
#2675=FACE_OUTER_BOUND('',#4309,.T.);
#2676=CYLINDRICAL_SURFACE('',#4310,2.54);
#2677=SURFACE_STYLE_USAGE(.BOTH.,#4311);
#2678=FACE_OUTER_BOUND('',#4312,.T.);
#2679=PLANE('',#4313);
#2680=SURFACE_STYLE_USAGE(.BOTH.,#4314);
#2681=FACE_OUTER_BOUND('',#4315,.T.);
#2682=PLANE('',#4316);
#2683=SURFACE_STYLE_USAGE(.BOTH.,#4317);
#2684=FACE_OUTER_BOUND('',#4318,.T.);
#2685=PLANE('',#4319);
#2686=SURFACE_STYLE_USAGE(.BOTH.,#4320);
#2687=FACE_OUTER_BOUND('',#4321,.T.);
#2688=PLANE('',#4322);
#2689=SURFACE_STYLE_USAGE(.BOTH.,#4323);
#2690=FACE_OUTER_BOUND('',#4324,.T.);
#2691=PLANE('',#4325);
#2692=SURFACE_STYLE_USAGE(.BOTH.,#4326);
#2693=FACE_OUTER_BOUND('',#4327,.T.);
#2694=PLANE('',#4328);
#2695=SURFACE_STYLE_USAGE(.BOTH.,#4329);
#2696=FACE_OUTER_BOUND('',#4330,.T.);
#2697=PLANE('',#4331);
#2698=SURFACE_STYLE_USAGE(.BOTH.,#4332);
#2699=FACE_OUTER_BOUND('',#4333,.T.);
#2700=PLANE('',#4334);
#2701=SURFACE_STYLE_USAGE(.BOTH.,#4335);
#2702=FACE_OUTER_BOUND('',#4336,.T.);
#2703=PLANE('',#4337);
#2704=SURFACE_STYLE_USAGE(.BOTH.,#4338);
#2705=FACE_OUTER_BOUND('',#4339,.T.);
#2706=PLANE('',#4340);
#2707=SURFACE_STYLE_USAGE(.BOTH.,#4341);
#2708=FACE_OUTER_BOUND('',#4342,.T.);
#2709=PLANE('',#4343);
#2710=SURFACE_STYLE_USAGE(.BOTH.,#4344);
#2711=FACE_OUTER_BOUND('',#4345,.T.);
#2712=PLANE('',#4346);
#2713=SURFACE_STYLE_USAGE(.BOTH.,#4347);
#2714=FACE_OUTER_BOUND('',#4348,.T.);
#2715=PLANE('',#4349);
#2716=SURFACE_STYLE_USAGE(.BOTH.,#4350);
#2717=FACE_OUTER_BOUND('',#4351,.T.);
#2718=PLANE('',#4352);
#2719=SURFACE_STYLE_USAGE(.BOTH.,#4353);
#2720=FACE_OUTER_BOUND('',#4354,.T.);
#2721=PLANE('',#4355);
#2722=SURFACE_STYLE_USAGE(.BOTH.,#4356);
#2723=FACE_OUTER_BOUND('',#4357,.T.);
#2724=PLANE('',#4358);
#2725=SURFACE_STYLE_USAGE(.BOTH.,#4359);
#2726=FACE_OUTER_BOUND('',#4360,.T.);
#2727=PLANE('',#4361);
#2728=SURFACE_STYLE_USAGE(.BOTH.,#4362);
#2729=FACE_OUTER_BOUND('',#4363,.T.);
#2730=PLANE('',#4364);
#2731=SURFACE_STYLE_USAGE(.BOTH.,#4365);
#2732=FACE_OUTER_BOUND('',#4366,.T.);
#2733=PLANE('',#4367);
#2734=SURFACE_STYLE_USAGE(.BOTH.,#4368);
#2735=FACE_OUTER_BOUND('',#4369,.T.);
#2736=PLANE('',#4370);
#2737=SURFACE_STYLE_USAGE(.BOTH.,#4371);
#2738=FACE_OUTER_BOUND('',#4372,.T.);
#2739=PLANE('',#4373);
#2740=SURFACE_STYLE_USAGE(.BOTH.,#4374);
#2741=FACE_OUTER_BOUND('',#4375,.T.);
#2742=PLANE('',#4376);
#2743=SURFACE_STYLE_USAGE(.BOTH.,#4377);
#2744=FACE_OUTER_BOUND('',#4378,.T.);
#2745=PLANE('',#4379);
#2746=SURFACE_STYLE_USAGE(.BOTH.,#4380);
#2747=FACE_OUTER_BOUND('',#4381,.T.);
#2748=PLANE('',#4382);
#2749=SURFACE_STYLE_USAGE(.BOTH.,#4383);
#2750=FACE_OUTER_BOUND('',#4384,.T.);
#2751=PLANE('',#4385);
#2752=SURFACE_STYLE_USAGE(.BOTH.,#4386);
#2753=FACE_OUTER_BOUND('',#4387,.T.);
#2754=PLANE('',#4388);
#2755=SURFACE_STYLE_USAGE(.BOTH.,#4389);
#2756=FACE_OUTER_BOUND('',#4390,.T.);
#2757=PLANE('',#4391);
#2758=SURFACE_STYLE_USAGE(.BOTH.,#4392);
#2759=FACE_OUTER_BOUND('',#4393,.T.);
#2760=PLANE('',#4394);
#2761=SURFACE_STYLE_USAGE(.BOTH.,#4395);
#2762=FACE_OUTER_BOUND('',#4396,.T.);
#2763=PLANE('',#4397);
#2764=SURFACE_STYLE_USAGE(.BOTH.,#4398);
#2765=FACE_OUTER_BOUND('',#4399,.T.);
#2766=PLANE('',#4400);
#2767=SURFACE_STYLE_USAGE(.BOTH.,#4401);
#2768=FACE_OUTER_BOUND('',#4402,.T.);
#2769=PLANE('',#4403);
#2770=SURFACE_STYLE_USAGE(.BOTH.,#4404);
#2771=FACE_OUTER_BOUND('',#4405,.T.);
#2772=PLANE('',#4406);
#2773=SURFACE_STYLE_USAGE(.BOTH.,#4407);
#2774=FACE_OUTER_BOUND('',#4408,.T.);
#2775=PLANE('',#4409);
#2776=SURFACE_STYLE_USAGE(.BOTH.,#4410);
#2777=FACE_OUTER_BOUND('',#4411,.T.);
#2778=PLANE('',#4412);
#2779=SURFACE_STYLE_USAGE(.BOTH.,#4413);
#2780=FACE_OUTER_BOUND('',#4414,.T.);
#2781=PLANE('',#4415);
#2782=SURFACE_STYLE_USAGE(.BOTH.,#4416);
#2783=FACE_OUTER_BOUND('',#4417,.T.);
#2784=PLANE('',#4418);
#2785=SURFACE_STYLE_USAGE(.BOTH.,#4419);
#2786=FACE_OUTER_BOUND('',#4420,.T.);
#2787=PLANE('',#4421);
#2788=SURFACE_STYLE_USAGE(.BOTH.,#4422);
#2789=FACE_OUTER_BOUND('',#4423,.T.);
#2790=PLANE('',#4424);
#2791=SURFACE_STYLE_USAGE(.BOTH.,#4425);
#2792=FACE_OUTER_BOUND('',#4426,.T.);
#2793=PLANE('',#4427);
#2794=SURFACE_STYLE_USAGE(.BOTH.,#4428);
#2795=FACE_OUTER_BOUND('',#4429,.T.);
#2796=PLANE('',#4430);
#2797=SURFACE_STYLE_USAGE(.BOTH.,#4431);
#2798=FACE_OUTER_BOUND('',#4432,.T.);
#2799=PLANE('',#4433);
#2800=SURFACE_STYLE_USAGE(.BOTH.,#4434);
#2801=FACE_OUTER_BOUND('',#4435,.T.);
#2802=PLANE('',#4436);
#2803=SURFACE_STYLE_USAGE(.BOTH.,#4437);
#2804=FACE_OUTER_BOUND('',#4438,.T.);
#2805=PLANE('',#4439);
#2806=SURFACE_STYLE_USAGE(.BOTH.,#4440);
#2807=FACE_OUTER_BOUND('',#4441,.T.);
#2808=PLANE('',#4442);
#2809=SURFACE_STYLE_USAGE(.BOTH.,#4443);
#2810=FACE_OUTER_BOUND('',#4444,.T.);
#2811=PLANE('',#4445);
#2812=SURFACE_STYLE_USAGE(.BOTH.,#4446);
#2813=FACE_OUTER_BOUND('',#4447,.T.);
#2814=PLANE('',#4448);
#2815=SURFACE_STYLE_USAGE(.BOTH.,#4449);
#2816=FACE_OUTER_BOUND('',#4450,.T.);
#2817=PLANE('',#4451);
#2818=SURFACE_STYLE_USAGE(.BOTH.,#4452);
#2819=FACE_OUTER_BOUND('',#4453,.T.);
#2820=PLANE('',#4454);
#2821=SURFACE_STYLE_USAGE(.BOTH.,#4455);
#2822=FACE_OUTER_BOUND('',#4456,.T.);
#2823=PLANE('',#4457);
#2824=SURFACE_STYLE_USAGE(.BOTH.,#4458);
#2825=FACE_OUTER_BOUND('',#4459,.T.);
#2826=PLANE('',#4460);
#2827=SURFACE_STYLE_USAGE(.BOTH.,#4461);
#2828=FACE_OUTER_BOUND('',#4462,.T.);
#2829=PLANE('',#4463);
#2830=SURFACE_STYLE_USAGE(.BOTH.,#4464);
#2831=FACE_OUTER_BOUND('',#4465,.T.);
#2832=PLANE('',#4466);
#2833=SURFACE_STYLE_USAGE(.BOTH.,#4467);
#2834=FACE_OUTER_BOUND('',#4468,.T.);
#2835=PLANE('',#4469);
#2836=SURFACE_STYLE_USAGE(.BOTH.,#4470);
#2837=FACE_OUTER_BOUND('',#4471,.T.);
#2838=PLANE('',#4472);
#2839=SURFACE_STYLE_USAGE(.BOTH.,#4473);
#2840=FACE_OUTER_BOUND('',#4474,.T.);
#2841=PLANE('',#4475);
#2842=SURFACE_STYLE_USAGE(.BOTH.,#4476);
#2843=FACE_OUTER_BOUND('',#4477,.T.);
#2844=PLANE('',#4478);
#2845=SURFACE_STYLE_USAGE(.BOTH.,#4479);
#2846=FACE_OUTER_BOUND('',#4480,.T.);
#2847=PLANE('',#4481);
#2848=SURFACE_STYLE_USAGE(.BOTH.,#4482);
#2849=FACE_OUTER_BOUND('',#4483,.T.);
#2850=PLANE('',#4484);
#2851=SURFACE_STYLE_USAGE(.BOTH.,#4485);
#2852=FACE_OUTER_BOUND('',#4486,.T.);
#2853=PLANE('',#4487);
#2854=SURFACE_STYLE_USAGE(.BOTH.,#4488);
#2855=FACE_OUTER_BOUND('',#4489,.T.);
#2856=PLANE('',#4490);
#2857=SURFACE_STYLE_USAGE(.BOTH.,#4491);
#2858=FACE_OUTER_BOUND('',#4492,.T.);
#2859=PLANE('',#4493);
#2860=SURFACE_STYLE_USAGE(.BOTH.,#4494);
#2861=FACE_OUTER_BOUND('',#4495,.T.);
#2862=PLANE('',#4496);
#2863=SURFACE_STYLE_USAGE(.BOTH.,#4497);
#2864=FACE_OUTER_BOUND('',#4498,.T.);
#2865=PLANE('',#4499);
#2866=SURFACE_STYLE_USAGE(.BOTH.,#4500);
#2867=FACE_OUTER_BOUND('',#4501,.T.);
#2868=PLANE('',#4502);
#2869=SURFACE_STYLE_USAGE(.BOTH.,#4503);
#2870=FACE_OUTER_BOUND('',#4504,.T.);
#2871=PLANE('',#4505);
#2872=SURFACE_STYLE_USAGE(.BOTH.,#4506);
#2873=FACE_OUTER_BOUND('',#4507,.T.);
#2874=PLANE('',#4508);
#2875=SURFACE_STYLE_USAGE(.BOTH.,#4509);
#2876=FACE_OUTER_BOUND('',#4510,.T.);
#2877=PLANE('',#4511);
#2878=SURFACE_STYLE_USAGE(.BOTH.,#4512);
#2879=FACE_OUTER_BOUND('',#4513,.T.);
#2880=PLANE('',#4514);
#2881=SURFACE_STYLE_USAGE(.BOTH.,#4515);
#2882=FACE_OUTER_BOUND('',#4516,.T.);
#2883=PLANE('',#4517);
#2884=SURFACE_STYLE_USAGE(.BOTH.,#4518);
#2885=FACE_OUTER_BOUND('',#4519,.T.);
#2886=PLANE('',#4520);
#2887=SURFACE_STYLE_USAGE(.BOTH.,#4521);
#2888=FACE_OUTER_BOUND('',#4522,.T.);
#2889=PLANE('',#4523);
#2890=SURFACE_STYLE_USAGE(.BOTH.,#4524);
#2891=FACE_OUTER_BOUND('',#4525,.T.);
#2892=PLANE('',#4526);
#2893=SURFACE_STYLE_USAGE(.BOTH.,#4527);
#2894=FACE_OUTER_BOUND('',#4528,.T.);
#2895=PLANE('',#4529);
#2896=SURFACE_STYLE_USAGE(.BOTH.,#4530);
#2897=FACE_OUTER_BOUND('',#4531,.T.);
#2898=PLANE('',#4532);
#2899=SURFACE_STYLE_USAGE(.BOTH.,#4533);
#2900=FACE_OUTER_BOUND('',#4534,.T.);
#2901=PLANE('',#4535);
#2902=SURFACE_STYLE_USAGE(.BOTH.,#4536);
#2903=FACE_OUTER_BOUND('',#4537,.T.);
#2904=PLANE('',#4538);
#2905=SURFACE_STYLE_USAGE(.BOTH.,#4539);
#2906=FACE_OUTER_BOUND('',#4540,.T.);
#2907=PLANE('',#4541);
#2908=SURFACE_STYLE_USAGE(.BOTH.,#4542);
#2909=FACE_OUTER_BOUND('',#4543,.T.);
#2910=PLANE('',#4544);
#2911=SURFACE_STYLE_USAGE(.BOTH.,#4545);
#2912=FACE_OUTER_BOUND('',#4546,.T.);
#2913=PLANE('',#4547);
#2914=SURFACE_STYLE_USAGE(.BOTH.,#4548);
#2915=FACE_OUTER_BOUND('',#4549,.T.);
#2916=PLANE('',#4550);
#2917=SURFACE_STYLE_USAGE(.BOTH.,#4551);
#2918=FACE_OUTER_BOUND('',#4552,.T.);
#2919=PLANE('',#4553);
#2920=SURFACE_STYLE_USAGE(.BOTH.,#4554);
#2921=FACE_OUTER_BOUND('',#4555,.T.);
#2922=PLANE('',#4556);
#2923=SURFACE_STYLE_USAGE(.BOTH.,#4557);
#2924=FACE_OUTER_BOUND('',#4558,.T.);
#2925=PLANE('',#4559);
#2926=SURFACE_STYLE_USAGE(.BOTH.,#4560);
#2927=FACE_OUTER_BOUND('',#4561,.T.);
#2928=PLANE('',#4562);
#2929=SURFACE_STYLE_USAGE(.BOTH.,#4563);
#2930=FACE_OUTER_BOUND('',#4564,.T.);
#2931=PLANE('',#4565);
#2932=SURFACE_STYLE_USAGE(.BOTH.,#4566);
#2933=FACE_OUTER_BOUND('',#4567,.T.);
#2934=PLANE('',#4568);
#2935=SURFACE_STYLE_USAGE(.BOTH.,#4569);
#2936=FACE_OUTER_BOUND('',#4570,.T.);
#2937=PLANE('',#4571);
#2938=SURFACE_STYLE_USAGE(.BOTH.,#4572);
#2939=FACE_OUTER_BOUND('',#4573,.T.);
#2940=PLANE('',#4574);
#2941=SURFACE_STYLE_USAGE(.BOTH.,#4575);
#2942=FACE_OUTER_BOUND('',#4576,.T.);
#2943=PLANE('',#4577);
#2944=SURFACE_STYLE_USAGE(.BOTH.,#4578);
#2945=FACE_OUTER_BOUND('',#4579,.T.);
#2946=PLANE('',#4580);
#2947=SURFACE_STYLE_USAGE(.BOTH.,#4581);
#2948=FACE_OUTER_BOUND('',#4582,.T.);
#2949=PLANE('',#4583);
#2950=SURFACE_STYLE_USAGE(.BOTH.,#4584);
#2951=FACE_OUTER_BOUND('',#4585,.T.);
#2952=PLANE('',#4586);
#2953=SURFACE_STYLE_USAGE(.BOTH.,#4587);
#2954=FACE_OUTER_BOUND('',#4588,.T.);
#2955=PLANE('',#4589);
#2956=SURFACE_STYLE_USAGE(.BOTH.,#4590);
#2957=FACE_OUTER_BOUND('',#4591,.T.);
#2958=PLANE('',#4592);
#2959=SURFACE_STYLE_USAGE(.BOTH.,#4593);
#2960=FACE_OUTER_BOUND('',#4594,.T.);
#2961=PLANE('',#4595);
#2962=SURFACE_STYLE_USAGE(.BOTH.,#4596);
#2963=FACE_OUTER_BOUND('',#4597,.T.);
#2964=PLANE('',#4598);
#2965=SURFACE_STYLE_USAGE(.BOTH.,#4599);
#2966=FACE_OUTER_BOUND('',#4600,.T.);
#2967=PLANE('',#4601);
#2968=SURFACE_STYLE_USAGE(.BOTH.,#4602);
#2969=FACE_OUTER_BOUND('',#4603,.T.);
#2970=PLANE('',#4604);
#2971=SURFACE_STYLE_USAGE(.BOTH.,#4605);
#2972=FACE_OUTER_BOUND('',#4606,.T.);
#2973=PLANE('',#4607);
#2974=SURFACE_STYLE_USAGE(.BOTH.,#4608);
#2975=FACE_OUTER_BOUND('',#4609,.T.);
#2976=PLANE('',#4610);
#2977=SURFACE_STYLE_USAGE(.BOTH.,#4611);
#2978=FACE_OUTER_BOUND('',#4612,.T.);
#2979=PLANE('',#4613);
#2980=SURFACE_STYLE_USAGE(.BOTH.,#4614);
#2981=FACE_OUTER_BOUND('',#4615,.T.);
#2982=PLANE('',#4616);
#2983=SURFACE_STYLE_USAGE(.BOTH.,#4617);
#2984=FACE_OUTER_BOUND('',#4618,.T.);
#2985=PLANE('',#4619);
#2986=SURFACE_STYLE_USAGE(.BOTH.,#4620);
#2987=FACE_OUTER_BOUND('',#4621,.T.);
#2988=PLANE('',#4622);
#2989=SURFACE_STYLE_USAGE(.BOTH.,#4623);
#2990=FACE_OUTER_BOUND('',#4624,.T.);
#2991=PLANE('',#4625);
#2992=SURFACE_STYLE_USAGE(.BOTH.,#4626);
#2993=FACE_OUTER_BOUND('',#4627,.T.);
#2994=PLANE('',#4628);
#2995=SURFACE_STYLE_USAGE(.BOTH.,#4629);
#2996=FACE_OUTER_BOUND('',#4630,.T.);
#2997=PLANE('',#4631);
#2998=SURFACE_STYLE_USAGE(.BOTH.,#4632);
#2999=FACE_OUTER_BOUND('',#4633,.T.);
#3000=PLANE('',#4634);
#3001=SURFACE_STYLE_USAGE(.BOTH.,#4635);
#3002=FACE_OUTER_BOUND('',#4636,.T.);
#3003=PLANE('',#4637);
#3004=SURFACE_STYLE_USAGE(.BOTH.,#4638);
#3005=FACE_OUTER_BOUND('',#4639,.T.);
#3006=PLANE('',#4640);
#3007=SURFACE_STYLE_USAGE(.BOTH.,#4641);
#3008=FACE_OUTER_BOUND('',#4642,.T.);
#3009=PLANE('',#4643);
#3010=SURFACE_STYLE_USAGE(.BOTH.,#4644);
#3011=FACE_OUTER_BOUND('',#4645,.T.);
#3012=PLANE('',#4646);
#3013=SURFACE_STYLE_USAGE(.BOTH.,#4647);
#3014=FACE_OUTER_BOUND('',#4648,.T.);
#3015=PLANE('',#4649);
#3016=SURFACE_STYLE_USAGE(.BOTH.,#4650);
#3017=FACE_OUTER_BOUND('',#4651,.T.);
#3018=PLANE('',#4652);
#3019=SURFACE_STYLE_USAGE(.BOTH.,#4653);
#3020=FACE_OUTER_BOUND('',#4654,.T.);
#3021=PLANE('',#4655);
#3022=SURFACE_STYLE_USAGE(.BOTH.,#4656);
#3023=FACE_OUTER_BOUND('',#4657,.T.);
#3024=PLANE('',#4658);
#3025=SURFACE_STYLE_USAGE(.BOTH.,#4659);
#3026=FACE_OUTER_BOUND('',#4660,.T.);
#3027=PLANE('',#4661);
#3028=SURFACE_STYLE_USAGE(.BOTH.,#4662);
#3029=FACE_OUTER_BOUND('',#4663,.T.);
#3030=PLANE('',#4664);
#3031=SURFACE_STYLE_USAGE(.BOTH.,#4665);
#3032=FACE_OUTER_BOUND('',#4666,.T.);
#3033=PLANE('',#4667);
#3034=SURFACE_STYLE_USAGE(.BOTH.,#4668);
#3035=FACE_OUTER_BOUND('',#4669,.T.);
#3036=PLANE('',#4670);
#3037=SURFACE_STYLE_USAGE(.BOTH.,#4671);
#3038=FACE_OUTER_BOUND('',#4672,.T.);
#3039=PLANE('',#4673);
#3040=SURFACE_STYLE_USAGE(.BOTH.,#4674);
#3041=FACE_OUTER_BOUND('',#4675,.T.);
#3042=PLANE('',#4676);
#3043=SURFACE_STYLE_USAGE(.BOTH.,#4677);
#3044=FACE_OUTER_BOUND('',#4678,.T.);
#3045=PLANE('',#4679);
#3046=SURFACE_STYLE_USAGE(.BOTH.,#4680);
#3047=FACE_OUTER_BOUND('',#4681,.T.);
#3048=PLANE('',#4682);
#3049=SURFACE_STYLE_USAGE(.BOTH.,#4683);
#3050=FACE_OUTER_BOUND('',#4684,.T.);
#3051=PLANE('',#4685);
#3052=SURFACE_STYLE_USAGE(.BOTH.,#4686);
#3053=FACE_OUTER_BOUND('',#4687,.T.);
#3054=PLANE('',#4688);
#3055=SURFACE_STYLE_USAGE(.BOTH.,#4689);
#3056=FACE_OUTER_BOUND('',#4690,.T.);
#3057=PLANE('',#4691);
#3058=SURFACE_STYLE_USAGE(.BOTH.,#4692);
#3059=FACE_OUTER_BOUND('',#4693,.T.);
#3060=PLANE('',#4694);
#3061=SURFACE_STYLE_USAGE(.BOTH.,#4695);
#3062=FACE_OUTER_BOUND('',#4696,.T.);
#3063=PLANE('',#4697);
#3064=SURFACE_STYLE_USAGE(.BOTH.,#4698);
#3065=FACE_OUTER_BOUND('',#4699,.T.);
#3066=PLANE('',#4700);
#3067=SURFACE_STYLE_USAGE(.BOTH.,#4701);
#3068=FACE_OUTER_BOUND('',#4702,.T.);
#3069=PLANE('',#4703);
#3070=SURFACE_STYLE_USAGE(.BOTH.,#4704);
#3071=FACE_OUTER_BOUND('',#4705,.T.);
#3072=PLANE('',#4706);
#3073=SURFACE_STYLE_USAGE(.BOTH.,#4707);
#3074=FACE_OUTER_BOUND('',#4708,.T.);
#3075=PLANE('',#4709);
#3076=SURFACE_STYLE_USAGE(.BOTH.,#4710);
#3077=FACE_OUTER_BOUND('',#4711,.T.);
#3078=PLANE('',#4712);
#3079=SURFACE_STYLE_USAGE(.BOTH.,#4713);
#3080=FACE_OUTER_BOUND('',#4714,.T.);
#3081=PLANE('',#4715);
#3082=SURFACE_STYLE_USAGE(.BOTH.,#4716);
#3083=FACE_OUTER_BOUND('',#4717,.T.);
#3084=PLANE('',#4718);
#3085=SURFACE_STYLE_USAGE(.BOTH.,#4719);
#3086=FACE_OUTER_BOUND('',#4720,.T.);
#3087=PLANE('',#4721);
#3088=SURFACE_STYLE_USAGE(.BOTH.,#4722);
#3089=FACE_OUTER_BOUND('',#4723,.T.);
#3090=PLANE('',#4724);
#3091=SURFACE_STYLE_USAGE(.BOTH.,#4725);
#3092=FACE_OUTER_BOUND('',#4726,.T.);
#3093=PLANE('',#4727);
#3094=SURFACE_STYLE_USAGE(.BOTH.,#4728);
#3095=FACE_OUTER_BOUND('',#4729,.T.);
#3096=PLANE('',#4730);
#3097=SURFACE_STYLE_USAGE(.BOTH.,#4731);
#3098=FACE_OUTER_BOUND('',#4732,.T.);
#3099=PLANE('',#4733);
#3100=SURFACE_STYLE_USAGE(.BOTH.,#4734);
#3101=FACE_OUTER_BOUND('',#4735,.T.);
#3102=PLANE('',#4736);
#3103=SURFACE_STYLE_USAGE(.BOTH.,#4737);
#3104=FACE_OUTER_BOUND('',#4738,.T.);
#3105=PLANE('',#4739);
#3106=SURFACE_STYLE_USAGE(.BOTH.,#4740);
#3107=FACE_OUTER_BOUND('',#4741,.T.);
#3108=PLANE('',#4742);
#3109=SURFACE_STYLE_USAGE(.BOTH.,#4743);
#3110=FACE_OUTER_BOUND('',#4744,.T.);
#3111=PLANE('',#4745);
#3112=SURFACE_STYLE_USAGE(.BOTH.,#4746);
#3113=FACE_OUTER_BOUND('',#4747,.T.);
#3114=PLANE('',#4748);
#3115=SURFACE_STYLE_USAGE(.BOTH.,#4749);
#3116=FACE_OUTER_BOUND('',#4750,.T.);
#3117=PLANE('',#4751);
#3118=SURFACE_STYLE_USAGE(.BOTH.,#4752);
#3119=FACE_OUTER_BOUND('',#4753,.T.);
#3120=PLANE('',#4754);
#3121=SURFACE_STYLE_USAGE(.BOTH.,#4755);
#3122=FACE_OUTER_BOUND('',#4756,.T.);
#3123=PLANE('',#4757);
#3124=SURFACE_STYLE_USAGE(.BOTH.,#4758);
#3125=FACE_OUTER_BOUND('',#4759,.T.);
#3126=PLANE('',#4760);
#3127=SURFACE_STYLE_USAGE(.BOTH.,#4761);
#3128=FACE_OUTER_BOUND('',#4762,.T.);
#3129=PLANE('',#4763);
#3130=SURFACE_STYLE_USAGE(.BOTH.,#4764);
#3131=FACE_OUTER_BOUND('',#4765,.T.);
#3132=PLANE('',#4766);
#3133=SURFACE_STYLE_USAGE(.BOTH.,#4767);
#3134=FACE_OUTER_BOUND('',#4768,.T.);
#3135=PLANE('',#4769);
#3136=SURFACE_STYLE_USAGE(.BOTH.,#4770);
#3137=FACE_OUTER_BOUND('',#4771,.T.);
#3138=PLANE('',#4772);
#3139=SURFACE_STYLE_USAGE(.BOTH.,#4773);
#3140=FACE_OUTER_BOUND('',#4774,.T.);
#3141=PLANE('',#4775);
#3142=SURFACE_STYLE_USAGE(.BOTH.,#4776);
#3143=FACE_OUTER_BOUND('',#4777,.T.);
#3144=PLANE('',#4778);
#3145=SURFACE_STYLE_USAGE(.BOTH.,#4779);
#3146=FACE_OUTER_BOUND('',#4780,.T.);
#3147=PLANE('',#4781);
#3148=SURFACE_STYLE_USAGE(.BOTH.,#4782);
#3149=FACE_OUTER_BOUND('',#4783,.T.);
#3150=PLANE('',#4784);
#3151=SURFACE_STYLE_USAGE(.BOTH.,#4785);
#3152=FACE_OUTER_BOUND('',#4786,.T.);
#3153=PLANE('',#4787);
#3154=SURFACE_STYLE_USAGE(.BOTH.,#4788);
#3155=FACE_OUTER_BOUND('',#4789,.T.);
#3156=PLANE('',#4790);
#3157=SURFACE_STYLE_USAGE(.BOTH.,#4791);
#3158=FACE_BOUND('',#4792,.T.);
#3159=FACE_BOUND('',#4793,.T.);
#3160=FACE_BOUND('',#4794,.T.);
#3161=FACE_BOUND('',#4795,.T.);
#3162=FACE_BOUND('',#4796,.T.);
#3163=FACE_BOUND('',#4797,.T.);
#3164=FACE_BOUND('',#4798,.T.);
#3165=FACE_BOUND('',#4799,.T.);
#3166=FACE_BOUND('',#4800,.T.);
#3167=FACE_BOUND('',#4801,.T.);
#3168=FACE_OUTER_BOUND('',#4802,.T.);
#3169=PLANE('',#4803);
#3170=SURFACE_STYLE_USAGE(.BOTH.,#4804);
#3171=FACE_OUTER_BOUND('',#4805,.T.);
#3172=PLANE('',#4806);
#3173=SURFACE_STYLE_USAGE(.BOTH.,#4807);
#3174=FACE_OUTER_BOUND('',#4808,.T.);
#3175=PLANE('',#4809);
#3176=SURFACE_STYLE_USAGE(.BOTH.,#4810);
#3177=FACE_OUTER_BOUND('',#4811,.T.);
#3178=PLANE('',#4812);
#3179=SURFACE_STYLE_USAGE(.BOTH.,#4813);
#3180=FACE_BOUND('',#4814,.T.);
#3181=FACE_BOUND('',#4815,.T.);
#3182=FACE_BOUND('',#4816,.T.);
#3183=FACE_BOUND('',#4817,.T.);
#3184=FACE_BOUND('',#4818,.T.);
#3185=FACE_BOUND('',#4819,.T.);
#3186=FACE_BOUND('',#4820,.T.);
#3187=FACE_BOUND('',#4821,.T.);
#3188=FACE_BOUND('',#4822,.T.);
#3189=FACE_BOUND('',#4823,.T.);
#3190=FACE_OUTER_BOUND('',#4824,.T.);
#3191=PLANE('',#4825);
#3192=SURFACE_STYLE_USAGE(.BOTH.,#4826);
#3193=FACE_OUTER_BOUND('',#4827,.T.);
#3194=PLANE('',#4828);
#3195=SURFACE_STYLE_USAGE(.BOTH.,#4829);
#3196=FACE_BOUND('',#4830,.T.);
#3197=FACE_BOUND('',#4831,.T.);
#3198=FACE_BOUND('',#4832,.T.);
#3199=FACE_BOUND('',#4833,.T.);
#3200=FACE_BOUND('',#4834,.T.);
#3201=FACE_BOUND('',#4835,.T.);
#3202=FACE_BOUND('',#4836,.T.);
#3203=FACE_BOUND('',#4837,.T.);
#3204=FACE_BOUND('',#4838,.T.);
#3205=FACE_BOUND('',#4839,.T.);
#3206=FACE_OUTER_BOUND('',#4840,.T.);
#3207=FACE_BOUND('',#4841,.T.);
#3208=FACE_BOUND('',#4842,.T.);
#3209=FACE_BOUND('',#4843,.T.);
#3210=FACE_BOUND('',#4844,.T.);
#3211=FACE_BOUND('',#4845,.T.);
#3212=FACE_BOUND('',#4846,.T.);
#3213=FACE_BOUND('',#4847,.T.);
#3214=FACE_BOUND('',#4848,.T.);
#3215=FACE_BOUND('',#4849,.T.);
#3216=FACE_BOUND('',#4850,.T.);
#3217=PLANE('',#4851);
#3218=SURFACE_STYLE_USAGE(.BOTH.,#4852);
#3219=FACE_OUTER_BOUND('',#4853,.T.);
#3220=PLANE('',#4854);
#3221=SURFACE_STYLE_USAGE(.BOTH.,#4855);
#3222=FACE_OUTER_BOUND('',#4856,.T.);
#3223=PLANE('',#4857);
#3224=PRODUCT_CONTEXT('',#529,'mechanical');
#3225=PRODUCT_DEFINITION_FORMATION_WITH_SPECIFIED_SOURCE(' ','NONE',#1580,.NOT_KNOWN.);
#3226=CLOSED_SHELL('',(#543,#545,#547,#549,#551,#553,#555,#557,#559,#561,#563,#565,#567,#569,#571,#573,#575,#577,#579,#581,#583,#585,#587,#589,#591,#593,#595,#597,#599,#601,#603,#605,#607,#609,#611,#613,#615,#617,#619,#621,#623,#625,#627,#629,#631,#633,#635,#637,#639,#641,#643,#645,#647,#649,#651,#653,#655,#657,#659,#661,#663,#665,#667,#669,#671,#673,#675,#677,#679,#681,#683,#685,#687,#689,#691,#693,#695,#697,#699,#701,#703,#705,#707,#709,#711,#713,#715,#717,#719,#721,#723,#725,#727,#729,#731,#733,#735,#737,#739,#741,#743,#745,#747,#749,#751,#753,#755,#757,#759,#761,#763,#765,#767,#769,#771,#773,#775,#777,#779,#781,#783,#785,#787,#789,#791,#793,#795,#797,#799,#801,#803,#805,#807,#809,#811,#813,#815,#817,#819,#821,#823,#825,#827,#829,#831,#833,#835,#837,#839,#841,#843,#845,#847,#849,#851,#853,#855,#857,#859,#861,#863,#865,#867,#869,#871,#873,#875,#877,#879,#881,#883,#885,#887,#889,#891,#893,#895,#897,#899,#901,#903,#905,#907,#909,#911,#913,#915,#917,#919,#921,#923,#925,#927,#929,#931,#933,#935,#937,#939,#941,#943,#945,#947,#949,#951,#953,#955,#957,#959,#961,#963,#965,#967,#969,#971,#973,#975,#977,#979,#981,#983,#985,#987,#989,#991,#993,#995,#997,#999,#1001,#1003,#1005,#1007,#1009,#1011,#1013,#1015,#1017,#1019,#1021,#1023,#1025,#1027,#1029,#1031,#1033,#1035,#1037,#1039,#1041,#1043,#1045,#1047,#1049,#1051,#1053,#1055,#1057,#1059,#1061,#1063,#1065,#1067,#1069,#1071,#1073,#1075,#1077,#1079,#1081,#1083,#1085,#1087,#1089,#1091,#1093,#1095,#1097,#1099,#1101,#1103,#1105,#1107,#1109,#1111,#1113,#1115,#1117,#1119,#1121,#1123,#1125,#1127,#1129,#1131,#1133,#1135,#1137,#1139,#1141,#1143,#1145,#1147,#1149,#1151,#1153,#1155,#1157,#1159,#1161,#1163,#1165,#1167,#1169,#1171,#1173,#1175,#1177,#1179,#1181,#1183,#1185,#1187,#1189,#1191,#1193,#1195,#1197,#1199,#1201,#1203,#1205,#1207,#1209,#1211,#1213,#1215,#1217,#1219,#1221,#1223,#1225,#1227,#1229,#1231,#1233,#1235,#1237,#1239,#1241,#1243,#1245,#1247,#1249,#1251,#1253,#1255,#1257,#1259,#1261,#1263,#1265,#1267,#1269,#1271,#1273,#1275,#1277,#1279,#1281,#1283,#1285,#1287,#1289,#1291,#1293,#1295,#1297,#1299,#1301,#1303,#1305,#1307,#1309,#1311,#1313,#1315,#1317,#1319,#1321,#1323,#1325,#1327,#1329,#1331,#1333,#1335,#1337,#1339,#1341,#1343,#1345,#1347,#1349,#1351,#1353,#1355,#1357,#1359,#1361,#1363,#1365,#1367,#1369,#1371,#1373,#1375,#1377,#1379,#1381,#1383,#1385,#1387,#1389,#1391,#1393,#1395,#1397,#1399,#1401,#1403,#1405,#1407,#1409,#1411,#1413,#1415,#1417,#1419,#1421,#1423,#1425,#1427,#1429,#1431,#1433,#1435,#1437,#1439,#1441,#1443,#1445,#1447,#1449,#1451,#1453,#1455,#1457,#1459,#1461,#1463,#1465,#1467,#1469,#1471,#1473,#1475,#1477,#1479,#1481,#1483,#1485,#1487,#1489,#1491,#1493,#1495,#1497,#1499,#1501,#1503,#1505,#1507,#1509,#1511,#1513,#1515,#1517,#1519,#1521,#1523,#1525,#1527,#1529,#1531,#1533,#1535,#1537,#1539,#1541,#1543,#1545,#1547,#1549,#1551,#1553,#1555,#1557,#1559,#1561,#1563,#1565,#1567,#1569,#1571,#1573,#1575,#1577,#1579));
#3227=CARTESIAN_POINT('',(0.0,0.0,0.0));
#3228=DIRECTION('',(0.0,0.0,1.0));
#3229=DIRECTION('',(1.0,0.0,0.0));
#3230= (NAMED_UNIT(#1589)LENGTH_UNIT()SI_UNIT(.MILLI.,.METRE.));
#3231=SURFACE_SIDE_STYLE('',(#4859));
#3232=EDGE_LOOP('',(#4860,#4861,#4862,#4863));
#3233=AXIS2_PLACEMENT_3D('',#4864,#4865,#4866);
#3234=SURFACE_SIDE_STYLE('',(#4867));
#3235=EDGE_LOOP('',(#4868,#4869,#4870,#4871));
#3236=AXIS2_PLACEMENT_3D('',#4872,#4873,#4874);
#3237=SURFACE_SIDE_STYLE('',(#4875));
#3238=EDGE_LOOP('',(#4876,#4877,#4878,#4879));
#3239=AXIS2_PLACEMENT_3D('',#4880,#4881,#4882);
#3240=SURFACE_SIDE_STYLE('',(#4883));
#3241=EDGE_LOOP('',(#4884,#4885,#4886,#4887));
#3242=AXIS2_PLACEMENT_3D('',#4888,#4889,#4890);
#3243=SURFACE_SIDE_STYLE('',(#4891));
#3244=EDGE_LOOP('',(#4892,#4893,#4894,#4895));
#3245=AXIS2_PLACEMENT_3D('',#4896,#4897,#4898);
#3246=SURFACE_SIDE_STYLE('',(#4899));
#3247=EDGE_LOOP('',(#4900,#4901,#4902,#4903));
#3248=AXIS2_PLACEMENT_3D('',#4904,#4905,#4906);
#3249=SURFACE_SIDE_STYLE('',(#4907));
#3250=EDGE_LOOP('',(#4908,#4909,#4910,#4911));
#3251=AXIS2_PLACEMENT_3D('',#4912,#4913,#4914);
#3252=SURFACE_SIDE_STYLE('',(#4915));
#3253=EDGE_LOOP('',(#4916,#4917,#4918,#4919));
#3254=AXIS2_PLACEMENT_3D('',#4920,#4921,#4922);
#3255=SURFACE_SIDE_STYLE('',(#4923));
#3256=EDGE_LOOP('',(#4924,#4925,#4926,#4927));
#3257=AXIS2_PLACEMENT_3D('',#4928,#4929,#4930);
#3258=SURFACE_SIDE_STYLE('',(#4931));
#3259=EDGE_LOOP('',(#4932,#4933,#4934,#4935));
#3260=AXIS2_PLACEMENT_3D('',#4936,#4937,#4938);
#3261=SURFACE_SIDE_STYLE('',(#4939));
#3262=EDGE_LOOP('',(#4940,#4941,#4942,#4943));
#3263=AXIS2_PLACEMENT_3D('',#4944,#4945,#4946);
#3264=SURFACE_SIDE_STYLE('',(#4947));
#3265=EDGE_LOOP('',(#4948,#4949,#4950,#4951));
#3266=AXIS2_PLACEMENT_3D('',#4952,#4953,#4954);
#3267=SURFACE_SIDE_STYLE('',(#4955));
#3268=EDGE_LOOP('',(#4956,#4957,#4958,#4959));
#3269=AXIS2_PLACEMENT_3D('',#4960,#4961,#4962);
#3270=SURFACE_SIDE_STYLE('',(#4963));
#3271=EDGE_LOOP('',(#4964,#4965,#4966,#4967));
#3272=AXIS2_PLACEMENT_3D('',#4968,#4969,#4970);
#3273=SURFACE_SIDE_STYLE('',(#4971));
#3274=EDGE_LOOP('',(#4972,#4973,#4974,#4975));
#3275=AXIS2_PLACEMENT_3D('',#4976,#4977,#4978);
#3276=SURFACE_SIDE_STYLE('',(#4979));
#3277=EDGE_LOOP('',(#4980,#4981,#4982,#4983));
#3278=AXIS2_PLACEMENT_3D('',#4984,#4985,#4986);
#3279=SURFACE_SIDE_STYLE('',(#4987));
#3280=EDGE_LOOP('',(#4988,#4989,#4990,#4991));
#3281=AXIS2_PLACEMENT_3D('',#4992,#4993,#4994);
#3282=SURFACE_SIDE_STYLE('',(#4995));
#3283=EDGE_LOOP('',(#4996,#4997,#4998,#4999));
#3284=AXIS2_PLACEMENT_3D('',#5000,#5001,#5002);
#3285=SURFACE_SIDE_STYLE('',(#5003));
#3286=EDGE_LOOP('',(#5004,#5005,#5006,#5007));
#3287=AXIS2_PLACEMENT_3D('',#5008,#5009,#5010);
#3288=SURFACE_SIDE_STYLE('',(#5011));
#3289=EDGE_LOOP('',(#5012,#5013,#5014,#5015));
#3290=AXIS2_PLACEMENT_3D('',#5016,#5017,#5018);
#3291=SURFACE_SIDE_STYLE('',(#5019));
#3292=EDGE_LOOP('',(#5020,#5021,#5022,#5023));
#3293=AXIS2_PLACEMENT_3D('',#5024,#5025,#5026);
#3294=SURFACE_SIDE_STYLE('',(#5027));
#3295=EDGE_LOOP('',(#5028,#5029,#5030,#5031));
#3296=AXIS2_PLACEMENT_3D('',#5032,#5033,#5034);
#3297=SURFACE_SIDE_STYLE('',(#5035));
#3298=EDGE_LOOP('',(#5036,#5037,#5038,#5039));
#3299=AXIS2_PLACEMENT_3D('',#5040,#5041,#5042);
#3300=SURFACE_SIDE_STYLE('',(#5043));
#3301=EDGE_LOOP('',(#5044,#5045,#5046,#5047));
#3302=AXIS2_PLACEMENT_3D('',#5048,#5049,#5050);
#3303=SURFACE_SIDE_STYLE('',(#5051));
#3304=EDGE_LOOP('',(#5052,#5053,#5054,#5055));
#3305=AXIS2_PLACEMENT_3D('',#5056,#5057,#5058);
#3306=SURFACE_SIDE_STYLE('',(#5059));
#3307=EDGE_LOOP('',(#5060,#5061,#5062,#5063));
#3308=AXIS2_PLACEMENT_3D('',#5064,#5065,#5066);
#3309=SURFACE_SIDE_STYLE('',(#5067));
#3310=EDGE_LOOP('',(#5068,#5069,#5070,#5071));
#3311=AXIS2_PLACEMENT_3D('',#5072,#5073,#5074);
#3312=SURFACE_SIDE_STYLE('',(#5075));
#3313=EDGE_LOOP('',(#5076,#5077,#5078,#5079));
#3314=AXIS2_PLACEMENT_3D('',#5080,#5081,#5082);
#3315=SURFACE_SIDE_STYLE('',(#5083));
#3316=EDGE_LOOP('',(#5084,#5085,#5086,#5087));
#3317=AXIS2_PLACEMENT_3D('',#5088,#5089,#5090);
#3318=SURFACE_SIDE_STYLE('',(#5091));
#3319=EDGE_LOOP('',(#5092,#5093,#5094,#5095));
#3320=AXIS2_PLACEMENT_3D('',#5096,#5097,#5098);
#3321=SURFACE_SIDE_STYLE('',(#5099));
#3322=EDGE_LOOP('',(#5100,#5101,#5102,#5103));
#3323=AXIS2_PLACEMENT_3D('',#5104,#5105,#5106);
#3324=SURFACE_SIDE_STYLE('',(#5107));
#3325=EDGE_LOOP('',(#5108,#5109,#5110,#5111));
#3326=AXIS2_PLACEMENT_3D('',#5112,#5113,#5114);
#3327=SURFACE_SIDE_STYLE('',(#5115));
#3328=EDGE_LOOP('',(#5116,#5117,#5118,#5119));
#3329=AXIS2_PLACEMENT_3D('',#5120,#5121,#5122);
#3330=SURFACE_SIDE_STYLE('',(#5123));
#3331=EDGE_LOOP('',(#5124,#5125,#5126,#5127));
#3332=AXIS2_PLACEMENT_3D('',#5128,#5129,#5130);
#3333=SURFACE_SIDE_STYLE('',(#5131));
#3334=EDGE_LOOP('',(#5132,#5133,#5134,#5135));
#3335=AXIS2_PLACEMENT_3D('',#5136,#5137,#5138);
#3336=SURFACE_SIDE_STYLE('',(#5139));
#3337=EDGE_LOOP('',(#5140,#5141,#5142,#5143));
#3338=AXIS2_PLACEMENT_3D('',#5144,#5145,#5146);
#3339=SURFACE_SIDE_STYLE('',(#5147));
#3340=EDGE_LOOP('',(#5148,#5149,#5150,#5151));
#3341=AXIS2_PLACEMENT_3D('',#5152,#5153,#5154);
#3342=SURFACE_SIDE_STYLE('',(#5155));
#3343=EDGE_LOOP('',(#5156,#5157,#5158,#5159));
#3344=AXIS2_PLACEMENT_3D('',#5160,#5161,#5162);
#3345=SURFACE_SIDE_STYLE('',(#5163));
#3346=EDGE_LOOP('',(#5164,#5165,#5166,#5167));
#3347=AXIS2_PLACEMENT_3D('',#5168,#5169,#5170);
#3348=SURFACE_SIDE_STYLE('',(#5171));
#3349=EDGE_LOOP('',(#5172,#5173,#5174,#5175));
#3350=AXIS2_PLACEMENT_3D('',#5176,#5177,#5178);
#3351=SURFACE_SIDE_STYLE('',(#5179));
#3352=EDGE_LOOP('',(#5180,#5181,#5182,#5183,#5184,#5185,#5186,#5187));
#3353=AXIS2_PLACEMENT_3D('',#5188,#5189,#5190);
#3354=SURFACE_SIDE_STYLE('',(#5191));
#3355=EDGE_LOOP('',(#5192,#5193,#5194,#5195,#5196,#5197,#5198,#5199));
#3356=AXIS2_PLACEMENT_3D('',#5200,#5201,#5202);
#3357=SURFACE_SIDE_STYLE('',(#5203));
#3358=EDGE_LOOP('',(#5204,#5205,#5206,#5207,#5208,#5209,#5210,#5211));
#3359=AXIS2_PLACEMENT_3D('',#5212,#5213,#5214);
#3360=SURFACE_SIDE_STYLE('',(#5215));
#3361=EDGE_LOOP('',(#5216,#5217,#5218,#5219,#5220,#5221,#5222,#5223));
#3362=AXIS2_PLACEMENT_3D('',#5224,#5225,#5226);
#3363=SURFACE_SIDE_STYLE('',(#5227));
#3364=EDGE_LOOP('',(#5228,#5229,#5230,#5231,#5232,#5233,#5234,#5235));
#3365=AXIS2_PLACEMENT_3D('',#5236,#5237,#5238);
#3366=SURFACE_SIDE_STYLE('',(#5239));
#3367=EDGE_LOOP('',(#5240,#5241,#5242,#5243,#5244,#5245,#5246,#5247));
#3368=AXIS2_PLACEMENT_3D('',#5248,#5249,#5250);
#3369=SURFACE_SIDE_STYLE('',(#5251));
#3370=EDGE_LOOP('',(#5252,#5253,#5254,#5255,#5256,#5257,#5258,#5259));
#3371=AXIS2_PLACEMENT_3D('',#5260,#5261,#5262);
#3372=SURFACE_SIDE_STYLE('',(#5263));
#3373=EDGE_LOOP('',(#5264,#5265,#5266,#5267,#5268,#5269,#5270,#5271));
#3374=AXIS2_PLACEMENT_3D('',#5272,#5273,#5274);
#3375=SURFACE_SIDE_STYLE('',(#5275));
#3376=EDGE_LOOP('',(#5276,#5277,#5278,#5279,#5280,#5281,#5282,#5283));
#3377=AXIS2_PLACEMENT_3D('',#5284,#5285,#5286);
#3378=SURFACE_SIDE_STYLE('',(#5287));
#3379=EDGE_LOOP('',(#5288,#5289,#5290,#5291,#5292,#5293,#5294,#5295));
#3380=AXIS2_PLACEMENT_3D('',#5296,#5297,#5298);
#3381=SURFACE_SIDE_STYLE('',(#5299));
#3382=EDGE_LOOP('',(#5300,#5301,#5302,#5303,#5304,#5305,#5306,#5307));
#3383=AXIS2_PLACEMENT_3D('',#5308,#5309,#5310);
#3384=SURFACE_SIDE_STYLE('',(#5311));
#3385=EDGE_LOOP('',(#5312,#5313,#5314,#5315));
#3386=AXIS2_PLACEMENT_3D('',#5316,#5317,#5318);
#3387=SURFACE_SIDE_STYLE('',(#5319));
#3388=EDGE_LOOP('',(#5320,#5321,#5322,#5323));
#3389=AXIS2_PLACEMENT_3D('',#5324,#5325,#5326);
#3390=SURFACE_SIDE_STYLE('',(#5327));
#3391=EDGE_LOOP('',(#5328,#5329,#5330,#5331,#5332,#5333));
#3392=AXIS2_PLACEMENT_3D('',#5334,#5335,#5336);
#3393=SURFACE_SIDE_STYLE('',(#5337));
#3394=EDGE_LOOP('',(#5338,#5339));
#3395=AXIS2_PLACEMENT_3D('',#5340,#5341,#5342);
#3396=SURFACE_SIDE_STYLE('',(#5343));
#3397=EDGE_LOOP('',(#5344,#5345));
#3398=AXIS2_PLACEMENT_3D('',#5346,#5347,#5348);
#3399=SURFACE_SIDE_STYLE('',(#5349));
#3400=EDGE_LOOP('',(#5350,#5351,#5352,#5353,#5354,#5355,#5356,#5357));
#3401=AXIS2_PLACEMENT_3D('',#5358,#5359,#5360);
#3402=SURFACE_SIDE_STYLE('',(#5361));
#3403=EDGE_LOOP('',(#5362,#5363,#5364,#5365));
#3404=AXIS2_PLACEMENT_3D('',#5366,#5367,#5368);
#3405=SURFACE_SIDE_STYLE('',(#5369));
#3406=EDGE_LOOP('',(#5370,#5371,#5372,#5373));
#3407=AXIS2_PLACEMENT_3D('',#5374,#5375,#5376);
#3408=SURFACE_SIDE_STYLE('',(#5377));
#3409=EDGE_LOOP('',(#5378,#5379,#5380,#5381,#5382,#5383));
#3410=AXIS2_PLACEMENT_3D('',#5384,#5385,#5386);
#3411=SURFACE_SIDE_STYLE('',(#5387));
#3412=EDGE_LOOP('',(#5388,#5389));
#3413=AXIS2_PLACEMENT_3D('',#5390,#5391,#5392);
#3414=SURFACE_SIDE_STYLE('',(#5393));
#3415=EDGE_LOOP('',(#5394,#5395));
#3416=AXIS2_PLACEMENT_3D('',#5396,#5397,#5398);
#3417=SURFACE_SIDE_STYLE('',(#5399));
#3418=EDGE_LOOP('',(#5400,#5401,#5402,#5403,#5404,#5405,#5406,#5407));
#3419=AXIS2_PLACEMENT_3D('',#5408,#5409,#5410);
#3420=SURFACE_SIDE_STYLE('',(#5411));
#3421=EDGE_LOOP('',(#5412,#5413,#5414,#5415));
#3422=AXIS2_PLACEMENT_3D('',#5416,#5417,#5418);
#3423=SURFACE_SIDE_STYLE('',(#5419));
#3424=EDGE_LOOP('',(#5420,#5421,#5422,#5423));
#3425=AXIS2_PLACEMENT_3D('',#5424,#5425,#5426);
#3426=SURFACE_SIDE_STYLE('',(#5427));
#3427=EDGE_LOOP('',(#5428,#5429,#5430,#5431,#5432,#5433));
#3428=AXIS2_PLACEMENT_3D('',#5434,#5435,#5436);
#3429=SURFACE_SIDE_STYLE('',(#5437));
#3430=EDGE_LOOP('',(#5438,#5439));
#3431=AXIS2_PLACEMENT_3D('',#5440,#5441,#5442);
#3432=SURFACE_SIDE_STYLE('',(#5443));
#3433=EDGE_LOOP('',(#5444,#5445));
#3434=AXIS2_PLACEMENT_3D('',#5446,#5447,#5448);
#3435=SURFACE_SIDE_STYLE('',(#5449));
#3436=EDGE_LOOP('',(#5450,#5451,#5452,#5453,#5454,#5455,#5456,#5457));
#3437=AXIS2_PLACEMENT_3D('',#5458,#5459,#5460);
#3438=SURFACE_SIDE_STYLE('',(#5461));
#3439=EDGE_LOOP('',(#5462,#5463,#5464,#5465));
#3440=AXIS2_PLACEMENT_3D('',#5466,#5467,#5468);
#3441=SURFACE_SIDE_STYLE('',(#5469));
#3442=EDGE_LOOP('',(#5470,#5471,#5472,#5473));
#3443=AXIS2_PLACEMENT_3D('',#5474,#5475,#5476);
#3444=SURFACE_SIDE_STYLE('',(#5477));
#3445=EDGE_LOOP('',(#5478,#5479,#5480,#5481,#5482,#5483));
#3446=AXIS2_PLACEMENT_3D('',#5484,#5485,#5486);
#3447=SURFACE_SIDE_STYLE('',(#5487));
#3448=EDGE_LOOP('',(#5488,#5489));
#3449=AXIS2_PLACEMENT_3D('',#5490,#5491,#5492);
#3450=SURFACE_SIDE_STYLE('',(#5493));
#3451=EDGE_LOOP('',(#5494,#5495));
#3452=AXIS2_PLACEMENT_3D('',#5496,#5497,#5498);
#3453=SURFACE_SIDE_STYLE('',(#5499));
#3454=EDGE_LOOP('',(#5500,#5501,#5502,#5503,#5504,#5505,#5506,#5507));
#3455=AXIS2_PLACEMENT_3D('',#5508,#5509,#5510);
#3456=SURFACE_SIDE_STYLE('',(#5511));
#3457=EDGE_LOOP('',(#5512,#5513,#5514,#5515));
#3458=AXIS2_PLACEMENT_3D('',#5516,#5517,#5518);
#3459=SURFACE_SIDE_STYLE('',(#5519));
#3460=EDGE_LOOP('',(#5520,#5521,#5522,#5523));
#3461=AXIS2_PLACEMENT_3D('',#5524,#5525,#5526);
#3462=SURFACE_SIDE_STYLE('',(#5527));
#3463=EDGE_LOOP('',(#5528,#5529,#5530,#5531,#5532,#5533));
#3464=AXIS2_PLACEMENT_3D('',#5534,#5535,#5536);
#3465=SURFACE_SIDE_STYLE('',(#5537));
#3466=EDGE_LOOP('',(#5538,#5539));
#3467=AXIS2_PLACEMENT_3D('',#5540,#5541,#5542);
#3468=SURFACE_SIDE_STYLE('',(#5543));
#3469=EDGE_LOOP('',(#5544,#5545));
#3470=AXIS2_PLACEMENT_3D('',#5546,#5547,#5548);
#3471=SURFACE_SIDE_STYLE('',(#5549));
#3472=EDGE_LOOP('',(#5550,#5551,#5552,#5553,#5554,#5555,#5556,#5557));
#3473=AXIS2_PLACEMENT_3D('',#5558,#5559,#5560);
#3474=SURFACE_SIDE_STYLE('',(#5561));
#3475=EDGE_LOOP('',(#5562,#5563,#5564,#5565));
#3476=AXIS2_PLACEMENT_3D('',#5566,#5567,#5568);
#3477=SURFACE_SIDE_STYLE('',(#5569));
#3478=EDGE_LOOP('',(#5570,#5571,#5572,#5573));
#3479=AXIS2_PLACEMENT_3D('',#5574,#5575,#5576);
#3480=SURFACE_SIDE_STYLE('',(#5577));
#3481=EDGE_LOOP('',(#5578,#5579,#5580,#5581,#5582,#5583));
#3482=AXIS2_PLACEMENT_3D('',#5584,#5585,#5586);
#3483=SURFACE_SIDE_STYLE('',(#5587));
#3484=EDGE_LOOP('',(#5588,#5589));
#3485=AXIS2_PLACEMENT_3D('',#5590,#5591,#5592);
#3486=SURFACE_SIDE_STYLE('',(#5593));
#3487=EDGE_LOOP('',(#5594,#5595));
#3488=AXIS2_PLACEMENT_3D('',#5596,#5597,#5598);
#3489=SURFACE_SIDE_STYLE('',(#5599));
#3490=EDGE_LOOP('',(#5600,#5601,#5602,#5603,#5604,#5605,#5606,#5607));
#3491=AXIS2_PLACEMENT_3D('',#5608,#5609,#5610);
#3492=SURFACE_SIDE_STYLE('',(#5611));
#3493=EDGE_LOOP('',(#5612,#5613,#5614,#5615));
#3494=AXIS2_PLACEMENT_3D('',#5616,#5617,#5618);
#3495=SURFACE_SIDE_STYLE('',(#5619));
#3496=EDGE_LOOP('',(#5620,#5621,#5622,#5623));
#3497=AXIS2_PLACEMENT_3D('',#5624,#5625,#5626);
#3498=SURFACE_SIDE_STYLE('',(#5627));
#3499=EDGE_LOOP('',(#5628,#5629,#5630,#5631,#5632,#5633));
#3500=AXIS2_PLACEMENT_3D('',#5634,#5635,#5636);
#3501=SURFACE_SIDE_STYLE('',(#5637));
#3502=EDGE_LOOP('',(#5638,#5639));
#3503=AXIS2_PLACEMENT_3D('',#5640,#5641,#5642);
#3504=SURFACE_SIDE_STYLE('',(#5643));
#3505=EDGE_LOOP('',(#5644,#5645));
#3506=AXIS2_PLACEMENT_3D('',#5646,#5647,#5648);
#3507=SURFACE_SIDE_STYLE('',(#5649));
#3508=EDGE_LOOP('',(#5650,#5651,#5652,#5653,#5654,#5655,#5656,#5657));
#3509=AXIS2_PLACEMENT_3D('',#5658,#5659,#5660);
#3510=SURFACE_SIDE_STYLE('',(#5661));
#3511=EDGE_LOOP('',(#5662,#5663,#5664,#5665));
#3512=AXIS2_PLACEMENT_3D('',#5666,#5667,#5668);
#3513=SURFACE_SIDE_STYLE('',(#5669));
#3514=EDGE_LOOP('',(#5670,#5671,#5672,#5673));
#3515=AXIS2_PLACEMENT_3D('',#5674,#5675,#5676);
#3516=SURFACE_SIDE_STYLE('',(#5677));
#3517=EDGE_LOOP('',(#5678,#5679,#5680,#5681,#5682,#5683));
#3518=AXIS2_PLACEMENT_3D('',#5684,#5685,#5686);
#3519=SURFACE_SIDE_STYLE('',(#5687));
#3520=EDGE_LOOP('',(#5688,#5689));
#3521=AXIS2_PLACEMENT_3D('',#5690,#5691,#5692);
#3522=SURFACE_SIDE_STYLE('',(#5693));
#3523=EDGE_LOOP('',(#5694,#5695));
#3524=AXIS2_PLACEMENT_3D('',#5696,#5697,#5698);
#3525=SURFACE_SIDE_STYLE('',(#5699));
#3526=EDGE_LOOP('',(#5700,#5701,#5702,#5703,#5704,#5705,#5706,#5707));
#3527=AXIS2_PLACEMENT_3D('',#5708,#5709,#5710);
#3528=SURFACE_SIDE_STYLE('',(#5711));
#3529=EDGE_LOOP('',(#5712,#5713,#5714,#5715));
#3530=AXIS2_PLACEMENT_3D('',#5716,#5717,#5718);
#3531=SURFACE_SIDE_STYLE('',(#5719));
#3532=EDGE_LOOP('',(#5720,#5721,#5722,#5723));
#3533=AXIS2_PLACEMENT_3D('',#5724,#5725,#5726);
#3534=SURFACE_SIDE_STYLE('',(#5727));
#3535=EDGE_LOOP('',(#5728,#5729,#5730,#5731,#5732,#5733));
#3536=AXIS2_PLACEMENT_3D('',#5734,#5735,#5736);
#3537=SURFACE_SIDE_STYLE('',(#5737));
#3538=EDGE_LOOP('',(#5738,#5739));
#3539=AXIS2_PLACEMENT_3D('',#5740,#5741,#5742);
#3540=SURFACE_SIDE_STYLE('',(#5743));
#3541=EDGE_LOOP('',(#5744,#5745));
#3542=AXIS2_PLACEMENT_3D('',#5746,#5747,#5748);
#3543=SURFACE_SIDE_STYLE('',(#5749));
#3544=EDGE_LOOP('',(#5750,#5751,#5752,#5753,#5754,#5755,#5756,#5757));
#3545=AXIS2_PLACEMENT_3D('',#5758,#5759,#5760);
#3546=SURFACE_SIDE_STYLE('',(#5761));
#3547=EDGE_LOOP('',(#5762,#5763,#5764,#5765));
#3548=AXIS2_PLACEMENT_3D('',#5766,#5767,#5768);
#3549=SURFACE_SIDE_STYLE('',(#5769));
#3550=EDGE_LOOP('',(#5770,#5771,#5772,#5773));
#3551=AXIS2_PLACEMENT_3D('',#5774,#5775,#5776);
#3552=SURFACE_SIDE_STYLE('',(#5777));
#3553=EDGE_LOOP('',(#5778,#5779,#5780,#5781,#5782,#5783));
#3554=AXIS2_PLACEMENT_3D('',#5784,#5785,#5786);
#3555=SURFACE_SIDE_STYLE('',(#5787));
#3556=EDGE_LOOP('',(#5788,#5789));
#3557=AXIS2_PLACEMENT_3D('',#5790,#5791,#5792);
#3558=SURFACE_SIDE_STYLE('',(#5793));
#3559=EDGE_LOOP('',(#5794,#5795));
#3560=AXIS2_PLACEMENT_3D('',#5796,#5797,#5798);
#3561=SURFACE_SIDE_STYLE('',(#5799));
#3562=EDGE_LOOP('',(#5800,#5801,#5802,#5803));
#3563=AXIS2_PLACEMENT_3D('',#5804,#5805,#5806);
#3564=SURFACE_SIDE_STYLE('',(#5807));
#3565=EDGE_LOOP('',(#5808,#5809));
#3566=EDGE_LOOP('',(#5810,#5811));
#3567=AXIS2_PLACEMENT_3D('',#5812,#5813,#5814);
#3568=SURFACE_SIDE_STYLE('',(#5815));
#3569=EDGE_LOOP('',(#5816,#5817,#5818,#5819));
#3570=AXIS2_PLACEMENT_3D('',#5820,#5821,#5822);
#3571=SURFACE_SIDE_STYLE('',(#5823));
#3572=EDGE_LOOP('',(#5824,#5825));
#3573=EDGE_LOOP('',(#5826,#5827));
#3574=AXIS2_PLACEMENT_3D('',#5828,#5829,#5830);
#3575=SURFACE_SIDE_STYLE('',(#5831));
#3576=EDGE_LOOP('',(#5832,#5833,#5834,#5835));
#3577=AXIS2_PLACEMENT_3D('',#5836,#5837,#5838);
#3578=SURFACE_SIDE_STYLE('',(#5839));
#3579=EDGE_LOOP('',(#5840,#5841));
#3580=EDGE_LOOP('',(#5842,#5843));
#3581=AXIS2_PLACEMENT_3D('',#5844,#5845,#5846);
#3582=SURFACE_SIDE_STYLE('',(#5847));
#3583=EDGE_LOOP('',(#5848,#5849,#5850,#5851));
#3584=AXIS2_PLACEMENT_3D('',#5852,#5853,#5854);
#3585=SURFACE_SIDE_STYLE('',(#5855));
#3586=EDGE_LOOP('',(#5856,#5857));
#3587=EDGE_LOOP('',(#5858,#5859));
#3588=AXIS2_PLACEMENT_3D('',#5860,#5861,#5862);
#3589=SURFACE_SIDE_STYLE('',(#5863));
#3590=EDGE_LOOP('',(#5864,#5865,#5866,#5867));
#3591=AXIS2_PLACEMENT_3D('',#5868,#5869,#5870);
#3592=SURFACE_SIDE_STYLE('',(#5871));
#3593=EDGE_LOOP('',(#5872,#5873));
#3594=EDGE_LOOP('',(#5874,#5875));
#3595=AXIS2_PLACEMENT_3D('',#5876,#5877,#5878);
#3596=SURFACE_SIDE_STYLE('',(#5879));
#3597=EDGE_LOOP('',(#5880,#5881,#5882,#5883));
#3598=AXIS2_PLACEMENT_3D('',#5884,#5885,#5886);
#3599=SURFACE_SIDE_STYLE('',(#5887));
#3600=EDGE_LOOP('',(#5888,#5889));
#3601=EDGE_LOOP('',(#5890,#5891));
#3602=AXIS2_PLACEMENT_3D('',#5892,#5893,#5894);
#3603=SURFACE_SIDE_STYLE('',(#5895));
#3604=EDGE_LOOP('',(#5896,#5897,#5898,#5899));
#3605=AXIS2_PLACEMENT_3D('',#5900,#5901,#5902);
#3606=SURFACE_SIDE_STYLE('',(#5903));
#3607=EDGE_LOOP('',(#5904,#5905));
#3608=EDGE_LOOP('',(#5906,#5907));
#3609=AXIS2_PLACEMENT_3D('',#5908,#5909,#5910);
#3610=SURFACE_SIDE_STYLE('',(#5911));
#3611=EDGE_LOOP('',(#5912,#5913,#5914,#5915));
#3612=AXIS2_PLACEMENT_3D('',#5916,#5917,#5918);
#3613=SURFACE_SIDE_STYLE('',(#5919));
#3614=EDGE_LOOP('',(#5920,#5921));
#3615=EDGE_LOOP('',(#5922,#5923));
#3616=AXIS2_PLACEMENT_3D('',#5924,#5925,#5926);
#3617=SURFACE_SIDE_STYLE('',(#5927));
#3618=EDGE_LOOP('',(#5928,#5929,#5930,#5931));
#3619=AXIS2_PLACEMENT_3D('',#5932,#5933,#5934);
#3620=SURFACE_SIDE_STYLE('',(#5935));
#3621=EDGE_LOOP('',(#5936,#5937));
#3622=EDGE_LOOP('',(#5938,#5939));
#3623=AXIS2_PLACEMENT_3D('',#5940,#5941,#5942);
#3624=SURFACE_SIDE_STYLE('',(#5943));
#3625=EDGE_LOOP('',(#5944,#5945,#5946,#5947));
#3626=AXIS2_PLACEMENT_3D('',#5948,#5949,#5950);
#3627=SURFACE_SIDE_STYLE('',(#5951));
#3628=EDGE_LOOP('',(#5952,#5953));
#3629=EDGE_LOOP('',(#5954,#5955));
#3630=AXIS2_PLACEMENT_3D('',#5956,#5957,#5958);
#3631=SURFACE_SIDE_STYLE('',(#5959));
#3632=EDGE_LOOP('',(#5960,#5961,#5962,#5963));
#3633=AXIS2_PLACEMENT_3D('',#5964,#5965,#5966);
#3634=SURFACE_SIDE_STYLE('',(#5967));
#3635=EDGE_LOOP('',(#5968,#5969,#5970,#5971));
#3636=AXIS2_PLACEMENT_3D('',#5972,#5973,#5974);
#3637=SURFACE_SIDE_STYLE('',(#5975));
#3638=EDGE_LOOP('',(#5976,#5977,#5978,#5979));
#3639=EDGE_LOOP('',(#5980,#5981,#5982,#5983));
#3640=AXIS2_PLACEMENT_3D('',#5984,#5985,#5986);
#3641=SURFACE_SIDE_STYLE('',(#5987));
#3642=EDGE_LOOP('',(#5988,#5989,#5990,#5991));
#3643=AXIS2_PLACEMENT_3D('',#5992,#5993,#5994);
#3644=SURFACE_SIDE_STYLE('',(#5995));
#3645=EDGE_LOOP('',(#5996,#5997,#5998,#5999));
#3646=AXIS2_PLACEMENT_3D('',#6000,#6001,#6002);
#3647=SURFACE_SIDE_STYLE('',(#6003));
#3648=EDGE_LOOP('',(#6004,#6005,#6006,#6007));
#3649=AXIS2_PLACEMENT_3D('',#6008,#6009,#6010);
#3650=SURFACE_SIDE_STYLE('',(#6011));
#3651=EDGE_LOOP('',(#6012,#6013));
#3652=AXIS2_PLACEMENT_3D('',#6014,#6015,#6016);
#3653=SURFACE_SIDE_STYLE('',(#6017));
#3654=EDGE_LOOP('',(#6018,#6019,#6020,#6021,#6022,#6023,#6024,#6025));
#3655=AXIS2_PLACEMENT_3D('',#6026,#6027,#6028);
#3656=SURFACE_SIDE_STYLE('',(#6029));
#3657=EDGE_LOOP('',(#6030,#6031,#6032,#6033));
#3658=AXIS2_PLACEMENT_3D('',#6034,#6035,#6036);
#3659=SURFACE_SIDE_STYLE('',(#6037));
#3660=EDGE_LOOP('',(#6038,#6039,#6040,#6041));
#3661=AXIS2_PLACEMENT_3D('',#6042,#6043,#6044);
#3662=SURFACE_SIDE_STYLE('',(#6045));
#3663=EDGE_LOOP('',(#6046,#6047,#6048,#6049));
#3664=AXIS2_PLACEMENT_3D('',#6050,#6051,#6052);
#3665=SURFACE_SIDE_STYLE('',(#6053));
#3666=EDGE_LOOP('',(#6054,#6055,#6056,#6057));
#3667=AXIS2_PLACEMENT_3D('',#6058,#6059,#6060);
#3668=SURFACE_SIDE_STYLE('',(#6061));
#3669=EDGE_LOOP('',(#6062,#6063,#6064,#6065));
#3670=AXIS2_PLACEMENT_3D('',#6066,#6067,#6068);
#3671=SURFACE_SIDE_STYLE('',(#6069));
#3672=EDGE_LOOP('',(#6070,#6071,#6072,#6073));
#3673=AXIS2_PLACEMENT_3D('',#6074,#6075,#6076);
#3674=SURFACE_SIDE_STYLE('',(#6077));
#3675=EDGE_LOOP('',(#6078,#6079,#6080,#6081));
#3676=AXIS2_PLACEMENT_3D('',#6082,#6083,#6084);
#3677=SURFACE_SIDE_STYLE('',(#6085));
#3678=EDGE_LOOP('',(#6086,#6087,#6088,#6089,#6090,#6091,#6092,#6093));
#3679=AXIS2_PLACEMENT_3D('',#6094,#6095,#6096);
#3680=SURFACE_SIDE_STYLE('',(#6097));
#3681=EDGE_LOOP('',(#6098,#6099,#6100,#6101));
#3682=AXIS2_PLACEMENT_3D('',#6102,#6103,#6104);
#3683=SURFACE_SIDE_STYLE('',(#6105));
#3684=EDGE_LOOP('',(#6106,#6107,#6108,#6109));
#3685=AXIS2_PLACEMENT_3D('',#6110,#6111,#6112);
#3686=SURFACE_SIDE_STYLE('',(#6113));
#3687=EDGE_LOOP('',(#6114,#6115,#6116,#6117));
#3688=AXIS2_PLACEMENT_3D('',#6118,#6119,#6120);
#3689=SURFACE_SIDE_STYLE('',(#6121));
#3690=EDGE_LOOP('',(#6122,#6123));
#3691=EDGE_LOOP('',(#6124,#6125,#6126,#6127,#6128,#6129));
#3692=AXIS2_PLACEMENT_3D('',#6130,#6131,#6132);
#3693=SURFACE_SIDE_STYLE('',(#6133));
#3694=EDGE_LOOP('',(#6134,#6135,#6136,#6137));
#3695=AXIS2_PLACEMENT_3D('',#6138,#6139,#6140);
#3696=SURFACE_SIDE_STYLE('',(#6141));
#3697=EDGE_LOOP('',(#6142,#6143,#6144,#6145));
#3698=AXIS2_PLACEMENT_3D('',#6146,#6147,#6148);
#3699=SURFACE_SIDE_STYLE('',(#6149));
#3700=EDGE_LOOP('',(#6150,#6151,#6152,#6153));
#3701=EDGE_LOOP('',(#6154,#6155,#6156,#6157));
#3702=AXIS2_PLACEMENT_3D('',#6158,#6159,#6160);
#3703=SURFACE_SIDE_STYLE('',(#6161));
#3704=EDGE_LOOP('',(#6162,#6163,#6164,#6165));
#3705=AXIS2_PLACEMENT_3D('',#6166,#6167,#6168);
#3706=SURFACE_SIDE_STYLE('',(#6169));
#3707=EDGE_LOOP('',(#6170,#6171,#6172,#6173));
#3708=AXIS2_PLACEMENT_3D('',#6174,#6175,#6176);
#3709=SURFACE_SIDE_STYLE('',(#6177));
#3710=EDGE_LOOP('',(#6178,#6179,#6180,#6181));
#3711=AXIS2_PLACEMENT_3D('',#6182,#6183,#6184);
#3712=SURFACE_SIDE_STYLE('',(#6185));
#3713=EDGE_LOOP('',(#6186,#6187));
#3714=AXIS2_PLACEMENT_3D('',#6188,#6189,#6190);
#3715=SURFACE_SIDE_STYLE('',(#6191));
#3716=EDGE_LOOP('',(#6192,#6193,#6194,#6195,#6196,#6197,#6198,#6199));
#3717=AXIS2_PLACEMENT_3D('',#6200,#6201,#6202);
#3718=SURFACE_SIDE_STYLE('',(#6203));
#3719=EDGE_LOOP('',(#6204,#6205,#6206,#6207));
#3720=AXIS2_PLACEMENT_3D('',#6208,#6209,#6210);
#3721=SURFACE_SIDE_STYLE('',(#6211));
#3722=EDGE_LOOP('',(#6212,#6213,#6214,#6215));
#3723=AXIS2_PLACEMENT_3D('',#6216,#6217,#6218);
#3724=SURFACE_SIDE_STYLE('',(#6219));
#3725=EDGE_LOOP('',(#6220,#6221,#6222,#6223));
#3726=AXIS2_PLACEMENT_3D('',#6224,#6225,#6226);
#3727=SURFACE_SIDE_STYLE('',(#6227));
#3728=EDGE_LOOP('',(#6228,#6229,#6230,#6231));
#3729=AXIS2_PLACEMENT_3D('',#6232,#6233,#6234);
#3730=SURFACE_SIDE_STYLE('',(#6235));
#3731=EDGE_LOOP('',(#6236,#6237,#6238,#6239));
#3732=AXIS2_PLACEMENT_3D('',#6240,#6241,#6242);
#3733=SURFACE_SIDE_STYLE('',(#6243));
#3734=EDGE_LOOP('',(#6244,#6245,#6246,#6247));
#3735=AXIS2_PLACEMENT_3D('',#6248,#6249,#6250);
#3736=SURFACE_SIDE_STYLE('',(#6251));
#3737=EDGE_LOOP('',(#6252,#6253,#6254,#6255));
#3738=AXIS2_PLACEMENT_3D('',#6256,#6257,#6258);
#3739=SURFACE_SIDE_STYLE('',(#6259));
#3740=EDGE_LOOP('',(#6260,#6261,#6262,#6263,#6264,#6265,#6266,#6267));
#3741=AXIS2_PLACEMENT_3D('',#6268,#6269,#6270);
#3742=SURFACE_SIDE_STYLE('',(#6271));
#3743=EDGE_LOOP('',(#6272,#6273,#6274,#6275));
#3744=AXIS2_PLACEMENT_3D('',#6276,#6277,#6278);
#3745=SURFACE_SIDE_STYLE('',(#6279));
#3746=EDGE_LOOP('',(#6280,#6281,#6282,#6283));
#3747=AXIS2_PLACEMENT_3D('',#6284,#6285,#6286);
#3748=SURFACE_SIDE_STYLE('',(#6287));
#3749=EDGE_LOOP('',(#6288,#6289,#6290,#6291));
#3750=AXIS2_PLACEMENT_3D('',#6292,#6293,#6294);
#3751=SURFACE_SIDE_STYLE('',(#6295));
#3752=EDGE_LOOP('',(#6296,#6297));
#3753=EDGE_LOOP('',(#6298,#6299,#6300,#6301,#6302,#6303));
#3754=AXIS2_PLACEMENT_3D('',#6304,#6305,#6306);
#3755=SURFACE_SIDE_STYLE('',(#6307));
#3756=EDGE_LOOP('',(#6308,#6309,#6310,#6311));
#3757=AXIS2_PLACEMENT_3D('',#6312,#6313,#6314);
#3758=SURFACE_SIDE_STYLE('',(#6315));
#3759=EDGE_LOOP('',(#6316,#6317,#6318,#6319));
#3760=AXIS2_PLACEMENT_3D('',#6320,#6321,#6322);
#3761=SURFACE_SIDE_STYLE('',(#6323));
#3762=EDGE_LOOP('',(#6324,#6325,#6326,#6327));
#3763=EDGE_LOOP('',(#6328,#6329,#6330,#6331));
#3764=AXIS2_PLACEMENT_3D('',#6332,#6333,#6334);
#3765=SURFACE_SIDE_STYLE('',(#6335));
#3766=EDGE_LOOP('',(#6336,#6337,#6338,#6339));
#3767=AXIS2_PLACEMENT_3D('',#6340,#6341,#6342);
#3768=SURFACE_SIDE_STYLE('',(#6343));
#3769=EDGE_LOOP('',(#6344,#6345,#6346,#6347));
#3770=AXIS2_PLACEMENT_3D('',#6348,#6349,#6350);
#3771=SURFACE_SIDE_STYLE('',(#6351));
#3772=EDGE_LOOP('',(#6352,#6353,#6354,#6355));
#3773=AXIS2_PLACEMENT_3D('',#6356,#6357,#6358);
#3774=SURFACE_SIDE_STYLE('',(#6359));
#3775=EDGE_LOOP('',(#6360,#6361));
#3776=AXIS2_PLACEMENT_3D('',#6362,#6363,#6364);
#3777=SURFACE_SIDE_STYLE('',(#6365));
#3778=EDGE_LOOP('',(#6366,#6367,#6368,#6369,#6370,#6371,#6372,#6373));
#3779=AXIS2_PLACEMENT_3D('',#6374,#6375,#6376);
#3780=SURFACE_SIDE_STYLE('',(#6377));
#3781=EDGE_LOOP('',(#6378,#6379,#6380,#6381));
#3782=AXIS2_PLACEMENT_3D('',#6382,#6383,#6384);
#3783=SURFACE_SIDE_STYLE('',(#6385));
#3784=EDGE_LOOP('',(#6386,#6387,#6388,#6389));
#3785=AXIS2_PLACEMENT_3D('',#6390,#6391,#6392);
#3786=SURFACE_SIDE_STYLE('',(#6393));
#3787=EDGE_LOOP('',(#6394,#6395,#6396,#6397));
#3788=AXIS2_PLACEMENT_3D('',#6398,#6399,#6400);
#3789=SURFACE_SIDE_STYLE('',(#6401));
#3790=EDGE_LOOP('',(#6402,#6403,#6404,#6405));
#3791=AXIS2_PLACEMENT_3D('',#6406,#6407,#6408);
#3792=SURFACE_SIDE_STYLE('',(#6409));
#3793=EDGE_LOOP('',(#6410,#6411,#6412,#6413));
#3794=AXIS2_PLACEMENT_3D('',#6414,#6415,#6416);
#3795=SURFACE_SIDE_STYLE('',(#6417));
#3796=EDGE_LOOP('',(#6418,#6419,#6420,#6421));
#3797=AXIS2_PLACEMENT_3D('',#6422,#6423,#6424);
#3798=SURFACE_SIDE_STYLE('',(#6425));
#3799=EDGE_LOOP('',(#6426,#6427,#6428,#6429));
#3800=AXIS2_PLACEMENT_3D('',#6430,#6431,#6432);
#3801=SURFACE_SIDE_STYLE('',(#6433));
#3802=EDGE_LOOP('',(#6434,#6435,#6436,#6437,#6438,#6439,#6440,#6441));
#3803=AXIS2_PLACEMENT_3D('',#6442,#6443,#6444);
#3804=SURFACE_SIDE_STYLE('',(#6445));
#3805=EDGE_LOOP('',(#6446,#6447,#6448,#6449));
#3806=AXIS2_PLACEMENT_3D('',#6450,#6451,#6452);
#3807=SURFACE_SIDE_STYLE('',(#6453));
#3808=EDGE_LOOP('',(#6454,#6455,#6456,#6457));
#3809=AXIS2_PLACEMENT_3D('',#6458,#6459,#6460);
#3810=SURFACE_SIDE_STYLE('',(#6461));
#3811=EDGE_LOOP('',(#6462,#6463,#6464,#6465));
#3812=AXIS2_PLACEMENT_3D('',#6466,#6467,#6468);
#3813=SURFACE_SIDE_STYLE('',(#6469));
#3814=EDGE_LOOP('',(#6470,#6471));
#3815=EDGE_LOOP('',(#6472,#6473,#6474,#6475,#6476,#6477));
#3816=AXIS2_PLACEMENT_3D('',#6478,#6479,#6480);
#3817=SURFACE_SIDE_STYLE('',(#6481));
#3818=EDGE_LOOP('',(#6482,#6483,#6484,#6485));
#3819=AXIS2_PLACEMENT_3D('',#6486,#6487,#6488);
#3820=SURFACE_SIDE_STYLE('',(#6489));
#3821=EDGE_LOOP('',(#6490,#6491,#6492,#6493));
#3822=AXIS2_PLACEMENT_3D('',#6494,#6495,#6496);
#3823=SURFACE_SIDE_STYLE('',(#6497));
#3824=EDGE_LOOP('',(#6498,#6499,#6500,#6501));
#3825=EDGE_LOOP('',(#6502,#6503,#6504,#6505));
#3826=AXIS2_PLACEMENT_3D('',#6506,#6507,#6508);
#3827=SURFACE_SIDE_STYLE('',(#6509));
#3828=EDGE_LOOP('',(#6510,#6511,#6512,#6513));
#3829=AXIS2_PLACEMENT_3D('',#6514,#6515,#6516);
#3830=SURFACE_SIDE_STYLE('',(#6517));
#3831=EDGE_LOOP('',(#6518,#6519,#6520,#6521));
#3832=AXIS2_PLACEMENT_3D('',#6522,#6523,#6524);
#3833=SURFACE_SIDE_STYLE('',(#6525));
#3834=EDGE_LOOP('',(#6526,#6527,#6528,#6529));
#3835=AXIS2_PLACEMENT_3D('',#6530,#6531,#6532);
#3836=SURFACE_SIDE_STYLE('',(#6533));
#3837=EDGE_LOOP('',(#6534,#6535));
#3838=AXIS2_PLACEMENT_3D('',#6536,#6537,#6538);
#3839=SURFACE_SIDE_STYLE('',(#6539));
#3840=EDGE_LOOP('',(#6540,#6541,#6542,#6543,#6544,#6545,#6546,#6547));
#3841=AXIS2_PLACEMENT_3D('',#6548,#6549,#6550);
#3842=SURFACE_SIDE_STYLE('',(#6551));
#3843=EDGE_LOOP('',(#6552,#6553,#6554,#6555));
#3844=AXIS2_PLACEMENT_3D('',#6556,#6557,#6558);
#3845=SURFACE_SIDE_STYLE('',(#6559));
#3846=EDGE_LOOP('',(#6560,#6561,#6562,#6563));
#3847=AXIS2_PLACEMENT_3D('',#6564,#6565,#6566);
#3848=SURFACE_SIDE_STYLE('',(#6567));
#3849=EDGE_LOOP('',(#6568,#6569,#6570,#6571));
#3850=AXIS2_PLACEMENT_3D('',#6572,#6573,#6574);
#3851=SURFACE_SIDE_STYLE('',(#6575));
#3852=EDGE_LOOP('',(#6576,#6577,#6578,#6579));
#3853=AXIS2_PLACEMENT_3D('',#6580,#6581,#6582);
#3854=SURFACE_SIDE_STYLE('',(#6583));
#3855=EDGE_LOOP('',(#6584,#6585,#6586,#6587));
#3856=AXIS2_PLACEMENT_3D('',#6588,#6589,#6590);
#3857=SURFACE_SIDE_STYLE('',(#6591));
#3858=EDGE_LOOP('',(#6592,#6593,#6594,#6595));
#3859=AXIS2_PLACEMENT_3D('',#6596,#6597,#6598);
#3860=SURFACE_SIDE_STYLE('',(#6599));
#3861=EDGE_LOOP('',(#6600,#6601,#6602,#6603));
#3862=AXIS2_PLACEMENT_3D('',#6604,#6605,#6606);
#3863=SURFACE_SIDE_STYLE('',(#6607));
#3864=EDGE_LOOP('',(#6608,#6609,#6610,#6611,#6612,#6613,#6614,#6615));
#3865=AXIS2_PLACEMENT_3D('',#6616,#6617,#6618);
#3866=SURFACE_SIDE_STYLE('',(#6619));
#3867=EDGE_LOOP('',(#6620,#6621,#6622,#6623));
#3868=AXIS2_PLACEMENT_3D('',#6624,#6625,#6626);
#3869=SURFACE_SIDE_STYLE('',(#6627));
#3870=EDGE_LOOP('',(#6628,#6629,#6630,#6631));
#3871=AXIS2_PLACEMENT_3D('',#6632,#6633,#6634);
#3872=SURFACE_SIDE_STYLE('',(#6635));
#3873=EDGE_LOOP('',(#6636,#6637,#6638,#6639));
#3874=AXIS2_PLACEMENT_3D('',#6640,#6641,#6642);
#3875=SURFACE_SIDE_STYLE('',(#6643));
#3876=EDGE_LOOP('',(#6644,#6645));
#3877=EDGE_LOOP('',(#6646,#6647,#6648,#6649,#6650,#6651));
#3878=AXIS2_PLACEMENT_3D('',#6652,#6653,#6654);
#3879=SURFACE_SIDE_STYLE('',(#6655));
#3880=EDGE_LOOP('',(#6656,#6657,#6658,#6659));
#3881=AXIS2_PLACEMENT_3D('',#6660,#6661,#6662);
#3882=SURFACE_SIDE_STYLE('',(#6663));
#3883=EDGE_LOOP('',(#6664,#6665,#6666,#6667));
#3884=AXIS2_PLACEMENT_3D('',#6668,#6669,#6670);
#3885=SURFACE_SIDE_STYLE('',(#6671));
#3886=EDGE_LOOP('',(#6672,#6673,#6674,#6675));
#3887=EDGE_LOOP('',(#6676,#6677,#6678,#6679));
#3888=AXIS2_PLACEMENT_3D('',#6680,#6681,#6682);
#3889=SURFACE_SIDE_STYLE('',(#6683));
#3890=EDGE_LOOP('',(#6684,#6685,#6686,#6687));
#3891=AXIS2_PLACEMENT_3D('',#6688,#6689,#6690);
#3892=SURFACE_SIDE_STYLE('',(#6691));
#3893=EDGE_LOOP('',(#6692,#6693,#6694,#6695));
#3894=AXIS2_PLACEMENT_3D('',#6696,#6697,#6698);
#3895=SURFACE_SIDE_STYLE('',(#6699));
#3896=EDGE_LOOP('',(#6700,#6701,#6702,#6703));
#3897=AXIS2_PLACEMENT_3D('',#6704,#6705,#6706);
#3898=SURFACE_SIDE_STYLE('',(#6707));
#3899=EDGE_LOOP('',(#6708,#6709));
#3900=AXIS2_PLACEMENT_3D('',#6710,#6711,#6712);
#3901=SURFACE_SIDE_STYLE('',(#6713));
#3902=EDGE_LOOP('',(#6714,#6715,#6716,#6717,#6718,#6719,#6720,#6721));
#3903=AXIS2_PLACEMENT_3D('',#6722,#6723,#6724);
#3904=SURFACE_SIDE_STYLE('',(#6725));
#3905=EDGE_LOOP('',(#6726,#6727,#6728,#6729));
#3906=AXIS2_PLACEMENT_3D('',#6730,#6731,#6732);
#3907=SURFACE_SIDE_STYLE('',(#6733));
#3908=EDGE_LOOP('',(#6734,#6735,#6736,#6737));
#3909=AXIS2_PLACEMENT_3D('',#6738,#6739,#6740);
#3910=SURFACE_SIDE_STYLE('',(#6741));
#3911=EDGE_LOOP('',(#6742,#6743,#6744,#6745));
#3912=AXIS2_PLACEMENT_3D('',#6746,#6747,#6748);
#3913=SURFACE_SIDE_STYLE('',(#6749));
#3914=EDGE_LOOP('',(#6750,#6751,#6752,#6753));
#3915=AXIS2_PLACEMENT_3D('',#6754,#6755,#6756);
#3916=SURFACE_SIDE_STYLE('',(#6757));
#3917=EDGE_LOOP('',(#6758,#6759,#6760,#6761));
#3918=AXIS2_PLACEMENT_3D('',#6762,#6763,#6764);
#3919=SURFACE_SIDE_STYLE('',(#6765));
#3920=EDGE_LOOP('',(#6766,#6767,#6768,#6769));
#3921=AXIS2_PLACEMENT_3D('',#6770,#6771,#6772);
#3922=SURFACE_SIDE_STYLE('',(#6773));
#3923=EDGE_LOOP('',(#6774,#6775,#6776,#6777));
#3924=AXIS2_PLACEMENT_3D('',#6778,#6779,#6780);
#3925=SURFACE_SIDE_STYLE('',(#6781));
#3926=EDGE_LOOP('',(#6782,#6783,#6784,#6785,#6786,#6787,#6788,#6789));
#3927=AXIS2_PLACEMENT_3D('',#6790,#6791,#6792);
#3928=SURFACE_SIDE_STYLE('',(#6793));
#3929=EDGE_LOOP('',(#6794,#6795,#6796,#6797));
#3930=AXIS2_PLACEMENT_3D('',#6798,#6799,#6800);
#3931=SURFACE_SIDE_STYLE('',(#6801));
#3932=EDGE_LOOP('',(#6802,#6803,#6804,#6805));
#3933=AXIS2_PLACEMENT_3D('',#6806,#6807,#6808);
#3934=SURFACE_SIDE_STYLE('',(#6809));
#3935=EDGE_LOOP('',(#6810,#6811,#6812,#6813));
#3936=AXIS2_PLACEMENT_3D('',#6814,#6815,#6816);
#3937=SURFACE_SIDE_STYLE('',(#6817));
#3938=EDGE_LOOP('',(#6818,#6819));
#3939=EDGE_LOOP('',(#6820,#6821,#6822,#6823,#6824,#6825));
#3940=AXIS2_PLACEMENT_3D('',#6826,#6827,#6828);
#3941=SURFACE_SIDE_STYLE('',(#6829));
#3942=EDGE_LOOP('',(#6830,#6831,#6832,#6833));
#3943=AXIS2_PLACEMENT_3D('',#6834,#6835,#6836);
#3944=SURFACE_SIDE_STYLE('',(#6837));
#3945=EDGE_LOOP('',(#6838,#6839,#6840,#6841));
#3946=AXIS2_PLACEMENT_3D('',#6842,#6843,#6844);
#3947=SURFACE_SIDE_STYLE('',(#6845));
#3948=EDGE_LOOP('',(#6846,#6847,#6848,#6849));
#3949=EDGE_LOOP('',(#6850,#6851,#6852,#6853));
#3950=AXIS2_PLACEMENT_3D('',#6854,#6855,#6856);
#3951=SURFACE_SIDE_STYLE('',(#6857));
#3952=EDGE_LOOP('',(#6858,#6859,#6860,#6861));
#3953=AXIS2_PLACEMENT_3D('',#6862,#6863,#6864);
#3954=SURFACE_SIDE_STYLE('',(#6865));
#3955=EDGE_LOOP('',(#6866,#6867,#6868,#6869));
#3956=AXIS2_PLACEMENT_3D('',#6870,#6871,#6872);
#3957=SURFACE_SIDE_STYLE('',(#6873));
#3958=EDGE_LOOP('',(#6874,#6875,#6876,#6877));
#3959=AXIS2_PLACEMENT_3D('',#6878,#6879,#6880);
#3960=SURFACE_SIDE_STYLE('',(#6881));
#3961=EDGE_LOOP('',(#6882,#6883));
#3962=AXIS2_PLACEMENT_3D('',#6884,#6885,#6886);
#3963=SURFACE_SIDE_STYLE('',(#6887));
#3964=EDGE_LOOP('',(#6888,#6889,#6890,#6891,#6892,#6893,#6894,#6895));
#3965=AXIS2_PLACEMENT_3D('',#6896,#6897,#6898);
#3966=SURFACE_SIDE_STYLE('',(#6899));
#3967=EDGE_LOOP('',(#6900,#6901,#6902,#6903));
#3968=AXIS2_PLACEMENT_3D('',#6904,#6905,#6906);
#3969=SURFACE_SIDE_STYLE('',(#6907));
#3970=EDGE_LOOP('',(#6908,#6909,#6910,#6911));
#3971=AXIS2_PLACEMENT_3D('',#6912,#6913,#6914);
#3972=SURFACE_SIDE_STYLE('',(#6915));
#3973=EDGE_LOOP('',(#6916,#6917,#6918,#6919));
#3974=AXIS2_PLACEMENT_3D('',#6920,#6921,#6922);
#3975=SURFACE_SIDE_STYLE('',(#6923));
#3976=EDGE_LOOP('',(#6924,#6925,#6926,#6927));
#3977=AXIS2_PLACEMENT_3D('',#6928,#6929,#6930);
#3978=SURFACE_SIDE_STYLE('',(#6931));
#3979=EDGE_LOOP('',(#6932,#6933,#6934,#6935));
#3980=AXIS2_PLACEMENT_3D('',#6936,#6937,#6938);
#3981=SURFACE_SIDE_STYLE('',(#6939));
#3982=EDGE_LOOP('',(#6940,#6941,#6942,#6943));
#3983=AXIS2_PLACEMENT_3D('',#6944,#6945,#6946);
#3984=SURFACE_SIDE_STYLE('',(#6947));
#3985=EDGE_LOOP('',(#6948,#6949,#6950,#6951));
#3986=AXIS2_PLACEMENT_3D('',#6952,#6953,#6954);
#3987=SURFACE_SIDE_STYLE('',(#6955));
#3988=EDGE_LOOP('',(#6956,#6957,#6958,#6959,#6960,#6961,#6962,#6963));
#3989=AXIS2_PLACEMENT_3D('',#6964,#6965,#6966);
#3990=SURFACE_SIDE_STYLE('',(#6967));
#3991=EDGE_LOOP('',(#6968,#6969,#6970,#6971));
#3992=AXIS2_PLACEMENT_3D('',#6972,#6973,#6974);
#3993=SURFACE_SIDE_STYLE('',(#6975));
#3994=EDGE_LOOP('',(#6976,#6977,#6978,#6979));
#3995=AXIS2_PLACEMENT_3D('',#6980,#6981,#6982);
#3996=SURFACE_SIDE_STYLE('',(#6983));
#3997=EDGE_LOOP('',(#6984,#6985,#6986,#6987));
#3998=AXIS2_PLACEMENT_3D('',#6988,#6989,#6990);
#3999=SURFACE_SIDE_STYLE('',(#6991));
#4000=EDGE_LOOP('',(#6992,#6993));
#4001=EDGE_LOOP('',(#6994,#6995,#6996,#6997,#6998,#6999));
#4002=AXIS2_PLACEMENT_3D('',#7000,#7001,#7002);
#4003=SURFACE_SIDE_STYLE('',(#7003));
#4004=EDGE_LOOP('',(#7004,#7005,#7006,#7007));
#4005=AXIS2_PLACEMENT_3D('',#7008,#7009,#7010);
#4006=SURFACE_SIDE_STYLE('',(#7011));
#4007=EDGE_LOOP('',(#7012,#7013,#7014,#7015));
#4008=AXIS2_PLACEMENT_3D('',#7016,#7017,#7018);
#4009=SURFACE_SIDE_STYLE('',(#7019));
#4010=EDGE_LOOP('',(#7020,#7021,#7022,#7023));
#4011=EDGE_LOOP('',(#7024,#7025,#7026,#7027));
#4012=AXIS2_PLACEMENT_3D('',#7028,#7029,#7030);
#4013=SURFACE_SIDE_STYLE('',(#7031));
#4014=EDGE_LOOP('',(#7032,#7033,#7034,#7035));
#4015=AXIS2_PLACEMENT_3D('',#7036,#7037,#7038);
#4016=SURFACE_SIDE_STYLE('',(#7039));
#4017=EDGE_LOOP('',(#7040,#7041,#7042,#7043));
#4018=AXIS2_PLACEMENT_3D('',#7044,#7045,#7046);
#4019=SURFACE_SIDE_STYLE('',(#7047));
#4020=EDGE_LOOP('',(#7048,#7049,#7050,#7051));
#4021=AXIS2_PLACEMENT_3D('',#7052,#7053,#7054);
#4022=SURFACE_SIDE_STYLE('',(#7055));
#4023=EDGE_LOOP('',(#7056,#7057));
#4024=AXIS2_PLACEMENT_3D('',#7058,#7059,#7060);
#4025=SURFACE_SIDE_STYLE('',(#7061));
#4026=EDGE_LOOP('',(#7062,#7063,#7064,#7065,#7066,#7067,#7068,#7069));
#4027=AXIS2_PLACEMENT_3D('',#7070,#7071,#7072);
#4028=SURFACE_SIDE_STYLE('',(#7073));
#4029=EDGE_LOOP('',(#7074,#7075,#7076,#7077));
#4030=AXIS2_PLACEMENT_3D('',#7078,#7079,#7080);
#4031=SURFACE_SIDE_STYLE('',(#7081));
#4032=EDGE_LOOP('',(#7082,#7083,#7084,#7085));
#4033=AXIS2_PLACEMENT_3D('',#7086,#7087,#7088);
#4034=SURFACE_SIDE_STYLE('',(#7089));
#4035=EDGE_LOOP('',(#7090,#7091,#7092,#7093));
#4036=AXIS2_PLACEMENT_3D('',#7094,#7095,#7096);
#4037=SURFACE_SIDE_STYLE('',(#7097));
#4038=EDGE_LOOP('',(#7098,#7099,#7100,#7101));
#4039=AXIS2_PLACEMENT_3D('',#7102,#7103,#7104);
#4040=SURFACE_SIDE_STYLE('',(#7105));
#4041=EDGE_LOOP('',(#7106,#7107,#7108,#7109));
#4042=AXIS2_PLACEMENT_3D('',#7110,#7111,#7112);
#4043=SURFACE_SIDE_STYLE('',(#7113));
#4044=EDGE_LOOP('',(#7114,#7115,#7116,#7117));
#4045=AXIS2_PLACEMENT_3D('',#7118,#7119,#7120);
#4046=SURFACE_SIDE_STYLE('',(#7121));
#4047=EDGE_LOOP('',(#7122,#7123,#7124,#7125));
#4048=AXIS2_PLACEMENT_3D('',#7126,#7127,#7128);
#4049=SURFACE_SIDE_STYLE('',(#7129));
#4050=EDGE_LOOP('',(#7130,#7131,#7132,#7133,#7134,#7135,#7136,#7137));
#4051=AXIS2_PLACEMENT_3D('',#7138,#7139,#7140);
#4052=SURFACE_SIDE_STYLE('',(#7141));
#4053=EDGE_LOOP('',(#7142,#7143,#7144,#7145));
#4054=AXIS2_PLACEMENT_3D('',#7146,#7147,#7148);
#4055=SURFACE_SIDE_STYLE('',(#7149));
#4056=EDGE_LOOP('',(#7150,#7151,#7152,#7153));
#4057=AXIS2_PLACEMENT_3D('',#7154,#7155,#7156);
#4058=SURFACE_SIDE_STYLE('',(#7157));
#4059=EDGE_LOOP('',(#7158,#7159,#7160,#7161));
#4060=AXIS2_PLACEMENT_3D('',#7162,#7163,#7164);
#4061=SURFACE_SIDE_STYLE('',(#7165));
#4062=EDGE_LOOP('',(#7166,#7167));
#4063=EDGE_LOOP('',(#7168,#7169,#7170,#7171,#7172,#7173));
#4064=AXIS2_PLACEMENT_3D('',#7174,#7175,#7176);
#4065=SURFACE_SIDE_STYLE('',(#7177));
#4066=EDGE_LOOP('',(#7178,#7179,#7180,#7181));
#4067=AXIS2_PLACEMENT_3D('',#7182,#7183,#7184);
#4068=SURFACE_SIDE_STYLE('',(#7185));
#4069=EDGE_LOOP('',(#7186,#7187,#7188,#7189));
#4070=AXIS2_PLACEMENT_3D('',#7190,#7191,#7192);
#4071=SURFACE_SIDE_STYLE('',(#7193));
#4072=EDGE_LOOP('',(#7194,#7195,#7196,#7197));
#4073=EDGE_LOOP('',(#7198,#7199,#7200,#7201));
#4074=AXIS2_PLACEMENT_3D('',#7202,#7203,#7204);
#4075=SURFACE_SIDE_STYLE('',(#7205));
#4076=EDGE_LOOP('',(#7206,#7207,#7208,#7209));
#4077=AXIS2_PLACEMENT_3D('',#7210,#7211,#7212);
#4078=SURFACE_SIDE_STYLE('',(#7213));
#4079=EDGE_LOOP('',(#7214,#7215,#7216,#7217));
#4080=AXIS2_PLACEMENT_3D('',#7218,#7219,#7220);
#4081=SURFACE_SIDE_STYLE('',(#7221));
#4082=EDGE_LOOP('',(#7222,#7223,#7224,#7225));
#4083=AXIS2_PLACEMENT_3D('',#7226,#7227,#7228);
#4084=SURFACE_SIDE_STYLE('',(#7229));
#4085=EDGE_LOOP('',(#7230,#7231));
#4086=AXIS2_PLACEMENT_3D('',#7232,#7233,#7234);
#4087=SURFACE_SIDE_STYLE('',(#7235));
#4088=EDGE_LOOP('',(#7236,#7237,#7238,#7239,#7240,#7241,#7242,#7243));
#4089=AXIS2_PLACEMENT_3D('',#7244,#7245,#7246);
#4090=SURFACE_SIDE_STYLE('',(#7247));
#4091=EDGE_LOOP('',(#7248,#7249,#7250,#7251));
#4092=AXIS2_PLACEMENT_3D('',#7252,#7253,#7254);
#4093=SURFACE_SIDE_STYLE('',(#7255));
#4094=EDGE_LOOP('',(#7256,#7257,#7258,#7259));
#4095=AXIS2_PLACEMENT_3D('',#7260,#7261,#7262);
#4096=SURFACE_SIDE_STYLE('',(#7263));
#4097=EDGE_LOOP('',(#7264,#7265,#7266,#7267));
#4098=AXIS2_PLACEMENT_3D('',#7268,#7269,#7270);
#4099=SURFACE_SIDE_STYLE('',(#7271));
#4100=EDGE_LOOP('',(#7272,#7273,#7274,#7275));
#4101=AXIS2_PLACEMENT_3D('',#7276,#7277,#7278);
#4102=SURFACE_SIDE_STYLE('',(#7279));
#4103=EDGE_LOOP('',(#7280,#7281,#7282,#7283));
#4104=AXIS2_PLACEMENT_3D('',#7284,#7285,#7286);
#4105=SURFACE_SIDE_STYLE('',(#7287));
#4106=EDGE_LOOP('',(#7288,#7289,#7290,#7291));
#4107=AXIS2_PLACEMENT_3D('',#7292,#7293,#7294);
#4108=SURFACE_SIDE_STYLE('',(#7295));
#4109=EDGE_LOOP('',(#7296,#7297,#7298,#7299));
#4110=AXIS2_PLACEMENT_3D('',#7300,#7301,#7302);
#4111=SURFACE_SIDE_STYLE('',(#7303));
#4112=EDGE_LOOP('',(#7304,#7305,#7306,#7307,#7308,#7309,#7310,#7311));
#4113=AXIS2_PLACEMENT_3D('',#7312,#7313,#7314);
#4114=SURFACE_SIDE_STYLE('',(#7315));
#4115=EDGE_LOOP('',(#7316,#7317,#7318,#7319));
#4116=AXIS2_PLACEMENT_3D('',#7320,#7321,#7322);
#4117=SURFACE_SIDE_STYLE('',(#7323));
#4118=EDGE_LOOP('',(#7324,#7325,#7326,#7327));
#4119=AXIS2_PLACEMENT_3D('',#7328,#7329,#7330);
#4120=SURFACE_SIDE_STYLE('',(#7331));
#4121=EDGE_LOOP('',(#7332,#7333,#7334,#7335));
#4122=AXIS2_PLACEMENT_3D('',#7336,#7337,#7338);
#4123=SURFACE_SIDE_STYLE('',(#7339));
#4124=EDGE_LOOP('',(#7340,#7341));
#4125=EDGE_LOOP('',(#7342,#7343,#7344,#7345,#7346,#7347));
#4126=AXIS2_PLACEMENT_3D('',#7348,#7349,#7350);
#4127=SURFACE_SIDE_STYLE('',(#7351));
#4128=EDGE_LOOP('',(#7352,#7353,#7354,#7355));
#4129=AXIS2_PLACEMENT_3D('',#7356,#7357,#7358);
#4130=SURFACE_SIDE_STYLE('',(#7359));
#4131=EDGE_LOOP('',(#7360,#7361,#7362,#7363));
#4132=AXIS2_PLACEMENT_3D('',#7364,#7365,#7366);
#4133=SURFACE_SIDE_STYLE('',(#7367));
#4134=EDGE_LOOP('',(#7368,#7369,#7370,#7371));
#4135=EDGE_LOOP('',(#7372,#7373,#7374,#7375));
#4136=AXIS2_PLACEMENT_3D('',#7376,#7377,#7378);
#4137=SURFACE_SIDE_STYLE('',(#7379));
#4138=EDGE_LOOP('',(#7380,#7381,#7382,#7383));
#4139=AXIS2_PLACEMENT_3D('',#7384,#7385,#7386);
#4140=SURFACE_SIDE_STYLE('',(#7387));
#4141=EDGE_LOOP('',(#7388,#7389,#7390,#7391));
#4142=AXIS2_PLACEMENT_3D('',#7392,#7393,#7394);
#4143=SURFACE_SIDE_STYLE('',(#7395));
#4144=EDGE_LOOP('',(#7396,#7397,#7398,#7399));
#4145=AXIS2_PLACEMENT_3D('',#7400,#7401,#7402);
#4146=SURFACE_SIDE_STYLE('',(#7403));
#4147=EDGE_LOOP('',(#7404,#7405));
#4148=AXIS2_PLACEMENT_3D('',#7406,#7407,#7408);
#4149=SURFACE_SIDE_STYLE('',(#7409));
#4150=EDGE_LOOP('',(#7410,#7411,#7412,#7413,#7414,#7415,#7416,#7417));
#4151=AXIS2_PLACEMENT_3D('',#7418,#7419,#7420);
#4152=SURFACE_SIDE_STYLE('',(#7421));
#4153=EDGE_LOOP('',(#7422,#7423,#7424,#7425));
#4154=AXIS2_PLACEMENT_3D('',#7426,#7427,#7428);
#4155=SURFACE_SIDE_STYLE('',(#7429));
#4156=EDGE_LOOP('',(#7430,#7431,#7432,#7433));
#4157=AXIS2_PLACEMENT_3D('',#7434,#7435,#7436);
#4158=SURFACE_SIDE_STYLE('',(#7437));
#4159=EDGE_LOOP('',(#7438,#7439,#7440,#7441));
#4160=AXIS2_PLACEMENT_3D('',#7442,#7443,#7444);
#4161=SURFACE_SIDE_STYLE('',(#7445));
#4162=EDGE_LOOP('',(#7446,#7447,#7448,#7449));
#4163=AXIS2_PLACEMENT_3D('',#7450,#7451,#7452);
#4164=SURFACE_SIDE_STYLE('',(#7453));
#4165=EDGE_LOOP('',(#7454,#7455,#7456,#7457));
#4166=AXIS2_PLACEMENT_3D('',#7458,#7459,#7460);
#4167=SURFACE_SIDE_STYLE('',(#7461));
#4168=EDGE_LOOP('',(#7462,#7463,#7464,#7465));
#4169=AXIS2_PLACEMENT_3D('',#7466,#7467,#7468);
#4170=SURFACE_SIDE_STYLE('',(#7469));
#4171=EDGE_LOOP('',(#7470,#7471,#7472,#7473));
#4172=AXIS2_PLACEMENT_3D('',#7474,#7475,#7476);
#4173=SURFACE_SIDE_STYLE('',(#7477));
#4174=EDGE_LOOP('',(#7478,#7479,#7480,#7481,#7482,#7483,#7484,#7485));
#4175=AXIS2_PLACEMENT_3D('',#7486,#7487,#7488);
#4176=SURFACE_SIDE_STYLE('',(#7489));
#4177=EDGE_LOOP('',(#7490,#7491,#7492,#7493));
#4178=AXIS2_PLACEMENT_3D('',#7494,#7495,#7496);
#4179=SURFACE_SIDE_STYLE('',(#7497));
#4180=EDGE_LOOP('',(#7498,#7499,#7500,#7501));
#4181=AXIS2_PLACEMENT_3D('',#7502,#7503,#7504);
#4182=SURFACE_SIDE_STYLE('',(#7505));
#4183=EDGE_LOOP('',(#7506,#7507,#7508,#7509));
#4184=AXIS2_PLACEMENT_3D('',#7510,#7511,#7512);
#4185=SURFACE_SIDE_STYLE('',(#7513));
#4186=EDGE_LOOP('',(#7514,#7515));
#4187=EDGE_LOOP('',(#7516,#7517,#7518,#7519,#7520,#7521));
#4188=AXIS2_PLACEMENT_3D('',#7522,#7523,#7524);
#4189=SURFACE_SIDE_STYLE('',(#7525));
#4190=EDGE_LOOP('',(#7526,#7527,#7528,#7529));
#4191=AXIS2_PLACEMENT_3D('',#7530,#7531,#7532);
#4192=SURFACE_SIDE_STYLE('',(#7533));
#4193=EDGE_LOOP('',(#7534,#7535,#7536,#7537));
#4194=AXIS2_PLACEMENT_3D('',#7538,#7539,#7540);
#4195=SURFACE_SIDE_STYLE('',(#7541));
#4196=EDGE_LOOP('',(#7542,#7543,#7544,#7545));
#4197=EDGE_LOOP('',(#7546,#7547,#7548,#7549));
#4198=AXIS2_PLACEMENT_3D('',#7550,#7551,#7552);
#4199=SURFACE_SIDE_STYLE('',(#7553));
#4200=EDGE_LOOP('',(#7554,#7555,#7556,#7557));
#4201=AXIS2_PLACEMENT_3D('',#7558,#7559,#7560);
#4202=SURFACE_SIDE_STYLE('',(#7561));
#4203=EDGE_LOOP('',(#7562,#7563,#7564,#7565));
#4204=AXIS2_PLACEMENT_3D('',#7566,#7567,#7568);
#4205=SURFACE_SIDE_STYLE('',(#7569));
#4206=EDGE_LOOP('',(#7570,#7571,#7572,#7573));
#4207=AXIS2_PLACEMENT_3D('',#7574,#7575,#7576);
#4208=SURFACE_SIDE_STYLE('',(#7577));
#4209=EDGE_LOOP('',(#7578,#7579));
#4210=AXIS2_PLACEMENT_3D('',#7580,#7581,#7582);
#4211=SURFACE_SIDE_STYLE('',(#7583));
#4212=EDGE_LOOP('',(#7584,#7585,#7586,#7587,#7588,#7589,#7590,#7591));
#4213=AXIS2_PLACEMENT_3D('',#7592,#7593,#7594);
#4214=SURFACE_SIDE_STYLE('',(#7595));
#4215=EDGE_LOOP('',(#7596,#7597,#7598,#7599));
#4216=AXIS2_PLACEMENT_3D('',#7600,#7601,#7602);
#4217=SURFACE_SIDE_STYLE('',(#7603));
#4218=EDGE_LOOP('',(#7604,#7605,#7606,#7607));
#4219=AXIS2_PLACEMENT_3D('',#7608,#7609,#7610);
#4220=SURFACE_SIDE_STYLE('',(#7611));
#4221=EDGE_LOOP('',(#7612,#7613,#7614,#7615));
#4222=AXIS2_PLACEMENT_3D('',#7616,#7617,#7618);
#4223=SURFACE_SIDE_STYLE('',(#7619));
#4224=EDGE_LOOP('',(#7620,#7621,#7622,#7623));
#4225=AXIS2_PLACEMENT_3D('',#7624,#7625,#7626);
#4226=SURFACE_SIDE_STYLE('',(#7627));
#4227=EDGE_LOOP('',(#7628,#7629,#7630,#7631));
#4228=AXIS2_PLACEMENT_3D('',#7632,#7633,#7634);
#4229=SURFACE_SIDE_STYLE('',(#7635));
#4230=EDGE_LOOP('',(#7636,#7637,#7638,#7639));
#4231=AXIS2_PLACEMENT_3D('',#7640,#7641,#7642);
#4232=SURFACE_SIDE_STYLE('',(#7643));
#4233=EDGE_LOOP('',(#7644,#7645,#7646,#7647));
#4234=AXIS2_PLACEMENT_3D('',#7648,#7649,#7650);
#4235=SURFACE_SIDE_STYLE('',(#7651));
#4236=EDGE_LOOP('',(#7652,#7653,#7654,#7655,#7656,#7657,#7658,#7659));
#4237=AXIS2_PLACEMENT_3D('',#7660,#7661,#7662);
#4238=SURFACE_SIDE_STYLE('',(#7663));
#4239=EDGE_LOOP('',(#7664,#7665,#7666,#7667));
#4240=AXIS2_PLACEMENT_3D('',#7668,#7669,#7670);
#4241=SURFACE_SIDE_STYLE('',(#7671));
#4242=EDGE_LOOP('',(#7672,#7673,#7674,#7675));
#4243=AXIS2_PLACEMENT_3D('',#7676,#7677,#7678);
#4244=SURFACE_SIDE_STYLE('',(#7679));
#4245=EDGE_LOOP('',(#7680,#7681,#7682,#7683));
#4246=AXIS2_PLACEMENT_3D('',#7684,#7685,#7686);
#4247=SURFACE_SIDE_STYLE('',(#7687));
#4248=EDGE_LOOP('',(#7688,#7689));
#4249=EDGE_LOOP('',(#7690,#7691,#7692,#7693,#7694,#7695));
#4250=AXIS2_PLACEMENT_3D('',#7696,#7697,#7698);
#4251=SURFACE_SIDE_STYLE('',(#7699));
#4252=EDGE_LOOP('',(#7700,#7701,#7702,#7703));
#4253=AXIS2_PLACEMENT_3D('',#7704,#7705,#7706);
#4254=SURFACE_SIDE_STYLE('',(#7707));
#4255=EDGE_LOOP('',(#7708,#7709,#7710,#7711));
#4256=AXIS2_PLACEMENT_3D('',#7712,#7713,#7714);
#4257=SURFACE_SIDE_STYLE('',(#7715));
#4258=EDGE_LOOP('',(#7716,#7717,#7718,#7719));
#4259=AXIS2_PLACEMENT_3D('',#7720,#7721,#7722);
#4260=SURFACE_SIDE_STYLE('',(#7723));
#4261=EDGE_LOOP('',(#7724,#7725,#7726,#7727));
#4262=AXIS2_PLACEMENT_3D('',#7728,#7729,#7730);
#4263=SURFACE_SIDE_STYLE('',(#7731));
#4264=EDGE_LOOP('',(#7732,#7733,#7734,#7735));
#4265=AXIS2_PLACEMENT_3D('',#7736,#7737,#7738);
#4266=SURFACE_SIDE_STYLE('',(#7739));
#4267=EDGE_LOOP('',(#7740,#7741,#7742,#7743));
#4268=AXIS2_PLACEMENT_3D('',#7744,#7745,#7746);
#4269=SURFACE_SIDE_STYLE('',(#7747));
#4270=EDGE_LOOP('',(#7748,#7749,#7750,#7751));
#4271=AXIS2_PLACEMENT_3D('',#7752,#7753,#7754);
#4272=SURFACE_SIDE_STYLE('',(#7755));
#4273=EDGE_LOOP('',(#7756,#7757,#7758,#7759));
#4274=AXIS2_PLACEMENT_3D('',#7760,#7761,#7762);
#4275=SURFACE_SIDE_STYLE('',(#7763));
#4276=EDGE_LOOP('',(#7764,#7765,#7766,#7767));
#4277=AXIS2_PLACEMENT_3D('',#7768,#7769,#7770);
#4278=SURFACE_SIDE_STYLE('',(#7771));
#4279=EDGE_LOOP('',(#7772,#7773,#7774,#7775));
#4280=AXIS2_PLACEMENT_3D('',#7776,#7777,#7778);
#4281=SURFACE_SIDE_STYLE('',(#7779));
#4282=EDGE_LOOP('',(#7780,#7781,#7782,#7783));
#4283=AXIS2_PLACEMENT_3D('',#7784,#7785,#7786);
#4284=SURFACE_SIDE_STYLE('',(#7787));
#4285=EDGE_LOOP('',(#7788,#7789,#7790,#7791));
#4286=AXIS2_PLACEMENT_3D('',#7792,#7793,#7794);
#4287=SURFACE_SIDE_STYLE('',(#7795));
#4288=EDGE_LOOP('',(#7796,#7797,#7798,#7799));
#4289=AXIS2_PLACEMENT_3D('',#7800,#7801,#7802);
#4290=SURFACE_SIDE_STYLE('',(#7803));
#4291=EDGE_LOOP('',(#7804,#7805,#7806,#7807));
#4292=AXIS2_PLACEMENT_3D('',#7808,#7809,#7810);
#4293=SURFACE_SIDE_STYLE('',(#7811));
#4294=EDGE_LOOP('',(#7812,#7813,#7814,#7815));
#4295=AXIS2_PLACEMENT_3D('',#7816,#7817,#7818);
#4296=SURFACE_SIDE_STYLE('',(#7819));
#4297=EDGE_LOOP('',(#7820,#7821,#7822,#7823));
#4298=AXIS2_PLACEMENT_3D('',#7824,#7825,#7826);
#4299=SURFACE_SIDE_STYLE('',(#7827));
#4300=EDGE_LOOP('',(#7828,#7829,#7830,#7831));
#4301=AXIS2_PLACEMENT_3D('',#7832,#7833,#7834);
#4302=SURFACE_SIDE_STYLE('',(#7835));
#4303=EDGE_LOOP('',(#7836,#7837,#7838,#7839));
#4304=AXIS2_PLACEMENT_3D('',#7840,#7841,#7842);
#4305=SURFACE_SIDE_STYLE('',(#7843));
#4306=EDGE_LOOP('',(#7844,#7845,#7846,#7847));
#4307=AXIS2_PLACEMENT_3D('',#7848,#7849,#7850);
#4308=SURFACE_SIDE_STYLE('',(#7851));
#4309=EDGE_LOOP('',(#7852,#7853,#7854,#7855));
#4310=AXIS2_PLACEMENT_3D('',#7856,#7857,#7858);
#4311=SURFACE_SIDE_STYLE('',(#7859));
#4312=EDGE_LOOP('',(#7860,#7861,#7862,#7863));
#4313=AXIS2_PLACEMENT_3D('',#7864,#7865,#7866);
#4314=SURFACE_SIDE_STYLE('',(#7867));
#4315=EDGE_LOOP('',(#7868,#7869,#7870,#7871));
#4316=AXIS2_PLACEMENT_3D('',#7872,#7873,#7874);
#4317=SURFACE_SIDE_STYLE('',(#7875));
#4318=EDGE_LOOP('',(#7876,#7877,#7878,#7879));
#4319=AXIS2_PLACEMENT_3D('',#7880,#7881,#7882);
#4320=SURFACE_SIDE_STYLE('',(#7883));
#4321=EDGE_LOOP('',(#7884,#7885,#7886,#7887));
#4322=AXIS2_PLACEMENT_3D('',#7888,#7889,#7890);
#4323=SURFACE_SIDE_STYLE('',(#7891));
#4324=EDGE_LOOP('',(#7892,#7893,#7894,#7895));
#4325=AXIS2_PLACEMENT_3D('',#7896,#7897,#7898);
#4326=SURFACE_SIDE_STYLE('',(#7899));
#4327=EDGE_LOOP('',(#7900,#7901,#7902,#7903));
#4328=AXIS2_PLACEMENT_3D('',#7904,#7905,#7906);
#4329=SURFACE_SIDE_STYLE('',(#7907));
#4330=EDGE_LOOP('',(#7908,#7909,#7910,#7911));
#4331=AXIS2_PLACEMENT_3D('',#7912,#7913,#7914);
#4332=SURFACE_SIDE_STYLE('',(#7915));
#4333=EDGE_LOOP('',(#7916,#7917,#7918,#7919));
#4334=AXIS2_PLACEMENT_3D('',#7920,#7921,#7922);
#4335=SURFACE_SIDE_STYLE('',(#7923));
#4336=EDGE_LOOP('',(#7924,#7925,#7926,#7927));
#4337=AXIS2_PLACEMENT_3D('',#7928,#7929,#7930);
#4338=SURFACE_SIDE_STYLE('',(#7931));
#4339=EDGE_LOOP('',(#7932,#7933,#7934,#7935));
#4340=AXIS2_PLACEMENT_3D('',#7936,#7937,#7938);
#4341=SURFACE_SIDE_STYLE('',(#7939));
#4342=EDGE_LOOP('',(#7940,#7941,#7942,#7943));
#4343=AXIS2_PLACEMENT_3D('',#7944,#7945,#7946);
#4344=SURFACE_SIDE_STYLE('',(#7947));
#4345=EDGE_LOOP('',(#7948,#7949,#7950,#7951));
#4346=AXIS2_PLACEMENT_3D('',#7952,#7953,#7954);
#4347=SURFACE_SIDE_STYLE('',(#7955));
#4348=EDGE_LOOP('',(#7956,#7957,#7958,#7959));
#4349=AXIS2_PLACEMENT_3D('',#7960,#7961,#7962);
#4350=SURFACE_SIDE_STYLE('',(#7963));
#4351=EDGE_LOOP('',(#7964,#7965,#7966,#7967));
#4352=AXIS2_PLACEMENT_3D('',#7968,#7969,#7970);
#4353=SURFACE_SIDE_STYLE('',(#7971));
#4354=EDGE_LOOP('',(#7972,#7973,#7974,#7975));
#4355=AXIS2_PLACEMENT_3D('',#7976,#7977,#7978);
#4356=SURFACE_SIDE_STYLE('',(#7979));
#4357=EDGE_LOOP('',(#7980,#7981,#7982,#7983));
#4358=AXIS2_PLACEMENT_3D('',#7984,#7985,#7986);
#4359=SURFACE_SIDE_STYLE('',(#7987));
#4360=EDGE_LOOP('',(#7988,#7989,#7990,#7991));
#4361=AXIS2_PLACEMENT_3D('',#7992,#7993,#7994);
#4362=SURFACE_SIDE_STYLE('',(#7995));
#4363=EDGE_LOOP('',(#7996,#7997,#7998,#7999));
#4364=AXIS2_PLACEMENT_3D('',#8000,#8001,#8002);
#4365=SURFACE_SIDE_STYLE('',(#8003));
#4366=EDGE_LOOP('',(#8004,#8005,#8006,#8007));
#4367=AXIS2_PLACEMENT_3D('',#8008,#8009,#8010);
#4368=SURFACE_SIDE_STYLE('',(#8011));
#4369=EDGE_LOOP('',(#8012,#8013,#8014,#8015));
#4370=AXIS2_PLACEMENT_3D('',#8016,#8017,#8018);
#4371=SURFACE_SIDE_STYLE('',(#8019));
#4372=EDGE_LOOP('',(#8020,#8021,#8022,#8023));
#4373=AXIS2_PLACEMENT_3D('',#8024,#8025,#8026);
#4374=SURFACE_SIDE_STYLE('',(#8027));
#4375=EDGE_LOOP('',(#8028,#8029,#8030,#8031));
#4376=AXIS2_PLACEMENT_3D('',#8032,#8033,#8034);
#4377=SURFACE_SIDE_STYLE('',(#8035));
#4378=EDGE_LOOP('',(#8036,#8037,#8038,#8039));
#4379=AXIS2_PLACEMENT_3D('',#8040,#8041,#8042);
#4380=SURFACE_SIDE_STYLE('',(#8043));
#4381=EDGE_LOOP('',(#8044,#8045,#8046,#8047));
#4382=AXIS2_PLACEMENT_3D('',#8048,#8049,#8050);
#4383=SURFACE_SIDE_STYLE('',(#8051));
#4384=EDGE_LOOP('',(#8052,#8053,#8054,#8055));
#4385=AXIS2_PLACEMENT_3D('',#8056,#8057,#8058);
#4386=SURFACE_SIDE_STYLE('',(#8059));
#4387=EDGE_LOOP('',(#8060,#8061,#8062,#8063));
#4388=AXIS2_PLACEMENT_3D('',#8064,#8065,#8066);
#4389=SURFACE_SIDE_STYLE('',(#8067));
#4390=EDGE_LOOP('',(#8068,#8069,#8070,#8071));
#4391=AXIS2_PLACEMENT_3D('',#8072,#8073,#8074);
#4392=SURFACE_SIDE_STYLE('',(#8075));
#4393=EDGE_LOOP('',(#8076,#8077,#8078,#8079));
#4394=AXIS2_PLACEMENT_3D('',#8080,#8081,#8082);
#4395=SURFACE_SIDE_STYLE('',(#8083));
#4396=EDGE_LOOP('',(#8084,#8085,#8086,#8087));
#4397=AXIS2_PLACEMENT_3D('',#8088,#8089,#8090);
#4398=SURFACE_SIDE_STYLE('',(#8091));
#4399=EDGE_LOOP('',(#8092,#8093,#8094,#8095));
#4400=AXIS2_PLACEMENT_3D('',#8096,#8097,#8098);
#4401=SURFACE_SIDE_STYLE('',(#8099));
#4402=EDGE_LOOP('',(#8100,#8101,#8102,#8103));
#4403=AXIS2_PLACEMENT_3D('',#8104,#8105,#8106);
#4404=SURFACE_SIDE_STYLE('',(#8107));
#4405=EDGE_LOOP('',(#8108,#8109,#8110,#8111));
#4406=AXIS2_PLACEMENT_3D('',#8112,#8113,#8114);
#4407=SURFACE_SIDE_STYLE('',(#8115));
#4408=EDGE_LOOP('',(#8116,#8117,#8118,#8119));
#4409=AXIS2_PLACEMENT_3D('',#8120,#8121,#8122);
#4410=SURFACE_SIDE_STYLE('',(#8123));
#4411=EDGE_LOOP('',(#8124,#8125,#8126,#8127));
#4412=AXIS2_PLACEMENT_3D('',#8128,#8129,#8130);
#4413=SURFACE_SIDE_STYLE('',(#8131));
#4414=EDGE_LOOP('',(#8132,#8133,#8134,#8135));
#4415=AXIS2_PLACEMENT_3D('',#8136,#8137,#8138);
#4416=SURFACE_SIDE_STYLE('',(#8139));
#4417=EDGE_LOOP('',(#8140,#8141,#8142,#8143));
#4418=AXIS2_PLACEMENT_3D('',#8144,#8145,#8146);
#4419=SURFACE_SIDE_STYLE('',(#8147));
#4420=EDGE_LOOP('',(#8148,#8149,#8150,#8151));
#4421=AXIS2_PLACEMENT_3D('',#8152,#8153,#8154);
#4422=SURFACE_SIDE_STYLE('',(#8155));
#4423=EDGE_LOOP('',(#8156,#8157,#8158,#8159));
#4424=AXIS2_PLACEMENT_3D('',#8160,#8161,#8162);
#4425=SURFACE_SIDE_STYLE('',(#8163));
#4426=EDGE_LOOP('',(#8164,#8165,#8166,#8167));
#4427=AXIS2_PLACEMENT_3D('',#8168,#8169,#8170);
#4428=SURFACE_SIDE_STYLE('',(#8171));
#4429=EDGE_LOOP('',(#8172,#8173,#8174,#8175));
#4430=AXIS2_PLACEMENT_3D('',#8176,#8177,#8178);
#4431=SURFACE_SIDE_STYLE('',(#8179));
#4432=EDGE_LOOP('',(#8180,#8181,#8182,#8183));
#4433=AXIS2_PLACEMENT_3D('',#8184,#8185,#8186);
#4434=SURFACE_SIDE_STYLE('',(#8187));
#4435=EDGE_LOOP('',(#8188,#8189,#8190,#8191));
#4436=AXIS2_PLACEMENT_3D('',#8192,#8193,#8194);
#4437=SURFACE_SIDE_STYLE('',(#8195));
#4438=EDGE_LOOP('',(#8196,#8197,#8198,#8199));
#4439=AXIS2_PLACEMENT_3D('',#8200,#8201,#8202);
#4440=SURFACE_SIDE_STYLE('',(#8203));
#4441=EDGE_LOOP('',(#8204,#8205,#8206,#8207));
#4442=AXIS2_PLACEMENT_3D('',#8208,#8209,#8210);
#4443=SURFACE_SIDE_STYLE('',(#8211));
#4444=EDGE_LOOP('',(#8212,#8213,#8214,#8215));
#4445=AXIS2_PLACEMENT_3D('',#8216,#8217,#8218);
#4446=SURFACE_SIDE_STYLE('',(#8219));
#4447=EDGE_LOOP('',(#8220,#8221,#8222,#8223));
#4448=AXIS2_PLACEMENT_3D('',#8224,#8225,#8226);
#4449=SURFACE_SIDE_STYLE('',(#8227));
#4450=EDGE_LOOP('',(#8228,#8229,#8230,#8231));
#4451=AXIS2_PLACEMENT_3D('',#8232,#8233,#8234);
#4452=SURFACE_SIDE_STYLE('',(#8235));
#4453=EDGE_LOOP('',(#8236,#8237,#8238,#8239));
#4454=AXIS2_PLACEMENT_3D('',#8240,#8241,#8242);
#4455=SURFACE_SIDE_STYLE('',(#8243));
#4456=EDGE_LOOP('',(#8244,#8245,#8246,#8247));
#4457=AXIS2_PLACEMENT_3D('',#8248,#8249,#8250);
#4458=SURFACE_SIDE_STYLE('',(#8251));
#4459=EDGE_LOOP('',(#8252,#8253,#8254,#8255));
#4460=AXIS2_PLACEMENT_3D('',#8256,#8257,#8258);
#4461=SURFACE_SIDE_STYLE('',(#8259));
#4462=EDGE_LOOP('',(#8260,#8261,#8262,#8263));
#4463=AXIS2_PLACEMENT_3D('',#8264,#8265,#8266);
#4464=SURFACE_SIDE_STYLE('',(#8267));
#4465=EDGE_LOOP('',(#8268,#8269,#8270,#8271));
#4466=AXIS2_PLACEMENT_3D('',#8272,#8273,#8274);
#4467=SURFACE_SIDE_STYLE('',(#8275));
#4468=EDGE_LOOP('',(#8276,#8277,#8278,#8279));
#4469=AXIS2_PLACEMENT_3D('',#8280,#8281,#8282);
#4470=SURFACE_SIDE_STYLE('',(#8283));
#4471=EDGE_LOOP('',(#8284,#8285,#8286,#8287));
#4472=AXIS2_PLACEMENT_3D('',#8288,#8289,#8290);
#4473=SURFACE_SIDE_STYLE('',(#8291));
#4474=EDGE_LOOP('',(#8292,#8293,#8294,#8295));
#4475=AXIS2_PLACEMENT_3D('',#8296,#8297,#8298);
#4476=SURFACE_SIDE_STYLE('',(#8299));
#4477=EDGE_LOOP('',(#8300,#8301,#8302,#8303));
#4478=AXIS2_PLACEMENT_3D('',#8304,#8305,#8306);
#4479=SURFACE_SIDE_STYLE('',(#8307));
#4480=EDGE_LOOP('',(#8308,#8309,#8310,#8311));
#4481=AXIS2_PLACEMENT_3D('',#8312,#8313,#8314);
#4482=SURFACE_SIDE_STYLE('',(#8315));
#4483=EDGE_LOOP('',(#8316,#8317,#8318,#8319));
#4484=AXIS2_PLACEMENT_3D('',#8320,#8321,#8322);
#4485=SURFACE_SIDE_STYLE('',(#8323));
#4486=EDGE_LOOP('',(#8324,#8325,#8326,#8327));
#4487=AXIS2_PLACEMENT_3D('',#8328,#8329,#8330);
#4488=SURFACE_SIDE_STYLE('',(#8331));
#4489=EDGE_LOOP('',(#8332,#8333,#8334,#8335));
#4490=AXIS2_PLACEMENT_3D('',#8336,#8337,#8338);
#4491=SURFACE_SIDE_STYLE('',(#8339));
#4492=EDGE_LOOP('',(#8340,#8341,#8342,#8343));
#4493=AXIS2_PLACEMENT_3D('',#8344,#8345,#8346);
#4494=SURFACE_SIDE_STYLE('',(#8347));
#4495=EDGE_LOOP('',(#8348,#8349,#8350,#8351));
#4496=AXIS2_PLACEMENT_3D('',#8352,#8353,#8354);
#4497=SURFACE_SIDE_STYLE('',(#8355));
#4498=EDGE_LOOP('',(#8356,#8357,#8358,#8359));
#4499=AXIS2_PLACEMENT_3D('',#8360,#8361,#8362);
#4500=SURFACE_SIDE_STYLE('',(#8363));
#4501=EDGE_LOOP('',(#8364,#8365,#8366,#8367));
#4502=AXIS2_PLACEMENT_3D('',#8368,#8369,#8370);
#4503=SURFACE_SIDE_STYLE('',(#8371));
#4504=EDGE_LOOP('',(#8372,#8373,#8374,#8375));
#4505=AXIS2_PLACEMENT_3D('',#8376,#8377,#8378);
#4506=SURFACE_SIDE_STYLE('',(#8379));
#4507=EDGE_LOOP('',(#8380,#8381,#8382,#8383));
#4508=AXIS2_PLACEMENT_3D('',#8384,#8385,#8386);
#4509=SURFACE_SIDE_STYLE('',(#8387));
#4510=EDGE_LOOP('',(#8388,#8389,#8390,#8391));
#4511=AXIS2_PLACEMENT_3D('',#8392,#8393,#8394);
#4512=SURFACE_SIDE_STYLE('',(#8395));
#4513=EDGE_LOOP('',(#8396,#8397,#8398,#8399));
#4514=AXIS2_PLACEMENT_3D('',#8400,#8401,#8402);
#4515=SURFACE_SIDE_STYLE('',(#8403));
#4516=EDGE_LOOP('',(#8404,#8405,#8406,#8407));
#4517=AXIS2_PLACEMENT_3D('',#8408,#8409,#8410);
#4518=SURFACE_SIDE_STYLE('',(#8411));
#4519=EDGE_LOOP('',(#8412,#8413,#8414,#8415));
#4520=AXIS2_PLACEMENT_3D('',#8416,#8417,#8418);
#4521=SURFACE_SIDE_STYLE('',(#8419));
#4522=EDGE_LOOP('',(#8420,#8421,#8422,#8423));
#4523=AXIS2_PLACEMENT_3D('',#8424,#8425,#8426);
#4524=SURFACE_SIDE_STYLE('',(#8427));
#4525=EDGE_LOOP('',(#8428,#8429,#8430,#8431));
#4526=AXIS2_PLACEMENT_3D('',#8432,#8433,#8434);
#4527=SURFACE_SIDE_STYLE('',(#8435));
#4528=EDGE_LOOP('',(#8436,#8437,#8438,#8439));
#4529=AXIS2_PLACEMENT_3D('',#8440,#8441,#8442);
#4530=SURFACE_SIDE_STYLE('',(#8443));
#4531=EDGE_LOOP('',(#8444,#8445,#8446,#8447));
#4532=AXIS2_PLACEMENT_3D('',#8448,#8449,#8450);
#4533=SURFACE_SIDE_STYLE('',(#8451));
#4534=EDGE_LOOP('',(#8452,#8453,#8454,#8455));
#4535=AXIS2_PLACEMENT_3D('',#8456,#8457,#8458);
#4536=SURFACE_SIDE_STYLE('',(#8459));
#4537=EDGE_LOOP('',(#8460,#8461,#8462,#8463));
#4538=AXIS2_PLACEMENT_3D('',#8464,#8465,#8466);
#4539=SURFACE_SIDE_STYLE('',(#8467));
#4540=EDGE_LOOP('',(#8468,#8469,#8470,#8471));
#4541=AXIS2_PLACEMENT_3D('',#8472,#8473,#8474);
#4542=SURFACE_SIDE_STYLE('',(#8475));
#4543=EDGE_LOOP('',(#8476,#8477,#8478,#8479));
#4544=AXIS2_PLACEMENT_3D('',#8480,#8481,#8482);
#4545=SURFACE_SIDE_STYLE('',(#8483));
#4546=EDGE_LOOP('',(#8484,#8485,#8486,#8487));
#4547=AXIS2_PLACEMENT_3D('',#8488,#8489,#8490);
#4548=SURFACE_SIDE_STYLE('',(#8491));
#4549=EDGE_LOOP('',(#8492,#8493,#8494,#8495));
#4550=AXIS2_PLACEMENT_3D('',#8496,#8497,#8498);
#4551=SURFACE_SIDE_STYLE('',(#8499));
#4552=EDGE_LOOP('',(#8500,#8501,#8502,#8503));
#4553=AXIS2_PLACEMENT_3D('',#8504,#8505,#8506);
#4554=SURFACE_SIDE_STYLE('',(#8507));
#4555=EDGE_LOOP('',(#8508,#8509,#8510,#8511));
#4556=AXIS2_PLACEMENT_3D('',#8512,#8513,#8514);
#4557=SURFACE_SIDE_STYLE('',(#8515));
#4558=EDGE_LOOP('',(#8516,#8517,#8518,#8519));
#4559=AXIS2_PLACEMENT_3D('',#8520,#8521,#8522);
#4560=SURFACE_SIDE_STYLE('',(#8523));
#4561=EDGE_LOOP('',(#8524,#8525,#8526,#8527));
#4562=AXIS2_PLACEMENT_3D('',#8528,#8529,#8530);
#4563=SURFACE_SIDE_STYLE('',(#8531));
#4564=EDGE_LOOP('',(#8532,#8533,#8534,#8535));
#4565=AXIS2_PLACEMENT_3D('',#8536,#8537,#8538);
#4566=SURFACE_SIDE_STYLE('',(#8539));
#4567=EDGE_LOOP('',(#8540,#8541,#8542,#8543));
#4568=AXIS2_PLACEMENT_3D('',#8544,#8545,#8546);
#4569=SURFACE_SIDE_STYLE('',(#8547));
#4570=EDGE_LOOP('',(#8548,#8549,#8550,#8551));
#4571=AXIS2_PLACEMENT_3D('',#8552,#8553,#8554);
#4572=SURFACE_SIDE_STYLE('',(#8555));
#4573=EDGE_LOOP('',(#8556,#8557,#8558,#8559));
#4574=AXIS2_PLACEMENT_3D('',#8560,#8561,#8562);
#4575=SURFACE_SIDE_STYLE('',(#8563));
#4576=EDGE_LOOP('',(#8564,#8565,#8566,#8567));
#4577=AXIS2_PLACEMENT_3D('',#8568,#8569,#8570);
#4578=SURFACE_SIDE_STYLE('',(#8571));
#4579=EDGE_LOOP('',(#8572,#8573,#8574,#8575));
#4580=AXIS2_PLACEMENT_3D('',#8576,#8577,#8578);
#4581=SURFACE_SIDE_STYLE('',(#8579));
#4582=EDGE_LOOP('',(#8580,#8581,#8582,#8583));
#4583=AXIS2_PLACEMENT_3D('',#8584,#8585,#8586);
#4584=SURFACE_SIDE_STYLE('',(#8587));
#4585=EDGE_LOOP('',(#8588,#8589,#8590,#8591));
#4586=AXIS2_PLACEMENT_3D('',#8592,#8593,#8594);
#4587=SURFACE_SIDE_STYLE('',(#8595));
#4588=EDGE_LOOP('',(#8596,#8597,#8598,#8599));
#4589=AXIS2_PLACEMENT_3D('',#8600,#8601,#8602);
#4590=SURFACE_SIDE_STYLE('',(#8603));
#4591=EDGE_LOOP('',(#8604,#8605,#8606,#8607));
#4592=AXIS2_PLACEMENT_3D('',#8608,#8609,#8610);
#4593=SURFACE_SIDE_STYLE('',(#8611));
#4594=EDGE_LOOP('',(#8612,#8613,#8614,#8615));
#4595=AXIS2_PLACEMENT_3D('',#8616,#8617,#8618);
#4596=SURFACE_SIDE_STYLE('',(#8619));
#4597=EDGE_LOOP('',(#8620,#8621,#8622,#8623));
#4598=AXIS2_PLACEMENT_3D('',#8624,#8625,#8626);
#4599=SURFACE_SIDE_STYLE('',(#8627));
#4600=EDGE_LOOP('',(#8628,#8629,#8630,#8631));
#4601=AXIS2_PLACEMENT_3D('',#8632,#8633,#8634);
#4602=SURFACE_SIDE_STYLE('',(#8635));
#4603=EDGE_LOOP('',(#8636,#8637,#8638,#8639));
#4604=AXIS2_PLACEMENT_3D('',#8640,#8641,#8642);
#4605=SURFACE_SIDE_STYLE('',(#8643));
#4606=EDGE_LOOP('',(#8644,#8645,#8646,#8647));
#4607=AXIS2_PLACEMENT_3D('',#8648,#8649,#8650);
#4608=SURFACE_SIDE_STYLE('',(#8651));
#4609=EDGE_LOOP('',(#8652,#8653,#8654,#8655));
#4610=AXIS2_PLACEMENT_3D('',#8656,#8657,#8658);
#4611=SURFACE_SIDE_STYLE('',(#8659));
#4612=EDGE_LOOP('',(#8660,#8661,#8662,#8663));
#4613=AXIS2_PLACEMENT_3D('',#8664,#8665,#8666);
#4614=SURFACE_SIDE_STYLE('',(#8667));
#4615=EDGE_LOOP('',(#8668,#8669,#8670,#8671));
#4616=AXIS2_PLACEMENT_3D('',#8672,#8673,#8674);
#4617=SURFACE_SIDE_STYLE('',(#8675));
#4618=EDGE_LOOP('',(#8676,#8677,#8678,#8679));
#4619=AXIS2_PLACEMENT_3D('',#8680,#8681,#8682);
#4620=SURFACE_SIDE_STYLE('',(#8683));
#4621=EDGE_LOOP('',(#8684,#8685,#8686,#8687));
#4622=AXIS2_PLACEMENT_3D('',#8688,#8689,#8690);
#4623=SURFACE_SIDE_STYLE('',(#8691));
#4624=EDGE_LOOP('',(#8692,#8693,#8694,#8695));
#4625=AXIS2_PLACEMENT_3D('',#8696,#8697,#8698);
#4626=SURFACE_SIDE_STYLE('',(#8699));
#4627=EDGE_LOOP('',(#8700,#8701,#8702,#8703));
#4628=AXIS2_PLACEMENT_3D('',#8704,#8705,#8706);
#4629=SURFACE_SIDE_STYLE('',(#8707));
#4630=EDGE_LOOP('',(#8708,#8709,#8710,#8711));
#4631=AXIS2_PLACEMENT_3D('',#8712,#8713,#8714);
#4632=SURFACE_SIDE_STYLE('',(#8715));
#4633=EDGE_LOOP('',(#8716,#8717,#8718,#8719));
#4634=AXIS2_PLACEMENT_3D('',#8720,#8721,#8722);
#4635=SURFACE_SIDE_STYLE('',(#8723));
#4636=EDGE_LOOP('',(#8724,#8725,#8726,#8727));
#4637=AXIS2_PLACEMENT_3D('',#8728,#8729,#8730);
#4638=SURFACE_SIDE_STYLE('',(#8731));
#4639=EDGE_LOOP('',(#8732,#8733,#8734,#8735));
#4640=AXIS2_PLACEMENT_3D('',#8736,#8737,#8738);
#4641=SURFACE_SIDE_STYLE('',(#8739));
#4642=EDGE_LOOP('',(#8740,#8741,#8742,#8743));
#4643=AXIS2_PLACEMENT_3D('',#8744,#8745,#8746);
#4644=SURFACE_SIDE_STYLE('',(#8747));
#4645=EDGE_LOOP('',(#8748,#8749,#8750,#8751));
#4646=AXIS2_PLACEMENT_3D('',#8752,#8753,#8754);
#4647=SURFACE_SIDE_STYLE('',(#8755));
#4648=EDGE_LOOP('',(#8756,#8757,#8758,#8759));
#4649=AXIS2_PLACEMENT_3D('',#8760,#8761,#8762);
#4650=SURFACE_SIDE_STYLE('',(#8763));
#4651=EDGE_LOOP('',(#8764,#8765,#8766,#8767));
#4652=AXIS2_PLACEMENT_3D('',#8768,#8769,#8770);
#4653=SURFACE_SIDE_STYLE('',(#8771));
#4654=EDGE_LOOP('',(#8772,#8773,#8774,#8775));
#4655=AXIS2_PLACEMENT_3D('',#8776,#8777,#8778);
#4656=SURFACE_SIDE_STYLE('',(#8779));
#4657=EDGE_LOOP('',(#8780,#8781,#8782,#8783));
#4658=AXIS2_PLACEMENT_3D('',#8784,#8785,#8786);
#4659=SURFACE_SIDE_STYLE('',(#8787));
#4660=EDGE_LOOP('',(#8788,#8789,#8790,#8791));
#4661=AXIS2_PLACEMENT_3D('',#8792,#8793,#8794);
#4662=SURFACE_SIDE_STYLE('',(#8795));
#4663=EDGE_LOOP('',(#8796,#8797,#8798,#8799));
#4664=AXIS2_PLACEMENT_3D('',#8800,#8801,#8802);
#4665=SURFACE_SIDE_STYLE('',(#8803));
#4666=EDGE_LOOP('',(#8804,#8805,#8806,#8807));
#4667=AXIS2_PLACEMENT_3D('',#8808,#8809,#8810);
#4668=SURFACE_SIDE_STYLE('',(#8811));
#4669=EDGE_LOOP('',(#8812,#8813,#8814,#8815));
#4670=AXIS2_PLACEMENT_3D('',#8816,#8817,#8818);
#4671=SURFACE_SIDE_STYLE('',(#8819));
#4672=EDGE_LOOP('',(#8820,#8821,#8822,#8823));
#4673=AXIS2_PLACEMENT_3D('',#8824,#8825,#8826);
#4674=SURFACE_SIDE_STYLE('',(#8827));
#4675=EDGE_LOOP('',(#8828,#8829,#8830,#8831));
#4676=AXIS2_PLACEMENT_3D('',#8832,#8833,#8834);
#4677=SURFACE_SIDE_STYLE('',(#8835));
#4678=EDGE_LOOP('',(#8836,#8837,#8838,#8839));
#4679=AXIS2_PLACEMENT_3D('',#8840,#8841,#8842);
#4680=SURFACE_SIDE_STYLE('',(#8843));
#4681=EDGE_LOOP('',(#8844,#8845,#8846,#8847));
#4682=AXIS2_PLACEMENT_3D('',#8848,#8849,#8850);
#4683=SURFACE_SIDE_STYLE('',(#8851));
#4684=EDGE_LOOP('',(#8852,#8853,#8854,#8855));
#4685=AXIS2_PLACEMENT_3D('',#8856,#8857,#8858);
#4686=SURFACE_SIDE_STYLE('',(#8859));
#4687=EDGE_LOOP('',(#8860,#8861,#8862,#8863));
#4688=AXIS2_PLACEMENT_3D('',#8864,#8865,#8866);
#4689=SURFACE_SIDE_STYLE('',(#8867));
#4690=EDGE_LOOP('',(#8868,#8869,#8870,#8871));
#4691=AXIS2_PLACEMENT_3D('',#8872,#8873,#8874);
#4692=SURFACE_SIDE_STYLE('',(#8875));
#4693=EDGE_LOOP('',(#8876,#8877,#8878,#8879));
#4694=AXIS2_PLACEMENT_3D('',#8880,#8881,#8882);
#4695=SURFACE_SIDE_STYLE('',(#8883));
#4696=EDGE_LOOP('',(#8884,#8885,#8886,#8887));
#4697=AXIS2_PLACEMENT_3D('',#8888,#8889,#8890);
#4698=SURFACE_SIDE_STYLE('',(#8891));
#4699=EDGE_LOOP('',(#8892,#8893,#8894,#8895));
#4700=AXIS2_PLACEMENT_3D('',#8896,#8897,#8898);
#4701=SURFACE_SIDE_STYLE('',(#8899));
#4702=EDGE_LOOP('',(#8900,#8901,#8902,#8903));
#4703=AXIS2_PLACEMENT_3D('',#8904,#8905,#8906);
#4704=SURFACE_SIDE_STYLE('',(#8907));
#4705=EDGE_LOOP('',(#8908,#8909,#8910,#8911));
#4706=AXIS2_PLACEMENT_3D('',#8912,#8913,#8914);
#4707=SURFACE_SIDE_STYLE('',(#8915));
#4708=EDGE_LOOP('',(#8916,#8917,#8918,#8919));
#4709=AXIS2_PLACEMENT_3D('',#8920,#8921,#8922);
#4710=SURFACE_SIDE_STYLE('',(#8923));
#4711=EDGE_LOOP('',(#8924,#8925,#8926,#8927));
#4712=AXIS2_PLACEMENT_3D('',#8928,#8929,#8930);
#4713=SURFACE_SIDE_STYLE('',(#8931));
#4714=EDGE_LOOP('',(#8932,#8933,#8934,#8935));
#4715=AXIS2_PLACEMENT_3D('',#8936,#8937,#8938);
#4716=SURFACE_SIDE_STYLE('',(#8939));
#4717=EDGE_LOOP('',(#8940,#8941,#8942,#8943));
#4718=AXIS2_PLACEMENT_3D('',#8944,#8945,#8946);
#4719=SURFACE_SIDE_STYLE('',(#8947));
#4720=EDGE_LOOP('',(#8948,#8949,#8950,#8951));
#4721=AXIS2_PLACEMENT_3D('',#8952,#8953,#8954);
#4722=SURFACE_SIDE_STYLE('',(#8955));
#4723=EDGE_LOOP('',(#8956,#8957,#8958,#8959));
#4724=AXIS2_PLACEMENT_3D('',#8960,#8961,#8962);
#4725=SURFACE_SIDE_STYLE('',(#8963));
#4726=EDGE_LOOP('',(#8964,#8965,#8966,#8967));
#4727=AXIS2_PLACEMENT_3D('',#8968,#8969,#8970);
#4728=SURFACE_SIDE_STYLE('',(#8971));
#4729=EDGE_LOOP('',(#8972,#8973,#8974,#8975));
#4730=AXIS2_PLACEMENT_3D('',#8976,#8977,#8978);
#4731=SURFACE_SIDE_STYLE('',(#8979));
#4732=EDGE_LOOP('',(#8980,#8981,#8982,#8983));
#4733=AXIS2_PLACEMENT_3D('',#8984,#8985,#8986);
#4734=SURFACE_SIDE_STYLE('',(#8987));
#4735=EDGE_LOOP('',(#8988,#8989,#8990,#8991));
#4736=AXIS2_PLACEMENT_3D('',#8992,#8993,#8994);
#4737=SURFACE_SIDE_STYLE('',(#8995));
#4738=EDGE_LOOP('',(#8996,#8997,#8998,#8999));
#4739=AXIS2_PLACEMENT_3D('',#9000,#9001,#9002);
#4740=SURFACE_SIDE_STYLE('',(#9003));
#4741=EDGE_LOOP('',(#9004,#9005,#9006,#9007));
#4742=AXIS2_PLACEMENT_3D('',#9008,#9009,#9010);
#4743=SURFACE_SIDE_STYLE('',(#9011));
#4744=EDGE_LOOP('',(#9012,#9013,#9014,#9015));
#4745=AXIS2_PLACEMENT_3D('',#9016,#9017,#9018);
#4746=SURFACE_SIDE_STYLE('',(#9019));
#4747=EDGE_LOOP('',(#9020,#9021,#9022,#9023));
#4748=AXIS2_PLACEMENT_3D('',#9024,#9025,#9026);
#4749=SURFACE_SIDE_STYLE('',(#9027));
#4750=EDGE_LOOP('',(#9028,#9029,#9030,#9031,#9032,#9033));
#4751=AXIS2_PLACEMENT_3D('',#9034,#9035,#9036);
#4752=SURFACE_SIDE_STYLE('',(#9037));
#4753=EDGE_LOOP('',(#9038,#9039,#9040,#9041));
#4754=AXIS2_PLACEMENT_3D('',#9042,#9043,#9044);
#4755=SURFACE_SIDE_STYLE('',(#9045));
#4756=EDGE_LOOP('',(#9046,#9047,#9048,#9049));
#4757=AXIS2_PLACEMENT_3D('',#9050,#9051,#9052);
#4758=SURFACE_SIDE_STYLE('',(#9053));
#4759=EDGE_LOOP('',(#9054,#9055,#9056,#9057));
#4760=AXIS2_PLACEMENT_3D('',#9058,#9059,#9060);
#4761=SURFACE_SIDE_STYLE('',(#9061));
#4762=EDGE_LOOP('',(#9062,#9063,#9064,#9065));
#4763=AXIS2_PLACEMENT_3D('',#9066,#9067,#9068);
#4764=SURFACE_SIDE_STYLE('',(#9069));
#4765=EDGE_LOOP('',(#9070,#9071,#9072,#9073));
#4766=AXIS2_PLACEMENT_3D('',#9074,#9075,#9076);
#4767=SURFACE_SIDE_STYLE('',(#9077));
#4768=EDGE_LOOP('',(#9078,#9079,#9080,#9081));
#4769=AXIS2_PLACEMENT_3D('',#9082,#9083,#9084);
#4770=SURFACE_SIDE_STYLE('',(#9085));
#4771=EDGE_LOOP('',(#9086,#9087,#9088,#9089));
#4772=AXIS2_PLACEMENT_3D('',#9090,#9091,#9092);
#4773=SURFACE_SIDE_STYLE('',(#9093));
#4774=EDGE_LOOP('',(#9094,#9095,#9096,#9097,#9098,#9099,#9100,#9101,#9102,#9103,#9104,#9105));
#4775=AXIS2_PLACEMENT_3D('',#9106,#9107,#9108);
#4776=SURFACE_SIDE_STYLE('',(#9109));
#4777=EDGE_LOOP('',(#9110,#9111,#9112,#9113,#9114,#9115));
#4778=AXIS2_PLACEMENT_3D('',#9116,#9117,#9118);
#4779=SURFACE_SIDE_STYLE('',(#9119));
#4780=EDGE_LOOP('',(#9120,#9121,#9122,#9123));
#4781=AXIS2_PLACEMENT_3D('',#9124,#9125,#9126);
#4782=SURFACE_SIDE_STYLE('',(#9127));
#4783=EDGE_LOOP('',(#9128,#9129,#9130,#9131));
#4784=AXIS2_PLACEMENT_3D('',#9132,#9133,#9134);
#4785=SURFACE_SIDE_STYLE('',(#9135));
#4786=EDGE_LOOP('',(#9136,#9137,#9138,#9139));
#4787=AXIS2_PLACEMENT_3D('',#9140,#9141,#9142);
#4788=SURFACE_SIDE_STYLE('',(#9143));
#4789=EDGE_LOOP('',(#9144,#9145,#9146,#9147,#9148,#9149,#9150,#9151));
#4790=AXIS2_PLACEMENT_3D('',#9152,#9153,#9154);
#4791=SURFACE_SIDE_STYLE('',(#9155));
#4792=EDGE_LOOP('',(#9156,#9157,#9158,#9159));
#4793=EDGE_LOOP('',(#9160,#9161,#9162,#9163));
#4794=EDGE_LOOP('',(#9164,#9165,#9166,#9167));
#4795=EDGE_LOOP('',(#9168,#9169,#9170,#9171));
#4796=EDGE_LOOP('',(#9172,#9173,#9174,#9175));
#4797=EDGE_LOOP('',(#9176,#9177,#9178,#9179));
#4798=EDGE_LOOP('',(#9180,#9181,#9182,#9183));
#4799=EDGE_LOOP('',(#9184,#9185,#9186,#9187));
#4800=EDGE_LOOP('',(#9188,#9189,#9190,#9191));
#4801=EDGE_LOOP('',(#9192,#9193,#9194,#9195));
#4802=EDGE_LOOP('',(#9196,#9197,#9198,#9199,#9200,#9201,#9202,#9203,#9204,#9205,#9206,#9207));
#4803=AXIS2_PLACEMENT_3D('',#9208,#9209,#9210);
#4804=SURFACE_SIDE_STYLE('',(#9211));
#4805=EDGE_LOOP('',(#9212,#9213,#9214,#9215));
#4806=AXIS2_PLACEMENT_3D('',#9216,#9217,#9218);
#4807=SURFACE_SIDE_STYLE('',(#9219));
#4808=EDGE_LOOP('',(#9220,#9221,#9222,#9223));
#4809=AXIS2_PLACEMENT_3D('',#9224,#9225,#9226);
#4810=SURFACE_SIDE_STYLE('',(#9227));
#4811=EDGE_LOOP('',(#9228,#9229,#9230,#9231));
#4812=AXIS2_PLACEMENT_3D('',#9232,#9233,#9234);
#4813=SURFACE_SIDE_STYLE('',(#9235));
#4814=EDGE_LOOP('',(#9236,#9237,#9238,#9239,#9240,#9241));
#4815=EDGE_LOOP('',(#9242,#9243,#9244,#9245,#9246,#9247));
#4816=EDGE_LOOP('',(#9248,#9249,#9250,#9251,#9252,#9253));
#4817=EDGE_LOOP('',(#9254,#9255,#9256,#9257,#9258,#9259));
#4818=EDGE_LOOP('',(#9260,#9261,#9262,#9263,#9264,#9265));
#4819=EDGE_LOOP('',(#9266,#9267,#9268,#9269,#9270,#9271));
#4820=EDGE_LOOP('',(#9272,#9273,#9274,#9275,#9276,#9277));
#4821=EDGE_LOOP('',(#9278,#9279,#9280,#9281,#9282,#9283));
#4822=EDGE_LOOP('',(#9284,#9285,#9286,#9287,#9288,#9289));
#4823=EDGE_LOOP('',(#9290,#9291,#9292,#9293,#9294,#9295));
#4824=EDGE_LOOP('',(#9296,#9297,#9298,#9299));
#4825=AXIS2_PLACEMENT_3D('',#9300,#9301,#9302);
#4826=SURFACE_SIDE_STYLE('',(#9303));
#4827=EDGE_LOOP('',(#9304,#9305,#9306,#9307,#9308,#9309,#9310,#9311,#9312,#9313,#9314,#9315,#9316,#9317,#9318,#9319,#9320,#9321,#9322,#9323,#9324,#9325,#9326,#9327,#9328,#9329,#9330,#9331));
#4828=AXIS2_PLACEMENT_3D('',#9332,#9333,#9334);
#4829=SURFACE_SIDE_STYLE('',(#9335));
#4830=EDGE_LOOP('',(#9336,#9337));
#4831=EDGE_LOOP('',(#9338,#9339));
#4832=EDGE_LOOP('',(#9340,#9341));
#4833=EDGE_LOOP('',(#9342,#9343));
#4834=EDGE_LOOP('',(#9344,#9345));
#4835=EDGE_LOOP('',(#9346,#9347));
#4836=EDGE_LOOP('',(#9348,#9349));
#4837=EDGE_LOOP('',(#9350,#9351));
#4838=EDGE_LOOP('',(#9352,#9353));
#4839=EDGE_LOOP('',(#9354,#9355));
#4840=EDGE_LOOP('',(#9356,#9357,#9358,#9359,#9360,#9361,#9362,#9363,#9364,#9365,#9366,#9367,#9368,#9369,#9370,#9371,#9372,#9373,#9374,#9375,#9376,#9377,#9378,#9379,#9380,#9381,#9382,#9383));
#4841=EDGE_LOOP('',(#9384,#9385,#9386,#9387));
#4842=EDGE_LOOP('',(#9388,#9389,#9390,#9391));
#4843=EDGE_LOOP('',(#9392,#9393,#9394,#9395));
#4844=EDGE_LOOP('',(#9396,#9397,#9398,#9399));
#4845=EDGE_LOOP('',(#9400,#9401,#9402,#9403));
#4846=EDGE_LOOP('',(#9404,#9405,#9406,#9407));
#4847=EDGE_LOOP('',(#9408,#9409,#9410,#9411));
#4848=EDGE_LOOP('',(#9412,#9413,#9414,#9415));
#4849=EDGE_LOOP('',(#9416,#9417,#9418,#9419));
#4850=EDGE_LOOP('',(#9420,#9421,#9422,#9423));
#4851=AXIS2_PLACEMENT_3D('',#9424,#9425,#9426);
#4852=SURFACE_SIDE_STYLE('',(#9427));
#4853=EDGE_LOOP('',(#9428,#9429,#9430,#9431,#9432,#9433));
#4854=AXIS2_PLACEMENT_3D('',#9434,#9435,#9436);
#4855=SURFACE_SIDE_STYLE('',(#9437));
#4856=EDGE_LOOP('',(#9438,#9439,#9440,#9441,#9442,#9443,#9444,#9445,#9446,#9447,#9448,#9449));
#4857=AXIS2_PLACEMENT_3D('',#9450,#9451,#9452);
#4859=SURFACE_STYLE_FILL_AREA(#9453);
#4860=ORIENTED_EDGE('',*,*,#9454,.F.);
#4861=ORIENTED_EDGE('',*,*,#9455,.T.);
#4862=ORIENTED_EDGE('',*,*,#9456,.F.);
#4863=ORIENTED_EDGE('',*,*,#9457,.F.);
#4864=CARTESIAN_POINT('',(0.0,-4.826,-9.2709999999996));
#4865=DIRECTION('',(6.12323399573676E-17,-0.0,1.0));
#4866=DIRECTION('',(0.0,1.0,0.0));
#4867=SURFACE_STYLE_FILL_AREA(#9458);
#4868=ORIENTED_EDGE('',*,*,#9459,.F.);
#4869=ORIENTED_EDGE('',*,*,#9457,.T.);
#4870=ORIENTED_EDGE('',*,*,#9460,.F.);
#4871=ORIENTED_EDGE('',*,*,#9461,.F.);
#4872=CARTESIAN_POINT('',(0.0,-4.826,-9.49324999999962));
#4873=DIRECTION('',(-6.12323399573676E-17,0.0,-1.0));
#4874=DIRECTION('',(0.0,1.0,0.0));
#4875=SURFACE_STYLE_FILL_AREA(#9462);
#4876=ORIENTED_EDGE('',*,*,#9463,.F.);
#4877=ORIENTED_EDGE('',*,*,#9461,.T.);
#4878=ORIENTED_EDGE('',*,*,#9464,.F.);
#4879=ORIENTED_EDGE('',*,*,#9465,.F.);
#4880=CARTESIAN_POINT('',(0.0,-4.826,-10.1012499999998));
#4881=DIRECTION('',(6.12323399573676E-17,-0.0,1.0));
#4882=DIRECTION('',(0.0,1.0,0.0));
#4883=SURFACE_STYLE_FILL_AREA(#9466);
#4884=ORIENTED_EDGE('',*,*,#9467,.F.);
#4885=ORIENTED_EDGE('',*,*,#9468,.T.);
#4886=ORIENTED_EDGE('',*,*,#9469,.F.);
#4887=ORIENTED_EDGE('',*,*,#9470,.F.);
#4888=CARTESIAN_POINT('',(3.81,-4.826,-9.2709999999996));
#4889=DIRECTION('',(6.12323399573676E-17,-0.0,1.0));
#4890=DIRECTION('',(0.0,1.0,0.0));
#4891=SURFACE_STYLE_FILL_AREA(#9471);
#4892=ORIENTED_EDGE('',*,*,#9472,.F.);
#4893=ORIENTED_EDGE('',*,*,#9470,.T.);
#4894=ORIENTED_EDGE('',*,*,#9473,.F.);
#4895=ORIENTED_EDGE('',*,*,#9474,.F.);
#4896=CARTESIAN_POINT('',(3.81,-4.826,-9.49324999999962));
#4897=DIRECTION('',(-6.12323399573676E-17,0.0,-1.0));
#4898=DIRECTION('',(0.0,1.0,0.0));
#4899=SURFACE_STYLE_FILL_AREA(#9475);
#4900=ORIENTED_EDGE('',*,*,#9476,.F.);
#4901=ORIENTED_EDGE('',*,*,#9474,.T.);
#4902=ORIENTED_EDGE('',*,*,#9477,.F.);
#4903=ORIENTED_EDGE('',*,*,#9478,.F.);
#4904=CARTESIAN_POINT('',(3.81,-4.826,-10.1012499999998));
#4905=DIRECTION('',(6.12323399573676E-17,-0.0,1.0));
#4906=DIRECTION('',(0.0,1.0,0.0));
#4907=SURFACE_STYLE_FILL_AREA(#9479);
#4908=ORIENTED_EDGE('',*,*,#9480,.F.);
#4909=ORIENTED_EDGE('',*,*,#9481,.T.);
#4910=ORIENTED_EDGE('',*,*,#9482,.F.);
#4911=ORIENTED_EDGE('',*,*,#9483,.F.);
#4912=CARTESIAN_POINT('',(7.62,-4.826,-9.2709999999996));
#4913=DIRECTION('',(6.12323399573676E-17,-0.0,1.0));
#4914=DIRECTION('',(0.0,1.0,0.0));
#4915=SURFACE_STYLE_FILL_AREA(#9484);
#4916=ORIENTED_EDGE('',*,*,#9485,.F.);
#4917=ORIENTED_EDGE('',*,*,#9483,.T.);
#4918=ORIENTED_EDGE('',*,*,#9486,.F.);
#4919=ORIENTED_EDGE('',*,*,#9487,.F.);
#4920=CARTESIAN_POINT('',(7.62,-4.826,-9.49324999999962));
#4921=DIRECTION('',(-6.12323399573676E-17,0.0,-1.0));
#4922=DIRECTION('',(0.0,1.0,0.0));
#4923=SURFACE_STYLE_FILL_AREA(#9488);
#4924=ORIENTED_EDGE('',*,*,#9489,.F.);
#4925=ORIENTED_EDGE('',*,*,#9487,.T.);
#4926=ORIENTED_EDGE('',*,*,#9490,.F.);
#4927=ORIENTED_EDGE('',*,*,#9491,.F.);
#4928=CARTESIAN_POINT('',(7.62,-4.826,-10.1012499999998));
#4929=DIRECTION('',(6.12323399573676E-17,-0.0,1.0));
#4930=DIRECTION('',(0.0,1.0,0.0));
#4931=SURFACE_STYLE_FILL_AREA(#9492);
#4932=ORIENTED_EDGE('',*,*,#9493,.F.);
#4933=ORIENTED_EDGE('',*,*,#9494,.T.);
#4934=ORIENTED_EDGE('',*,*,#9495,.F.);
#4935=ORIENTED_EDGE('',*,*,#9496,.F.);
#4936=CARTESIAN_POINT('',(11.43,-4.826,-9.2709999999996));
#4937=DIRECTION('',(6.12323399573676E-17,-0.0,1.0));
#4938=DIRECTION('',(0.0,1.0,0.0));
#4939=SURFACE_STYLE_FILL_AREA(#9497);
#4940=ORIENTED_EDGE('',*,*,#9498,.F.);
#4941=ORIENTED_EDGE('',*,*,#9496,.T.);
#4942=ORIENTED_EDGE('',*,*,#9499,.F.);
#4943=ORIENTED_EDGE('',*,*,#9500,.F.);
#4944=CARTESIAN_POINT('',(11.43,-4.826,-9.49324999999962));
#4945=DIRECTION('',(-6.12323399573676E-17,0.0,-1.0));
#4946=DIRECTION('',(0.0,1.0,0.0));
#4947=SURFACE_STYLE_FILL_AREA(#9501);
#4948=ORIENTED_EDGE('',*,*,#9502,.F.);
#4949=ORIENTED_EDGE('',*,*,#9500,.T.);
#4950=ORIENTED_EDGE('',*,*,#9503,.F.);
#4951=ORIENTED_EDGE('',*,*,#9504,.F.);
#4952=CARTESIAN_POINT('',(11.43,-4.826,-10.1012499999998));
#4953=DIRECTION('',(6.12323399573676E-17,-0.0,1.0));
#4954=DIRECTION('',(0.0,1.0,0.0));
#4955=SURFACE_STYLE_FILL_AREA(#9505);
#4956=ORIENTED_EDGE('',*,*,#9506,.F.);
#4957=ORIENTED_EDGE('',*,*,#9507,.T.);
#4958=ORIENTED_EDGE('',*,*,#9508,.F.);
#4959=ORIENTED_EDGE('',*,*,#9509,.F.);
#4960=CARTESIAN_POINT('',(15.24,-4.826,-9.2709999999996));
#4961=DIRECTION('',(6.12323399573676E-17,-0.0,1.0));
#4962=DIRECTION('',(0.0,1.0,0.0));
#4963=SURFACE_STYLE_FILL_AREA(#9510);
#4964=ORIENTED_EDGE('',*,*,#9511,.F.);
#4965=ORIENTED_EDGE('',*,*,#9509,.T.);
#4966=ORIENTED_EDGE('',*,*,#9512,.F.);
#4967=ORIENTED_EDGE('',*,*,#9513,.F.);
#4968=CARTESIAN_POINT('',(15.24,-4.826,-9.49324999999962));
#4969=DIRECTION('',(-6.12323399573676E-17,0.0,-1.0));
#4970=DIRECTION('',(0.0,1.0,0.0));
#4971=SURFACE_STYLE_FILL_AREA(#9514);
#4972=ORIENTED_EDGE('',*,*,#9515,.F.);
#4973=ORIENTED_EDGE('',*,*,#9513,.T.);
#4974=ORIENTED_EDGE('',*,*,#9516,.F.);
#4975=ORIENTED_EDGE('',*,*,#9517,.F.);
#4976=CARTESIAN_POINT('',(15.24,-4.826,-10.1012499999998));
#4977=DIRECTION('',(6.12323399573676E-17,-0.0,1.0));
#4978=DIRECTION('',(0.0,1.0,0.0));
#4979=SURFACE_STYLE_FILL_AREA(#9518);
#4980=ORIENTED_EDGE('',*,*,#9519,.F.);
#4981=ORIENTED_EDGE('',*,*,#9520,.T.);
#4982=ORIENTED_EDGE('',*,*,#9521,.F.);
#4983=ORIENTED_EDGE('',*,*,#9522,.F.);
#4984=CARTESIAN_POINT('',(19.05,-4.826,-9.2709999999996));
#4985=DIRECTION('',(6.12323399573676E-17,-0.0,1.0));
#4986=DIRECTION('',(0.0,1.0,0.0));
#4987=SURFACE_STYLE_FILL_AREA(#9523);
#4988=ORIENTED_EDGE('',*,*,#9524,.F.);
#4989=ORIENTED_EDGE('',*,*,#9522,.T.);
#4990=ORIENTED_EDGE('',*,*,#9525,.F.);
#4991=ORIENTED_EDGE('',*,*,#9526,.F.);
#4992=CARTESIAN_POINT('',(19.05,-4.826,-9.49324999999962));
#4993=DIRECTION('',(-6.12323399573676E-17,0.0,-1.0));
#4994=DIRECTION('',(0.0,1.0,0.0));
#4995=SURFACE_STYLE_FILL_AREA(#9527);
#4996=ORIENTED_EDGE('',*,*,#9528,.F.);
#4997=ORIENTED_EDGE('',*,*,#9526,.T.);
#4998=ORIENTED_EDGE('',*,*,#9529,.F.);
#4999=ORIENTED_EDGE('',*,*,#9530,.F.);
#5000=CARTESIAN_POINT('',(19.05,-4.826,-10.1012499999998));
#5001=DIRECTION('',(6.12323399573676E-17,-0.0,1.0));
#5002=DIRECTION('',(0.0,1.0,0.0));
#5003=SURFACE_STYLE_FILL_AREA(#9531);
#5004=ORIENTED_EDGE('',*,*,#9532,.F.);
#5005=ORIENTED_EDGE('',*,*,#9533,.T.);
#5006=ORIENTED_EDGE('',*,*,#9534,.F.);
#5007=ORIENTED_EDGE('',*,*,#9535,.F.);
#5008=CARTESIAN_POINT('',(22.86,-4.826,-9.2709999999996));
#5009=DIRECTION('',(6.12323399573676E-17,-0.0,1.0));
#5010=DIRECTION('',(0.0,1.0,0.0));
#5011=SURFACE_STYLE_FILL_AREA(#9536);
#5012=ORIENTED_EDGE('',*,*,#9537,.F.);
#5013=ORIENTED_EDGE('',*,*,#9535,.T.);
#5014=ORIENTED_EDGE('',*,*,#9538,.F.);
#5015=ORIENTED_EDGE('',*,*,#9539,.F.);
#5016=CARTESIAN_POINT('',(22.86,-4.826,-9.49324999999962));
#5017=DIRECTION('',(-6.12323399573676E-17,0.0,-1.0));
#5018=DIRECTION('',(0.0,1.0,0.0));
#5019=SURFACE_STYLE_FILL_AREA(#9540);
#5020=ORIENTED_EDGE('',*,*,#9541,.F.);
#5021=ORIENTED_EDGE('',*,*,#9539,.T.);
#5022=ORIENTED_EDGE('',*,*,#9542,.F.);
#5023=ORIENTED_EDGE('',*,*,#9543,.F.);
#5024=CARTESIAN_POINT('',(22.86,-4.826,-10.1012499999998));
#5025=DIRECTION('',(6.12323399573676E-17,-0.0,1.0));
#5026=DIRECTION('',(0.0,1.0,0.0));
#5027=SURFACE_STYLE_FILL_AREA(#9544);
#5028=ORIENTED_EDGE('',*,*,#9545,.F.);
#5029=ORIENTED_EDGE('',*,*,#9546,.T.);
#5030=ORIENTED_EDGE('',*,*,#9547,.F.);
#5031=ORIENTED_EDGE('',*,*,#9548,.F.);
#5032=CARTESIAN_POINT('',(26.67,-4.826,-9.2709999999996));
#5033=DIRECTION('',(6.12323399573676E-17,-0.0,1.0));
#5034=DIRECTION('',(0.0,1.0,0.0));
#5035=SURFACE_STYLE_FILL_AREA(#9549);
#5036=ORIENTED_EDGE('',*,*,#9550,.F.);
#5037=ORIENTED_EDGE('',*,*,#9548,.T.);
#5038=ORIENTED_EDGE('',*,*,#9551,.F.);
#5039=ORIENTED_EDGE('',*,*,#9552,.F.);
#5040=CARTESIAN_POINT('',(26.67,-4.826,-9.49324999999962));
#5041=DIRECTION('',(-6.12323399573676E-17,0.0,-1.0));
#5042=DIRECTION('',(0.0,1.0,0.0));
#5043=SURFACE_STYLE_FILL_AREA(#9553);
#5044=ORIENTED_EDGE('',*,*,#9554,.F.);
#5045=ORIENTED_EDGE('',*,*,#9552,.T.);
#5046=ORIENTED_EDGE('',*,*,#9555,.F.);
#5047=ORIENTED_EDGE('',*,*,#9556,.F.);
#5048=CARTESIAN_POINT('',(26.67,-4.826,-10.1012499999998));
#5049=DIRECTION('',(6.12323399573676E-17,-0.0,1.0));
#5050=DIRECTION('',(0.0,1.0,0.0));
#5051=SURFACE_STYLE_FILL_AREA(#9557);
#5052=ORIENTED_EDGE('',*,*,#9558,.F.);
#5053=ORIENTED_EDGE('',*,*,#9559,.T.);
#5054=ORIENTED_EDGE('',*,*,#9560,.F.);
#5055=ORIENTED_EDGE('',*,*,#9561,.F.);
#5056=CARTESIAN_POINT('',(30.48,-4.826,-9.2709999999996));
#5057=DIRECTION('',(6.12323399573676E-17,-0.0,1.0));
#5058=DIRECTION('',(0.0,1.0,0.0));
#5059=SURFACE_STYLE_FILL_AREA(#9562);
#5060=ORIENTED_EDGE('',*,*,#9563,.F.);
#5061=ORIENTED_EDGE('',*,*,#9561,.T.);
#5062=ORIENTED_EDGE('',*,*,#9564,.F.);
#5063=ORIENTED_EDGE('',*,*,#9565,.F.);
#5064=CARTESIAN_POINT('',(30.48,-4.826,-9.49324999999962));
#5065=DIRECTION('',(-6.12323399573676E-17,0.0,-1.0));
#5066=DIRECTION('',(0.0,1.0,0.0));
#5067=SURFACE_STYLE_FILL_AREA(#9566);
#5068=ORIENTED_EDGE('',*,*,#9567,.F.);
#5069=ORIENTED_EDGE('',*,*,#9565,.T.);
#5070=ORIENTED_EDGE('',*,*,#9568,.F.);
#5071=ORIENTED_EDGE('',*,*,#9569,.F.);
#5072=CARTESIAN_POINT('',(30.48,-4.826,-10.1012499999998));
#5073=DIRECTION('',(6.12323399573676E-17,-0.0,1.0));
#5074=DIRECTION('',(0.0,1.0,0.0));
#5075=SURFACE_STYLE_FILL_AREA(#9570);
#5076=ORIENTED_EDGE('',*,*,#9571,.F.);
#5077=ORIENTED_EDGE('',*,*,#9572,.T.);
#5078=ORIENTED_EDGE('',*,*,#9573,.F.);
#5079=ORIENTED_EDGE('',*,*,#9574,.F.);
#5080=CARTESIAN_POINT('',(34.29,-4.826,-9.2709999999996));
#5081=DIRECTION('',(6.12323399573676E-17,-0.0,1.0));
#5082=DIRECTION('',(0.0,1.0,0.0));
#5083=SURFACE_STYLE_FILL_AREA(#9575);
#5084=ORIENTED_EDGE('',*,*,#9576,.F.);
#5085=ORIENTED_EDGE('',*,*,#9574,.T.);
#5086=ORIENTED_EDGE('',*,*,#9577,.F.);
#5087=ORIENTED_EDGE('',*,*,#9578,.F.);
#5088=CARTESIAN_POINT('',(34.29,-4.826,-9.49324999999962));
#5089=DIRECTION('',(-6.12323399573676E-17,0.0,-1.0));
#5090=DIRECTION('',(0.0,1.0,0.0));
#5091=SURFACE_STYLE_FILL_AREA(#9579);
#5092=ORIENTED_EDGE('',*,*,#9580,.F.);
#5093=ORIENTED_EDGE('',*,*,#9578,.T.);
#5094=ORIENTED_EDGE('',*,*,#9581,.F.);
#5095=ORIENTED_EDGE('',*,*,#9582,.F.);
#5096=CARTESIAN_POINT('',(34.29,-4.826,-10.1012499999998));
#5097=DIRECTION('',(6.12323399573676E-17,-0.0,1.0));
#5098=DIRECTION('',(0.0,1.0,0.0));
#5099=SURFACE_STYLE_FILL_AREA(#9583);
#5100=ORIENTED_EDGE('',*,*,#9584,.F.);
#5101=ORIENTED_EDGE('',*,*,#9585,.F.);
#5102=ORIENTED_EDGE('',*,*,#9586,.F.);
#5103=ORIENTED_EDGE('',*,*,#9587,.F.);
#5104=CARTESIAN_POINT('',(0.0,-0.788999999999982,-4.44089209850063E-16));
#5105=DIRECTION('',(-0.0,1.0,0.0));
#5106=DIRECTION('',(1.0,0.0,0.0));
#5107=SURFACE_STYLE_FILL_AREA(#9588);
#5108=ORIENTED_EDGE('',*,*,#9589,.F.);
#5109=ORIENTED_EDGE('',*,*,#9590,.F.);
#5110=ORIENTED_EDGE('',*,*,#9591,.F.);
#5111=ORIENTED_EDGE('',*,*,#9592,.F.);
#5112=CARTESIAN_POINT('',(3.81,-0.788999999999982,-4.44089209850063E-16));
#5113=DIRECTION('',(-0.0,1.0,0.0));
#5114=DIRECTION('',(1.0,0.0,0.0));
#5115=SURFACE_STYLE_FILL_AREA(#9593);
#5116=ORIENTED_EDGE('',*,*,#9594,.F.);
#5117=ORIENTED_EDGE('',*,*,#9595,.F.);
#5118=ORIENTED_EDGE('',*,*,#9596,.F.);
#5119=ORIENTED_EDGE('',*,*,#9597,.F.);
#5120=CARTESIAN_POINT('',(7.62,-0.788999999999982,-4.44089209850063E-16));
#5121=DIRECTION('',(-0.0,1.0,0.0));
#5122=DIRECTION('',(1.0,0.0,0.0));
#5123=SURFACE_STYLE_FILL_AREA(#9598);
#5124=ORIENTED_EDGE('',*,*,#9599,.F.);
#5125=ORIENTED_EDGE('',*,*,#9600,.F.);
#5126=ORIENTED_EDGE('',*,*,#9601,.F.);
#5127=ORIENTED_EDGE('',*,*,#9602,.F.);
#5128=CARTESIAN_POINT('',(11.43,-0.788999999999982,-4.44089209850063E-16));
#5129=DIRECTION('',(-0.0,1.0,0.0));
#5130=DIRECTION('',(1.0,0.0,0.0));
#5131=SURFACE_STYLE_FILL_AREA(#9603);
#5132=ORIENTED_EDGE('',*,*,#9604,.F.);
#5133=ORIENTED_EDGE('',*,*,#9605,.F.);
#5134=ORIENTED_EDGE('',*,*,#9606,.F.);
#5135=ORIENTED_EDGE('',*,*,#9607,.F.);
#5136=CARTESIAN_POINT('',(15.24,-0.788999999999982,-4.44089209850063E-16));
#5137=DIRECTION('',(-0.0,1.0,0.0));
#5138=DIRECTION('',(1.0,0.0,0.0));
#5139=SURFACE_STYLE_FILL_AREA(#9608);
#5140=ORIENTED_EDGE('',*,*,#9609,.F.);
#5141=ORIENTED_EDGE('',*,*,#9610,.F.);
#5142=ORIENTED_EDGE('',*,*,#9611,.F.);
#5143=ORIENTED_EDGE('',*,*,#9612,.F.);
#5144=CARTESIAN_POINT('',(19.05,-0.788999999999982,-4.44089209850063E-16));
#5145=DIRECTION('',(-0.0,1.0,0.0));
#5146=DIRECTION('',(1.0,0.0,0.0));
#5147=SURFACE_STYLE_FILL_AREA(#9613);
#5148=ORIENTED_EDGE('',*,*,#9614,.F.);
#5149=ORIENTED_EDGE('',*,*,#9615,.F.);
#5150=ORIENTED_EDGE('',*,*,#9616,.F.);
#5151=ORIENTED_EDGE('',*,*,#9617,.F.);
#5152=CARTESIAN_POINT('',(22.86,-0.788999999999982,-4.44089209850063E-16));
#5153=DIRECTION('',(-0.0,1.0,0.0));
#5154=DIRECTION('',(1.0,0.0,0.0));
#5155=SURFACE_STYLE_FILL_AREA(#9618);
#5156=ORIENTED_EDGE('',*,*,#9619,.F.);
#5157=ORIENTED_EDGE('',*,*,#9620,.F.);
#5158=ORIENTED_EDGE('',*,*,#9621,.F.);
#5159=ORIENTED_EDGE('',*,*,#9622,.F.);
#5160=CARTESIAN_POINT('',(26.67,-0.788999999999982,-4.44089209850063E-16));
#5161=DIRECTION('',(-0.0,1.0,0.0));
#5162=DIRECTION('',(1.0,0.0,0.0));
#5163=SURFACE_STYLE_FILL_AREA(#9623);
#5164=ORIENTED_EDGE('',*,*,#9624,.F.);
#5165=ORIENTED_EDGE('',*,*,#9625,.F.);
#5166=ORIENTED_EDGE('',*,*,#9626,.F.);
#5167=ORIENTED_EDGE('',*,*,#9627,.F.);
#5168=CARTESIAN_POINT('',(30.48,-0.788999999999982,-4.44089209850063E-16));
#5169=DIRECTION('',(-0.0,1.0,0.0));
#5170=DIRECTION('',(1.0,0.0,0.0));
#5171=SURFACE_STYLE_FILL_AREA(#9628);
#5172=ORIENTED_EDGE('',*,*,#9629,.F.);
#5173=ORIENTED_EDGE('',*,*,#9630,.F.);
#5174=ORIENTED_EDGE('',*,*,#9631,.F.);
#5175=ORIENTED_EDGE('',*,*,#9632,.F.);
#5176=CARTESIAN_POINT('',(34.29,-0.788999999999982,-4.44089209850063E-16));
#5177=DIRECTION('',(-0.0,1.0,0.0));
#5178=DIRECTION('',(1.0,0.0,0.0));
#5179=SURFACE_STYLE_FILL_AREA(#9633);
#5180=ORIENTED_EDGE('',*,*,#9634,.F.);
#5181=ORIENTED_EDGE('',*,*,#9635,.T.);
#5182=ORIENTED_EDGE('',*,*,#9636,.T.);
#5183=ORIENTED_EDGE('',*,*,#9637,.F.);
#5184=ORIENTED_EDGE('',*,*,#9638,.T.);
#5185=ORIENTED_EDGE('',*,*,#9639,.T.);
#5186=ORIENTED_EDGE('',*,*,#9640,.F.);
#5187=ORIENTED_EDGE('',*,*,#9641,.F.);
#5188=CARTESIAN_POINT('',(0.0,-1.8415,-4.44089209850063E-16));
#5189=DIRECTION('',(0.0,-1.0,0.0));
#5190=DIRECTION('',(1.0,0.0,0.0));
#5191=SURFACE_STYLE_FILL_AREA(#9642);
#5192=ORIENTED_EDGE('',*,*,#9643,.F.);
#5193=ORIENTED_EDGE('',*,*,#9644,.T.);
#5194=ORIENTED_EDGE('',*,*,#9645,.T.);
#5195=ORIENTED_EDGE('',*,*,#9646,.F.);
#5196=ORIENTED_EDGE('',*,*,#9647,.T.);
#5197=ORIENTED_EDGE('',*,*,#9648,.T.);
#5198=ORIENTED_EDGE('',*,*,#9649,.F.);
#5199=ORIENTED_EDGE('',*,*,#9650,.F.);
#5200=CARTESIAN_POINT('',(3.81,-1.8415,-4.44089209850063E-16));
#5201=DIRECTION('',(0.0,-1.0,0.0));
#5202=DIRECTION('',(1.0,0.0,0.0));
#5203=SURFACE_STYLE_FILL_AREA(#9651);
#5204=ORIENTED_EDGE('',*,*,#9652,.F.);
#5205=ORIENTED_EDGE('',*,*,#9653,.T.);
#5206=ORIENTED_EDGE('',*,*,#9654,.T.);
#5207=ORIENTED_EDGE('',*,*,#9655,.F.);
#5208=ORIENTED_EDGE('',*,*,#9656,.T.);
#5209=ORIENTED_EDGE('',*,*,#9657,.T.);
#5210=ORIENTED_EDGE('',*,*,#9658,.F.);
#5211=ORIENTED_EDGE('',*,*,#9659,.F.);
#5212=CARTESIAN_POINT('',(7.62,-1.8415,-4.44089209850063E-16));
#5213=DIRECTION('',(0.0,-1.0,0.0));
#5214=DIRECTION('',(1.0,0.0,0.0));
#5215=SURFACE_STYLE_FILL_AREA(#9660);
#5216=ORIENTED_EDGE('',*,*,#9661,.F.);
#5217=ORIENTED_EDGE('',*,*,#9662,.T.);
#5218=ORIENTED_EDGE('',*,*,#9663,.T.);
#5219=ORIENTED_EDGE('',*,*,#9664,.F.);
#5220=ORIENTED_EDGE('',*,*,#9665,.T.);
#5221=ORIENTED_EDGE('',*,*,#9666,.T.);
#5222=ORIENTED_EDGE('',*,*,#9667,.F.);
#5223=ORIENTED_EDGE('',*,*,#9668,.F.);
#5224=CARTESIAN_POINT('',(11.43,-1.8415,-4.44089209850063E-16));
#5225=DIRECTION('',(0.0,-1.0,0.0));
#5226=DIRECTION('',(1.0,0.0,0.0));
#5227=SURFACE_STYLE_FILL_AREA(#9669);
#5228=ORIENTED_EDGE('',*,*,#9670,.F.);
#5229=ORIENTED_EDGE('',*,*,#9671,.T.);
#5230=ORIENTED_EDGE('',*,*,#9672,.T.);
#5231=ORIENTED_EDGE('',*,*,#9673,.F.);
#5232=ORIENTED_EDGE('',*,*,#9674,.T.);
#5233=ORIENTED_EDGE('',*,*,#9675,.T.);
#5234=ORIENTED_EDGE('',*,*,#9676,.F.);
#5235=ORIENTED_EDGE('',*,*,#9677,.F.);
#5236=CARTESIAN_POINT('',(15.24,-1.8415,-4.44089209850063E-16));
#5237=DIRECTION('',(0.0,-1.0,0.0));
#5238=DIRECTION('',(1.0,0.0,0.0));
#5239=SURFACE_STYLE_FILL_AREA(#9678);
#5240=ORIENTED_EDGE('',*,*,#9679,.F.);
#5241=ORIENTED_EDGE('',*,*,#9680,.T.);
#5242=ORIENTED_EDGE('',*,*,#9681,.T.);
#5243=ORIENTED_EDGE('',*,*,#9682,.F.);
#5244=ORIENTED_EDGE('',*,*,#9683,.T.);
#5245=ORIENTED_EDGE('',*,*,#9684,.T.);
#5246=ORIENTED_EDGE('',*,*,#9685,.F.);
#5247=ORIENTED_EDGE('',*,*,#9686,.F.);
#5248=CARTESIAN_POINT('',(19.05,-1.8415,-4.44089209850063E-16));
#5249=DIRECTION('',(0.0,-1.0,0.0));
#5250=DIRECTION('',(1.0,0.0,0.0));
#5251=SURFACE_STYLE_FILL_AREA(#9687);
#5252=ORIENTED_EDGE('',*,*,#9688,.F.);
#5253=ORIENTED_EDGE('',*,*,#9689,.T.);
#5254=ORIENTED_EDGE('',*,*,#9690,.T.);
#5255=ORIENTED_EDGE('',*,*,#9691,.F.);
#5256=ORIENTED_EDGE('',*,*,#9692,.T.);
#5257=ORIENTED_EDGE('',*,*,#9693,.T.);
#5258=ORIENTED_EDGE('',*,*,#9694,.F.);
#5259=ORIENTED_EDGE('',*,*,#9695,.F.);
#5260=CARTESIAN_POINT('',(22.86,-1.8415,-4.44089209850063E-16));
#5261=DIRECTION('',(0.0,-1.0,0.0));
#5262=DIRECTION('',(1.0,0.0,0.0));
#5263=SURFACE_STYLE_FILL_AREA(#9696);
#5264=ORIENTED_EDGE('',*,*,#9697,.F.);
#5265=ORIENTED_EDGE('',*,*,#9698,.T.);
#5266=ORIENTED_EDGE('',*,*,#9699,.T.);
#5267=ORIENTED_EDGE('',*,*,#9700,.F.);
#5268=ORIENTED_EDGE('',*,*,#9701,.T.);
#5269=ORIENTED_EDGE('',*,*,#9702,.T.);
#5270=ORIENTED_EDGE('',*,*,#9703,.F.);
#5271=ORIENTED_EDGE('',*,*,#9704,.F.);
#5272=CARTESIAN_POINT('',(26.67,-1.8415,-4.44089209850063E-16));
#5273=DIRECTION('',(0.0,-1.0,0.0));
#5274=DIRECTION('',(1.0,0.0,0.0));
#5275=SURFACE_STYLE_FILL_AREA(#9705);
#5276=ORIENTED_EDGE('',*,*,#9706,.F.);
#5277=ORIENTED_EDGE('',*,*,#9707,.T.);
#5278=ORIENTED_EDGE('',*,*,#9708,.T.);
#5279=ORIENTED_EDGE('',*,*,#9709,.F.);
#5280=ORIENTED_EDGE('',*,*,#9710,.T.);
#5281=ORIENTED_EDGE('',*,*,#9711,.T.);
#5282=ORIENTED_EDGE('',*,*,#9712,.F.);
#5283=ORIENTED_EDGE('',*,*,#9713,.F.);
#5284=CARTESIAN_POINT('',(30.48,-1.8415,-4.44089209850063E-16));
#5285=DIRECTION('',(0.0,-1.0,0.0));
#5286=DIRECTION('',(1.0,0.0,0.0));
#5287=SURFACE_STYLE_FILL_AREA(#9714);
#5288=ORIENTED_EDGE('',*,*,#9715,.F.);
#5289=ORIENTED_EDGE('',*,*,#9716,.T.);
#5290=ORIENTED_EDGE('',*,*,#9717,.T.);
#5291=ORIENTED_EDGE('',*,*,#9718,.F.);
#5292=ORIENTED_EDGE('',*,*,#9719,.T.);
#5293=ORIENTED_EDGE('',*,*,#9720,.T.);
#5294=ORIENTED_EDGE('',*,*,#9721,.F.);
#5295=ORIENTED_EDGE('',*,*,#9722,.F.);
#5296=CARTESIAN_POINT('',(34.29,-1.8415,-4.44089209850063E-16));
#5297=DIRECTION('',(0.0,-1.0,0.0));
#5298=DIRECTION('',(1.0,0.0,0.0));
#5299=SURFACE_STYLE_FILL_AREA(#9723);
#5300=ORIENTED_EDGE('',*,*,#9715,.T.);
#5301=ORIENTED_EDGE('',*,*,#9724,.F.);
#5302=ORIENTED_EDGE('',*,*,#9721,.T.);
#5303=ORIENTED_EDGE('',*,*,#9725,.T.);
#5304=ORIENTED_EDGE('',*,*,#9726,.T.);
#5305=ORIENTED_EDGE('',*,*,#9727,.F.);
#5306=ORIENTED_EDGE('',*,*,#9728,.T.);
#5307=ORIENTED_EDGE('',*,*,#9729,.T.);
#5308=CARTESIAN_POINT('',(34.29,-1.8415,-4.44089209850063E-16));
#5309=DIRECTION('',(0.0,-1.0,0.0));
#5310=DIRECTION('',(1.0,0.0,0.0));
#5311=SURFACE_STYLE_FILL_AREA(#9730);
#5312=ORIENTED_EDGE('',*,*,#9717,.F.);
#5313=ORIENTED_EDGE('',*,*,#9731,.F.);
#5314=ORIENTED_EDGE('',*,*,#9719,.F.);
#5315=ORIENTED_EDGE('',*,*,#9732,.F.);
#5316=CARTESIAN_POINT('',(34.29,-0.947799999999999,0.1905));
#5317=DIRECTION('',(0.0,0.0,1.0));
#5318=DIRECTION('',(1.0,0.0,0.0));
#5319=SURFACE_STYLE_FILL_AREA(#9733);
#5320=ORIENTED_EDGE('',*,*,#9728,.F.);
#5321=ORIENTED_EDGE('',*,*,#9734,.F.);
#5322=ORIENTED_EDGE('',*,*,#9726,.F.);
#5323=ORIENTED_EDGE('',*,*,#9735,.F.);
#5324=CARTESIAN_POINT('',(34.29,-0.947799999999999,-0.190500000000001));
#5325=DIRECTION('',(0.0,0.0,1.0));
#5326=DIRECTION('',(1.0,0.0,0.0));
#5327=SURFACE_STYLE_FILL_AREA(#9736);
#5328=ORIENTED_EDGE('',*,*,#9729,.F.);
#5329=ORIENTED_EDGE('',*,*,#9735,.T.);
#5330=ORIENTED_EDGE('',*,*,#9725,.F.);
#5331=ORIENTED_EDGE('',*,*,#9720,.F.);
#5332=ORIENTED_EDGE('',*,*,#9731,.T.);
#5333=ORIENTED_EDGE('',*,*,#9716,.F.);
#5334=CARTESIAN_POINT('',(34.29,-1.4478,-4.44089209850063E-16));
#5335=DIRECTION('',(0.0,1.0,0.0));
#5336=DIRECTION('',(0.0,0.0,1.0));
#5337=SURFACE_STYLE_FILL_AREA(#9737);
#5338=ORIENTED_EDGE('',*,*,#9734,.T.);
#5339=ORIENTED_EDGE('',*,*,#9727,.T.);
#5340=CARTESIAN_POINT('',(34.29,-1.143,-4.44089209850063E-16));
#5341=DIRECTION('',(0.0,1.0,0.0));
#5342=DIRECTION('',(-1.0,0.0,0.0));
#5343=SURFACE_STYLE_FILL_AREA(#9738);
#5344=ORIENTED_EDGE('',*,*,#9732,.T.);
#5345=ORIENTED_EDGE('',*,*,#9718,.T.);
#5346=CARTESIAN_POINT('',(34.29,-1.143,-4.44089209850063E-16));
#5347=DIRECTION('',(0.0,1.0,0.0));
#5348=DIRECTION('',(-1.0,0.0,0.0));
#5349=SURFACE_STYLE_FILL_AREA(#9739);
#5350=ORIENTED_EDGE('',*,*,#9706,.T.);
#5351=ORIENTED_EDGE('',*,*,#9740,.F.);
#5352=ORIENTED_EDGE('',*,*,#9712,.T.);
#5353=ORIENTED_EDGE('',*,*,#9741,.T.);
#5354=ORIENTED_EDGE('',*,*,#9742,.T.);
#5355=ORIENTED_EDGE('',*,*,#9743,.F.);
#5356=ORIENTED_EDGE('',*,*,#9744,.T.);
#5357=ORIENTED_EDGE('',*,*,#9745,.T.);
#5358=CARTESIAN_POINT('',(30.48,-1.8415,-4.44089209850063E-16));
#5359=DIRECTION('',(0.0,-1.0,0.0));
#5360=DIRECTION('',(1.0,0.0,0.0));
#5361=SURFACE_STYLE_FILL_AREA(#9746);
#5362=ORIENTED_EDGE('',*,*,#9708,.F.);
#5363=ORIENTED_EDGE('',*,*,#9747,.F.);
#5364=ORIENTED_EDGE('',*,*,#9710,.F.);
#5365=ORIENTED_EDGE('',*,*,#9748,.F.);
#5366=CARTESIAN_POINT('',(30.48,-0.947799999999999,0.1905));
#5367=DIRECTION('',(0.0,0.0,1.0));
#5368=DIRECTION('',(1.0,0.0,0.0));
#5369=SURFACE_STYLE_FILL_AREA(#9749);
#5370=ORIENTED_EDGE('',*,*,#9744,.F.);
#5371=ORIENTED_EDGE('',*,*,#9750,.F.);
#5372=ORIENTED_EDGE('',*,*,#9742,.F.);
#5373=ORIENTED_EDGE('',*,*,#9751,.F.);
#5374=CARTESIAN_POINT('',(30.48,-0.947799999999999,-0.190500000000001));
#5375=DIRECTION('',(0.0,0.0,1.0));
#5376=DIRECTION('',(1.0,0.0,0.0));
#5377=SURFACE_STYLE_FILL_AREA(#9752);
#5378=ORIENTED_EDGE('',*,*,#9745,.F.);
#5379=ORIENTED_EDGE('',*,*,#9751,.T.);
#5380=ORIENTED_EDGE('',*,*,#9741,.F.);
#5381=ORIENTED_EDGE('',*,*,#9711,.F.);
#5382=ORIENTED_EDGE('',*,*,#9747,.T.);
#5383=ORIENTED_EDGE('',*,*,#9707,.F.);
#5384=CARTESIAN_POINT('',(30.48,-1.4478,-4.44089209850063E-16));
#5385=DIRECTION('',(0.0,1.0,0.0));
#5386=DIRECTION('',(0.0,0.0,1.0));
#5387=SURFACE_STYLE_FILL_AREA(#9753);
#5388=ORIENTED_EDGE('',*,*,#9750,.T.);
#5389=ORIENTED_EDGE('',*,*,#9743,.T.);
#5390=CARTESIAN_POINT('',(30.48,-1.143,-4.44089209850063E-16));
#5391=DIRECTION('',(0.0,1.0,0.0));
#5392=DIRECTION('',(-1.0,0.0,0.0));
#5393=SURFACE_STYLE_FILL_AREA(#9754);
#5394=ORIENTED_EDGE('',*,*,#9748,.T.);
#5395=ORIENTED_EDGE('',*,*,#9709,.T.);
#5396=CARTESIAN_POINT('',(30.48,-1.143,-4.44089209850063E-16));
#5397=DIRECTION('',(0.0,1.0,0.0));
#5398=DIRECTION('',(-1.0,0.0,0.0));
#5399=SURFACE_STYLE_FILL_AREA(#9755);
#5400=ORIENTED_EDGE('',*,*,#9697,.T.);
#5401=ORIENTED_EDGE('',*,*,#9756,.F.);
#5402=ORIENTED_EDGE('',*,*,#9703,.T.);
#5403=ORIENTED_EDGE('',*,*,#9757,.T.);
#5404=ORIENTED_EDGE('',*,*,#9758,.T.);
#5405=ORIENTED_EDGE('',*,*,#9759,.F.);
#5406=ORIENTED_EDGE('',*,*,#9760,.T.);
#5407=ORIENTED_EDGE('',*,*,#9761,.T.);
#5408=CARTESIAN_POINT('',(26.67,-1.8415,-4.44089209850063E-16));
#5409=DIRECTION('',(0.0,-1.0,0.0));
#5410=DIRECTION('',(1.0,0.0,0.0));
#5411=SURFACE_STYLE_FILL_AREA(#9762);
#5412=ORIENTED_EDGE('',*,*,#9699,.F.);
#5413=ORIENTED_EDGE('',*,*,#9763,.F.);
#5414=ORIENTED_EDGE('',*,*,#9701,.F.);
#5415=ORIENTED_EDGE('',*,*,#9764,.F.);
#5416=CARTESIAN_POINT('',(26.67,-0.947799999999999,0.1905));
#5417=DIRECTION('',(0.0,0.0,1.0));
#5418=DIRECTION('',(1.0,0.0,0.0));
#5419=SURFACE_STYLE_FILL_AREA(#9765);
#5420=ORIENTED_EDGE('',*,*,#9760,.F.);
#5421=ORIENTED_EDGE('',*,*,#9766,.F.);
#5422=ORIENTED_EDGE('',*,*,#9758,.F.);
#5423=ORIENTED_EDGE('',*,*,#9767,.F.);
#5424=CARTESIAN_POINT('',(26.67,-0.947799999999999,-0.190500000000001));
#5425=DIRECTION('',(0.0,0.0,1.0));
#5426=DIRECTION('',(1.0,0.0,0.0));
#5427=SURFACE_STYLE_FILL_AREA(#9768);
#5428=ORIENTED_EDGE('',*,*,#9761,.F.);
#5429=ORIENTED_EDGE('',*,*,#9767,.T.);
#5430=ORIENTED_EDGE('',*,*,#9757,.F.);
#5431=ORIENTED_EDGE('',*,*,#9702,.F.);
#5432=ORIENTED_EDGE('',*,*,#9763,.T.);
#5433=ORIENTED_EDGE('',*,*,#9698,.F.);
#5434=CARTESIAN_POINT('',(26.67,-1.4478,-4.44089209850063E-16));
#5435=DIRECTION('',(0.0,1.0,0.0));
#5436=DIRECTION('',(0.0,0.0,1.0));
#5437=SURFACE_STYLE_FILL_AREA(#9769);
#5438=ORIENTED_EDGE('',*,*,#9766,.T.);
#5439=ORIENTED_EDGE('',*,*,#9759,.T.);
#5440=CARTESIAN_POINT('',(26.67,-1.143,-4.44089209850063E-16));
#5441=DIRECTION('',(0.0,1.0,0.0));
#5442=DIRECTION('',(-1.0,0.0,0.0));
#5443=SURFACE_STYLE_FILL_AREA(#9770);
#5444=ORIENTED_EDGE('',*,*,#9764,.T.);
#5445=ORIENTED_EDGE('',*,*,#9700,.T.);
#5446=CARTESIAN_POINT('',(26.67,-1.143,-4.44089209850063E-16));
#5447=DIRECTION('',(0.0,1.0,0.0));
#5448=DIRECTION('',(-1.0,0.0,0.0));
#5449=SURFACE_STYLE_FILL_AREA(#9771);
#5450=ORIENTED_EDGE('',*,*,#9688,.T.);
#5451=ORIENTED_EDGE('',*,*,#9772,.F.);
#5452=ORIENTED_EDGE('',*,*,#9694,.T.);
#5453=ORIENTED_EDGE('',*,*,#9773,.T.);
#5454=ORIENTED_EDGE('',*,*,#9774,.T.);
#5455=ORIENTED_EDGE('',*,*,#9775,.F.);
#5456=ORIENTED_EDGE('',*,*,#9776,.T.);
#5457=ORIENTED_EDGE('',*,*,#9777,.T.);
#5458=CARTESIAN_POINT('',(22.86,-1.8415,-4.44089209850063E-16));
#5459=DIRECTION('',(0.0,-1.0,0.0));
#5460=DIRECTION('',(1.0,0.0,0.0));
#5461=SURFACE_STYLE_FILL_AREA(#9778);
#5462=ORIENTED_EDGE('',*,*,#9690,.F.);
#5463=ORIENTED_EDGE('',*,*,#9779,.F.);
#5464=ORIENTED_EDGE('',*,*,#9692,.F.);
#5465=ORIENTED_EDGE('',*,*,#9780,.F.);
#5466=CARTESIAN_POINT('',(22.86,-0.947799999999999,0.1905));
#5467=DIRECTION('',(0.0,0.0,1.0));
#5468=DIRECTION('',(1.0,0.0,0.0));
#5469=SURFACE_STYLE_FILL_AREA(#9781);
#5470=ORIENTED_EDGE('',*,*,#9776,.F.);
#5471=ORIENTED_EDGE('',*,*,#9782,.F.);
#5472=ORIENTED_EDGE('',*,*,#9774,.F.);
#5473=ORIENTED_EDGE('',*,*,#9783,.F.);
#5474=CARTESIAN_POINT('',(22.86,-0.947799999999999,-0.190500000000001));
#5475=DIRECTION('',(0.0,0.0,1.0));
#5476=DIRECTION('',(1.0,0.0,0.0));
#5477=SURFACE_STYLE_FILL_AREA(#9784);
#5478=ORIENTED_EDGE('',*,*,#9777,.F.);
#5479=ORIENTED_EDGE('',*,*,#9783,.T.);
#5480=ORIENTED_EDGE('',*,*,#9773,.F.);
#5481=ORIENTED_EDGE('',*,*,#9693,.F.);
#5482=ORIENTED_EDGE('',*,*,#9779,.T.);
#5483=ORIENTED_EDGE('',*,*,#9689,.F.);
#5484=CARTESIAN_POINT('',(22.86,-1.4478,-4.44089209850063E-16));
#5485=DIRECTION('',(0.0,1.0,0.0));
#5486=DIRECTION('',(0.0,0.0,1.0));
#5487=SURFACE_STYLE_FILL_AREA(#9785);
#5488=ORIENTED_EDGE('',*,*,#9782,.T.);
#5489=ORIENTED_EDGE('',*,*,#9775,.T.);
#5490=CARTESIAN_POINT('',(22.86,-1.143,-4.44089209850063E-16));
#5491=DIRECTION('',(0.0,1.0,0.0));
#5492=DIRECTION('',(-1.0,0.0,0.0));
#5493=SURFACE_STYLE_FILL_AREA(#9786);
#5494=ORIENTED_EDGE('',*,*,#9780,.T.);
#5495=ORIENTED_EDGE('',*,*,#9691,.T.);
#5496=CARTESIAN_POINT('',(22.86,-1.143,-4.44089209850063E-16));
#5497=DIRECTION('',(0.0,1.0,0.0));
#5498=DIRECTION('',(-1.0,0.0,0.0));
#5499=SURFACE_STYLE_FILL_AREA(#9787);
#5500=ORIENTED_EDGE('',*,*,#9679,.T.);
#5501=ORIENTED_EDGE('',*,*,#9788,.F.);
#5502=ORIENTED_EDGE('',*,*,#9685,.T.);
#5503=ORIENTED_EDGE('',*,*,#9789,.T.);
#5504=ORIENTED_EDGE('',*,*,#9790,.T.);
#5505=ORIENTED_EDGE('',*,*,#9791,.F.);
#5506=ORIENTED_EDGE('',*,*,#9792,.T.);
#5507=ORIENTED_EDGE('',*,*,#9793,.T.);
#5508=CARTESIAN_POINT('',(19.05,-1.8415,-4.44089209850063E-16));
#5509=DIRECTION('',(0.0,-1.0,0.0));
#5510=DIRECTION('',(1.0,0.0,0.0));
#5511=SURFACE_STYLE_FILL_AREA(#9794);
#5512=ORIENTED_EDGE('',*,*,#9681,.F.);
#5513=ORIENTED_EDGE('',*,*,#9795,.F.);
#5514=ORIENTED_EDGE('',*,*,#9683,.F.);
#5515=ORIENTED_EDGE('',*,*,#9796,.F.);
#5516=CARTESIAN_POINT('',(19.05,-0.947799999999999,0.1905));
#5517=DIRECTION('',(0.0,0.0,1.0));
#5518=DIRECTION('',(1.0,0.0,0.0));
#5519=SURFACE_STYLE_FILL_AREA(#9797);
#5520=ORIENTED_EDGE('',*,*,#9792,.F.);
#5521=ORIENTED_EDGE('',*,*,#9798,.F.);
#5522=ORIENTED_EDGE('',*,*,#9790,.F.);
#5523=ORIENTED_EDGE('',*,*,#9799,.F.);
#5524=CARTESIAN_POINT('',(19.05,-0.947799999999999,-0.190500000000001));
#5525=DIRECTION('',(0.0,0.0,1.0));
#5526=DIRECTION('',(1.0,0.0,0.0));
#5527=SURFACE_STYLE_FILL_AREA(#9800);
#5528=ORIENTED_EDGE('',*,*,#9793,.F.);
#5529=ORIENTED_EDGE('',*,*,#9799,.T.);
#5530=ORIENTED_EDGE('',*,*,#9789,.F.);
#5531=ORIENTED_EDGE('',*,*,#9684,.F.);
#5532=ORIENTED_EDGE('',*,*,#9795,.T.);
#5533=ORIENTED_EDGE('',*,*,#9680,.F.);
#5534=CARTESIAN_POINT('',(19.05,-1.4478,-4.44089209850063E-16));
#5535=DIRECTION('',(0.0,1.0,0.0));
#5536=DIRECTION('',(0.0,0.0,1.0));
#5537=SURFACE_STYLE_FILL_AREA(#9801);
#5538=ORIENTED_EDGE('',*,*,#9798,.T.);
#5539=ORIENTED_EDGE('',*,*,#9791,.T.);
#5540=CARTESIAN_POINT('',(19.05,-1.143,-4.44089209850063E-16));
#5541=DIRECTION('',(0.0,1.0,0.0));
#5542=DIRECTION('',(-1.0,0.0,0.0));
#5543=SURFACE_STYLE_FILL_AREA(#9802);
#5544=ORIENTED_EDGE('',*,*,#9796,.T.);
#5545=ORIENTED_EDGE('',*,*,#9682,.T.);
#5546=CARTESIAN_POINT('',(19.05,-1.143,-4.44089209850063E-16));
#5547=DIRECTION('',(0.0,1.0,0.0));
#5548=DIRECTION('',(-1.0,0.0,0.0));
#5549=SURFACE_STYLE_FILL_AREA(#9803);
#5550=ORIENTED_EDGE('',*,*,#9670,.T.);
#5551=ORIENTED_EDGE('',*,*,#9804,.F.);
#5552=ORIENTED_EDGE('',*,*,#9676,.T.);
#5553=ORIENTED_EDGE('',*,*,#9805,.T.);
#5554=ORIENTED_EDGE('',*,*,#9806,.T.);
#5555=ORIENTED_EDGE('',*,*,#9807,.F.);
#5556=ORIENTED_EDGE('',*,*,#9808,.T.);
#5557=ORIENTED_EDGE('',*,*,#9809,.T.);
#5558=CARTESIAN_POINT('',(15.24,-1.8415,-4.44089209850063E-16));
#5559=DIRECTION('',(0.0,-1.0,0.0));
#5560=DIRECTION('',(1.0,0.0,0.0));
#5561=SURFACE_STYLE_FILL_AREA(#9810);
#5562=ORIENTED_EDGE('',*,*,#9672,.F.);
#5563=ORIENTED_EDGE('',*,*,#9811,.F.);
#5564=ORIENTED_EDGE('',*,*,#9674,.F.);
#5565=ORIENTED_EDGE('',*,*,#9812,.F.);
#5566=CARTESIAN_POINT('',(15.24,-0.947799999999999,0.1905));
#5567=DIRECTION('',(0.0,0.0,1.0));
#5568=DIRECTION('',(1.0,0.0,0.0));
#5569=SURFACE_STYLE_FILL_AREA(#9813);
#5570=ORIENTED_EDGE('',*,*,#9808,.F.);
#5571=ORIENTED_EDGE('',*,*,#9814,.F.);
#5572=ORIENTED_EDGE('',*,*,#9806,.F.);
#5573=ORIENTED_EDGE('',*,*,#9815,.F.);
#5574=CARTESIAN_POINT('',(15.24,-0.947799999999999,-0.190500000000001));
#5575=DIRECTION('',(0.0,0.0,1.0));
#5576=DIRECTION('',(1.0,0.0,0.0));
#5577=SURFACE_STYLE_FILL_AREA(#9816);
#5578=ORIENTED_EDGE('',*,*,#9809,.F.);
#5579=ORIENTED_EDGE('',*,*,#9815,.T.);
#5580=ORIENTED_EDGE('',*,*,#9805,.F.);
#5581=ORIENTED_EDGE('',*,*,#9675,.F.);
#5582=ORIENTED_EDGE('',*,*,#9811,.T.);
#5583=ORIENTED_EDGE('',*,*,#9671,.F.);
#5584=CARTESIAN_POINT('',(15.24,-1.4478,-4.44089209850063E-16));
#5585=DIRECTION('',(0.0,1.0,0.0));
#5586=DIRECTION('',(0.0,0.0,1.0));
#5587=SURFACE_STYLE_FILL_AREA(#9817);
#5588=ORIENTED_EDGE('',*,*,#9814,.T.);
#5589=ORIENTED_EDGE('',*,*,#9807,.T.);
#5590=CARTESIAN_POINT('',(15.24,-1.143,-4.44089209850063E-16));
#5591=DIRECTION('',(0.0,1.0,0.0));
#5592=DIRECTION('',(-1.0,0.0,0.0));
#5593=SURFACE_STYLE_FILL_AREA(#9818);
#5594=ORIENTED_EDGE('',*,*,#9812,.T.);
#5595=ORIENTED_EDGE('',*,*,#9673,.T.);
#5596=CARTESIAN_POINT('',(15.24,-1.143,-4.44089209850063E-16));
#5597=DIRECTION('',(0.0,1.0,0.0));
#5598=DIRECTION('',(-1.0,0.0,0.0));
#5599=SURFACE_STYLE_FILL_AREA(#9819);
#5600=ORIENTED_EDGE('',*,*,#9661,.T.);
#5601=ORIENTED_EDGE('',*,*,#9820,.F.);
#5602=ORIENTED_EDGE('',*,*,#9667,.T.);
#5603=ORIENTED_EDGE('',*,*,#9821,.T.);
#5604=ORIENTED_EDGE('',*,*,#9822,.T.);
#5605=ORIENTED_EDGE('',*,*,#9823,.F.);
#5606=ORIENTED_EDGE('',*,*,#9824,.T.);
#5607=ORIENTED_EDGE('',*,*,#9825,.T.);
#5608=CARTESIAN_POINT('',(11.43,-1.8415,-4.44089209850063E-16));
#5609=DIRECTION('',(0.0,-1.0,0.0));
#5610=DIRECTION('',(1.0,0.0,0.0));
#5611=SURFACE_STYLE_FILL_AREA(#9826);
#5612=ORIENTED_EDGE('',*,*,#9663,.F.);
#5613=ORIENTED_EDGE('',*,*,#9827,.F.);
#5614=ORIENTED_EDGE('',*,*,#9665,.F.);
#5615=ORIENTED_EDGE('',*,*,#9828,.F.);
#5616=CARTESIAN_POINT('',(11.43,-0.947799999999999,0.1905));
#5617=DIRECTION('',(0.0,0.0,1.0));
#5618=DIRECTION('',(1.0,0.0,0.0));
#5619=SURFACE_STYLE_FILL_AREA(#9829);
#5620=ORIENTED_EDGE('',*,*,#9824,.F.);
#5621=ORIENTED_EDGE('',*,*,#9830,.F.);
#5622=ORIENTED_EDGE('',*,*,#9822,.F.);
#5623=ORIENTED_EDGE('',*,*,#9831,.F.);
#5624=CARTESIAN_POINT('',(11.43,-0.947799999999999,-0.190500000000001));
#5625=DIRECTION('',(0.0,0.0,1.0));
#5626=DIRECTION('',(1.0,0.0,0.0));
#5627=SURFACE_STYLE_FILL_AREA(#9832);
#5628=ORIENTED_EDGE('',*,*,#9825,.F.);
#5629=ORIENTED_EDGE('',*,*,#9831,.T.);
#5630=ORIENTED_EDGE('',*,*,#9821,.F.);
#5631=ORIENTED_EDGE('',*,*,#9666,.F.);
#5632=ORIENTED_EDGE('',*,*,#9827,.T.);
#5633=ORIENTED_EDGE('',*,*,#9662,.F.);
#5634=CARTESIAN_POINT('',(11.43,-1.4478,-4.44089209850063E-16));
#5635=DIRECTION('',(0.0,1.0,0.0));
#5636=DIRECTION('',(0.0,0.0,1.0));
#5637=SURFACE_STYLE_FILL_AREA(#9833);
#5638=ORIENTED_EDGE('',*,*,#9830,.T.);
#5639=ORIENTED_EDGE('',*,*,#9823,.T.);
#5640=CARTESIAN_POINT('',(11.43,-1.143,-4.44089209850063E-16));
#5641=DIRECTION('',(0.0,1.0,0.0));
#5642=DIRECTION('',(-1.0,0.0,0.0));
#5643=SURFACE_STYLE_FILL_AREA(#9834);
#5644=ORIENTED_EDGE('',*,*,#9828,.T.);
#5645=ORIENTED_EDGE('',*,*,#9664,.T.);
#5646=CARTESIAN_POINT('',(11.43,-1.143,-4.44089209850063E-16));
#5647=DIRECTION('',(0.0,1.0,0.0));
#5648=DIRECTION('',(-1.0,0.0,0.0));
#5649=SURFACE_STYLE_FILL_AREA(#9835);
#5650=ORIENTED_EDGE('',*,*,#9652,.T.);
#5651=ORIENTED_EDGE('',*,*,#9836,.F.);
#5652=ORIENTED_EDGE('',*,*,#9658,.T.);
#5653=ORIENTED_EDGE('',*,*,#9837,.T.);
#5654=ORIENTED_EDGE('',*,*,#9838,.T.);
#5655=ORIENTED_EDGE('',*,*,#9839,.F.);
#5656=ORIENTED_EDGE('',*,*,#9840,.T.);
#5657=ORIENTED_EDGE('',*,*,#9841,.T.);
#5658=CARTESIAN_POINT('',(7.62,-1.8415,-4.44089209850063E-16));
#5659=DIRECTION('',(0.0,-1.0,0.0));
#5660=DIRECTION('',(1.0,0.0,0.0));
#5661=SURFACE_STYLE_FILL_AREA(#9842);
#5662=ORIENTED_EDGE('',*,*,#9654,.F.);
#5663=ORIENTED_EDGE('',*,*,#9843,.F.);
#5664=ORIENTED_EDGE('',*,*,#9656,.F.);
#5665=ORIENTED_EDGE('',*,*,#9844,.F.);
#5666=CARTESIAN_POINT('',(7.62,-0.947799999999999,0.1905));
#5667=DIRECTION('',(0.0,0.0,1.0));
#5668=DIRECTION('',(1.0,0.0,0.0));
#5669=SURFACE_STYLE_FILL_AREA(#9845);
#5670=ORIENTED_EDGE('',*,*,#9840,.F.);
#5671=ORIENTED_EDGE('',*,*,#9846,.F.);
#5672=ORIENTED_EDGE('',*,*,#9838,.F.);
#5673=ORIENTED_EDGE('',*,*,#9847,.F.);
#5674=CARTESIAN_POINT('',(7.62,-0.947799999999999,-0.190500000000001));
#5675=DIRECTION('',(0.0,0.0,1.0));
#5676=DIRECTION('',(1.0,0.0,0.0));
#5677=SURFACE_STYLE_FILL_AREA(#9848);
#5678=ORIENTED_EDGE('',*,*,#9841,.F.);
#5679=ORIENTED_EDGE('',*,*,#9847,.T.);
#5680=ORIENTED_EDGE('',*,*,#9837,.F.);
#5681=ORIENTED_EDGE('',*,*,#9657,.F.);
#5682=ORIENTED_EDGE('',*,*,#9843,.T.);
#5683=ORIENTED_EDGE('',*,*,#9653,.F.);
#5684=CARTESIAN_POINT('',(7.62,-1.4478,-4.44089209850063E-16));
#5685=DIRECTION('',(0.0,1.0,0.0));
#5686=DIRECTION('',(0.0,0.0,1.0));
#5687=SURFACE_STYLE_FILL_AREA(#9849);
#5688=ORIENTED_EDGE('',*,*,#9846,.T.);
#5689=ORIENTED_EDGE('',*,*,#9839,.T.);
#5690=CARTESIAN_POINT('',(7.62,-1.143,-4.44089209850063E-16));
#5691=DIRECTION('',(0.0,1.0,0.0));
#5692=DIRECTION('',(-1.0,0.0,0.0));
#5693=SURFACE_STYLE_FILL_AREA(#9850);
#5694=ORIENTED_EDGE('',*,*,#9844,.T.);
#5695=ORIENTED_EDGE('',*,*,#9655,.T.);
#5696=CARTESIAN_POINT('',(7.62,-1.143,-4.44089209850063E-16));
#5697=DIRECTION('',(0.0,1.0,0.0));
#5698=DIRECTION('',(-1.0,0.0,0.0));
#5699=SURFACE_STYLE_FILL_AREA(#9851);
#5700=ORIENTED_EDGE('',*,*,#9643,.T.);
#5701=ORIENTED_EDGE('',*,*,#9852,.F.);
#5702=ORIENTED_EDGE('',*,*,#9649,.T.);
#5703=ORIENTED_EDGE('',*,*,#9853,.T.);
#5704=ORIENTED_EDGE('',*,*,#9854,.T.);
#5705=ORIENTED_EDGE('',*,*,#9855,.F.);
#5706=ORIENTED_EDGE('',*,*,#9856,.T.);
#5707=ORIENTED_EDGE('',*,*,#9857,.T.);
#5708=CARTESIAN_POINT('',(3.81,-1.8415,-4.44089209850063E-16));
#5709=DIRECTION('',(0.0,-1.0,0.0));
#5710=DIRECTION('',(1.0,0.0,0.0));
#5711=SURFACE_STYLE_FILL_AREA(#9858);
#5712=ORIENTED_EDGE('',*,*,#9645,.F.);
#5713=ORIENTED_EDGE('',*,*,#9859,.F.);
#5714=ORIENTED_EDGE('',*,*,#9647,.F.);
#5715=ORIENTED_EDGE('',*,*,#9860,.F.);
#5716=CARTESIAN_POINT('',(3.81,-0.947799999999999,0.1905));
#5717=DIRECTION('',(0.0,0.0,1.0));
#5718=DIRECTION('',(1.0,0.0,0.0));
#5719=SURFACE_STYLE_FILL_AREA(#9861);
#5720=ORIENTED_EDGE('',*,*,#9856,.F.);
#5721=ORIENTED_EDGE('',*,*,#9862,.F.);
#5722=ORIENTED_EDGE('',*,*,#9854,.F.);
#5723=ORIENTED_EDGE('',*,*,#9863,.F.);
#5724=CARTESIAN_POINT('',(3.81,-0.947799999999999,-0.190500000000001));
#5725=DIRECTION('',(0.0,0.0,1.0));
#5726=DIRECTION('',(1.0,0.0,0.0));
#5727=SURFACE_STYLE_FILL_AREA(#9864);
#5728=ORIENTED_EDGE('',*,*,#9857,.F.);
#5729=ORIENTED_EDGE('',*,*,#9863,.T.);
#5730=ORIENTED_EDGE('',*,*,#9853,.F.);
#5731=ORIENTED_EDGE('',*,*,#9648,.F.);
#5732=ORIENTED_EDGE('',*,*,#9859,.T.);
#5733=ORIENTED_EDGE('',*,*,#9644,.F.);
#5734=CARTESIAN_POINT('',(3.81,-1.4478,-4.44089209850063E-16));
#5735=DIRECTION('',(0.0,1.0,0.0));
#5736=DIRECTION('',(0.0,0.0,1.0));
#5737=SURFACE_STYLE_FILL_AREA(#9865);
#5738=ORIENTED_EDGE('',*,*,#9862,.T.);
#5739=ORIENTED_EDGE('',*,*,#9855,.T.);
#5740=CARTESIAN_POINT('',(3.81,-1.143,-4.44089209850063E-16));
#5741=DIRECTION('',(0.0,1.0,0.0));
#5742=DIRECTION('',(-1.0,0.0,0.0));
#5743=SURFACE_STYLE_FILL_AREA(#9866);
#5744=ORIENTED_EDGE('',*,*,#9860,.T.);
#5745=ORIENTED_EDGE('',*,*,#9646,.T.);
#5746=CARTESIAN_POINT('',(3.81,-1.143,-4.44089209850063E-16));
#5747=DIRECTION('',(0.0,1.0,0.0));
#5748=DIRECTION('',(-1.0,0.0,0.0));
#5749=SURFACE_STYLE_FILL_AREA(#9867);
#5750=ORIENTED_EDGE('',*,*,#9634,.T.);
#5751=ORIENTED_EDGE('',*,*,#9868,.F.);
#5752=ORIENTED_EDGE('',*,*,#9640,.T.);
#5753=ORIENTED_EDGE('',*,*,#9869,.T.);
#5754=ORIENTED_EDGE('',*,*,#9870,.T.);
#5755=ORIENTED_EDGE('',*,*,#9871,.F.);
#5756=ORIENTED_EDGE('',*,*,#9872,.T.);
#5757=ORIENTED_EDGE('',*,*,#9873,.T.);
#5758=CARTESIAN_POINT('',(0.0,-1.8415,-4.44089209850063E-16));
#5759=DIRECTION('',(0.0,-1.0,0.0));
#5760=DIRECTION('',(1.0,0.0,0.0));
#5761=SURFACE_STYLE_FILL_AREA(#9874);
#5762=ORIENTED_EDGE('',*,*,#9636,.F.);
#5763=ORIENTED_EDGE('',*,*,#9875,.F.);
#5764=ORIENTED_EDGE('',*,*,#9638,.F.);
#5765=ORIENTED_EDGE('',*,*,#9876,.F.);
#5766=CARTESIAN_POINT('',(0.0,-0.947799999999999,0.1905));
#5767=DIRECTION('',(0.0,0.0,1.0));
#5768=DIRECTION('',(1.0,0.0,0.0));
#5769=SURFACE_STYLE_FILL_AREA(#9877);
#5770=ORIENTED_EDGE('',*,*,#9872,.F.);
#5771=ORIENTED_EDGE('',*,*,#9878,.F.);
#5772=ORIENTED_EDGE('',*,*,#9870,.F.);
#5773=ORIENTED_EDGE('',*,*,#9879,.F.);
#5774=CARTESIAN_POINT('',(0.0,-0.947799999999999,-0.190500000000001));
#5775=DIRECTION('',(0.0,0.0,1.0));
#5776=DIRECTION('',(1.0,0.0,0.0));
#5777=SURFACE_STYLE_FILL_AREA(#9880);
#5778=ORIENTED_EDGE('',*,*,#9873,.F.);
#5779=ORIENTED_EDGE('',*,*,#9879,.T.);
#5780=ORIENTED_EDGE('',*,*,#9869,.F.);
#5781=ORIENTED_EDGE('',*,*,#9639,.F.);
#5782=ORIENTED_EDGE('',*,*,#9875,.T.);
#5783=ORIENTED_EDGE('',*,*,#9635,.F.);
#5784=CARTESIAN_POINT('',(0.0,-1.4478,-4.44089209850063E-16));
#5785=DIRECTION('',(0.0,1.0,0.0));
#5786=DIRECTION('',(0.0,0.0,1.0));
#5787=SURFACE_STYLE_FILL_AREA(#9881);
#5788=ORIENTED_EDGE('',*,*,#9878,.T.);
#5789=ORIENTED_EDGE('',*,*,#9871,.T.);
#5790=CARTESIAN_POINT('',(0.0,-1.143,-4.44089209850063E-16));
#5791=DIRECTION('',(0.0,1.0,0.0));
#5792=DIRECTION('',(-1.0,0.0,0.0));
#5793=SURFACE_STYLE_FILL_AREA(#9882);
#5794=ORIENTED_EDGE('',*,*,#9876,.T.);
#5795=ORIENTED_EDGE('',*,*,#9637,.T.);
#5796=CARTESIAN_POINT('',(0.0,-1.143,-4.44089209850063E-16));
#5797=DIRECTION('',(0.0,1.0,0.0));
#5798=DIRECTION('',(-1.0,0.0,0.0));
#5799=SURFACE_STYLE_FILL_AREA(#9883);
#5800=ORIENTED_EDGE('',*,*,#9629,.T.);
#5801=ORIENTED_EDGE('',*,*,#9884,.F.);
#5802=ORIENTED_EDGE('',*,*,#9631,.T.);
#5803=ORIENTED_EDGE('',*,*,#9885,.F.);
#5804=CARTESIAN_POINT('',(34.29,-0.788999999999982,-4.44089209850063E-16));
#5805=DIRECTION('',(-0.0,1.0,0.0));
#5806=DIRECTION('',(1.0,0.0,0.0));
#5807=SURFACE_STYLE_FILL_AREA(#9886);
#5808=ORIENTED_EDGE('',*,*,#9724,.T.);
#5809=ORIENTED_EDGE('',*,*,#9722,.T.);
#5810=ORIENTED_EDGE('',*,*,#9632,.T.);
#5811=ORIENTED_EDGE('',*,*,#9884,.T.);
#5812=CARTESIAN_POINT('',(34.798,-1.77799999999996,-4.44089209850063E-16));
#5813=DIRECTION('',(-0.0,-1.0,-0.0));
#5814=DIRECTION('',(-1.0,0.0,0.0));
#5815=SURFACE_STYLE_FILL_AREA(#9887);
#5816=ORIENTED_EDGE('',*,*,#9624,.T.);
#5817=ORIENTED_EDGE('',*,*,#9888,.F.);
#5818=ORIENTED_EDGE('',*,*,#9626,.T.);
#5819=ORIENTED_EDGE('',*,*,#9889,.F.);
#5820=CARTESIAN_POINT('',(30.48,-0.788999999999982,-4.44089209850063E-16));
#5821=DIRECTION('',(-0.0,1.0,0.0));
#5822=DIRECTION('',(1.0,0.0,0.0));
#5823=SURFACE_STYLE_FILL_AREA(#9890);
#5824=ORIENTED_EDGE('',*,*,#9740,.T.);
#5825=ORIENTED_EDGE('',*,*,#9713,.T.);
#5826=ORIENTED_EDGE('',*,*,#9627,.T.);
#5827=ORIENTED_EDGE('',*,*,#9888,.T.);
#5828=CARTESIAN_POINT('',(30.988,-1.77799999999996,-4.44089209850063E-16));
#5829=DIRECTION('',(-0.0,-1.0,-0.0));
#5830=DIRECTION('',(-1.0,0.0,0.0));
#5831=SURFACE_STYLE_FILL_AREA(#9891);
#5832=ORIENTED_EDGE('',*,*,#9619,.T.);
#5833=ORIENTED_EDGE('',*,*,#9892,.F.);
#5834=ORIENTED_EDGE('',*,*,#9621,.T.);
#5835=ORIENTED_EDGE('',*,*,#9893,.F.);
#5836=CARTESIAN_POINT('',(26.67,-0.788999999999982,-4.44089209850063E-16));
#5837=DIRECTION('',(-0.0,1.0,0.0));
#5838=DIRECTION('',(1.0,0.0,0.0));
#5839=SURFACE_STYLE_FILL_AREA(#9894);
#5840=ORIENTED_EDGE('',*,*,#9756,.T.);
#5841=ORIENTED_EDGE('',*,*,#9704,.T.);
#5842=ORIENTED_EDGE('',*,*,#9622,.T.);
#5843=ORIENTED_EDGE('',*,*,#9892,.T.);
#5844=CARTESIAN_POINT('',(27.178,-1.77799999999996,-4.44089209850063E-16));
#5845=DIRECTION('',(-0.0,-1.0,-0.0));
#5846=DIRECTION('',(-1.0,0.0,0.0));
#5847=SURFACE_STYLE_FILL_AREA(#9895);
#5848=ORIENTED_EDGE('',*,*,#9614,.T.);
#5849=ORIENTED_EDGE('',*,*,#9896,.F.);
#5850=ORIENTED_EDGE('',*,*,#9616,.T.);
#5851=ORIENTED_EDGE('',*,*,#9897,.F.);
#5852=CARTESIAN_POINT('',(22.86,-0.788999999999982,-4.44089209850063E-16));
#5853=DIRECTION('',(-0.0,1.0,0.0));
#5854=DIRECTION('',(1.0,0.0,0.0));
#5855=SURFACE_STYLE_FILL_AREA(#9898);
#5856=ORIENTED_EDGE('',*,*,#9772,.T.);
#5857=ORIENTED_EDGE('',*,*,#9695,.T.);
#5858=ORIENTED_EDGE('',*,*,#9617,.T.);
#5859=ORIENTED_EDGE('',*,*,#9896,.T.);
#5860=CARTESIAN_POINT('',(23.368,-1.77799999999996,-4.44089209850063E-16));
#5861=DIRECTION('',(-0.0,-1.0,-0.0));
#5862=DIRECTION('',(-1.0,0.0,0.0));
#5863=SURFACE_STYLE_FILL_AREA(#9899);
#5864=ORIENTED_EDGE('',*,*,#9609,.T.);
#5865=ORIENTED_EDGE('',*,*,#9900,.F.);
#5866=ORIENTED_EDGE('',*,*,#9611,.T.);
#5867=ORIENTED_EDGE('',*,*,#9901,.F.);
#5868=CARTESIAN_POINT('',(19.05,-0.788999999999982,-4.44089209850063E-16));
#5869=DIRECTION('',(-0.0,1.0,0.0));
#5870=DIRECTION('',(1.0,0.0,0.0));
#5871=SURFACE_STYLE_FILL_AREA(#9902);
#5872=ORIENTED_EDGE('',*,*,#9788,.T.);
#5873=ORIENTED_EDGE('',*,*,#9686,.T.);
#5874=ORIENTED_EDGE('',*,*,#9612,.T.);
#5875=ORIENTED_EDGE('',*,*,#9900,.T.);
#5876=CARTESIAN_POINT('',(19.558,-1.77799999999996,-4.44089209850063E-16));
#5877=DIRECTION('',(-0.0,-1.0,-0.0));
#5878=DIRECTION('',(-1.0,0.0,0.0));
#5879=SURFACE_STYLE_FILL_AREA(#9903);
#5880=ORIENTED_EDGE('',*,*,#9604,.T.);
#5881=ORIENTED_EDGE('',*,*,#9904,.F.);
#5882=ORIENTED_EDGE('',*,*,#9606,.T.);
#5883=ORIENTED_EDGE('',*,*,#9905,.F.);
#5884=CARTESIAN_POINT('',(15.24,-0.788999999999982,-4.44089209850063E-16));
#5885=DIRECTION('',(-0.0,1.0,0.0));
#5886=DIRECTION('',(1.0,0.0,0.0));
#5887=SURFACE_STYLE_FILL_AREA(#9906);
#5888=ORIENTED_EDGE('',*,*,#9804,.T.);
#5889=ORIENTED_EDGE('',*,*,#9677,.T.);
#5890=ORIENTED_EDGE('',*,*,#9607,.T.);
#5891=ORIENTED_EDGE('',*,*,#9904,.T.);
#5892=CARTESIAN_POINT('',(15.748,-1.77799999999996,-4.44089209850063E-16));
#5893=DIRECTION('',(-0.0,-1.0,-0.0));
#5894=DIRECTION('',(-1.0,0.0,0.0));
#5895=SURFACE_STYLE_FILL_AREA(#9907);
#5896=ORIENTED_EDGE('',*,*,#9599,.T.);
#5897=ORIENTED_EDGE('',*,*,#9908,.F.);
#5898=ORIENTED_EDGE('',*,*,#9601,.T.);
#5899=ORIENTED_EDGE('',*,*,#9909,.F.);
#5900=CARTESIAN_POINT('',(11.43,-0.788999999999982,-4.44089209850063E-16));
#5901=DIRECTION('',(-0.0,1.0,0.0));
#5902=DIRECTION('',(1.0,0.0,0.0));
#5903=SURFACE_STYLE_FILL_AREA(#9910);
#5904=ORIENTED_EDGE('',*,*,#9820,.T.);
#5905=ORIENTED_EDGE('',*,*,#9668,.T.);
#5906=ORIENTED_EDGE('',*,*,#9602,.T.);
#5907=ORIENTED_EDGE('',*,*,#9908,.T.);
#5908=CARTESIAN_POINT('',(11.938,-1.77799999999996,-4.44089209850063E-16));
#5909=DIRECTION('',(-0.0,-1.0,-0.0));
#5910=DIRECTION('',(-1.0,0.0,0.0));
#5911=SURFACE_STYLE_FILL_AREA(#9911);
#5912=ORIENTED_EDGE('',*,*,#9594,.T.);
#5913=ORIENTED_EDGE('',*,*,#9912,.F.);
#5914=ORIENTED_EDGE('',*,*,#9596,.T.);
#5915=ORIENTED_EDGE('',*,*,#9913,.F.);
#5916=CARTESIAN_POINT('',(7.62,-0.788999999999982,-4.44089209850063E-16));
#5917=DIRECTION('',(-0.0,1.0,0.0));
#5918=DIRECTION('',(1.0,0.0,0.0));
#5919=SURFACE_STYLE_FILL_AREA(#9914);
#5920=ORIENTED_EDGE('',*,*,#9836,.T.);
#5921=ORIENTED_EDGE('',*,*,#9659,.T.);
#5922=ORIENTED_EDGE('',*,*,#9597,.T.);
#5923=ORIENTED_EDGE('',*,*,#9912,.T.);
#5924=CARTESIAN_POINT('',(8.12800000000001,-1.77799999999996,-4.44089209850063E-16));
#5925=DIRECTION('',(-0.0,-1.0,-0.0));
#5926=DIRECTION('',(-1.0,0.0,0.0));
#5927=SURFACE_STYLE_FILL_AREA(#9915);
#5928=ORIENTED_EDGE('',*,*,#9589,.T.);
#5929=ORIENTED_EDGE('',*,*,#9916,.F.);
#5930=ORIENTED_EDGE('',*,*,#9591,.T.);
#5931=ORIENTED_EDGE('',*,*,#9917,.F.);
#5932=CARTESIAN_POINT('',(3.81,-0.788999999999982,-4.44089209850063E-16));
#5933=DIRECTION('',(-0.0,1.0,0.0));
#5934=DIRECTION('',(1.0,0.0,0.0));
#5935=SURFACE_STYLE_FILL_AREA(#9918);
#5936=ORIENTED_EDGE('',*,*,#9852,.T.);
#5937=ORIENTED_EDGE('',*,*,#9650,.T.);
#5938=ORIENTED_EDGE('',*,*,#9592,.T.);
#5939=ORIENTED_EDGE('',*,*,#9916,.T.);
#5940=CARTESIAN_POINT('',(4.31800000000001,-1.77799999999996,-4.44089209850063E-16));
#5941=DIRECTION('',(-0.0,-1.0,-0.0));
#5942=DIRECTION('',(-1.0,0.0,0.0));
#5943=SURFACE_STYLE_FILL_AREA(#9919);
#5944=ORIENTED_EDGE('',*,*,#9584,.T.);
#5945=ORIENTED_EDGE('',*,*,#9920,.F.);
#5946=ORIENTED_EDGE('',*,*,#9586,.T.);
#5947=ORIENTED_EDGE('',*,*,#9921,.F.);
#5948=CARTESIAN_POINT('',(0.0,-0.788999999999982,-4.44089209850063E-16));
#5949=DIRECTION('',(-0.0,1.0,0.0));
#5950=DIRECTION('',(1.0,0.0,0.0));
#5951=SURFACE_STYLE_FILL_AREA(#9922);
#5952=ORIENTED_EDGE('',*,*,#9868,.T.);
#5953=ORIENTED_EDGE('',*,*,#9641,.T.);
#5954=ORIENTED_EDGE('',*,*,#9587,.T.);
#5955=ORIENTED_EDGE('',*,*,#9920,.T.);
#5956=CARTESIAN_POINT('',(0.508000000000012,-1.77799999999996,-4.44089209850063E-16));
#5957=DIRECTION('',(-0.0,-1.0,-0.0));
#5958=DIRECTION('',(-1.0,0.0,0.0));
#5959=SURFACE_STYLE_FILL_AREA(#9923);
#5960=ORIENTED_EDGE('',*,*,#9924,.F.);
#5961=ORIENTED_EDGE('',*,*,#9925,.F.);
#5962=ORIENTED_EDGE('',*,*,#9926,.T.);
#5963=ORIENTED_EDGE('',*,*,#9927,.T.);
#5964=CARTESIAN_POINT('',(33.0581,-6.85799999999998,-10.414));
#5965=DIRECTION('',(0.0,-1.0,0.0));
#5966=DIRECTION('',(1.0,0.0,0.0));
#5967=SURFACE_STYLE_FILL_AREA(#9928);
#5968=ORIENTED_EDGE('',*,*,#9929,.F.);
#5969=ORIENTED_EDGE('',*,*,#9930,.F.);
#5970=ORIENTED_EDGE('',*,*,#9931,.F.);
#5971=ORIENTED_EDGE('',*,*,#9925,.T.);
#5972=CARTESIAN_POINT('',(32.766,-4.826,-10.414));
#5973=DIRECTION('',(-1.0,5.46369598732852E-17,0.0));
#5974=DIRECTION('',(-5.46369598732852E-17,-1.0,-0.0));
#5975=SURFACE_STYLE_FILL_AREA(#9932);
#5976=ORIENTED_EDGE('',*,*,#9933,.F.);
#5977=ORIENTED_EDGE('',*,*,#9934,.F.);
#5978=ORIENTED_EDGE('',*,*,#9935,.F.);
#5979=ORIENTED_EDGE('',*,*,#9930,.T.);
#5980=ORIENTED_EDGE('',*,*,#9936,.T.);
#5981=ORIENTED_EDGE('',*,*,#9937,.T.);
#5982=ORIENTED_EDGE('',*,*,#9938,.T.);
#5983=ORIENTED_EDGE('',*,*,#9939,.T.);
#5984=CARTESIAN_POINT('',(34.29,-2.794,-10.414));
#5985=DIRECTION('',(0.0,1.0,0.0));
#5986=DIRECTION('',(-1.0,0.0,0.0));
#5987=SURFACE_STYLE_FILL_AREA(#9940);
#5988=ORIENTED_EDGE('',*,*,#9580,.T.);
#5989=ORIENTED_EDGE('',*,*,#9941,.F.);
#5990=ORIENTED_EDGE('',*,*,#9581,.T.);
#5991=ORIENTED_EDGE('',*,*,#9942,.T.);
#5992=CARTESIAN_POINT('',(34.29,-4.826,-10.1012499999998));
#5993=DIRECTION('',(6.12323399573676E-17,-0.0,1.0));
#5994=DIRECTION('',(0.0,1.0,0.0));
#5995=SURFACE_STYLE_FILL_AREA(#9943);
#5996=ORIENTED_EDGE('',*,*,#9576,.T.);
#5997=ORIENTED_EDGE('',*,*,#9942,.F.);
#5998=ORIENTED_EDGE('',*,*,#9577,.T.);
#5999=ORIENTED_EDGE('',*,*,#9944,.T.);
#6000=CARTESIAN_POINT('',(34.29,-4.826,-9.49324999999962));
#6001=DIRECTION('',(-6.12323399573676E-17,0.0,-1.0));
#6002=DIRECTION('',(0.0,1.0,0.0));
#6003=SURFACE_STYLE_FILL_AREA(#9945);
#6004=ORIENTED_EDGE('',*,*,#9571,.T.);
#6005=ORIENTED_EDGE('',*,*,#9944,.F.);
#6006=ORIENTED_EDGE('',*,*,#9573,.T.);
#6007=ORIENTED_EDGE('',*,*,#9946,.T.);
#6008=CARTESIAN_POINT('',(34.29,-4.826,-9.2709999999996));
#6009=DIRECTION('',(6.12323399573676E-17,-0.0,1.0));
#6010=DIRECTION('',(0.0,1.0,0.0));
#6011=SURFACE_STYLE_FILL_AREA(#9947);
#6012=ORIENTED_EDGE('',*,*,#9572,.F.);
#6013=ORIENTED_EDGE('',*,*,#9946,.F.);
#6014=CARTESIAN_POINT('',(34.29,-4.54024999999999,-9.14399999999958));
#6015=DIRECTION('',(6.12323399573676E-17,-0.0,1.0));
#6016=DIRECTION('',(0.0,1.0,0.0));
#6017=SURFACE_STYLE_FILL_AREA(#9948);
#6018=ORIENTED_EDGE('',*,*,#9937,.F.);
#6019=ORIENTED_EDGE('',*,*,#9949,.F.);
#6020=ORIENTED_EDGE('',*,*,#9950,.F.);
#6021=ORIENTED_EDGE('',*,*,#9951,.F.);
#6022=ORIENTED_EDGE('',*,*,#9952,.F.);
#6023=ORIENTED_EDGE('',*,*,#9953,.T.);
#6024=ORIENTED_EDGE('',*,*,#9954,.F.);
#6025=ORIENTED_EDGE('',*,*,#9955,.T.);
#6026=CARTESIAN_POINT('',(34.29,-2.22677204301077,-10.2108));
#6027=DIRECTION('',(0.0,0.0,1.0));
#6028=DIRECTION('',(1.0,0.0,0.0));
#6029=SURFACE_STYLE_FILL_AREA(#9956);
#6030=ORIENTED_EDGE('',*,*,#9936,.F.);
#6031=ORIENTED_EDGE('',*,*,#9957,.T.);
#6032=ORIENTED_EDGE('',*,*,#9958,.F.);
#6033=ORIENTED_EDGE('',*,*,#9949,.T.);
#6034=CARTESIAN_POINT('',(34.0106,-2.64,-10.2108));
#6035=DIRECTION('',(-1.0,0.0,0.0));
#6036=DIRECTION('',(0.0,-1.0,0.0));
#6037=SURFACE_STYLE_FILL_AREA(#9959);
#6038=ORIENTED_EDGE('',*,*,#9960,.T.);
#6039=ORIENTED_EDGE('',*,*,#9961,.F.);
#6040=ORIENTED_EDGE('',*,*,#9950,.T.);
#6041=ORIENTED_EDGE('',*,*,#9958,.T.);
#6042=CARTESIAN_POINT('',(33.9598,-2.28600000000001,-10.2108));
#6043=DIRECTION('',(0.0,-1.0,0.0));
#6044=DIRECTION('',(1.0,0.0,0.0));
#6045=SURFACE_STYLE_FILL_AREA(#9962);
#6046=ORIENTED_EDGE('',*,*,#9963,.T.);
#6047=ORIENTED_EDGE('',*,*,#9964,.F.);
#6048=ORIENTED_EDGE('',*,*,#9951,.T.);
#6049=ORIENTED_EDGE('',*,*,#9961,.T.);
#6050=CARTESIAN_POINT('',(33.909,-1.90500000000001,-10.2108));
#6051=DIRECTION('',(-1.0,0.0,0.0));
#6052=DIRECTION('',(0.0,-1.0,0.0));
#6053=SURFACE_STYLE_FILL_AREA(#9965);
#6054=ORIENTED_EDGE('',*,*,#9966,.T.);
#6055=ORIENTED_EDGE('',*,*,#9967,.F.);
#6056=ORIENTED_EDGE('',*,*,#9952,.T.);
#6057=ORIENTED_EDGE('',*,*,#9964,.T.);
#6058=CARTESIAN_POINT('',(34.29,-1.52400000000002,-10.2108));
#6059=DIRECTION('',(0.0,1.0,0.0));
#6060=DIRECTION('',(-1.0,0.0,0.0));
#6061=SURFACE_STYLE_FILL_AREA(#9968);
#6062=ORIENTED_EDGE('',*,*,#9969,.T.);
#6063=ORIENTED_EDGE('',*,*,#9970,.F.);
#6064=ORIENTED_EDGE('',*,*,#9953,.F.);
#6065=ORIENTED_EDGE('',*,*,#9967,.T.);
#6066=CARTESIAN_POINT('',(34.671,-1.90500000000001,-10.2108));
#6067=DIRECTION('',(1.0,0.0,0.0));
#6068=DIRECTION('',(0.0,1.0,0.0));
#6069=SURFACE_STYLE_FILL_AREA(#9971);
#6070=ORIENTED_EDGE('',*,*,#9972,.T.);
#6071=ORIENTED_EDGE('',*,*,#9973,.F.);
#6072=ORIENTED_EDGE('',*,*,#9954,.T.);
#6073=ORIENTED_EDGE('',*,*,#9970,.T.);
#6074=CARTESIAN_POINT('',(34.6202,-2.28600000000001,-10.2108));
#6075=DIRECTION('',(0.0,-1.0,0.0));
#6076=DIRECTION('',(1.0,0.0,0.0));
#6077=SURFACE_STYLE_FILL_AREA(#9974);
#6078=ORIENTED_EDGE('',*,*,#9938,.F.);
#6079=ORIENTED_EDGE('',*,*,#9955,.F.);
#6080=ORIENTED_EDGE('',*,*,#9973,.T.);
#6081=ORIENTED_EDGE('',*,*,#9975,.T.);
#6082=CARTESIAN_POINT('',(34.5694,-2.64,-10.2108));
#6083=DIRECTION('',(1.0,7.84055808351111E-17,0.0));
#6084=DIRECTION('',(-7.84055808351111E-17,1.0,0.0));
#6085=SURFACE_STYLE_FILL_AREA(#9976);
#6086=ORIENTED_EDGE('',*,*,#9939,.F.);
#6087=ORIENTED_EDGE('',*,*,#9975,.F.);
#6088=ORIENTED_EDGE('',*,*,#9972,.F.);
#6089=ORIENTED_EDGE('',*,*,#9969,.F.);
#6090=ORIENTED_EDGE('',*,*,#9966,.F.);
#6091=ORIENTED_EDGE('',*,*,#9963,.F.);
#6092=ORIENTED_EDGE('',*,*,#9960,.F.);
#6093=ORIENTED_EDGE('',*,*,#9957,.F.);
#6094=CARTESIAN_POINT('',(34.29,-2.22677204301077,-7.6708));
#6095=DIRECTION('',(0.0,0.0,1.0));
#6096=DIRECTION('',(1.0,0.0,0.0));
#6097=SURFACE_STYLE_FILL_AREA(#9977);
#6098=ORIENTED_EDGE('',*,*,#9978,.F.);
#6099=ORIENTED_EDGE('',*,*,#9979,.F.);
#6100=ORIENTED_EDGE('',*,*,#9980,.T.);
#6101=ORIENTED_EDGE('',*,*,#9934,.T.);
#6102=CARTESIAN_POINT('',(35.814,-4.82599999999999,-10.414));
#6103=DIRECTION('',(1.0,5.46369598732852E-17,0.0));
#6104=DIRECTION('',(-5.46369598732852E-17,1.0,0.0));
#6105=SURFACE_STYLE_FILL_AREA(#9981);
#6106=ORIENTED_EDGE('',*,*,#9982,.F.);
#6107=ORIENTED_EDGE('',*,*,#9983,.F.);
#6108=ORIENTED_EDGE('',*,*,#9984,.T.);
#6109=ORIENTED_EDGE('',*,*,#9979,.T.);
#6110=CARTESIAN_POINT('',(35.5219,-6.85799999999998,-10.414));
#6111=DIRECTION('',(0.0,-1.0,0.0));
#6112=DIRECTION('',(1.0,0.0,0.0));
#6113=SURFACE_STYLE_FILL_AREA(#9985);
#6114=ORIENTED_EDGE('',*,*,#9986,.F.);
#6115=ORIENTED_EDGE('',*,*,#9927,.F.);
#6116=ORIENTED_EDGE('',*,*,#9987,.F.);
#6117=ORIENTED_EDGE('',*,*,#9983,.T.);
#6118=CARTESIAN_POINT('',(34.29,-8.46963000000002,-10.414));
#6119=DIRECTION('',(0.0,0.0,1.0));
#6120=DIRECTION('',(1.0,0.0,0.0));
#6121=SURFACE_STYLE_FILL_AREA(#9988);
#6122=ORIENTED_EDGE('',*,*,#9941,.T.);
#6123=ORIENTED_EDGE('',*,*,#9582,.T.);
#6124=ORIENTED_EDGE('',*,*,#9931,.T.);
#6125=ORIENTED_EDGE('',*,*,#9935,.T.);
#6126=ORIENTED_EDGE('',*,*,#9980,.F.);
#6127=ORIENTED_EDGE('',*,*,#9984,.F.);
#6128=ORIENTED_EDGE('',*,*,#9987,.T.);
#6129=ORIENTED_EDGE('',*,*,#9926,.F.);
#6130=CARTESIAN_POINT('',(34.29,-4.81793155329521,-10.414));
#6131=DIRECTION('',(0.0,0.0,1.0));
#6132=DIRECTION('',(1.0,0.0,0.0));
#6133=SURFACE_STYLE_FILL_AREA(#9989);
#6134=ORIENTED_EDGE('',*,*,#9990,.F.);
#6135=ORIENTED_EDGE('',*,*,#9991,.F.);
#6136=ORIENTED_EDGE('',*,*,#9992,.T.);
#6137=ORIENTED_EDGE('',*,*,#9993,.T.);
#6138=CARTESIAN_POINT('',(29.2481,-6.85799999999998,-10.414));
#6139=DIRECTION('',(0.0,-1.0,0.0));
#6140=DIRECTION('',(1.0,0.0,0.0));
#6141=SURFACE_STYLE_FILL_AREA(#9994);
#6142=ORIENTED_EDGE('',*,*,#9995,.F.);
#6143=ORIENTED_EDGE('',*,*,#9996,.F.);
#6144=ORIENTED_EDGE('',*,*,#9997,.F.);
#6145=ORIENTED_EDGE('',*,*,#9991,.T.);
#6146=CARTESIAN_POINT('',(28.956,-4.826,-10.414));
#6147=DIRECTION('',(-1.0,5.46369598732852E-17,0.0));
#6148=DIRECTION('',(-5.46369598732852E-17,-1.0,-0.0));
#6149=SURFACE_STYLE_FILL_AREA(#9998);
#6150=ORIENTED_EDGE('',*,*,#9999,.F.);
#6151=ORIENTED_EDGE('',*,*,#10000,.F.);
#6152=ORIENTED_EDGE('',*,*,#10001,.F.);
#6153=ORIENTED_EDGE('',*,*,#9996,.T.);
#6154=ORIENTED_EDGE('',*,*,#10002,.T.);
#6155=ORIENTED_EDGE('',*,*,#10003,.T.);
#6156=ORIENTED_EDGE('',*,*,#10004,.T.);
#6157=ORIENTED_EDGE('',*,*,#10005,.T.);
#6158=CARTESIAN_POINT('',(30.48,-2.794,-10.414));
#6159=DIRECTION('',(0.0,1.0,0.0));
#6160=DIRECTION('',(-1.0,0.0,0.0));
#6161=SURFACE_STYLE_FILL_AREA(#10006);
#6162=ORIENTED_EDGE('',*,*,#9567,.T.);
#6163=ORIENTED_EDGE('',*,*,#10007,.F.);
#6164=ORIENTED_EDGE('',*,*,#9568,.T.);
#6165=ORIENTED_EDGE('',*,*,#10008,.T.);
#6166=CARTESIAN_POINT('',(30.48,-4.826,-10.1012499999998));
#6167=DIRECTION('',(6.12323399573676E-17,-0.0,1.0));
#6168=DIRECTION('',(0.0,1.0,0.0));
#6169=SURFACE_STYLE_FILL_AREA(#10009);
#6170=ORIENTED_EDGE('',*,*,#9563,.T.);
#6171=ORIENTED_EDGE('',*,*,#10008,.F.);
#6172=ORIENTED_EDGE('',*,*,#9564,.T.);
#6173=ORIENTED_EDGE('',*,*,#10010,.T.);
#6174=CARTESIAN_POINT('',(30.48,-4.826,-9.49324999999962));
#6175=DIRECTION('',(-6.12323399573676E-17,0.0,-1.0));
#6176=DIRECTION('',(0.0,1.0,0.0));
#6177=SURFACE_STYLE_FILL_AREA(#10011);
#6178=ORIENTED_EDGE('',*,*,#9558,.T.);
#6179=ORIENTED_EDGE('',*,*,#10010,.F.);
#6180=ORIENTED_EDGE('',*,*,#9560,.T.);
#6181=ORIENTED_EDGE('',*,*,#10012,.T.);
#6182=CARTESIAN_POINT('',(30.48,-4.826,-9.2709999999996));
#6183=DIRECTION('',(6.12323399573676E-17,-0.0,1.0));
#6184=DIRECTION('',(0.0,1.0,0.0));
#6185=SURFACE_STYLE_FILL_AREA(#10013);
#6186=ORIENTED_EDGE('',*,*,#9559,.F.);
#6187=ORIENTED_EDGE('',*,*,#10012,.F.);
#6188=CARTESIAN_POINT('',(30.48,-4.54024999999999,-9.14399999999958));
#6189=DIRECTION('',(6.12323399573676E-17,-0.0,1.0));
#6190=DIRECTION('',(0.0,1.0,0.0));
#6191=SURFACE_STYLE_FILL_AREA(#10014);
#6192=ORIENTED_EDGE('',*,*,#10003,.F.);
#6193=ORIENTED_EDGE('',*,*,#10015,.F.);
#6194=ORIENTED_EDGE('',*,*,#10016,.F.);
#6195=ORIENTED_EDGE('',*,*,#10017,.F.);
#6196=ORIENTED_EDGE('',*,*,#10018,.F.);
#6197=ORIENTED_EDGE('',*,*,#10019,.T.);
#6198=ORIENTED_EDGE('',*,*,#10020,.F.);
#6199=ORIENTED_EDGE('',*,*,#10021,.T.);
#6200=CARTESIAN_POINT('',(30.48,-2.22677204301077,-10.2108));
#6201=DIRECTION('',(0.0,0.0,1.0));
#6202=DIRECTION('',(1.0,0.0,0.0));
#6203=SURFACE_STYLE_FILL_AREA(#10022);
#6204=ORIENTED_EDGE('',*,*,#10002,.F.);
#6205=ORIENTED_EDGE('',*,*,#10023,.T.);
#6206=ORIENTED_EDGE('',*,*,#10024,.F.);
#6207=ORIENTED_EDGE('',*,*,#10015,.T.);
#6208=CARTESIAN_POINT('',(30.2006,-2.64,-10.2108));
#6209=DIRECTION('',(-1.0,0.0,0.0));
#6210=DIRECTION('',(0.0,-1.0,0.0));
#6211=SURFACE_STYLE_FILL_AREA(#10025);
#6212=ORIENTED_EDGE('',*,*,#10026,.T.);
#6213=ORIENTED_EDGE('',*,*,#10027,.F.);
#6214=ORIENTED_EDGE('',*,*,#10016,.T.);
#6215=ORIENTED_EDGE('',*,*,#10024,.T.);
#6216=CARTESIAN_POINT('',(30.1498,-2.28600000000001,-10.2108));
#6217=DIRECTION('',(0.0,-1.0,0.0));
#6218=DIRECTION('',(1.0,0.0,0.0));
#6219=SURFACE_STYLE_FILL_AREA(#10028);
#6220=ORIENTED_EDGE('',*,*,#10029,.T.);
#6221=ORIENTED_EDGE('',*,*,#10030,.F.);
#6222=ORIENTED_EDGE('',*,*,#10017,.T.);
#6223=ORIENTED_EDGE('',*,*,#10027,.T.);
#6224=CARTESIAN_POINT('',(30.099,-1.90500000000001,-10.2108));
#6225=DIRECTION('',(-1.0,0.0,0.0));
#6226=DIRECTION('',(0.0,-1.0,0.0));
#6227=SURFACE_STYLE_FILL_AREA(#10031);
#6228=ORIENTED_EDGE('',*,*,#10032,.T.);
#6229=ORIENTED_EDGE('',*,*,#10033,.F.);
#6230=ORIENTED_EDGE('',*,*,#10018,.T.);
#6231=ORIENTED_EDGE('',*,*,#10030,.T.);
#6232=CARTESIAN_POINT('',(30.48,-1.52400000000002,-10.2108));
#6233=DIRECTION('',(0.0,1.0,0.0));
#6234=DIRECTION('',(-1.0,0.0,0.0));
#6235=SURFACE_STYLE_FILL_AREA(#10034);
#6236=ORIENTED_EDGE('',*,*,#10035,.T.);
#6237=ORIENTED_EDGE('',*,*,#10036,.F.);
#6238=ORIENTED_EDGE('',*,*,#10019,.F.);
#6239=ORIENTED_EDGE('',*,*,#10033,.T.);
#6240=CARTESIAN_POINT('',(30.861,-1.90500000000001,-10.2108));
#6241=DIRECTION('',(1.0,0.0,0.0));
#6242=DIRECTION('',(0.0,1.0,0.0));
#6243=SURFACE_STYLE_FILL_AREA(#10037);
#6244=ORIENTED_EDGE('',*,*,#10038,.T.);
#6245=ORIENTED_EDGE('',*,*,#10039,.F.);
#6246=ORIENTED_EDGE('',*,*,#10020,.T.);
#6247=ORIENTED_EDGE('',*,*,#10036,.T.);
#6248=CARTESIAN_POINT('',(30.8102,-2.28600000000001,-10.2108));
#6249=DIRECTION('',(0.0,-1.0,0.0));
#6250=DIRECTION('',(1.0,0.0,0.0));
#6251=SURFACE_STYLE_FILL_AREA(#10040);
#6252=ORIENTED_EDGE('',*,*,#10004,.F.);
#6253=ORIENTED_EDGE('',*,*,#10021,.F.);
#6254=ORIENTED_EDGE('',*,*,#10039,.T.);
#6255=ORIENTED_EDGE('',*,*,#10041,.T.);
#6256=CARTESIAN_POINT('',(30.7594,-2.64,-10.2108));
#6257=DIRECTION('',(1.0,7.84055808351111E-17,0.0));
#6258=DIRECTION('',(-7.84055808351111E-17,1.0,0.0));
#6259=SURFACE_STYLE_FILL_AREA(#10042);
#6260=ORIENTED_EDGE('',*,*,#10005,.F.);
#6261=ORIENTED_EDGE('',*,*,#10041,.F.);
#6262=ORIENTED_EDGE('',*,*,#10038,.F.);
#6263=ORIENTED_EDGE('',*,*,#10035,.F.);
#6264=ORIENTED_EDGE('',*,*,#10032,.F.);
#6265=ORIENTED_EDGE('',*,*,#10029,.F.);
#6266=ORIENTED_EDGE('',*,*,#10026,.F.);
#6267=ORIENTED_EDGE('',*,*,#10023,.F.);
#6268=CARTESIAN_POINT('',(30.48,-2.22677204301077,-7.6708));
#6269=DIRECTION('',(0.0,0.0,1.0));
#6270=DIRECTION('',(1.0,0.0,0.0));
#6271=SURFACE_STYLE_FILL_AREA(#10043);
#6272=ORIENTED_EDGE('',*,*,#10044,.F.);
#6273=ORIENTED_EDGE('',*,*,#10045,.F.);
#6274=ORIENTED_EDGE('',*,*,#10046,.T.);
#6275=ORIENTED_EDGE('',*,*,#10000,.T.);
#6276=CARTESIAN_POINT('',(32.004,-4.82599999999999,-10.414));
#6277=DIRECTION('',(1.0,5.46369598732852E-17,0.0));
#6278=DIRECTION('',(-5.46369598732852E-17,1.0,0.0));
#6279=SURFACE_STYLE_FILL_AREA(#10047);
#6280=ORIENTED_EDGE('',*,*,#10048,.F.);
#6281=ORIENTED_EDGE('',*,*,#10049,.F.);
#6282=ORIENTED_EDGE('',*,*,#10050,.T.);
#6283=ORIENTED_EDGE('',*,*,#10045,.T.);
#6284=CARTESIAN_POINT('',(31.7119,-6.85799999999998,-10.414));
#6285=DIRECTION('',(0.0,-1.0,0.0));
#6286=DIRECTION('',(1.0,0.0,0.0));
#6287=SURFACE_STYLE_FILL_AREA(#10051);
#6288=ORIENTED_EDGE('',*,*,#10052,.F.);
#6289=ORIENTED_EDGE('',*,*,#9993,.F.);
#6290=ORIENTED_EDGE('',*,*,#10053,.F.);
#6291=ORIENTED_EDGE('',*,*,#10049,.T.);
#6292=CARTESIAN_POINT('',(30.48,-8.46963000000002,-10.414));
#6293=DIRECTION('',(0.0,0.0,1.0));
#6294=DIRECTION('',(1.0,0.0,0.0));
#6295=SURFACE_STYLE_FILL_AREA(#10054);
#6296=ORIENTED_EDGE('',*,*,#10007,.T.);
#6297=ORIENTED_EDGE('',*,*,#9569,.T.);
#6298=ORIENTED_EDGE('',*,*,#9997,.T.);
#6299=ORIENTED_EDGE('',*,*,#10001,.T.);
#6300=ORIENTED_EDGE('',*,*,#10046,.F.);
#6301=ORIENTED_EDGE('',*,*,#10050,.F.);
#6302=ORIENTED_EDGE('',*,*,#10053,.T.);
#6303=ORIENTED_EDGE('',*,*,#9992,.F.);
#6304=CARTESIAN_POINT('',(30.48,-4.81793155329521,-10.414));
#6305=DIRECTION('',(0.0,0.0,1.0));
#6306=DIRECTION('',(1.0,0.0,0.0));
#6307=SURFACE_STYLE_FILL_AREA(#10055);
#6308=ORIENTED_EDGE('',*,*,#10056,.F.);
#6309=ORIENTED_EDGE('',*,*,#10057,.F.);
#6310=ORIENTED_EDGE('',*,*,#10058,.T.);
#6311=ORIENTED_EDGE('',*,*,#10059,.T.);
#6312=CARTESIAN_POINT('',(25.4381,-6.85799999999998,-10.414));
#6313=DIRECTION('',(0.0,-1.0,0.0));
#6314=DIRECTION('',(1.0,0.0,0.0));
#6315=SURFACE_STYLE_FILL_AREA(#10060);
#6316=ORIENTED_EDGE('',*,*,#10061,.F.);
#6317=ORIENTED_EDGE('',*,*,#10062,.F.);
#6318=ORIENTED_EDGE('',*,*,#10063,.F.);
#6319=ORIENTED_EDGE('',*,*,#10057,.T.);
#6320=CARTESIAN_POINT('',(25.146,-4.826,-10.414));
#6321=DIRECTION('',(-1.0,5.46369598732852E-17,0.0));
#6322=DIRECTION('',(-5.46369598732852E-17,-1.0,-0.0));
#6323=SURFACE_STYLE_FILL_AREA(#10064);
#6324=ORIENTED_EDGE('',*,*,#10065,.F.);
#6325=ORIENTED_EDGE('',*,*,#10066,.F.);
#6326=ORIENTED_EDGE('',*,*,#10067,.F.);
#6327=ORIENTED_EDGE('',*,*,#10062,.T.);
#6328=ORIENTED_EDGE('',*,*,#10068,.T.);
#6329=ORIENTED_EDGE('',*,*,#10069,.T.);
#6330=ORIENTED_EDGE('',*,*,#10070,.T.);
#6331=ORIENTED_EDGE('',*,*,#10071,.T.);
#6332=CARTESIAN_POINT('',(26.67,-2.794,-10.414));
#6333=DIRECTION('',(0.0,1.0,0.0));
#6334=DIRECTION('',(-1.0,0.0,0.0));
#6335=SURFACE_STYLE_FILL_AREA(#10072);
#6336=ORIENTED_EDGE('',*,*,#9554,.T.);
#6337=ORIENTED_EDGE('',*,*,#10073,.F.);
#6338=ORIENTED_EDGE('',*,*,#9555,.T.);
#6339=ORIENTED_EDGE('',*,*,#10074,.T.);
#6340=CARTESIAN_POINT('',(26.67,-4.826,-10.1012499999998));
#6341=DIRECTION('',(6.12323399573676E-17,-0.0,1.0));
#6342=DIRECTION('',(0.0,1.0,0.0));
#6343=SURFACE_STYLE_FILL_AREA(#10075);
#6344=ORIENTED_EDGE('',*,*,#9550,.T.);
#6345=ORIENTED_EDGE('',*,*,#10074,.F.);
#6346=ORIENTED_EDGE('',*,*,#9551,.T.);
#6347=ORIENTED_EDGE('',*,*,#10076,.T.);
#6348=CARTESIAN_POINT('',(26.67,-4.826,-9.49324999999962));
#6349=DIRECTION('',(-6.12323399573676E-17,0.0,-1.0));
#6350=DIRECTION('',(0.0,1.0,0.0));
#6351=SURFACE_STYLE_FILL_AREA(#10077);
#6352=ORIENTED_EDGE('',*,*,#9545,.T.);
#6353=ORIENTED_EDGE('',*,*,#10076,.F.);
#6354=ORIENTED_EDGE('',*,*,#9547,.T.);
#6355=ORIENTED_EDGE('',*,*,#10078,.T.);
#6356=CARTESIAN_POINT('',(26.67,-4.826,-9.2709999999996));
#6357=DIRECTION('',(6.12323399573676E-17,-0.0,1.0));
#6358=DIRECTION('',(0.0,1.0,0.0));
#6359=SURFACE_STYLE_FILL_AREA(#10079);
#6360=ORIENTED_EDGE('',*,*,#9546,.F.);
#6361=ORIENTED_EDGE('',*,*,#10078,.F.);
#6362=CARTESIAN_POINT('',(26.67,-4.54024999999999,-9.14399999999958));
#6363=DIRECTION('',(6.12323399573676E-17,-0.0,1.0));
#6364=DIRECTION('',(0.0,1.0,0.0));
#6365=SURFACE_STYLE_FILL_AREA(#10080);
#6366=ORIENTED_EDGE('',*,*,#10069,.F.);
#6367=ORIENTED_EDGE('',*,*,#10081,.F.);
#6368=ORIENTED_EDGE('',*,*,#10082,.F.);
#6369=ORIENTED_EDGE('',*,*,#10083,.F.);
#6370=ORIENTED_EDGE('',*,*,#10084,.F.);
#6371=ORIENTED_EDGE('',*,*,#10085,.T.);
#6372=ORIENTED_EDGE('',*,*,#10086,.F.);
#6373=ORIENTED_EDGE('',*,*,#10087,.T.);
#6374=CARTESIAN_POINT('',(26.67,-2.22677204301077,-10.2108));
#6375=DIRECTION('',(0.0,0.0,1.0));
#6376=DIRECTION('',(1.0,0.0,0.0));
#6377=SURFACE_STYLE_FILL_AREA(#10088);
#6378=ORIENTED_EDGE('',*,*,#10068,.F.);
#6379=ORIENTED_EDGE('',*,*,#10089,.T.);
#6380=ORIENTED_EDGE('',*,*,#10090,.F.);
#6381=ORIENTED_EDGE('',*,*,#10081,.T.);
#6382=CARTESIAN_POINT('',(26.3906,-2.64,-10.2108));
#6383=DIRECTION('',(-1.0,0.0,0.0));
#6384=DIRECTION('',(0.0,-1.0,0.0));
#6385=SURFACE_STYLE_FILL_AREA(#10091);
#6386=ORIENTED_EDGE('',*,*,#10092,.T.);
#6387=ORIENTED_EDGE('',*,*,#10093,.F.);
#6388=ORIENTED_EDGE('',*,*,#10082,.T.);
#6389=ORIENTED_EDGE('',*,*,#10090,.T.);
#6390=CARTESIAN_POINT('',(26.3398,-2.28600000000001,-10.2108));
#6391=DIRECTION('',(0.0,-1.0,0.0));
#6392=DIRECTION('',(1.0,0.0,0.0));
#6393=SURFACE_STYLE_FILL_AREA(#10094);
#6394=ORIENTED_EDGE('',*,*,#10095,.T.);
#6395=ORIENTED_EDGE('',*,*,#10096,.F.);
#6396=ORIENTED_EDGE('',*,*,#10083,.T.);
#6397=ORIENTED_EDGE('',*,*,#10093,.T.);
#6398=CARTESIAN_POINT('',(26.289,-1.90500000000001,-10.2108));
#6399=DIRECTION('',(-1.0,0.0,0.0));
#6400=DIRECTION('',(0.0,-1.0,0.0));
#6401=SURFACE_STYLE_FILL_AREA(#10097);
#6402=ORIENTED_EDGE('',*,*,#10098,.T.);
#6403=ORIENTED_EDGE('',*,*,#10099,.F.);
#6404=ORIENTED_EDGE('',*,*,#10084,.T.);
#6405=ORIENTED_EDGE('',*,*,#10096,.T.);
#6406=CARTESIAN_POINT('',(26.67,-1.52400000000002,-10.2108));
#6407=DIRECTION('',(0.0,1.0,0.0));
#6408=DIRECTION('',(-1.0,0.0,0.0));
#6409=SURFACE_STYLE_FILL_AREA(#10100);
#6410=ORIENTED_EDGE('',*,*,#10101,.T.);
#6411=ORIENTED_EDGE('',*,*,#10102,.F.);
#6412=ORIENTED_EDGE('',*,*,#10085,.F.);
#6413=ORIENTED_EDGE('',*,*,#10099,.T.);
#6414=CARTESIAN_POINT('',(27.051,-1.90500000000001,-10.2108));
#6415=DIRECTION('',(1.0,0.0,0.0));
#6416=DIRECTION('',(0.0,1.0,0.0));
#6417=SURFACE_STYLE_FILL_AREA(#10103);
#6418=ORIENTED_EDGE('',*,*,#10104,.T.);
#6419=ORIENTED_EDGE('',*,*,#10105,.F.);
#6420=ORIENTED_EDGE('',*,*,#10086,.T.);
#6421=ORIENTED_EDGE('',*,*,#10102,.T.);
#6422=CARTESIAN_POINT('',(27.0002,-2.28600000000001,-10.2108));
#6423=DIRECTION('',(0.0,-1.0,0.0));
#6424=DIRECTION('',(1.0,0.0,0.0));
#6425=SURFACE_STYLE_FILL_AREA(#10106);
#6426=ORIENTED_EDGE('',*,*,#10070,.F.);
#6427=ORIENTED_EDGE('',*,*,#10087,.F.);
#6428=ORIENTED_EDGE('',*,*,#10105,.T.);
#6429=ORIENTED_EDGE('',*,*,#10107,.T.);
#6430=CARTESIAN_POINT('',(26.9494,-2.64,-10.2108));
#6431=DIRECTION('',(1.0,7.84055808351111E-17,0.0));
#6432=DIRECTION('',(-7.84055808351111E-17,1.0,0.0));
#6433=SURFACE_STYLE_FILL_AREA(#10108);
#6434=ORIENTED_EDGE('',*,*,#10071,.F.);
#6435=ORIENTED_EDGE('',*,*,#10107,.F.);
#6436=ORIENTED_EDGE('',*,*,#10104,.F.);
#6437=ORIENTED_EDGE('',*,*,#10101,.F.);
#6438=ORIENTED_EDGE('',*,*,#10098,.F.);
#6439=ORIENTED_EDGE('',*,*,#10095,.F.);
#6440=ORIENTED_EDGE('',*,*,#10092,.F.);
#6441=ORIENTED_EDGE('',*,*,#10089,.F.);
#6442=CARTESIAN_POINT('',(26.67,-2.22677204301077,-7.6708));
#6443=DIRECTION('',(0.0,0.0,1.0));
#6444=DIRECTION('',(1.0,0.0,0.0));
#6445=SURFACE_STYLE_FILL_AREA(#10109);
#6446=ORIENTED_EDGE('',*,*,#10110,.F.);
#6447=ORIENTED_EDGE('',*,*,#10111,.F.);
#6448=ORIENTED_EDGE('',*,*,#10112,.T.);
#6449=ORIENTED_EDGE('',*,*,#10066,.T.);
#6450=CARTESIAN_POINT('',(28.194,-4.82599999999999,-10.414));
#6451=DIRECTION('',(1.0,5.46369598732852E-17,0.0));
#6452=DIRECTION('',(-5.46369598732852E-17,1.0,0.0));
#6453=SURFACE_STYLE_FILL_AREA(#10113);
#6454=ORIENTED_EDGE('',*,*,#10114,.F.);
#6455=ORIENTED_EDGE('',*,*,#10115,.F.);
#6456=ORIENTED_EDGE('',*,*,#10116,.T.);
#6457=ORIENTED_EDGE('',*,*,#10111,.T.);
#6458=CARTESIAN_POINT('',(27.9019,-6.85799999999998,-10.414));
#6459=DIRECTION('',(0.0,-1.0,0.0));
#6460=DIRECTION('',(1.0,0.0,0.0));
#6461=SURFACE_STYLE_FILL_AREA(#10117);
#6462=ORIENTED_EDGE('',*,*,#10118,.F.);
#6463=ORIENTED_EDGE('',*,*,#10059,.F.);
#6464=ORIENTED_EDGE('',*,*,#10119,.F.);
#6465=ORIENTED_EDGE('',*,*,#10115,.T.);
#6466=CARTESIAN_POINT('',(26.67,-8.46963000000002,-10.414));
#6467=DIRECTION('',(0.0,0.0,1.0));
#6468=DIRECTION('',(1.0,0.0,0.0));
#6469=SURFACE_STYLE_FILL_AREA(#10120);
#6470=ORIENTED_EDGE('',*,*,#10073,.T.);
#6471=ORIENTED_EDGE('',*,*,#9556,.T.);
#6472=ORIENTED_EDGE('',*,*,#10063,.T.);
#6473=ORIENTED_EDGE('',*,*,#10067,.T.);
#6474=ORIENTED_EDGE('',*,*,#10112,.F.);
#6475=ORIENTED_EDGE('',*,*,#10116,.F.);
#6476=ORIENTED_EDGE('',*,*,#10119,.T.);
#6477=ORIENTED_EDGE('',*,*,#10058,.F.);
#6478=CARTESIAN_POINT('',(26.67,-4.81793155329521,-10.414));
#6479=DIRECTION('',(0.0,0.0,1.0));
#6480=DIRECTION('',(1.0,0.0,0.0));
#6481=SURFACE_STYLE_FILL_AREA(#10121);
#6482=ORIENTED_EDGE('',*,*,#10122,.F.);
#6483=ORIENTED_EDGE('',*,*,#10123,.F.);
#6484=ORIENTED_EDGE('',*,*,#10124,.T.);
#6485=ORIENTED_EDGE('',*,*,#10125,.T.);
#6486=CARTESIAN_POINT('',(21.6281,-6.85799999999998,-10.414));
#6487=DIRECTION('',(0.0,-1.0,0.0));
#6488=DIRECTION('',(1.0,0.0,0.0));
#6489=SURFACE_STYLE_FILL_AREA(#10126);
#6490=ORIENTED_EDGE('',*,*,#10127,.F.);
#6491=ORIENTED_EDGE('',*,*,#10128,.F.);
#6492=ORIENTED_EDGE('',*,*,#10129,.F.);
#6493=ORIENTED_EDGE('',*,*,#10123,.T.);
#6494=CARTESIAN_POINT('',(21.336,-4.826,-10.414));
#6495=DIRECTION('',(-1.0,5.46369598732852E-17,0.0));
#6496=DIRECTION('',(-5.46369598732852E-17,-1.0,-0.0));
#6497=SURFACE_STYLE_FILL_AREA(#10130);
#6498=ORIENTED_EDGE('',*,*,#10131,.F.);
#6499=ORIENTED_EDGE('',*,*,#10132,.F.);
#6500=ORIENTED_EDGE('',*,*,#10133,.F.);
#6501=ORIENTED_EDGE('',*,*,#10128,.T.);
#6502=ORIENTED_EDGE('',*,*,#10134,.T.);
#6503=ORIENTED_EDGE('',*,*,#10135,.T.);
#6504=ORIENTED_EDGE('',*,*,#10136,.T.);
#6505=ORIENTED_EDGE('',*,*,#10137,.T.);
#6506=CARTESIAN_POINT('',(22.86,-2.794,-10.414));
#6507=DIRECTION('',(0.0,1.0,0.0));
#6508=DIRECTION('',(-1.0,0.0,0.0));
#6509=SURFACE_STYLE_FILL_AREA(#10138);
#6510=ORIENTED_EDGE('',*,*,#9541,.T.);
#6511=ORIENTED_EDGE('',*,*,#10139,.F.);
#6512=ORIENTED_EDGE('',*,*,#9542,.T.);
#6513=ORIENTED_EDGE('',*,*,#10140,.T.);
#6514=CARTESIAN_POINT('',(22.86,-4.826,-10.1012499999998));
#6515=DIRECTION('',(6.12323399573676E-17,-0.0,1.0));
#6516=DIRECTION('',(0.0,1.0,0.0));
#6517=SURFACE_STYLE_FILL_AREA(#10141);
#6518=ORIENTED_EDGE('',*,*,#9537,.T.);
#6519=ORIENTED_EDGE('',*,*,#10140,.F.);
#6520=ORIENTED_EDGE('',*,*,#9538,.T.);
#6521=ORIENTED_EDGE('',*,*,#10142,.T.);
#6522=CARTESIAN_POINT('',(22.86,-4.826,-9.49324999999962));
#6523=DIRECTION('',(-6.12323399573676E-17,0.0,-1.0));
#6524=DIRECTION('',(0.0,1.0,0.0));
#6525=SURFACE_STYLE_FILL_AREA(#10143);
#6526=ORIENTED_EDGE('',*,*,#9532,.T.);
#6527=ORIENTED_EDGE('',*,*,#10142,.F.);
#6528=ORIENTED_EDGE('',*,*,#9534,.T.);
#6529=ORIENTED_EDGE('',*,*,#10144,.T.);
#6530=CARTESIAN_POINT('',(22.86,-4.826,-9.2709999999996));
#6531=DIRECTION('',(6.12323399573676E-17,-0.0,1.0));
#6532=DIRECTION('',(0.0,1.0,0.0));
#6533=SURFACE_STYLE_FILL_AREA(#10145);
#6534=ORIENTED_EDGE('',*,*,#9533,.F.);
#6535=ORIENTED_EDGE('',*,*,#10144,.F.);
#6536=CARTESIAN_POINT('',(22.86,-4.54024999999999,-9.14399999999958));
#6537=DIRECTION('',(6.12323399573676E-17,-0.0,1.0));
#6538=DIRECTION('',(0.0,1.0,0.0));
#6539=SURFACE_STYLE_FILL_AREA(#10146);
#6540=ORIENTED_EDGE('',*,*,#10135,.F.);
#6541=ORIENTED_EDGE('',*,*,#10147,.F.);
#6542=ORIENTED_EDGE('',*,*,#10148,.F.);
#6543=ORIENTED_EDGE('',*,*,#10149,.F.);
#6544=ORIENTED_EDGE('',*,*,#10150,.F.);
#6545=ORIENTED_EDGE('',*,*,#10151,.T.);
#6546=ORIENTED_EDGE('',*,*,#10152,.F.);
#6547=ORIENTED_EDGE('',*,*,#10153,.T.);
#6548=CARTESIAN_POINT('',(22.86,-2.22677204301077,-10.2108));
#6549=DIRECTION('',(0.0,0.0,1.0));
#6550=DIRECTION('',(1.0,0.0,0.0));
#6551=SURFACE_STYLE_FILL_AREA(#10154);
#6552=ORIENTED_EDGE('',*,*,#10134,.F.);
#6553=ORIENTED_EDGE('',*,*,#10155,.T.);
#6554=ORIENTED_EDGE('',*,*,#10156,.F.);
#6555=ORIENTED_EDGE('',*,*,#10147,.T.);
#6556=CARTESIAN_POINT('',(22.5806,-2.64,-10.2108));
#6557=DIRECTION('',(-1.0,0.0,0.0));
#6558=DIRECTION('',(0.0,-1.0,0.0));
#6559=SURFACE_STYLE_FILL_AREA(#10157);
#6560=ORIENTED_EDGE('',*,*,#10158,.T.);
#6561=ORIENTED_EDGE('',*,*,#10159,.F.);
#6562=ORIENTED_EDGE('',*,*,#10148,.T.);
#6563=ORIENTED_EDGE('',*,*,#10156,.T.);
#6564=CARTESIAN_POINT('',(22.5298,-2.28600000000001,-10.2108));
#6565=DIRECTION('',(0.0,-1.0,0.0));
#6566=DIRECTION('',(1.0,0.0,0.0));
#6567=SURFACE_STYLE_FILL_AREA(#10160);
#6568=ORIENTED_EDGE('',*,*,#10161,.T.);
#6569=ORIENTED_EDGE('',*,*,#10162,.F.);
#6570=ORIENTED_EDGE('',*,*,#10149,.T.);
#6571=ORIENTED_EDGE('',*,*,#10159,.T.);
#6572=CARTESIAN_POINT('',(22.479,-1.90500000000001,-10.2108));
#6573=DIRECTION('',(-1.0,0.0,0.0));
#6574=DIRECTION('',(0.0,-1.0,0.0));
#6575=SURFACE_STYLE_FILL_AREA(#10163);
#6576=ORIENTED_EDGE('',*,*,#10164,.T.);
#6577=ORIENTED_EDGE('',*,*,#10165,.F.);
#6578=ORIENTED_EDGE('',*,*,#10150,.T.);
#6579=ORIENTED_EDGE('',*,*,#10162,.T.);
#6580=CARTESIAN_POINT('',(22.86,-1.52400000000002,-10.2108));
#6581=DIRECTION('',(0.0,1.0,0.0));
#6582=DIRECTION('',(-1.0,0.0,0.0));
#6583=SURFACE_STYLE_FILL_AREA(#10166);
#6584=ORIENTED_EDGE('',*,*,#10167,.T.);
#6585=ORIENTED_EDGE('',*,*,#10168,.F.);
#6586=ORIENTED_EDGE('',*,*,#10151,.F.);
#6587=ORIENTED_EDGE('',*,*,#10165,.T.);
#6588=CARTESIAN_POINT('',(23.241,-1.90500000000001,-10.2108));
#6589=DIRECTION('',(1.0,0.0,0.0));
#6590=DIRECTION('',(0.0,1.0,0.0));
#6591=SURFACE_STYLE_FILL_AREA(#10169);
#6592=ORIENTED_EDGE('',*,*,#10170,.T.);
#6593=ORIENTED_EDGE('',*,*,#10171,.F.);
#6594=ORIENTED_EDGE('',*,*,#10152,.T.);
#6595=ORIENTED_EDGE('',*,*,#10168,.T.);
#6596=CARTESIAN_POINT('',(23.1902,-2.28600000000001,-10.2108));
#6597=DIRECTION('',(0.0,-1.0,0.0));
#6598=DIRECTION('',(1.0,0.0,0.0));
#6599=SURFACE_STYLE_FILL_AREA(#10172);
#6600=ORIENTED_EDGE('',*,*,#10136,.F.);
#6601=ORIENTED_EDGE('',*,*,#10153,.F.);
#6602=ORIENTED_EDGE('',*,*,#10171,.T.);
#6603=ORIENTED_EDGE('',*,*,#10173,.T.);
#6604=CARTESIAN_POINT('',(23.1394,-2.64,-10.2108));
#6605=DIRECTION('',(1.0,7.84055808351111E-17,0.0));
#6606=DIRECTION('',(-7.84055808351111E-17,1.0,0.0));
#6607=SURFACE_STYLE_FILL_AREA(#10174);
#6608=ORIENTED_EDGE('',*,*,#10137,.F.);
#6609=ORIENTED_EDGE('',*,*,#10173,.F.);
#6610=ORIENTED_EDGE('',*,*,#10170,.F.);
#6611=ORIENTED_EDGE('',*,*,#10167,.F.);
#6612=ORIENTED_EDGE('',*,*,#10164,.F.);
#6613=ORIENTED_EDGE('',*,*,#10161,.F.);
#6614=ORIENTED_EDGE('',*,*,#10158,.F.);
#6615=ORIENTED_EDGE('',*,*,#10155,.F.);
#6616=CARTESIAN_POINT('',(22.86,-2.22677204301077,-7.6708));
#6617=DIRECTION('',(0.0,0.0,1.0));
#6618=DIRECTION('',(1.0,0.0,0.0));
#6619=SURFACE_STYLE_FILL_AREA(#10175);
#6620=ORIENTED_EDGE('',*,*,#10176,.F.);
#6621=ORIENTED_EDGE('',*,*,#10177,.F.);
#6622=ORIENTED_EDGE('',*,*,#10178,.T.);
#6623=ORIENTED_EDGE('',*,*,#10132,.T.);
#6624=CARTESIAN_POINT('',(24.384,-4.82599999999999,-10.414));
#6625=DIRECTION('',(1.0,5.46369598732852E-17,0.0));
#6626=DIRECTION('',(-5.46369598732852E-17,1.0,0.0));
#6627=SURFACE_STYLE_FILL_AREA(#10179);
#6628=ORIENTED_EDGE('',*,*,#10180,.F.);
#6629=ORIENTED_EDGE('',*,*,#10181,.F.);
#6630=ORIENTED_EDGE('',*,*,#10182,.T.);
#6631=ORIENTED_EDGE('',*,*,#10177,.T.);
#6632=CARTESIAN_POINT('',(24.0919,-6.85799999999998,-10.414));
#6633=DIRECTION('',(0.0,-1.0,0.0));
#6634=DIRECTION('',(1.0,0.0,0.0));
#6635=SURFACE_STYLE_FILL_AREA(#10183);
#6636=ORIENTED_EDGE('',*,*,#10184,.F.);
#6637=ORIENTED_EDGE('',*,*,#10125,.F.);
#6638=ORIENTED_EDGE('',*,*,#10185,.F.);
#6639=ORIENTED_EDGE('',*,*,#10181,.T.);
#6640=CARTESIAN_POINT('',(22.86,-8.46963000000002,-10.414));
#6641=DIRECTION('',(0.0,0.0,1.0));
#6642=DIRECTION('',(1.0,0.0,0.0));
#6643=SURFACE_STYLE_FILL_AREA(#10186);
#6644=ORIENTED_EDGE('',*,*,#10139,.T.);
#6645=ORIENTED_EDGE('',*,*,#9543,.T.);
#6646=ORIENTED_EDGE('',*,*,#10129,.T.);
#6647=ORIENTED_EDGE('',*,*,#10133,.T.);
#6648=ORIENTED_EDGE('',*,*,#10178,.F.);
#6649=ORIENTED_EDGE('',*,*,#10182,.F.);
#6650=ORIENTED_EDGE('',*,*,#10185,.T.);
#6651=ORIENTED_EDGE('',*,*,#10124,.F.);
#6652=CARTESIAN_POINT('',(22.86,-4.81793155329521,-10.414));
#6653=DIRECTION('',(0.0,0.0,1.0));
#6654=DIRECTION('',(1.0,0.0,0.0));
#6655=SURFACE_STYLE_FILL_AREA(#10187);
#6656=ORIENTED_EDGE('',*,*,#10188,.F.);
#6657=ORIENTED_EDGE('',*,*,#10189,.F.);
#6658=ORIENTED_EDGE('',*,*,#10190,.T.);
#6659=ORIENTED_EDGE('',*,*,#10191,.T.);
#6660=CARTESIAN_POINT('',(17.8181,-6.85799999999998,-10.414));
#6661=DIRECTION('',(0.0,-1.0,0.0));
#6662=DIRECTION('',(1.0,0.0,0.0));
#6663=SURFACE_STYLE_FILL_AREA(#10192);
#6664=ORIENTED_EDGE('',*,*,#10193,.F.);
#6665=ORIENTED_EDGE('',*,*,#10194,.F.);
#6666=ORIENTED_EDGE('',*,*,#10195,.F.);
#6667=ORIENTED_EDGE('',*,*,#10189,.T.);
#6668=CARTESIAN_POINT('',(17.526,-4.826,-10.414));
#6669=DIRECTION('',(-1.0,5.46369598732852E-17,0.0));
#6670=DIRECTION('',(-5.46369598732852E-17,-1.0,-0.0));
#6671=SURFACE_STYLE_FILL_AREA(#10196);
#6672=ORIENTED_EDGE('',*,*,#10197,.F.);
#6673=ORIENTED_EDGE('',*,*,#10198,.F.);
#6674=ORIENTED_EDGE('',*,*,#10199,.F.);
#6675=ORIENTED_EDGE('',*,*,#10194,.T.);
#6676=ORIENTED_EDGE('',*,*,#10200,.T.);
#6677=ORIENTED_EDGE('',*,*,#10201,.T.);
#6678=ORIENTED_EDGE('',*,*,#10202,.T.);
#6679=ORIENTED_EDGE('',*,*,#10203,.T.);
#6680=CARTESIAN_POINT('',(19.05,-2.794,-10.414));
#6681=DIRECTION('',(0.0,1.0,0.0));
#6682=DIRECTION('',(-1.0,0.0,0.0));
#6683=SURFACE_STYLE_FILL_AREA(#10204);
#6684=ORIENTED_EDGE('',*,*,#9528,.T.);
#6685=ORIENTED_EDGE('',*,*,#10205,.F.);
#6686=ORIENTED_EDGE('',*,*,#9529,.T.);
#6687=ORIENTED_EDGE('',*,*,#10206,.T.);
#6688=CARTESIAN_POINT('',(19.05,-4.826,-10.1012499999998));
#6689=DIRECTION('',(6.12323399573676E-17,-0.0,1.0));
#6690=DIRECTION('',(0.0,1.0,0.0));
#6691=SURFACE_STYLE_FILL_AREA(#10207);
#6692=ORIENTED_EDGE('',*,*,#9524,.T.);
#6693=ORIENTED_EDGE('',*,*,#10206,.F.);
#6694=ORIENTED_EDGE('',*,*,#9525,.T.);
#6695=ORIENTED_EDGE('',*,*,#10208,.T.);
#6696=CARTESIAN_POINT('',(19.05,-4.826,-9.49324999999962));
#6697=DIRECTION('',(-6.12323399573676E-17,0.0,-1.0));
#6698=DIRECTION('',(0.0,1.0,0.0));
#6699=SURFACE_STYLE_FILL_AREA(#10209);
#6700=ORIENTED_EDGE('',*,*,#9519,.T.);
#6701=ORIENTED_EDGE('',*,*,#10208,.F.);
#6702=ORIENTED_EDGE('',*,*,#9521,.T.);
#6703=ORIENTED_EDGE('',*,*,#10210,.T.);
#6704=CARTESIAN_POINT('',(19.05,-4.826,-9.2709999999996));
#6705=DIRECTION('',(6.12323399573676E-17,-0.0,1.0));
#6706=DIRECTION('',(0.0,1.0,0.0));
#6707=SURFACE_STYLE_FILL_AREA(#10211);
#6708=ORIENTED_EDGE('',*,*,#9520,.F.);
#6709=ORIENTED_EDGE('',*,*,#10210,.F.);
#6710=CARTESIAN_POINT('',(19.05,-4.54024999999999,-9.14399999999958));
#6711=DIRECTION('',(6.12323399573676E-17,-0.0,1.0));
#6712=DIRECTION('',(0.0,1.0,0.0));
#6713=SURFACE_STYLE_FILL_AREA(#10212);
#6714=ORIENTED_EDGE('',*,*,#10201,.F.);
#6715=ORIENTED_EDGE('',*,*,#10213,.F.);
#6716=ORIENTED_EDGE('',*,*,#10214,.F.);
#6717=ORIENTED_EDGE('',*,*,#10215,.F.);
#6718=ORIENTED_EDGE('',*,*,#10216,.F.);
#6719=ORIENTED_EDGE('',*,*,#10217,.T.);
#6720=ORIENTED_EDGE('',*,*,#10218,.F.);
#6721=ORIENTED_EDGE('',*,*,#10219,.T.);
#6722=CARTESIAN_POINT('',(19.05,-2.22677204301077,-10.2108));
#6723=DIRECTION('',(0.0,0.0,1.0));
#6724=DIRECTION('',(1.0,0.0,0.0));
#6725=SURFACE_STYLE_FILL_AREA(#10220);
#6726=ORIENTED_EDGE('',*,*,#10200,.F.);
#6727=ORIENTED_EDGE('',*,*,#10221,.T.);
#6728=ORIENTED_EDGE('',*,*,#10222,.F.);
#6729=ORIENTED_EDGE('',*,*,#10213,.T.);
#6730=CARTESIAN_POINT('',(18.7706,-2.64,-10.2108));
#6731=DIRECTION('',(-1.0,0.0,0.0));
#6732=DIRECTION('',(0.0,-1.0,0.0));
#6733=SURFACE_STYLE_FILL_AREA(#10223);
#6734=ORIENTED_EDGE('',*,*,#10224,.T.);
#6735=ORIENTED_EDGE('',*,*,#10225,.F.);
#6736=ORIENTED_EDGE('',*,*,#10214,.T.);
#6737=ORIENTED_EDGE('',*,*,#10222,.T.);
#6738=CARTESIAN_POINT('',(18.7198,-2.28600000000001,-10.2108));
#6739=DIRECTION('',(0.0,-1.0,0.0));
#6740=DIRECTION('',(1.0,0.0,0.0));
#6741=SURFACE_STYLE_FILL_AREA(#10226);
#6742=ORIENTED_EDGE('',*,*,#10227,.T.);
#6743=ORIENTED_EDGE('',*,*,#10228,.F.);
#6744=ORIENTED_EDGE('',*,*,#10215,.T.);
#6745=ORIENTED_EDGE('',*,*,#10225,.T.);
#6746=CARTESIAN_POINT('',(18.669,-1.90500000000001,-10.2108));
#6747=DIRECTION('',(-1.0,0.0,0.0));
#6748=DIRECTION('',(0.0,-1.0,0.0));
#6749=SURFACE_STYLE_FILL_AREA(#10229);
#6750=ORIENTED_EDGE('',*,*,#10230,.T.);
#6751=ORIENTED_EDGE('',*,*,#10231,.F.);
#6752=ORIENTED_EDGE('',*,*,#10216,.T.);
#6753=ORIENTED_EDGE('',*,*,#10228,.T.);
#6754=CARTESIAN_POINT('',(19.05,-1.52400000000002,-10.2108));
#6755=DIRECTION('',(0.0,1.0,0.0));
#6756=DIRECTION('',(-1.0,0.0,0.0));
#6757=SURFACE_STYLE_FILL_AREA(#10232);
#6758=ORIENTED_EDGE('',*,*,#10233,.T.);
#6759=ORIENTED_EDGE('',*,*,#10234,.F.);
#6760=ORIENTED_EDGE('',*,*,#10217,.F.);
#6761=ORIENTED_EDGE('',*,*,#10231,.T.);
#6762=CARTESIAN_POINT('',(19.431,-1.90500000000001,-10.2108));
#6763=DIRECTION('',(1.0,0.0,0.0));
#6764=DIRECTION('',(0.0,1.0,0.0));
#6765=SURFACE_STYLE_FILL_AREA(#10235);
#6766=ORIENTED_EDGE('',*,*,#10236,.T.);
#6767=ORIENTED_EDGE('',*,*,#10237,.F.);
#6768=ORIENTED_EDGE('',*,*,#10218,.T.);
#6769=ORIENTED_EDGE('',*,*,#10234,.T.);
#6770=CARTESIAN_POINT('',(19.3802,-2.28600000000001,-10.2108));
#6771=DIRECTION('',(0.0,-1.0,0.0));
#6772=DIRECTION('',(1.0,0.0,0.0));
#6773=SURFACE_STYLE_FILL_AREA(#10238);
#6774=ORIENTED_EDGE('',*,*,#10202,.F.);
#6775=ORIENTED_EDGE('',*,*,#10219,.F.);
#6776=ORIENTED_EDGE('',*,*,#10237,.T.);
#6777=ORIENTED_EDGE('',*,*,#10239,.T.);
#6778=CARTESIAN_POINT('',(19.3294,-2.64,-10.2108));
#6779=DIRECTION('',(1.0,7.84055808351111E-17,0.0));
#6780=DIRECTION('',(-7.84055808351111E-17,1.0,0.0));
#6781=SURFACE_STYLE_FILL_AREA(#10240);
#6782=ORIENTED_EDGE('',*,*,#10203,.F.);
#6783=ORIENTED_EDGE('',*,*,#10239,.F.);
#6784=ORIENTED_EDGE('',*,*,#10236,.F.);
#6785=ORIENTED_EDGE('',*,*,#10233,.F.);
#6786=ORIENTED_EDGE('',*,*,#10230,.F.);
#6787=ORIENTED_EDGE('',*,*,#10227,.F.);
#6788=ORIENTED_EDGE('',*,*,#10224,.F.);
#6789=ORIENTED_EDGE('',*,*,#10221,.F.);
#6790=CARTESIAN_POINT('',(19.05,-2.22677204301077,-7.6708));
#6791=DIRECTION('',(0.0,0.0,1.0));
#6792=DIRECTION('',(1.0,0.0,0.0));
#6793=SURFACE_STYLE_FILL_AREA(#10241);
#6794=ORIENTED_EDGE('',*,*,#10242,.F.);
#6795=ORIENTED_EDGE('',*,*,#10243,.F.);
#6796=ORIENTED_EDGE('',*,*,#10244,.T.);
#6797=ORIENTED_EDGE('',*,*,#10198,.T.);
#6798=CARTESIAN_POINT('',(20.574,-4.82599999999999,-10.414));
#6799=DIRECTION('',(1.0,5.46369598732852E-17,0.0));
#6800=DIRECTION('',(-5.46369598732852E-17,1.0,0.0));
#6801=SURFACE_STYLE_FILL_AREA(#10245);
#6802=ORIENTED_EDGE('',*,*,#10246,.F.);
#6803=ORIENTED_EDGE('',*,*,#10247,.F.);
#6804=ORIENTED_EDGE('',*,*,#10248,.T.);
#6805=ORIENTED_EDGE('',*,*,#10243,.T.);
#6806=CARTESIAN_POINT('',(20.2819,-6.85799999999998,-10.414));
#6807=DIRECTION('',(0.0,-1.0,0.0));
#6808=DIRECTION('',(1.0,0.0,0.0));
#6809=SURFACE_STYLE_FILL_AREA(#10249);
#6810=ORIENTED_EDGE('',*,*,#10250,.F.);
#6811=ORIENTED_EDGE('',*,*,#10191,.F.);
#6812=ORIENTED_EDGE('',*,*,#10251,.F.);
#6813=ORIENTED_EDGE('',*,*,#10247,.T.);
#6814=CARTESIAN_POINT('',(19.05,-8.46963000000002,-10.414));
#6815=DIRECTION('',(0.0,0.0,1.0));
#6816=DIRECTION('',(1.0,0.0,0.0));
#6817=SURFACE_STYLE_FILL_AREA(#10252);
#6818=ORIENTED_EDGE('',*,*,#10205,.T.);
#6819=ORIENTED_EDGE('',*,*,#9530,.T.);
#6820=ORIENTED_EDGE('',*,*,#10195,.T.);
#6821=ORIENTED_EDGE('',*,*,#10199,.T.);
#6822=ORIENTED_EDGE('',*,*,#10244,.F.);
#6823=ORIENTED_EDGE('',*,*,#10248,.F.);
#6824=ORIENTED_EDGE('',*,*,#10251,.T.);
#6825=ORIENTED_EDGE('',*,*,#10190,.F.);
#6826=CARTESIAN_POINT('',(19.05,-4.81793155329521,-10.414));
#6827=DIRECTION('',(0.0,0.0,1.0));
#6828=DIRECTION('',(1.0,0.0,0.0));
#6829=SURFACE_STYLE_FILL_AREA(#10253);
#6830=ORIENTED_EDGE('',*,*,#10254,.F.);
#6831=ORIENTED_EDGE('',*,*,#10255,.F.);
#6832=ORIENTED_EDGE('',*,*,#10256,.T.);
#6833=ORIENTED_EDGE('',*,*,#10257,.T.);
#6834=CARTESIAN_POINT('',(14.0081,-6.85799999999998,-10.414));
#6835=DIRECTION('',(0.0,-1.0,0.0));
#6836=DIRECTION('',(1.0,0.0,0.0));
#6837=SURFACE_STYLE_FILL_AREA(#10258);
#6838=ORIENTED_EDGE('',*,*,#10259,.F.);
#6839=ORIENTED_EDGE('',*,*,#10260,.F.);
#6840=ORIENTED_EDGE('',*,*,#10261,.F.);
#6841=ORIENTED_EDGE('',*,*,#10255,.T.);
#6842=CARTESIAN_POINT('',(13.716,-4.826,-10.414));
#6843=DIRECTION('',(-1.0,5.46369598732852E-17,0.0));
#6844=DIRECTION('',(-5.46369598732852E-17,-1.0,-0.0));
#6845=SURFACE_STYLE_FILL_AREA(#10262);
#6846=ORIENTED_EDGE('',*,*,#10263,.F.);
#6847=ORIENTED_EDGE('',*,*,#10264,.F.);
#6848=ORIENTED_EDGE('',*,*,#10265,.F.);
#6849=ORIENTED_EDGE('',*,*,#10260,.T.);
#6850=ORIENTED_EDGE('',*,*,#10266,.T.);
#6851=ORIENTED_EDGE('',*,*,#10267,.T.);
#6852=ORIENTED_EDGE('',*,*,#10268,.T.);
#6853=ORIENTED_EDGE('',*,*,#10269,.T.);
#6854=CARTESIAN_POINT('',(15.24,-2.794,-10.414));
#6855=DIRECTION('',(0.0,1.0,0.0));
#6856=DIRECTION('',(-1.0,0.0,0.0));
#6857=SURFACE_STYLE_FILL_AREA(#10270);
#6858=ORIENTED_EDGE('',*,*,#9515,.T.);
#6859=ORIENTED_EDGE('',*,*,#10271,.F.);
#6860=ORIENTED_EDGE('',*,*,#9516,.T.);
#6861=ORIENTED_EDGE('',*,*,#10272,.T.);
#6862=CARTESIAN_POINT('',(15.24,-4.826,-10.1012499999998));
#6863=DIRECTION('',(6.12323399573676E-17,-0.0,1.0));
#6864=DIRECTION('',(0.0,1.0,0.0));
#6865=SURFACE_STYLE_FILL_AREA(#10273);
#6866=ORIENTED_EDGE('',*,*,#9511,.T.);
#6867=ORIENTED_EDGE('',*,*,#10272,.F.);
#6868=ORIENTED_EDGE('',*,*,#9512,.T.);
#6869=ORIENTED_EDGE('',*,*,#10274,.T.);
#6870=CARTESIAN_POINT('',(15.24,-4.826,-9.49324999999962));
#6871=DIRECTION('',(-6.12323399573676E-17,0.0,-1.0));
#6872=DIRECTION('',(0.0,1.0,0.0));
#6873=SURFACE_STYLE_FILL_AREA(#10275);
#6874=ORIENTED_EDGE('',*,*,#9506,.T.);
#6875=ORIENTED_EDGE('',*,*,#10274,.F.);
#6876=ORIENTED_EDGE('',*,*,#9508,.T.);
#6877=ORIENTED_EDGE('',*,*,#10276,.T.);
#6878=CARTESIAN_POINT('',(15.24,-4.826,-9.2709999999996));
#6879=DIRECTION('',(6.12323399573676E-17,-0.0,1.0));
#6880=DIRECTION('',(0.0,1.0,0.0));
#6881=SURFACE_STYLE_FILL_AREA(#10277);
#6882=ORIENTED_EDGE('',*,*,#9507,.F.);
#6883=ORIENTED_EDGE('',*,*,#10276,.F.);
#6884=CARTESIAN_POINT('',(15.24,-4.54024999999999,-9.14399999999958));
#6885=DIRECTION('',(6.12323399573676E-17,-0.0,1.0));
#6886=DIRECTION('',(0.0,1.0,0.0));
#6887=SURFACE_STYLE_FILL_AREA(#10278);
#6888=ORIENTED_EDGE('',*,*,#10267,.F.);
#6889=ORIENTED_EDGE('',*,*,#10279,.F.);
#6890=ORIENTED_EDGE('',*,*,#10280,.F.);
#6891=ORIENTED_EDGE('',*,*,#10281,.F.);
#6892=ORIENTED_EDGE('',*,*,#10282,.F.);
#6893=ORIENTED_EDGE('',*,*,#10283,.T.);
#6894=ORIENTED_EDGE('',*,*,#10284,.F.);
#6895=ORIENTED_EDGE('',*,*,#10285,.T.);
#6896=CARTESIAN_POINT('',(15.24,-2.22677204301077,-10.2108));
#6897=DIRECTION('',(0.0,0.0,1.0));
#6898=DIRECTION('',(1.0,0.0,0.0));
#6899=SURFACE_STYLE_FILL_AREA(#10286);
#6900=ORIENTED_EDGE('',*,*,#10266,.F.);
#6901=ORIENTED_EDGE('',*,*,#10287,.T.);
#6902=ORIENTED_EDGE('',*,*,#10288,.F.);
#6903=ORIENTED_EDGE('',*,*,#10279,.T.);
#6904=CARTESIAN_POINT('',(14.9606,-2.64,-10.2108));
#6905=DIRECTION('',(-1.0,0.0,0.0));
#6906=DIRECTION('',(0.0,-1.0,0.0));
#6907=SURFACE_STYLE_FILL_AREA(#10289);
#6908=ORIENTED_EDGE('',*,*,#10290,.T.);
#6909=ORIENTED_EDGE('',*,*,#10291,.F.);
#6910=ORIENTED_EDGE('',*,*,#10280,.T.);
#6911=ORIENTED_EDGE('',*,*,#10288,.T.);
#6912=CARTESIAN_POINT('',(14.9098,-2.28600000000001,-10.2108));
#6913=DIRECTION('',(0.0,-1.0,0.0));
#6914=DIRECTION('',(1.0,0.0,0.0));
#6915=SURFACE_STYLE_FILL_AREA(#10292);
#6916=ORIENTED_EDGE('',*,*,#10293,.T.);
#6917=ORIENTED_EDGE('',*,*,#10294,.F.);
#6918=ORIENTED_EDGE('',*,*,#10281,.T.);
#6919=ORIENTED_EDGE('',*,*,#10291,.T.);
#6920=CARTESIAN_POINT('',(14.859,-1.90500000000001,-10.2108));
#6921=DIRECTION('',(-1.0,0.0,0.0));
#6922=DIRECTION('',(0.0,-1.0,0.0));
#6923=SURFACE_STYLE_FILL_AREA(#10295);
#6924=ORIENTED_EDGE('',*,*,#10296,.T.);
#6925=ORIENTED_EDGE('',*,*,#10297,.F.);
#6926=ORIENTED_EDGE('',*,*,#10282,.T.);
#6927=ORIENTED_EDGE('',*,*,#10294,.T.);
#6928=CARTESIAN_POINT('',(15.24,-1.52400000000002,-10.2108));
#6929=DIRECTION('',(0.0,1.0,0.0));
#6930=DIRECTION('',(-1.0,0.0,0.0));
#6931=SURFACE_STYLE_FILL_AREA(#10298);
#6932=ORIENTED_EDGE('',*,*,#10299,.T.);
#6933=ORIENTED_EDGE('',*,*,#10300,.F.);
#6934=ORIENTED_EDGE('',*,*,#10283,.F.);
#6935=ORIENTED_EDGE('',*,*,#10297,.T.);
#6936=CARTESIAN_POINT('',(15.621,-1.90500000000001,-10.2108));
#6937=DIRECTION('',(1.0,0.0,0.0));
#6938=DIRECTION('',(0.0,1.0,0.0));
#6939=SURFACE_STYLE_FILL_AREA(#10301);
#6940=ORIENTED_EDGE('',*,*,#10302,.T.);
#6941=ORIENTED_EDGE('',*,*,#10303,.F.);
#6942=ORIENTED_EDGE('',*,*,#10284,.T.);
#6943=ORIENTED_EDGE('',*,*,#10300,.T.);
#6944=CARTESIAN_POINT('',(15.5702,-2.28600000000001,-10.2108));
#6945=DIRECTION('',(0.0,-1.0,0.0));
#6946=DIRECTION('',(1.0,0.0,0.0));
#6947=SURFACE_STYLE_FILL_AREA(#10304);
#6948=ORIENTED_EDGE('',*,*,#10268,.F.);
#6949=ORIENTED_EDGE('',*,*,#10285,.F.);
#6950=ORIENTED_EDGE('',*,*,#10303,.T.);
#6951=ORIENTED_EDGE('',*,*,#10305,.T.);
#6952=CARTESIAN_POINT('',(15.5194,-2.64,-10.2108));
#6953=DIRECTION('',(1.0,7.84055808351111E-17,0.0));
#6954=DIRECTION('',(-7.84055808351111E-17,1.0,0.0));
#6955=SURFACE_STYLE_FILL_AREA(#10306);
#6956=ORIENTED_EDGE('',*,*,#10269,.F.);
#6957=ORIENTED_EDGE('',*,*,#10305,.F.);
#6958=ORIENTED_EDGE('',*,*,#10302,.F.);
#6959=ORIENTED_EDGE('',*,*,#10299,.F.);
#6960=ORIENTED_EDGE('',*,*,#10296,.F.);
#6961=ORIENTED_EDGE('',*,*,#10293,.F.);
#6962=ORIENTED_EDGE('',*,*,#10290,.F.);
#6963=ORIENTED_EDGE('',*,*,#10287,.F.);
#6964=CARTESIAN_POINT('',(15.24,-2.22677204301077,-7.6708));
#6965=DIRECTION('',(0.0,0.0,1.0));
#6966=DIRECTION('',(1.0,0.0,0.0));
#6967=SURFACE_STYLE_FILL_AREA(#10307);
#6968=ORIENTED_EDGE('',*,*,#10308,.F.);
#6969=ORIENTED_EDGE('',*,*,#10309,.F.);
#6970=ORIENTED_EDGE('',*,*,#10310,.T.);
#6971=ORIENTED_EDGE('',*,*,#10264,.T.);
#6972=CARTESIAN_POINT('',(16.764,-4.82599999999999,-10.414));
#6973=DIRECTION('',(1.0,5.46369598732852E-17,0.0));
#6974=DIRECTION('',(-5.46369598732852E-17,1.0,0.0));
#6975=SURFACE_STYLE_FILL_AREA(#10311);
#6976=ORIENTED_EDGE('',*,*,#10312,.F.);
#6977=ORIENTED_EDGE('',*,*,#10313,.F.);
#6978=ORIENTED_EDGE('',*,*,#10314,.T.);
#6979=ORIENTED_EDGE('',*,*,#10309,.T.);
#6980=CARTESIAN_POINT('',(16.4719,-6.85799999999998,-10.414));
#6981=DIRECTION('',(0.0,-1.0,0.0));
#6982=DIRECTION('',(1.0,0.0,0.0));
#6983=SURFACE_STYLE_FILL_AREA(#10315);
#6984=ORIENTED_EDGE('',*,*,#10316,.F.);
#6985=ORIENTED_EDGE('',*,*,#10257,.F.);
#6986=ORIENTED_EDGE('',*,*,#10317,.F.);
#6987=ORIENTED_EDGE('',*,*,#10313,.T.);
#6988=CARTESIAN_POINT('',(15.24,-8.46963000000002,-10.414));
#6989=DIRECTION('',(0.0,0.0,1.0));
#6990=DIRECTION('',(1.0,0.0,0.0));
#6991=SURFACE_STYLE_FILL_AREA(#10318);
#6992=ORIENTED_EDGE('',*,*,#10271,.T.);
#6993=ORIENTED_EDGE('',*,*,#9517,.T.);
#6994=ORIENTED_EDGE('',*,*,#10261,.T.);
#6995=ORIENTED_EDGE('',*,*,#10265,.T.);
#6996=ORIENTED_EDGE('',*,*,#10310,.F.);
#6997=ORIENTED_EDGE('',*,*,#10314,.F.);
#6998=ORIENTED_EDGE('',*,*,#10317,.T.);
#6999=ORIENTED_EDGE('',*,*,#10256,.F.);
#7000=CARTESIAN_POINT('',(15.24,-4.81793155329521,-10.414));
#7001=DIRECTION('',(0.0,0.0,1.0));
#7002=DIRECTION('',(1.0,0.0,0.0));
#7003=SURFACE_STYLE_FILL_AREA(#10319);
#7004=ORIENTED_EDGE('',*,*,#10320,.F.);
#7005=ORIENTED_EDGE('',*,*,#10321,.F.);
#7006=ORIENTED_EDGE('',*,*,#10322,.T.);
#7007=ORIENTED_EDGE('',*,*,#10323,.T.);
#7008=CARTESIAN_POINT('',(10.1981,-6.85799999999998,-10.414));
#7009=DIRECTION('',(0.0,-1.0,0.0));
#7010=DIRECTION('',(1.0,0.0,0.0));
#7011=SURFACE_STYLE_FILL_AREA(#10324);
#7012=ORIENTED_EDGE('',*,*,#10325,.F.);
#7013=ORIENTED_EDGE('',*,*,#10326,.F.);
#7014=ORIENTED_EDGE('',*,*,#10327,.F.);
#7015=ORIENTED_EDGE('',*,*,#10321,.T.);
#7016=CARTESIAN_POINT('',(9.90600000000003,-4.826,-10.414));
#7017=DIRECTION('',(-1.0,5.46369598732852E-17,0.0));
#7018=DIRECTION('',(-5.46369598732852E-17,-1.0,-0.0));
#7019=SURFACE_STYLE_FILL_AREA(#10328);
#7020=ORIENTED_EDGE('',*,*,#10329,.F.);
#7021=ORIENTED_EDGE('',*,*,#10330,.F.);
#7022=ORIENTED_EDGE('',*,*,#10331,.F.);
#7023=ORIENTED_EDGE('',*,*,#10326,.T.);
#7024=ORIENTED_EDGE('',*,*,#10332,.T.);
#7025=ORIENTED_EDGE('',*,*,#10333,.T.);
#7026=ORIENTED_EDGE('',*,*,#10334,.T.);
#7027=ORIENTED_EDGE('',*,*,#10335,.T.);
#7028=CARTESIAN_POINT('',(11.43,-2.794,-10.414));
#7029=DIRECTION('',(0.0,1.0,0.0));
#7030=DIRECTION('',(-1.0,0.0,0.0));
#7031=SURFACE_STYLE_FILL_AREA(#10336);
#7032=ORIENTED_EDGE('',*,*,#9502,.T.);
#7033=ORIENTED_EDGE('',*,*,#10337,.F.);
#7034=ORIENTED_EDGE('',*,*,#9503,.T.);
#7035=ORIENTED_EDGE('',*,*,#10338,.T.);
#7036=CARTESIAN_POINT('',(11.43,-4.826,-10.1012499999998));
#7037=DIRECTION('',(6.12323399573676E-17,-0.0,1.0));
#7038=DIRECTION('',(0.0,1.0,0.0));
#7039=SURFACE_STYLE_FILL_AREA(#10339);
#7040=ORIENTED_EDGE('',*,*,#9498,.T.);
#7041=ORIENTED_EDGE('',*,*,#10338,.F.);
#7042=ORIENTED_EDGE('',*,*,#9499,.T.);
#7043=ORIENTED_EDGE('',*,*,#10340,.T.);
#7044=CARTESIAN_POINT('',(11.43,-4.826,-9.49324999999962));
#7045=DIRECTION('',(-6.12323399573676E-17,0.0,-1.0));
#7046=DIRECTION('',(0.0,1.0,0.0));
#7047=SURFACE_STYLE_FILL_AREA(#10341);
#7048=ORIENTED_EDGE('',*,*,#9493,.T.);
#7049=ORIENTED_EDGE('',*,*,#10340,.F.);
#7050=ORIENTED_EDGE('',*,*,#9495,.T.);
#7051=ORIENTED_EDGE('',*,*,#10342,.T.);
#7052=CARTESIAN_POINT('',(11.43,-4.826,-9.2709999999996));
#7053=DIRECTION('',(6.12323399573676E-17,-0.0,1.0));
#7054=DIRECTION('',(0.0,1.0,0.0));
#7055=SURFACE_STYLE_FILL_AREA(#10343);
#7056=ORIENTED_EDGE('',*,*,#9494,.F.);
#7057=ORIENTED_EDGE('',*,*,#10342,.F.);
#7058=CARTESIAN_POINT('',(11.43,-4.54024999999999,-9.14399999999958));
#7059=DIRECTION('',(6.12323399573676E-17,-0.0,1.0));
#7060=DIRECTION('',(0.0,1.0,0.0));
#7061=SURFACE_STYLE_FILL_AREA(#10344);
#7062=ORIENTED_EDGE('',*,*,#10333,.F.);
#7063=ORIENTED_EDGE('',*,*,#10345,.F.);
#7064=ORIENTED_EDGE('',*,*,#10346,.F.);
#7065=ORIENTED_EDGE('',*,*,#10347,.F.);
#7066=ORIENTED_EDGE('',*,*,#10348,.F.);
#7067=ORIENTED_EDGE('',*,*,#10349,.T.);
#7068=ORIENTED_EDGE('',*,*,#10350,.F.);
#7069=ORIENTED_EDGE('',*,*,#10351,.T.);
#7070=CARTESIAN_POINT('',(11.43,-2.22677204301077,-10.2108));
#7071=DIRECTION('',(0.0,0.0,1.0));
#7072=DIRECTION('',(1.0,0.0,0.0));
#7073=SURFACE_STYLE_FILL_AREA(#10352);
#7074=ORIENTED_EDGE('',*,*,#10332,.F.);
#7075=ORIENTED_EDGE('',*,*,#10353,.T.);
#7076=ORIENTED_EDGE('',*,*,#10354,.F.);
#7077=ORIENTED_EDGE('',*,*,#10345,.T.);
#7078=CARTESIAN_POINT('',(11.1506,-2.64,-10.2108));
#7079=DIRECTION('',(-1.0,0.0,0.0));
#7080=DIRECTION('',(0.0,-1.0,0.0));
#7081=SURFACE_STYLE_FILL_AREA(#10355);
#7082=ORIENTED_EDGE('',*,*,#10356,.T.);
#7083=ORIENTED_EDGE('',*,*,#10357,.F.);
#7084=ORIENTED_EDGE('',*,*,#10346,.T.);
#7085=ORIENTED_EDGE('',*,*,#10354,.T.);
#7086=CARTESIAN_POINT('',(11.0998,-2.28600000000001,-10.2108));
#7087=DIRECTION('',(0.0,-1.0,0.0));
#7088=DIRECTION('',(1.0,0.0,0.0));
#7089=SURFACE_STYLE_FILL_AREA(#10358);
#7090=ORIENTED_EDGE('',*,*,#10359,.T.);
#7091=ORIENTED_EDGE('',*,*,#10360,.F.);
#7092=ORIENTED_EDGE('',*,*,#10347,.T.);
#7093=ORIENTED_EDGE('',*,*,#10357,.T.);
#7094=CARTESIAN_POINT('',(11.049,-1.90500000000001,-10.2108));
#7095=DIRECTION('',(-1.0,0.0,0.0));
#7096=DIRECTION('',(0.0,-1.0,0.0));
#7097=SURFACE_STYLE_FILL_AREA(#10361);
#7098=ORIENTED_EDGE('',*,*,#10362,.T.);
#7099=ORIENTED_EDGE('',*,*,#10363,.F.);
#7100=ORIENTED_EDGE('',*,*,#10348,.T.);
#7101=ORIENTED_EDGE('',*,*,#10360,.T.);
#7102=CARTESIAN_POINT('',(11.43,-1.52400000000002,-10.2108));
#7103=DIRECTION('',(0.0,1.0,0.0));
#7104=DIRECTION('',(-1.0,0.0,0.0));
#7105=SURFACE_STYLE_FILL_AREA(#10364);
#7106=ORIENTED_EDGE('',*,*,#10365,.T.);
#7107=ORIENTED_EDGE('',*,*,#10366,.F.);
#7108=ORIENTED_EDGE('',*,*,#10349,.F.);
#7109=ORIENTED_EDGE('',*,*,#10363,.T.);
#7110=CARTESIAN_POINT('',(11.811,-1.90500000000001,-10.2108));
#7111=DIRECTION('',(1.0,0.0,0.0));
#7112=DIRECTION('',(0.0,1.0,0.0));
#7113=SURFACE_STYLE_FILL_AREA(#10367);
#7114=ORIENTED_EDGE('',*,*,#10368,.T.);
#7115=ORIENTED_EDGE('',*,*,#10369,.F.);
#7116=ORIENTED_EDGE('',*,*,#10350,.T.);
#7117=ORIENTED_EDGE('',*,*,#10366,.T.);
#7118=CARTESIAN_POINT('',(11.7602,-2.28600000000001,-10.2108));
#7119=DIRECTION('',(0.0,-1.0,0.0));
#7120=DIRECTION('',(1.0,0.0,0.0));
#7121=SURFACE_STYLE_FILL_AREA(#10370);
#7122=ORIENTED_EDGE('',*,*,#10334,.F.);
#7123=ORIENTED_EDGE('',*,*,#10351,.F.);
#7124=ORIENTED_EDGE('',*,*,#10369,.T.);
#7125=ORIENTED_EDGE('',*,*,#10371,.T.);
#7126=CARTESIAN_POINT('',(11.7094,-2.64,-10.2108));
#7127=DIRECTION('',(1.0,7.84055808351111E-17,0.0));
#7128=DIRECTION('',(-7.84055808351111E-17,1.0,0.0));
#7129=SURFACE_STYLE_FILL_AREA(#10372);
#7130=ORIENTED_EDGE('',*,*,#10335,.F.);
#7131=ORIENTED_EDGE('',*,*,#10371,.F.);
#7132=ORIENTED_EDGE('',*,*,#10368,.F.);
#7133=ORIENTED_EDGE('',*,*,#10365,.F.);
#7134=ORIENTED_EDGE('',*,*,#10362,.F.);
#7135=ORIENTED_EDGE('',*,*,#10359,.F.);
#7136=ORIENTED_EDGE('',*,*,#10356,.F.);
#7137=ORIENTED_EDGE('',*,*,#10353,.F.);
#7138=CARTESIAN_POINT('',(11.43,-2.22677204301077,-7.6708));
#7139=DIRECTION('',(0.0,0.0,1.0));
#7140=DIRECTION('',(1.0,0.0,0.0));
#7141=SURFACE_STYLE_FILL_AREA(#10373);
#7142=ORIENTED_EDGE('',*,*,#10374,.F.);
#7143=ORIENTED_EDGE('',*,*,#10375,.F.);
#7144=ORIENTED_EDGE('',*,*,#10376,.T.);
#7145=ORIENTED_EDGE('',*,*,#10330,.T.);
#7146=CARTESIAN_POINT('',(12.954,-4.82599999999999,-10.414));
#7147=DIRECTION('',(1.0,5.46369598732852E-17,0.0));
#7148=DIRECTION('',(-5.46369598732852E-17,1.0,0.0));
#7149=SURFACE_STYLE_FILL_AREA(#10377);
#7150=ORIENTED_EDGE('',*,*,#10378,.F.);
#7151=ORIENTED_EDGE('',*,*,#10379,.F.);
#7152=ORIENTED_EDGE('',*,*,#10380,.T.);
#7153=ORIENTED_EDGE('',*,*,#10375,.T.);
#7154=CARTESIAN_POINT('',(12.6619,-6.85799999999998,-10.414));
#7155=DIRECTION('',(0.0,-1.0,0.0));
#7156=DIRECTION('',(1.0,0.0,0.0));
#7157=SURFACE_STYLE_FILL_AREA(#10381);
#7158=ORIENTED_EDGE('',*,*,#10382,.F.);
#7159=ORIENTED_EDGE('',*,*,#10323,.F.);
#7160=ORIENTED_EDGE('',*,*,#10383,.F.);
#7161=ORIENTED_EDGE('',*,*,#10379,.T.);
#7162=CARTESIAN_POINT('',(11.43,-8.46963000000002,-10.414));
#7163=DIRECTION('',(0.0,0.0,1.0));
#7164=DIRECTION('',(1.0,0.0,0.0));
#7165=SURFACE_STYLE_FILL_AREA(#10384);
#7166=ORIENTED_EDGE('',*,*,#10337,.T.);
#7167=ORIENTED_EDGE('',*,*,#9504,.T.);
#7168=ORIENTED_EDGE('',*,*,#10327,.T.);
#7169=ORIENTED_EDGE('',*,*,#10331,.T.);
#7170=ORIENTED_EDGE('',*,*,#10376,.F.);
#7171=ORIENTED_EDGE('',*,*,#10380,.F.);
#7172=ORIENTED_EDGE('',*,*,#10383,.T.);
#7173=ORIENTED_EDGE('',*,*,#10322,.F.);
#7174=CARTESIAN_POINT('',(11.43,-4.81793155329521,-10.414));
#7175=DIRECTION('',(0.0,0.0,1.0));
#7176=DIRECTION('',(1.0,0.0,0.0));
#7177=SURFACE_STYLE_FILL_AREA(#10385);
#7178=ORIENTED_EDGE('',*,*,#10386,.F.);
#7179=ORIENTED_EDGE('',*,*,#10387,.F.);
#7180=ORIENTED_EDGE('',*,*,#10388,.T.);
#7181=ORIENTED_EDGE('',*,*,#10389,.T.);
#7182=CARTESIAN_POINT('',(6.38810000000001,-6.85799999999998,-10.414));
#7183=DIRECTION('',(0.0,-1.0,0.0));
#7184=DIRECTION('',(1.0,0.0,0.0));
#7185=SURFACE_STYLE_FILL_AREA(#10390);
#7186=ORIENTED_EDGE('',*,*,#10391,.F.);
#7187=ORIENTED_EDGE('',*,*,#10392,.F.);
#7188=ORIENTED_EDGE('',*,*,#10393,.F.);
#7189=ORIENTED_EDGE('',*,*,#10387,.T.);
#7190=CARTESIAN_POINT('',(6.09600000000003,-4.826,-10.414));
#7191=DIRECTION('',(-1.0,5.46369598732852E-17,0.0));
#7192=DIRECTION('',(-5.46369598732852E-17,-1.0,-0.0));
#7193=SURFACE_STYLE_FILL_AREA(#10394);
#7194=ORIENTED_EDGE('',*,*,#10395,.F.);
#7195=ORIENTED_EDGE('',*,*,#10396,.F.);
#7196=ORIENTED_EDGE('',*,*,#10397,.F.);
#7197=ORIENTED_EDGE('',*,*,#10392,.T.);
#7198=ORIENTED_EDGE('',*,*,#10398,.T.);
#7199=ORIENTED_EDGE('',*,*,#10399,.T.);
#7200=ORIENTED_EDGE('',*,*,#10400,.T.);
#7201=ORIENTED_EDGE('',*,*,#10401,.T.);
#7202=CARTESIAN_POINT('',(7.62000000000002,-2.794,-10.414));
#7203=DIRECTION('',(0.0,1.0,0.0));
#7204=DIRECTION('',(-1.0,0.0,0.0));
#7205=SURFACE_STYLE_FILL_AREA(#10402);
#7206=ORIENTED_EDGE('',*,*,#9489,.T.);
#7207=ORIENTED_EDGE('',*,*,#10403,.F.);
#7208=ORIENTED_EDGE('',*,*,#9490,.T.);
#7209=ORIENTED_EDGE('',*,*,#10404,.T.);
#7210=CARTESIAN_POINT('',(7.62,-4.826,-10.1012499999998));
#7211=DIRECTION('',(6.12323399573676E-17,-0.0,1.0));
#7212=DIRECTION('',(0.0,1.0,0.0));
#7213=SURFACE_STYLE_FILL_AREA(#10405);
#7214=ORIENTED_EDGE('',*,*,#9485,.T.);
#7215=ORIENTED_EDGE('',*,*,#10404,.F.);
#7216=ORIENTED_EDGE('',*,*,#9486,.T.);
#7217=ORIENTED_EDGE('',*,*,#10406,.T.);
#7218=CARTESIAN_POINT('',(7.62,-4.826,-9.49324999999962));
#7219=DIRECTION('',(-6.12323399573676E-17,0.0,-1.0));
#7220=DIRECTION('',(0.0,1.0,0.0));
#7221=SURFACE_STYLE_FILL_AREA(#10407);
#7222=ORIENTED_EDGE('',*,*,#9480,.T.);
#7223=ORIENTED_EDGE('',*,*,#10406,.F.);
#7224=ORIENTED_EDGE('',*,*,#9482,.T.);
#7225=ORIENTED_EDGE('',*,*,#10408,.T.);
#7226=CARTESIAN_POINT('',(7.62,-4.826,-9.2709999999996));
#7227=DIRECTION('',(6.12323399573676E-17,-0.0,1.0));
#7228=DIRECTION('',(0.0,1.0,0.0));
#7229=SURFACE_STYLE_FILL_AREA(#10409);
#7230=ORIENTED_EDGE('',*,*,#9481,.F.);
#7231=ORIENTED_EDGE('',*,*,#10408,.F.);
#7232=CARTESIAN_POINT('',(7.62,-4.54024999999999,-9.14399999999958));
#7233=DIRECTION('',(6.12323399573676E-17,-0.0,1.0));
#7234=DIRECTION('',(0.0,1.0,0.0));
#7235=SURFACE_STYLE_FILL_AREA(#10410);
#7236=ORIENTED_EDGE('',*,*,#10399,.F.);
#7237=ORIENTED_EDGE('',*,*,#10411,.F.);
#7238=ORIENTED_EDGE('',*,*,#10412,.F.);
#7239=ORIENTED_EDGE('',*,*,#10413,.F.);
#7240=ORIENTED_EDGE('',*,*,#10414,.F.);
#7241=ORIENTED_EDGE('',*,*,#10415,.T.);
#7242=ORIENTED_EDGE('',*,*,#10416,.F.);
#7243=ORIENTED_EDGE('',*,*,#10417,.T.);
#7244=CARTESIAN_POINT('',(7.62000000000002,-2.22677204301077,-10.2108));
#7245=DIRECTION('',(0.0,0.0,1.0));
#7246=DIRECTION('',(1.0,0.0,0.0));
#7247=SURFACE_STYLE_FILL_AREA(#10418);
#7248=ORIENTED_EDGE('',*,*,#10398,.F.);
#7249=ORIENTED_EDGE('',*,*,#10419,.T.);
#7250=ORIENTED_EDGE('',*,*,#10420,.F.);
#7251=ORIENTED_EDGE('',*,*,#10411,.T.);
#7252=CARTESIAN_POINT('',(7.34060000000002,-2.64,-10.2108));
#7253=DIRECTION('',(-1.0,0.0,0.0));
#7254=DIRECTION('',(0.0,-1.0,0.0));
#7255=SURFACE_STYLE_FILL_AREA(#10421);
#7256=ORIENTED_EDGE('',*,*,#10422,.T.);
#7257=ORIENTED_EDGE('',*,*,#10423,.F.);
#7258=ORIENTED_EDGE('',*,*,#10412,.T.);
#7259=ORIENTED_EDGE('',*,*,#10420,.T.);
#7260=CARTESIAN_POINT('',(7.28980000000002,-2.28600000000001,-10.2108));
#7261=DIRECTION('',(0.0,-1.0,0.0));
#7262=DIRECTION('',(1.0,0.0,0.0));
#7263=SURFACE_STYLE_FILL_AREA(#10424);
#7264=ORIENTED_EDGE('',*,*,#10425,.T.);
#7265=ORIENTED_EDGE('',*,*,#10426,.F.);
#7266=ORIENTED_EDGE('',*,*,#10413,.T.);
#7267=ORIENTED_EDGE('',*,*,#10423,.T.);
#7268=CARTESIAN_POINT('',(7.23900000000003,-1.90500000000001,-10.2108));
#7269=DIRECTION('',(-1.0,0.0,0.0));
#7270=DIRECTION('',(0.0,-1.0,0.0));
#7271=SURFACE_STYLE_FILL_AREA(#10427);
#7272=ORIENTED_EDGE('',*,*,#10428,.T.);
#7273=ORIENTED_EDGE('',*,*,#10429,.F.);
#7274=ORIENTED_EDGE('',*,*,#10414,.T.);
#7275=ORIENTED_EDGE('',*,*,#10426,.T.);
#7276=CARTESIAN_POINT('',(7.62000000000002,-1.52400000000002,-10.2108));
#7277=DIRECTION('',(0.0,1.0,0.0));
#7278=DIRECTION('',(-1.0,0.0,0.0));
#7279=SURFACE_STYLE_FILL_AREA(#10430);
#7280=ORIENTED_EDGE('',*,*,#10431,.T.);
#7281=ORIENTED_EDGE('',*,*,#10432,.F.);
#7282=ORIENTED_EDGE('',*,*,#10415,.F.);
#7283=ORIENTED_EDGE('',*,*,#10429,.T.);
#7284=CARTESIAN_POINT('',(8.00100000000001,-1.90500000000001,-10.2108));
#7285=DIRECTION('',(1.0,0.0,0.0));
#7286=DIRECTION('',(0.0,1.0,0.0));
#7287=SURFACE_STYLE_FILL_AREA(#10433);
#7288=ORIENTED_EDGE('',*,*,#10434,.T.);
#7289=ORIENTED_EDGE('',*,*,#10435,.F.);
#7290=ORIENTED_EDGE('',*,*,#10416,.T.);
#7291=ORIENTED_EDGE('',*,*,#10432,.T.);
#7292=CARTESIAN_POINT('',(7.95020000000002,-2.28600000000001,-10.2108));
#7293=DIRECTION('',(0.0,-1.0,0.0));
#7294=DIRECTION('',(1.0,0.0,0.0));
#7295=SURFACE_STYLE_FILL_AREA(#10436);
#7296=ORIENTED_EDGE('',*,*,#10400,.F.);
#7297=ORIENTED_EDGE('',*,*,#10417,.F.);
#7298=ORIENTED_EDGE('',*,*,#10435,.T.);
#7299=ORIENTED_EDGE('',*,*,#10437,.T.);
#7300=CARTESIAN_POINT('',(7.89940000000002,-2.64,-10.2108));
#7301=DIRECTION('',(1.0,7.84055808351111E-17,0.0));
#7302=DIRECTION('',(-7.84055808351111E-17,1.0,0.0));
#7303=SURFACE_STYLE_FILL_AREA(#10438);
#7304=ORIENTED_EDGE('',*,*,#10401,.F.);
#7305=ORIENTED_EDGE('',*,*,#10437,.F.);
#7306=ORIENTED_EDGE('',*,*,#10434,.F.);
#7307=ORIENTED_EDGE('',*,*,#10431,.F.);
#7308=ORIENTED_EDGE('',*,*,#10428,.F.);
#7309=ORIENTED_EDGE('',*,*,#10425,.F.);
#7310=ORIENTED_EDGE('',*,*,#10422,.F.);
#7311=ORIENTED_EDGE('',*,*,#10419,.F.);
#7312=CARTESIAN_POINT('',(7.62000000000002,-2.22677204301077,-7.6708));
#7313=DIRECTION('',(0.0,0.0,1.0));
#7314=DIRECTION('',(1.0,0.0,0.0));
#7315=SURFACE_STYLE_FILL_AREA(#10439);
#7316=ORIENTED_EDGE('',*,*,#10440,.F.);
#7317=ORIENTED_EDGE('',*,*,#10441,.F.);
#7318=ORIENTED_EDGE('',*,*,#10442,.T.);
#7319=ORIENTED_EDGE('',*,*,#10396,.T.);
#7320=CARTESIAN_POINT('',(9.14400000000001,-4.82599999999999,-10.414));
#7321=DIRECTION('',(1.0,5.46369598732852E-17,0.0));
#7322=DIRECTION('',(-5.46369598732852E-17,1.0,0.0));
#7323=SURFACE_STYLE_FILL_AREA(#10443);
#7324=ORIENTED_EDGE('',*,*,#10444,.F.);
#7325=ORIENTED_EDGE('',*,*,#10445,.F.);
#7326=ORIENTED_EDGE('',*,*,#10446,.T.);
#7327=ORIENTED_EDGE('',*,*,#10441,.T.);
#7328=CARTESIAN_POINT('',(8.85190000000001,-6.85799999999998,-10.414));
#7329=DIRECTION('',(0.0,-1.0,0.0));
#7330=DIRECTION('',(1.0,0.0,0.0));
#7331=SURFACE_STYLE_FILL_AREA(#10447);
#7332=ORIENTED_EDGE('',*,*,#10448,.F.);
#7333=ORIENTED_EDGE('',*,*,#10389,.F.);
#7334=ORIENTED_EDGE('',*,*,#10449,.F.);
#7335=ORIENTED_EDGE('',*,*,#10445,.T.);
#7336=CARTESIAN_POINT('',(7.62000000000001,-8.46963000000002,-10.414));
#7337=DIRECTION('',(0.0,0.0,1.0));
#7338=DIRECTION('',(1.0,0.0,0.0));
#7339=SURFACE_STYLE_FILL_AREA(#10450);
#7340=ORIENTED_EDGE('',*,*,#10403,.T.);
#7341=ORIENTED_EDGE('',*,*,#9491,.T.);
#7342=ORIENTED_EDGE('',*,*,#10393,.T.);
#7343=ORIENTED_EDGE('',*,*,#10397,.T.);
#7344=ORIENTED_EDGE('',*,*,#10442,.F.);
#7345=ORIENTED_EDGE('',*,*,#10446,.F.);
#7346=ORIENTED_EDGE('',*,*,#10449,.T.);
#7347=ORIENTED_EDGE('',*,*,#10388,.F.);
#7348=CARTESIAN_POINT('',(7.62000000000002,-4.81793155329521,-10.414));
#7349=DIRECTION('',(0.0,0.0,1.0));
#7350=DIRECTION('',(1.0,0.0,0.0));
#7351=SURFACE_STYLE_FILL_AREA(#10451);
#7352=ORIENTED_EDGE('',*,*,#10452,.F.);
#7353=ORIENTED_EDGE('',*,*,#10453,.F.);
#7354=ORIENTED_EDGE('',*,*,#10454,.T.);
#7355=ORIENTED_EDGE('',*,*,#10455,.T.);
#7356=CARTESIAN_POINT('',(2.57810000000001,-6.85799999999998,-10.414));
#7357=DIRECTION('',(0.0,-1.0,0.0));
#7358=DIRECTION('',(1.0,0.0,0.0));
#7359=SURFACE_STYLE_FILL_AREA(#10456);
#7360=ORIENTED_EDGE('',*,*,#10457,.F.);
#7361=ORIENTED_EDGE('',*,*,#10458,.F.);
#7362=ORIENTED_EDGE('',*,*,#10459,.F.);
#7363=ORIENTED_EDGE('',*,*,#10453,.T.);
#7364=CARTESIAN_POINT('',(2.28600000000003,-4.826,-10.414));
#7365=DIRECTION('',(-1.0,5.46369598732852E-17,0.0));
#7366=DIRECTION('',(-5.46369598732852E-17,-1.0,-0.0));
#7367=SURFACE_STYLE_FILL_AREA(#10460);
#7368=ORIENTED_EDGE('',*,*,#10461,.F.);
#7369=ORIENTED_EDGE('',*,*,#10462,.F.);
#7370=ORIENTED_EDGE('',*,*,#10463,.F.);
#7371=ORIENTED_EDGE('',*,*,#10458,.T.);
#7372=ORIENTED_EDGE('',*,*,#10464,.T.);
#7373=ORIENTED_EDGE('',*,*,#10465,.T.);
#7374=ORIENTED_EDGE('',*,*,#10466,.T.);
#7375=ORIENTED_EDGE('',*,*,#10467,.T.);
#7376=CARTESIAN_POINT('',(3.81000000000002,-2.794,-10.414));
#7377=DIRECTION('',(0.0,1.0,0.0));
#7378=DIRECTION('',(-1.0,0.0,0.0));
#7379=SURFACE_STYLE_FILL_AREA(#10468);
#7380=ORIENTED_EDGE('',*,*,#9476,.T.);
#7381=ORIENTED_EDGE('',*,*,#10469,.F.);
#7382=ORIENTED_EDGE('',*,*,#9477,.T.);
#7383=ORIENTED_EDGE('',*,*,#10470,.T.);
#7384=CARTESIAN_POINT('',(3.81,-4.826,-10.1012499999998));
#7385=DIRECTION('',(6.12323399573676E-17,-0.0,1.0));
#7386=DIRECTION('',(0.0,1.0,0.0));
#7387=SURFACE_STYLE_FILL_AREA(#10471);
#7388=ORIENTED_EDGE('',*,*,#9472,.T.);
#7389=ORIENTED_EDGE('',*,*,#10470,.F.);
#7390=ORIENTED_EDGE('',*,*,#9473,.T.);
#7391=ORIENTED_EDGE('',*,*,#10472,.T.);
#7392=CARTESIAN_POINT('',(3.81,-4.826,-9.49324999999962));
#7393=DIRECTION('',(-6.12323399573676E-17,0.0,-1.0));
#7394=DIRECTION('',(0.0,1.0,0.0));
#7395=SURFACE_STYLE_FILL_AREA(#10473);
#7396=ORIENTED_EDGE('',*,*,#9467,.T.);
#7397=ORIENTED_EDGE('',*,*,#10472,.F.);
#7398=ORIENTED_EDGE('',*,*,#9469,.T.);
#7399=ORIENTED_EDGE('',*,*,#10474,.T.);
#7400=CARTESIAN_POINT('',(3.81,-4.826,-9.2709999999996));
#7401=DIRECTION('',(6.12323399573676E-17,-0.0,1.0));
#7402=DIRECTION('',(0.0,1.0,0.0));
#7403=SURFACE_STYLE_FILL_AREA(#10475);
#7404=ORIENTED_EDGE('',*,*,#9468,.F.);
#7405=ORIENTED_EDGE('',*,*,#10474,.F.);
#7406=CARTESIAN_POINT('',(3.81,-4.54024999999999,-9.14399999999958));
#7407=DIRECTION('',(6.12323399573676E-17,-0.0,1.0));
#7408=DIRECTION('',(0.0,1.0,0.0));
#7409=SURFACE_STYLE_FILL_AREA(#10476);
#7410=ORIENTED_EDGE('',*,*,#10465,.F.);
#7411=ORIENTED_EDGE('',*,*,#10477,.F.);
#7412=ORIENTED_EDGE('',*,*,#10478,.F.);
#7413=ORIENTED_EDGE('',*,*,#10479,.F.);
#7414=ORIENTED_EDGE('',*,*,#10480,.F.);
#7415=ORIENTED_EDGE('',*,*,#10481,.T.);
#7416=ORIENTED_EDGE('',*,*,#10482,.F.);
#7417=ORIENTED_EDGE('',*,*,#10483,.T.);
#7418=CARTESIAN_POINT('',(3.81000000000002,-2.22677204301077,-10.2108));
#7419=DIRECTION('',(0.0,0.0,1.0));
#7420=DIRECTION('',(1.0,0.0,0.0));
#7421=SURFACE_STYLE_FILL_AREA(#10484);
#7422=ORIENTED_EDGE('',*,*,#10464,.F.);
#7423=ORIENTED_EDGE('',*,*,#10485,.T.);
#7424=ORIENTED_EDGE('',*,*,#10486,.F.);
#7425=ORIENTED_EDGE('',*,*,#10477,.T.);
#7426=CARTESIAN_POINT('',(3.53060000000002,-2.64,-10.2108));
#7427=DIRECTION('',(-1.0,0.0,0.0));
#7428=DIRECTION('',(0.0,-1.0,0.0));
#7429=SURFACE_STYLE_FILL_AREA(#10487);
#7430=ORIENTED_EDGE('',*,*,#10488,.T.);
#7431=ORIENTED_EDGE('',*,*,#10489,.F.);
#7432=ORIENTED_EDGE('',*,*,#10478,.T.);
#7433=ORIENTED_EDGE('',*,*,#10486,.T.);
#7434=CARTESIAN_POINT('',(3.47980000000002,-2.28600000000001,-10.2108));
#7435=DIRECTION('',(0.0,-1.0,0.0));
#7436=DIRECTION('',(1.0,0.0,0.0));
#7437=SURFACE_STYLE_FILL_AREA(#10490);
#7438=ORIENTED_EDGE('',*,*,#10491,.T.);
#7439=ORIENTED_EDGE('',*,*,#10492,.F.);
#7440=ORIENTED_EDGE('',*,*,#10479,.T.);
#7441=ORIENTED_EDGE('',*,*,#10489,.T.);
#7442=CARTESIAN_POINT('',(3.42900000000003,-1.90500000000001,-10.2108));
#7443=DIRECTION('',(-1.0,0.0,0.0));
#7444=DIRECTION('',(0.0,-1.0,0.0));
#7445=SURFACE_STYLE_FILL_AREA(#10493);
#7446=ORIENTED_EDGE('',*,*,#10494,.T.);
#7447=ORIENTED_EDGE('',*,*,#10495,.F.);
#7448=ORIENTED_EDGE('',*,*,#10480,.T.);
#7449=ORIENTED_EDGE('',*,*,#10492,.T.);
#7450=CARTESIAN_POINT('',(3.81000000000002,-1.52400000000002,-10.2108));
#7451=DIRECTION('',(0.0,1.0,0.0));
#7452=DIRECTION('',(-1.0,0.0,0.0));
#7453=SURFACE_STYLE_FILL_AREA(#10496);
#7454=ORIENTED_EDGE('',*,*,#10497,.T.);
#7455=ORIENTED_EDGE('',*,*,#10498,.F.);
#7456=ORIENTED_EDGE('',*,*,#10481,.F.);
#7457=ORIENTED_EDGE('',*,*,#10495,.T.);
#7458=CARTESIAN_POINT('',(4.19100000000001,-1.90500000000001,-10.2108));
#7459=DIRECTION('',(1.0,0.0,0.0));
#7460=DIRECTION('',(0.0,1.0,0.0));
#7461=SURFACE_STYLE_FILL_AREA(#10499);
#7462=ORIENTED_EDGE('',*,*,#10500,.T.);
#7463=ORIENTED_EDGE('',*,*,#10501,.F.);
#7464=ORIENTED_EDGE('',*,*,#10482,.T.);
#7465=ORIENTED_EDGE('',*,*,#10498,.T.);
#7466=CARTESIAN_POINT('',(4.14020000000002,-2.28600000000001,-10.2108));
#7467=DIRECTION('',(0.0,-1.0,0.0));
#7468=DIRECTION('',(1.0,0.0,0.0));
#7469=SURFACE_STYLE_FILL_AREA(#10502);
#7470=ORIENTED_EDGE('',*,*,#10466,.F.);
#7471=ORIENTED_EDGE('',*,*,#10483,.F.);
#7472=ORIENTED_EDGE('',*,*,#10501,.T.);
#7473=ORIENTED_EDGE('',*,*,#10503,.T.);
#7474=CARTESIAN_POINT('',(4.08940000000003,-2.64,-10.2108));
#7475=DIRECTION('',(1.0,7.84055808351111E-17,0.0));
#7476=DIRECTION('',(-7.84055808351111E-17,1.0,0.0));
#7477=SURFACE_STYLE_FILL_AREA(#10504);
#7478=ORIENTED_EDGE('',*,*,#10467,.F.);
#7479=ORIENTED_EDGE('',*,*,#10503,.F.);
#7480=ORIENTED_EDGE('',*,*,#10500,.F.);
#7481=ORIENTED_EDGE('',*,*,#10497,.F.);
#7482=ORIENTED_EDGE('',*,*,#10494,.F.);
#7483=ORIENTED_EDGE('',*,*,#10491,.F.);
#7484=ORIENTED_EDGE('',*,*,#10488,.F.);
#7485=ORIENTED_EDGE('',*,*,#10485,.F.);
#7486=CARTESIAN_POINT('',(3.81000000000002,-2.22677204301077,-7.6708));
#7487=DIRECTION('',(0.0,0.0,1.0));
#7488=DIRECTION('',(1.0,0.0,0.0));
#7489=SURFACE_STYLE_FILL_AREA(#10505);
#7490=ORIENTED_EDGE('',*,*,#10506,.F.);
#7491=ORIENTED_EDGE('',*,*,#10507,.F.);
#7492=ORIENTED_EDGE('',*,*,#10508,.T.);
#7493=ORIENTED_EDGE('',*,*,#10462,.T.);
#7494=CARTESIAN_POINT('',(5.33400000000001,-4.82599999999999,-10.414));
#7495=DIRECTION('',(1.0,5.46369598732852E-17,0.0));
#7496=DIRECTION('',(-5.46369598732852E-17,1.0,0.0));
#7497=SURFACE_STYLE_FILL_AREA(#10509);
#7498=ORIENTED_EDGE('',*,*,#10510,.F.);
#7499=ORIENTED_EDGE('',*,*,#10511,.F.);
#7500=ORIENTED_EDGE('',*,*,#10512,.T.);
#7501=ORIENTED_EDGE('',*,*,#10507,.T.);
#7502=CARTESIAN_POINT('',(5.04190000000001,-6.85799999999998,-10.414));
#7503=DIRECTION('',(0.0,-1.0,0.0));
#7504=DIRECTION('',(1.0,0.0,0.0));
#7505=SURFACE_STYLE_FILL_AREA(#10513);
#7506=ORIENTED_EDGE('',*,*,#10514,.F.);
#7507=ORIENTED_EDGE('',*,*,#10455,.F.);
#7508=ORIENTED_EDGE('',*,*,#10515,.F.);
#7509=ORIENTED_EDGE('',*,*,#10511,.T.);
#7510=CARTESIAN_POINT('',(3.81000000000001,-8.46963000000002,-10.414));
#7511=DIRECTION('',(0.0,0.0,1.0));
#7512=DIRECTION('',(1.0,0.0,0.0));
#7513=SURFACE_STYLE_FILL_AREA(#10516);
#7514=ORIENTED_EDGE('',*,*,#10469,.T.);
#7515=ORIENTED_EDGE('',*,*,#9478,.T.);
#7516=ORIENTED_EDGE('',*,*,#10459,.T.);
#7517=ORIENTED_EDGE('',*,*,#10463,.T.);
#7518=ORIENTED_EDGE('',*,*,#10508,.F.);
#7519=ORIENTED_EDGE('',*,*,#10512,.F.);
#7520=ORIENTED_EDGE('',*,*,#10515,.T.);
#7521=ORIENTED_EDGE('',*,*,#10454,.F.);
#7522=CARTESIAN_POINT('',(3.81000000000002,-4.81793155329521,-10.414));
#7523=DIRECTION('',(0.0,0.0,1.0));
#7524=DIRECTION('',(1.0,0.0,0.0));
#7525=SURFACE_STYLE_FILL_AREA(#10517);
#7526=ORIENTED_EDGE('',*,*,#10518,.F.);
#7527=ORIENTED_EDGE('',*,*,#10519,.F.);
#7528=ORIENTED_EDGE('',*,*,#10520,.T.);
#7529=ORIENTED_EDGE('',*,*,#10521,.T.);
#7530=CARTESIAN_POINT('',(-1.23189999999999,-6.85799999999998,-10.414));
#7531=DIRECTION('',(0.0,-1.0,0.0));
#7532=DIRECTION('',(1.0,0.0,0.0));
#7533=SURFACE_STYLE_FILL_AREA(#10522);
#7534=ORIENTED_EDGE('',*,*,#10523,.F.);
#7535=ORIENTED_EDGE('',*,*,#10524,.F.);
#7536=ORIENTED_EDGE('',*,*,#10525,.F.);
#7537=ORIENTED_EDGE('',*,*,#10519,.T.);
#7538=CARTESIAN_POINT('',(-1.52399999999997,-4.826,-10.414));
#7539=DIRECTION('',(-1.0,5.46369598732852E-17,0.0));
#7540=DIRECTION('',(-5.46369598732852E-17,-1.0,-0.0));
#7541=SURFACE_STYLE_FILL_AREA(#10526);
#7542=ORIENTED_EDGE('',*,*,#10527,.F.);
#7543=ORIENTED_EDGE('',*,*,#10528,.F.);
#7544=ORIENTED_EDGE('',*,*,#10529,.F.);
#7545=ORIENTED_EDGE('',*,*,#10524,.T.);
#7546=ORIENTED_EDGE('',*,*,#10530,.T.);
#7547=ORIENTED_EDGE('',*,*,#10531,.T.);
#7548=ORIENTED_EDGE('',*,*,#10532,.T.);
#7549=ORIENTED_EDGE('',*,*,#10533,.T.);
#7550=CARTESIAN_POINT('',(2.22044604925031E-14,-2.794,-10.414));
#7551=DIRECTION('',(0.0,1.0,0.0));
#7552=DIRECTION('',(-1.0,0.0,0.0));
#7553=SURFACE_STYLE_FILL_AREA(#10534);
#7554=ORIENTED_EDGE('',*,*,#9463,.T.);
#7555=ORIENTED_EDGE('',*,*,#10535,.F.);
#7556=ORIENTED_EDGE('',*,*,#9464,.T.);
#7557=ORIENTED_EDGE('',*,*,#10536,.T.);
#7558=CARTESIAN_POINT('',(0.0,-4.826,-10.1012499999998));
#7559=DIRECTION('',(6.12323399573676E-17,-0.0,1.0));
#7560=DIRECTION('',(0.0,1.0,0.0));
#7561=SURFACE_STYLE_FILL_AREA(#10537);
#7562=ORIENTED_EDGE('',*,*,#9459,.T.);
#7563=ORIENTED_EDGE('',*,*,#10536,.F.);
#7564=ORIENTED_EDGE('',*,*,#9460,.T.);
#7565=ORIENTED_EDGE('',*,*,#10538,.T.);
#7566=CARTESIAN_POINT('',(0.0,-4.826,-9.49324999999962));
#7567=DIRECTION('',(-6.12323399573676E-17,0.0,-1.0));
#7568=DIRECTION('',(0.0,1.0,0.0));
#7569=SURFACE_STYLE_FILL_AREA(#10539);
#7570=ORIENTED_EDGE('',*,*,#9454,.T.);
#7571=ORIENTED_EDGE('',*,*,#10538,.F.);
#7572=ORIENTED_EDGE('',*,*,#9456,.T.);
#7573=ORIENTED_EDGE('',*,*,#10540,.T.);
#7574=CARTESIAN_POINT('',(0.0,-4.826,-9.2709999999996));
#7575=DIRECTION('',(6.12323399573676E-17,-0.0,1.0));
#7576=DIRECTION('',(0.0,1.0,0.0));
#7577=SURFACE_STYLE_FILL_AREA(#10541);
#7578=ORIENTED_EDGE('',*,*,#9455,.F.);
#7579=ORIENTED_EDGE('',*,*,#10540,.F.);
#7580=CARTESIAN_POINT('',(0.0,-4.54024999999999,-9.14399999999958));
#7581=DIRECTION('',(6.12323399573676E-17,-0.0,1.0));
#7582=DIRECTION('',(0.0,1.0,0.0));
#7583=SURFACE_STYLE_FILL_AREA(#10542);
#7584=ORIENTED_EDGE('',*,*,#10531,.F.);
#7585=ORIENTED_EDGE('',*,*,#10543,.F.);
#7586=ORIENTED_EDGE('',*,*,#10544,.F.);
#7587=ORIENTED_EDGE('',*,*,#10545,.F.);
#7588=ORIENTED_EDGE('',*,*,#10546,.F.);
#7589=ORIENTED_EDGE('',*,*,#10547,.T.);
#7590=ORIENTED_EDGE('',*,*,#10548,.F.);
#7591=ORIENTED_EDGE('',*,*,#10549,.T.);
#7592=CARTESIAN_POINT('',(2.26485497023532E-14,-2.22677204301077,-10.2108));
#7593=DIRECTION('',(0.0,0.0,1.0));
#7594=DIRECTION('',(1.0,0.0,0.0));
#7595=SURFACE_STYLE_FILL_AREA(#10550);
#7596=ORIENTED_EDGE('',*,*,#10530,.F.);
#7597=ORIENTED_EDGE('',*,*,#10551,.T.);
#7598=ORIENTED_EDGE('',*,*,#10552,.F.);
#7599=ORIENTED_EDGE('',*,*,#10543,.T.);
#7600=CARTESIAN_POINT('',(-0.27939999999998,-2.64,-10.2108));
#7601=DIRECTION('',(-1.0,0.0,0.0));
#7602=DIRECTION('',(0.0,-1.0,0.0));
#7603=SURFACE_STYLE_FILL_AREA(#10553);
#7604=ORIENTED_EDGE('',*,*,#10554,.T.);
#7605=ORIENTED_EDGE('',*,*,#10555,.F.);
#7606=ORIENTED_EDGE('',*,*,#10544,.T.);
#7607=ORIENTED_EDGE('',*,*,#10552,.T.);
#7608=CARTESIAN_POINT('',(-0.330199999999975,-2.28600000000001,-10.2108));
#7609=DIRECTION('',(0.0,-1.0,0.0));
#7610=DIRECTION('',(1.0,0.0,0.0));
#7611=SURFACE_STYLE_FILL_AREA(#10556);
#7612=ORIENTED_EDGE('',*,*,#10557,.T.);
#7613=ORIENTED_EDGE('',*,*,#10558,.F.);
#7614=ORIENTED_EDGE('',*,*,#10545,.T.);
#7615=ORIENTED_EDGE('',*,*,#10555,.T.);
#7616=CARTESIAN_POINT('',(-0.380999999999969,-1.90500000000001,-10.2108));
#7617=DIRECTION('',(-1.0,0.0,0.0));
#7618=DIRECTION('',(0.0,-1.0,0.0));
#7619=SURFACE_STYLE_FILL_AREA(#10559);
#7620=ORIENTED_EDGE('',*,*,#10560,.T.);
#7621=ORIENTED_EDGE('',*,*,#10561,.F.);
#7622=ORIENTED_EDGE('',*,*,#10546,.T.);
#7623=ORIENTED_EDGE('',*,*,#10558,.T.);
#7624=CARTESIAN_POINT('',(2.26485497023532E-14,-1.52400000000002,-10.2108));
#7625=DIRECTION('',(0.0,1.0,0.0));
#7626=DIRECTION('',(-1.0,0.0,0.0));
#7627=SURFACE_STYLE_FILL_AREA(#10562);
#7628=ORIENTED_EDGE('',*,*,#10563,.T.);
#7629=ORIENTED_EDGE('',*,*,#10564,.F.);
#7630=ORIENTED_EDGE('',*,*,#10547,.F.);
#7631=ORIENTED_EDGE('',*,*,#10561,.T.);
#7632=CARTESIAN_POINT('',(0.381000000000014,-1.90500000000001,-10.2108));
#7633=DIRECTION('',(1.0,0.0,0.0));
#7634=DIRECTION('',(0.0,1.0,0.0));
#7635=SURFACE_STYLE_FILL_AREA(#10565);
#7636=ORIENTED_EDGE('',*,*,#10566,.T.);
#7637=ORIENTED_EDGE('',*,*,#10567,.F.);
#7638=ORIENTED_EDGE('',*,*,#10548,.T.);
#7639=ORIENTED_EDGE('',*,*,#10564,.T.);
#7640=CARTESIAN_POINT('',(0.33020000000002,-2.28600000000001,-10.2108));
#7641=DIRECTION('',(0.0,-1.0,0.0));
#7642=DIRECTION('',(1.0,0.0,0.0));
#7643=SURFACE_STYLE_FILL_AREA(#10568);
#7644=ORIENTED_EDGE('',*,*,#10532,.F.);
#7645=ORIENTED_EDGE('',*,*,#10549,.F.);
#7646=ORIENTED_EDGE('',*,*,#10567,.T.);
#7647=ORIENTED_EDGE('',*,*,#10569,.T.);
#7648=CARTESIAN_POINT('',(0.279400000000026,-2.64,-10.2108));
#7649=DIRECTION('',(1.0,7.84055808351111E-17,0.0));
#7650=DIRECTION('',(-7.84055808351111E-17,1.0,0.0));
#7651=SURFACE_STYLE_FILL_AREA(#10570);
#7652=ORIENTED_EDGE('',*,*,#10533,.F.);
#7653=ORIENTED_EDGE('',*,*,#10569,.F.);
#7654=ORIENTED_EDGE('',*,*,#10566,.F.);
#7655=ORIENTED_EDGE('',*,*,#10563,.F.);
#7656=ORIENTED_EDGE('',*,*,#10560,.F.);
#7657=ORIENTED_EDGE('',*,*,#10557,.F.);
#7658=ORIENTED_EDGE('',*,*,#10554,.F.);
#7659=ORIENTED_EDGE('',*,*,#10551,.F.);
#7660=CARTESIAN_POINT('',(2.26485497023532E-14,-2.22677204301077,-7.6708));
#7661=DIRECTION('',(0.0,0.0,1.0));
#7662=DIRECTION('',(1.0,0.0,0.0));
#7663=SURFACE_STYLE_FILL_AREA(#10571);
#7664=ORIENTED_EDGE('',*,*,#10572,.F.);
#7665=ORIENTED_EDGE('',*,*,#10573,.F.);
#7666=ORIENTED_EDGE('',*,*,#10574,.T.);
#7667=ORIENTED_EDGE('',*,*,#10528,.T.);
#7668=CARTESIAN_POINT('',(1.52400000000001,-4.82599999999999,-10.414));
#7669=DIRECTION('',(1.0,5.46369598732852E-17,0.0));
#7670=DIRECTION('',(-5.46369598732852E-17,1.0,0.0));
#7671=SURFACE_STYLE_FILL_AREA(#10575);
#7672=ORIENTED_EDGE('',*,*,#10576,.F.);
#7673=ORIENTED_EDGE('',*,*,#10577,.F.);
#7674=ORIENTED_EDGE('',*,*,#10578,.T.);
#7675=ORIENTED_EDGE('',*,*,#10573,.T.);
#7676=CARTESIAN_POINT('',(1.23190000000001,-6.85799999999998,-10.414));
#7677=DIRECTION('',(0.0,-1.0,0.0));
#7678=DIRECTION('',(1.0,0.0,0.0));
#7679=SURFACE_STYLE_FILL_AREA(#10579);
#7680=ORIENTED_EDGE('',*,*,#10580,.F.);
#7681=ORIENTED_EDGE('',*,*,#10521,.F.);
#7682=ORIENTED_EDGE('',*,*,#10581,.F.);
#7683=ORIENTED_EDGE('',*,*,#10577,.T.);
#7684=CARTESIAN_POINT('',(7.105427357601E-15,-8.46963000000002,-10.414));
#7685=DIRECTION('',(0.0,0.0,1.0));
#7686=DIRECTION('',(1.0,0.0,0.0));
#7687=SURFACE_STYLE_FILL_AREA(#10582);
#7688=ORIENTED_EDGE('',*,*,#10535,.T.);
#7689=ORIENTED_EDGE('',*,*,#9465,.T.);
#7690=ORIENTED_EDGE('',*,*,#10525,.T.);
#7691=ORIENTED_EDGE('',*,*,#10529,.T.);
#7692=ORIENTED_EDGE('',*,*,#10574,.F.);
#7693=ORIENTED_EDGE('',*,*,#10578,.F.);
#7694=ORIENTED_EDGE('',*,*,#10581,.T.);
#7695=ORIENTED_EDGE('',*,*,#10520,.F.);
#7696=CARTESIAN_POINT('',(2.17603712826531E-14,-4.81793155329521,-10.414));
#7697=DIRECTION('',(0.0,0.0,1.0));
#7698=DIRECTION('',(1.0,0.0,0.0));
#7699=SURFACE_STYLE_FILL_AREA(#10583);
#7700=ORIENTED_EDGE('',*,*,#10584,.F.);
#7701=ORIENTED_EDGE('',*,*,#10585,.T.);
#7702=ORIENTED_EDGE('',*,*,#10586,.T.);
#7703=ORIENTED_EDGE('',*,*,#10587,.T.);
#7704=CARTESIAN_POINT('',(15.24,-1.0,0.8509));
#7705=DIRECTION('',(-0.0,1.0,0.0));
#7706=DIRECTION('',(1.0,0.0,0.0));
#7707=SURFACE_STYLE_FILL_AREA(#10588);
#7708=ORIENTED_EDGE('',*,*,#10589,.F.);
#7709=ORIENTED_EDGE('',*,*,#10587,.F.);
#7710=ORIENTED_EDGE('',*,*,#10590,.T.);
#7711=ORIENTED_EDGE('',*,*,#10591,.F.);
#7712=CARTESIAN_POINT('',(36.068,-0.788999999999996,-1.26999999999987));
#7713=DIRECTION('',(6.12323399573676E-17,-0.0,1.0));
#7714=DIRECTION('',(0.0,1.0,0.0));
#7715=SURFACE_STYLE_FILL_AREA(#10592);
#7716=ORIENTED_EDGE('',*,*,#10593,.F.);
#7717=ORIENTED_EDGE('',*,*,#10591,.T.);
#7718=ORIENTED_EDGE('',*,*,#10594,.T.);
#7719=ORIENTED_EDGE('',*,*,#10595,.T.);
#7720=CARTESIAN_POINT('',(11.43,-1.0,0.8509));
#7721=DIRECTION('',(-0.0,1.0,0.0));
#7722=DIRECTION('',(1.0,0.0,0.0));
#7723=SURFACE_STYLE_FILL_AREA(#10596);
#7724=ORIENTED_EDGE('',*,*,#10597,.F.);
#7725=ORIENTED_EDGE('',*,*,#10595,.F.);
#7726=ORIENTED_EDGE('',*,*,#10598,.T.);
#7727=ORIENTED_EDGE('',*,*,#10599,.F.);
#7728=CARTESIAN_POINT('',(36.068,-0.788999999999996,-1.26999999999987));
#7729=DIRECTION('',(6.12323399573676E-17,-0.0,1.0));
#7730=DIRECTION('',(0.0,1.0,0.0));
#7731=SURFACE_STYLE_FILL_AREA(#10600);
#7732=ORIENTED_EDGE('',*,*,#10601,.F.);
#7733=ORIENTED_EDGE('',*,*,#10599,.T.);
#7734=ORIENTED_EDGE('',*,*,#10602,.T.);
#7735=ORIENTED_EDGE('',*,*,#10603,.T.);
#7736=CARTESIAN_POINT('',(7.62,-1.0,0.8509));
#7737=DIRECTION('',(-0.0,1.0,0.0));
#7738=DIRECTION('',(1.0,0.0,0.0));
#7739=SURFACE_STYLE_FILL_AREA(#10604);
#7740=ORIENTED_EDGE('',*,*,#10605,.F.);
#7741=ORIENTED_EDGE('',*,*,#10603,.F.);
#7742=ORIENTED_EDGE('',*,*,#10606,.T.);
#7743=ORIENTED_EDGE('',*,*,#10607,.F.);
#7744=CARTESIAN_POINT('',(36.068,-0.788999999999996,-1.26999999999987));
#7745=DIRECTION('',(6.12323399573676E-17,-0.0,1.0));
#7746=DIRECTION('',(0.0,1.0,0.0));
#7747=SURFACE_STYLE_FILL_AREA(#10608);
#7748=ORIENTED_EDGE('',*,*,#10609,.F.);
#7749=ORIENTED_EDGE('',*,*,#10607,.T.);
#7750=ORIENTED_EDGE('',*,*,#10610,.T.);
#7751=ORIENTED_EDGE('',*,*,#10611,.T.);
#7752=CARTESIAN_POINT('',(3.81,-1.0,0.8509));
#7753=DIRECTION('',(-0.0,1.0,0.0));
#7754=DIRECTION('',(1.0,0.0,0.0));
#7755=SURFACE_STYLE_FILL_AREA(#10612);
#7756=ORIENTED_EDGE('',*,*,#10613,.F.);
#7757=ORIENTED_EDGE('',*,*,#10611,.F.);
#7758=ORIENTED_EDGE('',*,*,#10614,.T.);
#7759=ORIENTED_EDGE('',*,*,#10615,.F.);
#7760=CARTESIAN_POINT('',(36.068,-0.788999999999996,-1.26999999999987));
#7761=DIRECTION('',(6.12323399573676E-17,-0.0,1.0));
#7762=DIRECTION('',(0.0,1.0,0.0));
#7763=SURFACE_STYLE_FILL_AREA(#10616);
#7764=ORIENTED_EDGE('',*,*,#10617,.F.);
#7765=ORIENTED_EDGE('',*,*,#10615,.T.);
#7766=ORIENTED_EDGE('',*,*,#10618,.T.);
#7767=ORIENTED_EDGE('',*,*,#10619,.T.);
#7768=CARTESIAN_POINT('',(0.0,-1.0,0.8509));
#7769=DIRECTION('',(-0.0,1.0,0.0));
#7770=DIRECTION('',(1.0,0.0,0.0));
#7771=SURFACE_STYLE_FILL_AREA(#10620);
#7772=ORIENTED_EDGE('',*,*,#10621,.F.);
#7773=ORIENTED_EDGE('',*,*,#10619,.F.);
#7774=ORIENTED_EDGE('',*,*,#10622,.T.);
#7775=ORIENTED_EDGE('',*,*,#10623,.F.);
#7776=CARTESIAN_POINT('',(36.068,-0.788999999999996,-1.26999999999987));
#7777=DIRECTION('',(6.12323399573676E-17,-0.0,1.0));
#7778=DIRECTION('',(0.0,1.0,0.0));
#7779=SURFACE_STYLE_FILL_AREA(#10624);
#7780=ORIENTED_EDGE('',*,*,#10625,.F.);
#7781=ORIENTED_EDGE('',*,*,#10623,.T.);
#7782=ORIENTED_EDGE('',*,*,#10626,.T.);
#7783=ORIENTED_EDGE('',*,*,#10627,.F.);
#7784=CARTESIAN_POINT('',(-1.778,-0.68482637927492,-1.98971918933391));
#7785=DIRECTION('',(-1.0,0.0,6.12323399573676E-17));
#7786=DIRECTION('',(6.12323399573676E-17,0.0,1.0));
#7787=SURFACE_STYLE_FILL_AREA(#10628);
#7788=ORIENTED_EDGE('',*,*,#10629,.F.);
#7789=ORIENTED_EDGE('',*,*,#10630,.T.);
#7790=ORIENTED_EDGE('',*,*,#10631,.T.);
#7791=ORIENTED_EDGE('',*,*,#10632,.T.);
#7792=CARTESIAN_POINT('',(34.29,-1.0,0.8509));
#7793=DIRECTION('',(-0.0,1.0,0.0));
#7794=DIRECTION('',(1.0,0.0,0.0));
#7795=SURFACE_STYLE_FILL_AREA(#10633);
#7796=ORIENTED_EDGE('',*,*,#10634,.F.);
#7797=ORIENTED_EDGE('',*,*,#10632,.F.);
#7798=ORIENTED_EDGE('',*,*,#10635,.T.);
#7799=ORIENTED_EDGE('',*,*,#10636,.F.);
#7800=CARTESIAN_POINT('',(36.068,-0.788999999999996,-1.26999999999987));
#7801=DIRECTION('',(6.12323399573676E-17,-0.0,1.0));
#7802=DIRECTION('',(0.0,1.0,0.0));
#7803=SURFACE_STYLE_FILL_AREA(#10637);
#7804=ORIENTED_EDGE('',*,*,#10638,.F.);
#7805=ORIENTED_EDGE('',*,*,#10636,.T.);
#7806=ORIENTED_EDGE('',*,*,#10639,.T.);
#7807=ORIENTED_EDGE('',*,*,#10640,.T.);
#7808=CARTESIAN_POINT('',(30.48,-1.0,0.8509));
#7809=DIRECTION('',(-0.0,1.0,0.0));
#7810=DIRECTION('',(1.0,0.0,0.0));
#7811=SURFACE_STYLE_FILL_AREA(#10641);
#7812=ORIENTED_EDGE('',*,*,#10642,.F.);
#7813=ORIENTED_EDGE('',*,*,#10640,.F.);
#7814=ORIENTED_EDGE('',*,*,#10643,.T.);
#7815=ORIENTED_EDGE('',*,*,#10644,.F.);
#7816=CARTESIAN_POINT('',(36.068,-0.788999999999996,-1.26999999999987));
#7817=DIRECTION('',(6.12323399573676E-17,-0.0,1.0));
#7818=DIRECTION('',(0.0,1.0,0.0));
#7819=SURFACE_STYLE_FILL_AREA(#10645);
#7820=ORIENTED_EDGE('',*,*,#10646,.F.);
#7821=ORIENTED_EDGE('',*,*,#10644,.T.);
#7822=ORIENTED_EDGE('',*,*,#10647,.T.);
#7823=ORIENTED_EDGE('',*,*,#10648,.T.);
#7824=CARTESIAN_POINT('',(26.67,-1.0,0.8509));
#7825=DIRECTION('',(-0.0,1.0,0.0));
#7826=DIRECTION('',(1.0,0.0,0.0));
#7827=SURFACE_STYLE_FILL_AREA(#10649);
#7828=ORIENTED_EDGE('',*,*,#10650,.F.);
#7829=ORIENTED_EDGE('',*,*,#10648,.F.);
#7830=ORIENTED_EDGE('',*,*,#10651,.T.);
#7831=ORIENTED_EDGE('',*,*,#10652,.F.);
#7832=CARTESIAN_POINT('',(36.068,-0.788999999999996,-1.26999999999987));
#7833=DIRECTION('',(6.12323399573676E-17,-0.0,1.0));
#7834=DIRECTION('',(0.0,1.0,0.0));
#7835=SURFACE_STYLE_FILL_AREA(#10653);
#7836=ORIENTED_EDGE('',*,*,#10654,.F.);
#7837=ORIENTED_EDGE('',*,*,#10652,.T.);
#7838=ORIENTED_EDGE('',*,*,#10655,.T.);
#7839=ORIENTED_EDGE('',*,*,#10656,.T.);
#7840=CARTESIAN_POINT('',(22.86,-1.0,0.8509));
#7841=DIRECTION('',(-0.0,1.0,0.0));
#7842=DIRECTION('',(1.0,0.0,0.0));
#7843=SURFACE_STYLE_FILL_AREA(#10657);
#7844=ORIENTED_EDGE('',*,*,#10658,.F.);
#7845=ORIENTED_EDGE('',*,*,#10656,.F.);
#7846=ORIENTED_EDGE('',*,*,#10659,.T.);
#7847=ORIENTED_EDGE('',*,*,#10660,.F.);
#7848=CARTESIAN_POINT('',(36.068,-0.788999999999996,-1.26999999999987));
#7849=DIRECTION('',(6.12323399573676E-17,-0.0,1.0));
#7850=DIRECTION('',(0.0,1.0,0.0));
#7851=SURFACE_STYLE_FILL_AREA(#10661);
#7852=ORIENTED_EDGE('',*,*,#10662,.F.);
#7853=ORIENTED_EDGE('',*,*,#10660,.T.);
#7854=ORIENTED_EDGE('',*,*,#10663,.T.);
#7855=ORIENTED_EDGE('',*,*,#10664,.T.);
#7856=CARTESIAN_POINT('',(19.05,-1.0,0.8509));
#7857=DIRECTION('',(-0.0,1.0,0.0));
#7858=DIRECTION('',(1.0,0.0,0.0));
#7859=SURFACE_STYLE_FILL_AREA(#10665);
#7860=ORIENTED_EDGE('',*,*,#10666,.F.);
#7861=ORIENTED_EDGE('',*,*,#10664,.F.);
#7862=ORIENTED_EDGE('',*,*,#10667,.T.);
#7863=ORIENTED_EDGE('',*,*,#10585,.F.);
#7864=CARTESIAN_POINT('',(36.068,-0.788999999999996,-1.26999999999987));
#7865=DIRECTION('',(6.12323399573676E-17,-0.0,1.0));
#7866=DIRECTION('',(0.0,1.0,0.0));
#7867=SURFACE_STYLE_FILL_AREA(#10668);
#7868=ORIENTED_EDGE('',*,*,#10669,.F.);
#7869=ORIENTED_EDGE('',*,*,#10670,.T.);
#7870=ORIENTED_EDGE('',*,*,#10671,.T.);
#7871=ORIENTED_EDGE('',*,*,#10630,.F.);
#7872=CARTESIAN_POINT('',(36.068,-0.788999999999996,-1.26999999999987));
#7873=DIRECTION('',(6.12323399573676E-17,-0.0,1.0));
#7874=DIRECTION('',(0.0,1.0,0.0));
#7875=SURFACE_STYLE_FILL_AREA(#10672);
#7876=ORIENTED_EDGE('',*,*,#10673,.F.);
#7877=ORIENTED_EDGE('',*,*,#10674,.F.);
#7878=ORIENTED_EDGE('',*,*,#10675,.T.);
#7879=ORIENTED_EDGE('',*,*,#10670,.F.);
#7880=CARTESIAN_POINT('',(36.068,-0.68482637927492,-1.98971918933391));
#7881=DIRECTION('',(-1.0,0.0,6.12323399573676E-17));
#7882=DIRECTION('',(6.12323399573676E-17,0.0,1.0));
#7883=SURFACE_STYLE_FILL_AREA(#10676);
#7884=ORIENTED_EDGE('',*,*,#10674,.T.);
#7885=ORIENTED_EDGE('',*,*,#10677,.F.);
#7886=ORIENTED_EDGE('',*,*,#10678,.F.);
#7887=ORIENTED_EDGE('',*,*,#10679,.T.);
#7888=CARTESIAN_POINT('',(36.576,-0.888999999999994,-2.28599999999999));
#7889=DIRECTION('',(-6.12323399573676E-17,-0.0,-1.0));
#7890=DIRECTION('',(0.0,-1.0,0.0));
#7891=SURFACE_STYLE_FILL_AREA(#10680);
#7892=ORIENTED_EDGE('',*,*,#10627,.T.);
#7893=ORIENTED_EDGE('',*,*,#10681,.T.);
#7894=ORIENTED_EDGE('',*,*,#10682,.T.);
#7895=ORIENTED_EDGE('',*,*,#10683,.F.);
#7896=CARTESIAN_POINT('',(36.576,-0.888999999999994,-2.28599999999999));
#7897=DIRECTION('',(-6.12323399573676E-17,-0.0,-1.0));
#7898=DIRECTION('',(0.0,-1.0,0.0));
#7899=SURFACE_STYLE_FILL_AREA(#10684);
#7900=ORIENTED_EDGE('',*,*,#10685,.F.);
#7901=ORIENTED_EDGE('',*,*,#10686,.F.);
#7902=ORIENTED_EDGE('',*,*,#10687,.F.);
#7903=ORIENTED_EDGE('',*,*,#10688,.F.);
#7904=CARTESIAN_POINT('',(34.29,-0.27,2.413));
#7905=DIRECTION('',(0.0,0.0,1.0));
#7906=DIRECTION('',(1.0,0.0,0.0));
#7907=SURFACE_STYLE_FILL_AREA(#10689);
#7908=ORIENTED_EDGE('',*,*,#10690,.F.);
#7909=ORIENTED_EDGE('',*,*,#10688,.T.);
#7910=ORIENTED_EDGE('',*,*,#10691,.T.);
#7911=ORIENTED_EDGE('',*,*,#10692,.T.);
#7912=CARTESIAN_POINT('',(33.401,-0.27,2.0955));
#7913=DIRECTION('',(1.0,0.0,0.0));
#7914=DIRECTION('',(0.0,0.0,-1.0));
#7915=SURFACE_STYLE_FILL_AREA(#10693);
#7916=ORIENTED_EDGE('',*,*,#10694,.F.);
#7917=ORIENTED_EDGE('',*,*,#10692,.F.);
#7918=ORIENTED_EDGE('',*,*,#10695,.F.);
#7919=ORIENTED_EDGE('',*,*,#10696,.F.);
#7920=CARTESIAN_POINT('',(34.29,-0.27,1.778));
#7921=DIRECTION('',(0.0,0.0,1.0));
#7922=DIRECTION('',(1.0,0.0,0.0));
#7923=SURFACE_STYLE_FILL_AREA(#10697);
#7924=ORIENTED_EDGE('',*,*,#10691,.F.);
#7925=ORIENTED_EDGE('',*,*,#10687,.T.);
#7926=ORIENTED_EDGE('',*,*,#10698,.T.);
#7927=ORIENTED_EDGE('',*,*,#10695,.T.);
#7928=CARTESIAN_POINT('',(34.29,-1.27,2.0955));
#7929=DIRECTION('',(0.0,1.0,0.0));
#7930=DIRECTION('',(0.0,0.0,1.0));
#7931=SURFACE_STYLE_FILL_AREA(#10699);
#7932=ORIENTED_EDGE('',*,*,#10700,.F.);
#7933=ORIENTED_EDGE('',*,*,#10696,.T.);
#7934=ORIENTED_EDGE('',*,*,#10698,.F.);
#7935=ORIENTED_EDGE('',*,*,#10686,.T.);
#7936=CARTESIAN_POINT('',(35.179,-0.27,2.0955));
#7937=DIRECTION('',(-1.0,0.0,0.0));
#7938=DIRECTION('',(0.0,0.0,1.0));
#7939=SURFACE_STYLE_FILL_AREA(#10701);
#7940=ORIENTED_EDGE('',*,*,#10702,.F.);
#7941=ORIENTED_EDGE('',*,*,#10703,.F.);
#7942=ORIENTED_EDGE('',*,*,#10704,.F.);
#7943=ORIENTED_EDGE('',*,*,#10705,.F.);
#7944=CARTESIAN_POINT('',(30.48,-0.27,2.413));
#7945=DIRECTION('',(0.0,0.0,1.0));
#7946=DIRECTION('',(1.0,0.0,0.0));
#7947=SURFACE_STYLE_FILL_AREA(#10706);
#7948=ORIENTED_EDGE('',*,*,#10707,.F.);
#7949=ORIENTED_EDGE('',*,*,#10705,.T.);
#7950=ORIENTED_EDGE('',*,*,#10708,.T.);
#7951=ORIENTED_EDGE('',*,*,#10709,.T.);
#7952=CARTESIAN_POINT('',(29.591,-0.27,2.0955));
#7953=DIRECTION('',(1.0,0.0,0.0));
#7954=DIRECTION('',(0.0,0.0,-1.0));
#7955=SURFACE_STYLE_FILL_AREA(#10710);
#7956=ORIENTED_EDGE('',*,*,#10711,.F.);
#7957=ORIENTED_EDGE('',*,*,#10709,.F.);
#7958=ORIENTED_EDGE('',*,*,#10712,.F.);
#7959=ORIENTED_EDGE('',*,*,#10713,.F.);
#7960=CARTESIAN_POINT('',(30.48,-0.27,1.778));
#7961=DIRECTION('',(0.0,0.0,1.0));
#7962=DIRECTION('',(1.0,0.0,0.0));
#7963=SURFACE_STYLE_FILL_AREA(#10714);
#7964=ORIENTED_EDGE('',*,*,#10708,.F.);
#7965=ORIENTED_EDGE('',*,*,#10704,.T.);
#7966=ORIENTED_EDGE('',*,*,#10715,.T.);
#7967=ORIENTED_EDGE('',*,*,#10712,.T.);
#7968=CARTESIAN_POINT('',(30.48,-1.27,2.0955));
#7969=DIRECTION('',(0.0,1.0,0.0));
#7970=DIRECTION('',(0.0,0.0,1.0));
#7971=SURFACE_STYLE_FILL_AREA(#10716);
#7972=ORIENTED_EDGE('',*,*,#10717,.F.);
#7973=ORIENTED_EDGE('',*,*,#10713,.T.);
#7974=ORIENTED_EDGE('',*,*,#10715,.F.);
#7975=ORIENTED_EDGE('',*,*,#10703,.T.);
#7976=CARTESIAN_POINT('',(31.369,-0.27,2.0955));
#7977=DIRECTION('',(-1.0,0.0,0.0));
#7978=DIRECTION('',(0.0,0.0,1.0));
#7979=SURFACE_STYLE_FILL_AREA(#10718);
#7980=ORIENTED_EDGE('',*,*,#10719,.F.);
#7981=ORIENTED_EDGE('',*,*,#10720,.F.);
#7982=ORIENTED_EDGE('',*,*,#10721,.F.);
#7983=ORIENTED_EDGE('',*,*,#10722,.F.);
#7984=CARTESIAN_POINT('',(26.67,-0.27,2.413));
#7985=DIRECTION('',(0.0,0.0,1.0));
#7986=DIRECTION('',(1.0,0.0,0.0));
#7987=SURFACE_STYLE_FILL_AREA(#10723);
#7988=ORIENTED_EDGE('',*,*,#10724,.F.);
#7989=ORIENTED_EDGE('',*,*,#10722,.T.);
#7990=ORIENTED_EDGE('',*,*,#10725,.T.);
#7991=ORIENTED_EDGE('',*,*,#10726,.T.);
#7992=CARTESIAN_POINT('',(25.781,-0.27,2.0955));
#7993=DIRECTION('',(1.0,0.0,0.0));
#7994=DIRECTION('',(0.0,0.0,-1.0));
#7995=SURFACE_STYLE_FILL_AREA(#10727);
#7996=ORIENTED_EDGE('',*,*,#10728,.F.);
#7997=ORIENTED_EDGE('',*,*,#10726,.F.);
#7998=ORIENTED_EDGE('',*,*,#10729,.F.);
#7999=ORIENTED_EDGE('',*,*,#10730,.F.);
#8000=CARTESIAN_POINT('',(26.67,-0.27,1.778));
#8001=DIRECTION('',(0.0,0.0,1.0));
#8002=DIRECTION('',(1.0,0.0,0.0));
#8003=SURFACE_STYLE_FILL_AREA(#10731);
#8004=ORIENTED_EDGE('',*,*,#10725,.F.);
#8005=ORIENTED_EDGE('',*,*,#10721,.T.);
#8006=ORIENTED_EDGE('',*,*,#10732,.T.);
#8007=ORIENTED_EDGE('',*,*,#10729,.T.);
#8008=CARTESIAN_POINT('',(26.67,-1.27,2.0955));
#8009=DIRECTION('',(0.0,1.0,0.0));
#8010=DIRECTION('',(0.0,0.0,1.0));
#8011=SURFACE_STYLE_FILL_AREA(#10733);
#8012=ORIENTED_EDGE('',*,*,#10734,.F.);
#8013=ORIENTED_EDGE('',*,*,#10730,.T.);
#8014=ORIENTED_EDGE('',*,*,#10732,.F.);
#8015=ORIENTED_EDGE('',*,*,#10720,.T.);
#8016=CARTESIAN_POINT('',(27.559,-0.27,2.0955));
#8017=DIRECTION('',(-1.0,0.0,0.0));
#8018=DIRECTION('',(0.0,0.0,1.0));
#8019=SURFACE_STYLE_FILL_AREA(#10735);
#8020=ORIENTED_EDGE('',*,*,#10736,.F.);
#8021=ORIENTED_EDGE('',*,*,#10737,.F.);
#8022=ORIENTED_EDGE('',*,*,#10738,.F.);
#8023=ORIENTED_EDGE('',*,*,#10739,.F.);
#8024=CARTESIAN_POINT('',(22.86,-0.27,2.413));
#8025=DIRECTION('',(0.0,0.0,1.0));
#8026=DIRECTION('',(1.0,0.0,0.0));
#8027=SURFACE_STYLE_FILL_AREA(#10740);
#8028=ORIENTED_EDGE('',*,*,#10741,.F.);
#8029=ORIENTED_EDGE('',*,*,#10739,.T.);
#8030=ORIENTED_EDGE('',*,*,#10742,.T.);
#8031=ORIENTED_EDGE('',*,*,#10743,.T.);
#8032=CARTESIAN_POINT('',(21.971,-0.27,2.0955));
#8033=DIRECTION('',(1.0,0.0,0.0));
#8034=DIRECTION('',(0.0,0.0,-1.0));
#8035=SURFACE_STYLE_FILL_AREA(#10744);
#8036=ORIENTED_EDGE('',*,*,#10745,.F.);
#8037=ORIENTED_EDGE('',*,*,#10743,.F.);
#8038=ORIENTED_EDGE('',*,*,#10746,.F.);
#8039=ORIENTED_EDGE('',*,*,#10747,.F.);
#8040=CARTESIAN_POINT('',(22.86,-0.27,1.778));
#8041=DIRECTION('',(0.0,0.0,1.0));
#8042=DIRECTION('',(1.0,0.0,0.0));
#8043=SURFACE_STYLE_FILL_AREA(#10748);
#8044=ORIENTED_EDGE('',*,*,#10742,.F.);
#8045=ORIENTED_EDGE('',*,*,#10738,.T.);
#8046=ORIENTED_EDGE('',*,*,#10749,.T.);
#8047=ORIENTED_EDGE('',*,*,#10746,.T.);
#8048=CARTESIAN_POINT('',(22.86,-1.27,2.0955));
#8049=DIRECTION('',(0.0,1.0,0.0));
#8050=DIRECTION('',(0.0,0.0,1.0));
#8051=SURFACE_STYLE_FILL_AREA(#10750);
#8052=ORIENTED_EDGE('',*,*,#10751,.F.);
#8053=ORIENTED_EDGE('',*,*,#10747,.T.);
#8054=ORIENTED_EDGE('',*,*,#10749,.F.);
#8055=ORIENTED_EDGE('',*,*,#10737,.T.);
#8056=CARTESIAN_POINT('',(23.749,-0.27,2.0955));
#8057=DIRECTION('',(-1.0,0.0,0.0));
#8058=DIRECTION('',(0.0,0.0,1.0));
#8059=SURFACE_STYLE_FILL_AREA(#10752);
#8060=ORIENTED_EDGE('',*,*,#10753,.F.);
#8061=ORIENTED_EDGE('',*,*,#10754,.F.);
#8062=ORIENTED_EDGE('',*,*,#10755,.F.);
#8063=ORIENTED_EDGE('',*,*,#10756,.F.);
#8064=CARTESIAN_POINT('',(19.05,-0.27,2.413));
#8065=DIRECTION('',(0.0,0.0,1.0));
#8066=DIRECTION('',(1.0,0.0,0.0));
#8067=SURFACE_STYLE_FILL_AREA(#10757);
#8068=ORIENTED_EDGE('',*,*,#10758,.F.);
#8069=ORIENTED_EDGE('',*,*,#10756,.T.);
#8070=ORIENTED_EDGE('',*,*,#10759,.T.);
#8071=ORIENTED_EDGE('',*,*,#10760,.T.);
#8072=CARTESIAN_POINT('',(18.161,-0.27,2.0955));
#8073=DIRECTION('',(1.0,0.0,0.0));
#8074=DIRECTION('',(0.0,0.0,-1.0));
#8075=SURFACE_STYLE_FILL_AREA(#10761);
#8076=ORIENTED_EDGE('',*,*,#10762,.F.);
#8077=ORIENTED_EDGE('',*,*,#10760,.F.);
#8078=ORIENTED_EDGE('',*,*,#10763,.F.);
#8079=ORIENTED_EDGE('',*,*,#10764,.F.);
#8080=CARTESIAN_POINT('',(19.05,-0.27,1.778));
#8081=DIRECTION('',(0.0,0.0,1.0));
#8082=DIRECTION('',(1.0,0.0,0.0));
#8083=SURFACE_STYLE_FILL_AREA(#10765);
#8084=ORIENTED_EDGE('',*,*,#10759,.F.);
#8085=ORIENTED_EDGE('',*,*,#10755,.T.);
#8086=ORIENTED_EDGE('',*,*,#10766,.T.);
#8087=ORIENTED_EDGE('',*,*,#10763,.T.);
#8088=CARTESIAN_POINT('',(19.05,-1.27,2.0955));
#8089=DIRECTION('',(0.0,1.0,0.0));
#8090=DIRECTION('',(0.0,0.0,1.0));
#8091=SURFACE_STYLE_FILL_AREA(#10767);
#8092=ORIENTED_EDGE('',*,*,#10768,.F.);
#8093=ORIENTED_EDGE('',*,*,#10764,.T.);
#8094=ORIENTED_EDGE('',*,*,#10766,.F.);
#8095=ORIENTED_EDGE('',*,*,#10754,.T.);
#8096=CARTESIAN_POINT('',(19.939,-0.27,2.0955));
#8097=DIRECTION('',(-1.0,0.0,0.0));
#8098=DIRECTION('',(0.0,0.0,1.0));
#8099=SURFACE_STYLE_FILL_AREA(#10769);
#8100=ORIENTED_EDGE('',*,*,#10770,.F.);
#8101=ORIENTED_EDGE('',*,*,#10771,.F.);
#8102=ORIENTED_EDGE('',*,*,#10772,.F.);
#8103=ORIENTED_EDGE('',*,*,#10773,.F.);
#8104=CARTESIAN_POINT('',(15.24,-0.27,2.413));
#8105=DIRECTION('',(0.0,0.0,1.0));
#8106=DIRECTION('',(1.0,0.0,0.0));
#8107=SURFACE_STYLE_FILL_AREA(#10774);
#8108=ORIENTED_EDGE('',*,*,#10775,.F.);
#8109=ORIENTED_EDGE('',*,*,#10773,.T.);
#8110=ORIENTED_EDGE('',*,*,#10776,.T.);
#8111=ORIENTED_EDGE('',*,*,#10777,.T.);
#8112=CARTESIAN_POINT('',(14.351,-0.27,2.0955));
#8113=DIRECTION('',(1.0,0.0,0.0));
#8114=DIRECTION('',(0.0,0.0,-1.0));
#8115=SURFACE_STYLE_FILL_AREA(#10778);
#8116=ORIENTED_EDGE('',*,*,#10779,.F.);
#8117=ORIENTED_EDGE('',*,*,#10777,.F.);
#8118=ORIENTED_EDGE('',*,*,#10780,.F.);
#8119=ORIENTED_EDGE('',*,*,#10781,.F.);
#8120=CARTESIAN_POINT('',(15.24,-0.27,1.778));
#8121=DIRECTION('',(0.0,0.0,1.0));
#8122=DIRECTION('',(1.0,0.0,0.0));
#8123=SURFACE_STYLE_FILL_AREA(#10782);
#8124=ORIENTED_EDGE('',*,*,#10776,.F.);
#8125=ORIENTED_EDGE('',*,*,#10772,.T.);
#8126=ORIENTED_EDGE('',*,*,#10783,.T.);
#8127=ORIENTED_EDGE('',*,*,#10780,.T.);
#8128=CARTESIAN_POINT('',(15.24,-1.27,2.0955));
#8129=DIRECTION('',(0.0,1.0,0.0));
#8130=DIRECTION('',(0.0,0.0,1.0));
#8131=SURFACE_STYLE_FILL_AREA(#10784);
#8132=ORIENTED_EDGE('',*,*,#10785,.F.);
#8133=ORIENTED_EDGE('',*,*,#10781,.T.);
#8134=ORIENTED_EDGE('',*,*,#10783,.F.);
#8135=ORIENTED_EDGE('',*,*,#10771,.T.);
#8136=CARTESIAN_POINT('',(16.129,-0.27,2.0955));
#8137=DIRECTION('',(-1.0,0.0,0.0));
#8138=DIRECTION('',(0.0,0.0,1.0));
#8139=SURFACE_STYLE_FILL_AREA(#10786);
#8140=ORIENTED_EDGE('',*,*,#10787,.F.);
#8141=ORIENTED_EDGE('',*,*,#10788,.F.);
#8142=ORIENTED_EDGE('',*,*,#10789,.F.);
#8143=ORIENTED_EDGE('',*,*,#10790,.F.);
#8144=CARTESIAN_POINT('',(11.43,-0.27,2.413));
#8145=DIRECTION('',(0.0,0.0,1.0));
#8146=DIRECTION('',(1.0,0.0,0.0));
#8147=SURFACE_STYLE_FILL_AREA(#10791);
#8148=ORIENTED_EDGE('',*,*,#10792,.F.);
#8149=ORIENTED_EDGE('',*,*,#10790,.T.);
#8150=ORIENTED_EDGE('',*,*,#10793,.T.);
#8151=ORIENTED_EDGE('',*,*,#10794,.T.);
#8152=CARTESIAN_POINT('',(10.541,-0.27,2.0955));
#8153=DIRECTION('',(1.0,0.0,0.0));
#8154=DIRECTION('',(0.0,0.0,-1.0));
#8155=SURFACE_STYLE_FILL_AREA(#10795);
#8156=ORIENTED_EDGE('',*,*,#10796,.F.);
#8157=ORIENTED_EDGE('',*,*,#10794,.F.);
#8158=ORIENTED_EDGE('',*,*,#10797,.F.);
#8159=ORIENTED_EDGE('',*,*,#10798,.F.);
#8160=CARTESIAN_POINT('',(11.43,-0.27,1.778));
#8161=DIRECTION('',(0.0,0.0,1.0));
#8162=DIRECTION('',(1.0,0.0,0.0));
#8163=SURFACE_STYLE_FILL_AREA(#10799);
#8164=ORIENTED_EDGE('',*,*,#10793,.F.);
#8165=ORIENTED_EDGE('',*,*,#10789,.T.);
#8166=ORIENTED_EDGE('',*,*,#10800,.T.);
#8167=ORIENTED_EDGE('',*,*,#10797,.T.);
#8168=CARTESIAN_POINT('',(11.43,-1.27,2.0955));
#8169=DIRECTION('',(0.0,1.0,0.0));
#8170=DIRECTION('',(0.0,0.0,1.0));
#8171=SURFACE_STYLE_FILL_AREA(#10801);
#8172=ORIENTED_EDGE('',*,*,#10802,.F.);
#8173=ORIENTED_EDGE('',*,*,#10798,.T.);
#8174=ORIENTED_EDGE('',*,*,#10800,.F.);
#8175=ORIENTED_EDGE('',*,*,#10788,.T.);
#8176=CARTESIAN_POINT('',(12.319,-0.27,2.0955));
#8177=DIRECTION('',(-1.0,0.0,0.0));
#8178=DIRECTION('',(0.0,0.0,1.0));
#8179=SURFACE_STYLE_FILL_AREA(#10803);
#8180=ORIENTED_EDGE('',*,*,#10804,.F.);
#8181=ORIENTED_EDGE('',*,*,#10805,.F.);
#8182=ORIENTED_EDGE('',*,*,#10806,.F.);
#8183=ORIENTED_EDGE('',*,*,#10807,.F.);
#8184=CARTESIAN_POINT('',(7.62,-0.27,2.413));
#8185=DIRECTION('',(0.0,0.0,1.0));
#8186=DIRECTION('',(1.0,0.0,0.0));
#8187=SURFACE_STYLE_FILL_AREA(#10808);
#8188=ORIENTED_EDGE('',*,*,#10809,.F.);
#8189=ORIENTED_EDGE('',*,*,#10807,.T.);
#8190=ORIENTED_EDGE('',*,*,#10810,.T.);
#8191=ORIENTED_EDGE('',*,*,#10811,.T.);
#8192=CARTESIAN_POINT('',(6.731,-0.27,2.0955));
#8193=DIRECTION('',(1.0,0.0,0.0));
#8194=DIRECTION('',(0.0,0.0,-1.0));
#8195=SURFACE_STYLE_FILL_AREA(#10812);
#8196=ORIENTED_EDGE('',*,*,#10813,.F.);
#8197=ORIENTED_EDGE('',*,*,#10811,.F.);
#8198=ORIENTED_EDGE('',*,*,#10814,.F.);
#8199=ORIENTED_EDGE('',*,*,#10815,.F.);
#8200=CARTESIAN_POINT('',(7.62,-0.27,1.778));
#8201=DIRECTION('',(0.0,0.0,1.0));
#8202=DIRECTION('',(1.0,0.0,0.0));
#8203=SURFACE_STYLE_FILL_AREA(#10816);
#8204=ORIENTED_EDGE('',*,*,#10810,.F.);
#8205=ORIENTED_EDGE('',*,*,#10806,.T.);
#8206=ORIENTED_EDGE('',*,*,#10817,.T.);
#8207=ORIENTED_EDGE('',*,*,#10814,.T.);
#8208=CARTESIAN_POINT('',(7.62,-1.27,2.0955));
#8209=DIRECTION('',(0.0,1.0,0.0));
#8210=DIRECTION('',(0.0,0.0,1.0));
#8211=SURFACE_STYLE_FILL_AREA(#10818);
#8212=ORIENTED_EDGE('',*,*,#10819,.F.);
#8213=ORIENTED_EDGE('',*,*,#10815,.T.);
#8214=ORIENTED_EDGE('',*,*,#10817,.F.);
#8215=ORIENTED_EDGE('',*,*,#10805,.T.);
#8216=CARTESIAN_POINT('',(8.509,-0.27,2.0955));
#8217=DIRECTION('',(-1.0,0.0,0.0));
#8218=DIRECTION('',(0.0,0.0,1.0));
#8219=SURFACE_STYLE_FILL_AREA(#10820);
#8220=ORIENTED_EDGE('',*,*,#10821,.F.);
#8221=ORIENTED_EDGE('',*,*,#10822,.F.);
#8222=ORIENTED_EDGE('',*,*,#10823,.F.);
#8223=ORIENTED_EDGE('',*,*,#10824,.F.);
#8224=CARTESIAN_POINT('',(3.81,-0.27,2.413));
#8225=DIRECTION('',(0.0,0.0,1.0));
#8226=DIRECTION('',(1.0,0.0,0.0));
#8227=SURFACE_STYLE_FILL_AREA(#10825);
#8228=ORIENTED_EDGE('',*,*,#10826,.F.);
#8229=ORIENTED_EDGE('',*,*,#10824,.T.);
#8230=ORIENTED_EDGE('',*,*,#10827,.T.);
#8231=ORIENTED_EDGE('',*,*,#10828,.T.);
#8232=CARTESIAN_POINT('',(2.921,-0.27,2.0955));
#8233=DIRECTION('',(1.0,0.0,0.0));
#8234=DIRECTION('',(0.0,0.0,-1.0));
#8235=SURFACE_STYLE_FILL_AREA(#10829);
#8236=ORIENTED_EDGE('',*,*,#10830,.F.);
#8237=ORIENTED_EDGE('',*,*,#10828,.F.);
#8238=ORIENTED_EDGE('',*,*,#10831,.F.);
#8239=ORIENTED_EDGE('',*,*,#10832,.F.);
#8240=CARTESIAN_POINT('',(3.81,-0.27,1.778));
#8241=DIRECTION('',(0.0,0.0,1.0));
#8242=DIRECTION('',(1.0,0.0,0.0));
#8243=SURFACE_STYLE_FILL_AREA(#10833);
#8244=ORIENTED_EDGE('',*,*,#10827,.F.);
#8245=ORIENTED_EDGE('',*,*,#10823,.T.);
#8246=ORIENTED_EDGE('',*,*,#10834,.T.);
#8247=ORIENTED_EDGE('',*,*,#10831,.T.);
#8248=CARTESIAN_POINT('',(3.81,-1.27,2.0955));
#8249=DIRECTION('',(0.0,1.0,0.0));
#8250=DIRECTION('',(0.0,0.0,1.0));
#8251=SURFACE_STYLE_FILL_AREA(#10835);
#8252=ORIENTED_EDGE('',*,*,#10836,.F.);
#8253=ORIENTED_EDGE('',*,*,#10832,.T.);
#8254=ORIENTED_EDGE('',*,*,#10834,.F.);
#8255=ORIENTED_EDGE('',*,*,#10822,.T.);
#8256=CARTESIAN_POINT('',(4.699,-0.27,2.0955));
#8257=DIRECTION('',(-1.0,0.0,0.0));
#8258=DIRECTION('',(0.0,0.0,1.0));
#8259=SURFACE_STYLE_FILL_AREA(#10837);
#8260=ORIENTED_EDGE('',*,*,#10838,.F.);
#8261=ORIENTED_EDGE('',*,*,#10839,.F.);
#8262=ORIENTED_EDGE('',*,*,#10840,.F.);
#8263=ORIENTED_EDGE('',*,*,#10841,.F.);
#8264=CARTESIAN_POINT('',(0.0,-0.27,2.413));
#8265=DIRECTION('',(0.0,0.0,1.0));
#8266=DIRECTION('',(1.0,0.0,0.0));
#8267=SURFACE_STYLE_FILL_AREA(#10842);
#8268=ORIENTED_EDGE('',*,*,#10843,.F.);
#8269=ORIENTED_EDGE('',*,*,#10841,.T.);
#8270=ORIENTED_EDGE('',*,*,#10844,.T.);
#8271=ORIENTED_EDGE('',*,*,#10845,.T.);
#8272=CARTESIAN_POINT('',(-0.889,-0.27,2.0955));
#8273=DIRECTION('',(1.0,0.0,0.0));
#8274=DIRECTION('',(0.0,0.0,-1.0));
#8275=SURFACE_STYLE_FILL_AREA(#10846);
#8276=ORIENTED_EDGE('',*,*,#10847,.F.);
#8277=ORIENTED_EDGE('',*,*,#10845,.F.);
#8278=ORIENTED_EDGE('',*,*,#10848,.F.);
#8279=ORIENTED_EDGE('',*,*,#10849,.F.);
#8280=CARTESIAN_POINT('',(0.0,-0.27,1.778));
#8281=DIRECTION('',(0.0,0.0,1.0));
#8282=DIRECTION('',(1.0,0.0,0.0));
#8283=SURFACE_STYLE_FILL_AREA(#10850);
#8284=ORIENTED_EDGE('',*,*,#10844,.F.);
#8285=ORIENTED_EDGE('',*,*,#10840,.T.);
#8286=ORIENTED_EDGE('',*,*,#10851,.T.);
#8287=ORIENTED_EDGE('',*,*,#10848,.T.);
#8288=CARTESIAN_POINT('',(0.0,-1.27,2.0955));
#8289=DIRECTION('',(0.0,1.0,0.0));
#8290=DIRECTION('',(0.0,0.0,1.0));
#8291=SURFACE_STYLE_FILL_AREA(#10852);
#8292=ORIENTED_EDGE('',*,*,#10853,.F.);
#8293=ORIENTED_EDGE('',*,*,#10849,.T.);
#8294=ORIENTED_EDGE('',*,*,#10851,.F.);
#8295=ORIENTED_EDGE('',*,*,#10839,.T.);
#8296=CARTESIAN_POINT('',(0.889,-0.27,2.0955));
#8297=DIRECTION('',(-1.0,0.0,0.0));
#8298=DIRECTION('',(0.0,0.0,1.0));
#8299=SURFACE_STYLE_FILL_AREA(#10854);
#8300=ORIENTED_EDGE('',*,*,#10855,.F.);
#8301=ORIENTED_EDGE('',*,*,#10856,.T.);
#8302=ORIENTED_EDGE('',*,*,#10857,.F.);
#8303=ORIENTED_EDGE('',*,*,#10858,.F.);
#8304=CARTESIAN_POINT('',(33.0200000000002,-11.176,4.82600000000126));
#8305=DIRECTION('',(-0.707106781186171,4.32978028117977E-17,-0.707106781186924));
#8306=DIRECTION('',(-0.707106781186924,-4.32978028117516E-17,0.707106781186171));
#8307=SURFACE_STYLE_FILL_AREA(#10859);
#8308=ORIENTED_EDGE('',*,*,#10860,.F.);
#8309=ORIENTED_EDGE('',*,*,#10861,.F.);
#8310=ORIENTED_EDGE('',*,*,#10862,.F.);
#8311=ORIENTED_EDGE('',*,*,#10856,.F.);
#8312=CARTESIAN_POINT('',(33.274,-11.176,0.916000000001656));
#8313=DIRECTION('',(-1.0,0.0,0.0));
#8314=DIRECTION('',(0.0,-6.12323399573676E-17,1.0));
#8315=SURFACE_STYLE_FILL_AREA(#10863);
#8316=ORIENTED_EDGE('',*,*,#10864,.F.);
#8317=ORIENTED_EDGE('',*,*,#10865,.F.);
#8318=ORIENTED_EDGE('',*,*,#10866,.F.);
#8319=ORIENTED_EDGE('',*,*,#10867,.T.);
#8320=CARTESIAN_POINT('',(35.306,-11.176,0.916000000001656));
#8321=DIRECTION('',(1.0,0.0,0.0));
#8322=DIRECTION('',(0.0,6.12323399573676E-17,-1.0));
#8323=SURFACE_STYLE_FILL_AREA(#10868);
#8324=ORIENTED_EDGE('',*,*,#10869,.F.);
#8325=ORIENTED_EDGE('',*,*,#10867,.F.);
#8326=ORIENTED_EDGE('',*,*,#10870,.F.);
#8327=ORIENTED_EDGE('',*,*,#10871,.F.);
#8328=CARTESIAN_POINT('',(35.5599999999999,-11.176,4.82600000000126));
#8329=DIRECTION('',(0.707106781186139,4.32978028117997E-17,-0.707106781186956));
#8330=DIRECTION('',(-0.707106781186956,4.32978028117497E-17,-0.707106781186139));
#8331=SURFACE_STYLE_FILL_AREA(#10872);
#8332=ORIENTED_EDGE('',*,*,#10857,.T.);
#8333=ORIENTED_EDGE('',*,*,#10873,.F.);
#8334=ORIENTED_EDGE('',*,*,#10869,.T.);
#8335=ORIENTED_EDGE('',*,*,#10874,.F.);
#8336=CARTESIAN_POINT('',(36.29,-6.47699999999999,4.82600000000031));
#8337=DIRECTION('',(-5.8876361239094E-17,0.274721127897327,-0.961523947640838));
#8338=DIRECTION('',(-1.68218174968806E-17,-0.961523947640838,-0.274721127897327));
#8339=SURFACE_STYLE_FILL_AREA(#10875);
#8340=ORIENTED_EDGE('',*,*,#10862,.T.);
#8341=ORIENTED_EDGE('',*,*,#10876,.F.);
#8342=ORIENTED_EDGE('',*,*,#10864,.T.);
#8343=ORIENTED_EDGE('',*,*,#10873,.T.);
#8344=CARTESIAN_POINT('',(36.29,-7.36599999999999,1.01600000000037));
#8345=DIRECTION('',(0.0,1.0,0.0));
#8346=DIRECTION('',(-6.12323399573676E-17,0.0,-1.0));
#8347=SURFACE_STYLE_FILL_AREA(#10877);
#8348=ORIENTED_EDGE('',*,*,#10861,.T.);
#8349=ORIENTED_EDGE('',*,*,#10878,.F.);
#8350=ORIENTED_EDGE('',*,*,#10865,.T.);
#8351=ORIENTED_EDGE('',*,*,#10876,.T.);
#8352=CARTESIAN_POINT('',(36.29,-8.63600000000001,-2.53999999999962));
#8353=DIRECTION('',(-6.12323399573676E-17,-0.0,-1.0));
#8354=DIRECTION('',(0.0,-1.0,0.0));
#8355=SURFACE_STYLE_FILL_AREA(#10879);
#8356=ORIENTED_EDGE('',*,*,#10860,.T.);
#8357=ORIENTED_EDGE('',*,*,#10880,.F.);
#8358=ORIENTED_EDGE('',*,*,#10866,.T.);
#8359=ORIENTED_EDGE('',*,*,#10878,.T.);
#8360=CARTESIAN_POINT('',(36.29,-9.90600000000003,1.01600000000037));
#8361=DIRECTION('',(0.0,-1.0,0.0));
#8362=DIRECTION('',(6.12323399573676E-17,0.0,1.0));
#8363=SURFACE_STYLE_FILL_AREA(#10881);
#8364=ORIENTED_EDGE('',*,*,#10855,.T.);
#8365=ORIENTED_EDGE('',*,*,#10882,.F.);
#8366=ORIENTED_EDGE('',*,*,#10870,.T.);
#8367=ORIENTED_EDGE('',*,*,#10880,.T.);
#8368=CARTESIAN_POINT('',(36.29,-10.16,4.82600000000031));
#8369=DIRECTION('',(-4.32978028117785E-17,-0.707106781186485,-0.70710678118661));
#8370=DIRECTION('',(4.32978028117708E-17,-0.70710678118661,0.707106781186485));
#8371=SURFACE_STYLE_FILL_AREA(#10883);
#8372=ORIENTED_EDGE('',*,*,#10884,.F.);
#8373=ORIENTED_EDGE('',*,*,#10885,.T.);
#8374=ORIENTED_EDGE('',*,*,#10886,.F.);
#8375=ORIENTED_EDGE('',*,*,#10887,.F.);
#8376=CARTESIAN_POINT('',(29.2100000000002,-11.176,4.82600000000126));
#8377=DIRECTION('',(-0.707106781186171,4.32978028117977E-17,-0.707106781186924));
#8378=DIRECTION('',(-0.707106781186924,-4.32978028117516E-17,0.707106781186171));
#8379=SURFACE_STYLE_FILL_AREA(#10888);
#8380=ORIENTED_EDGE('',*,*,#10889,.F.);
#8381=ORIENTED_EDGE('',*,*,#10890,.F.);
#8382=ORIENTED_EDGE('',*,*,#10891,.F.);
#8383=ORIENTED_EDGE('',*,*,#10885,.F.);
#8384=CARTESIAN_POINT('',(29.464,-11.176,0.916000000001656));
#8385=DIRECTION('',(-1.0,0.0,0.0));
#8386=DIRECTION('',(0.0,-6.12323399573676E-17,1.0));
#8387=SURFACE_STYLE_FILL_AREA(#10892);
#8388=ORIENTED_EDGE('',*,*,#10893,.F.);
#8389=ORIENTED_EDGE('',*,*,#10894,.F.);
#8390=ORIENTED_EDGE('',*,*,#10895,.F.);
#8391=ORIENTED_EDGE('',*,*,#10896,.T.);
#8392=CARTESIAN_POINT('',(31.496,-11.176,0.916000000001656));
#8393=DIRECTION('',(1.0,0.0,0.0));
#8394=DIRECTION('',(0.0,6.12323399573676E-17,-1.0));
#8395=SURFACE_STYLE_FILL_AREA(#10897);
#8396=ORIENTED_EDGE('',*,*,#10898,.F.);
#8397=ORIENTED_EDGE('',*,*,#10896,.F.);
#8398=ORIENTED_EDGE('',*,*,#10899,.F.);
#8399=ORIENTED_EDGE('',*,*,#10900,.F.);
#8400=CARTESIAN_POINT('',(31.7499999999999,-11.176,4.82600000000126));
#8401=DIRECTION('',(0.707106781186139,4.32978028117997E-17,-0.707106781186956));
#8402=DIRECTION('',(-0.707106781186956,4.32978028117497E-17,-0.707106781186139));
#8403=SURFACE_STYLE_FILL_AREA(#10901);
#8404=ORIENTED_EDGE('',*,*,#10886,.T.);
#8405=ORIENTED_EDGE('',*,*,#10902,.F.);
#8406=ORIENTED_EDGE('',*,*,#10898,.T.);
#8407=ORIENTED_EDGE('',*,*,#10903,.F.);
#8408=CARTESIAN_POINT('',(32.48,-6.47699999999999,4.82600000000031));
#8409=DIRECTION('',(-5.8876361239094E-17,0.274721127897327,-0.961523947640838));
#8410=DIRECTION('',(-1.68218174968806E-17,-0.961523947640838,-0.274721127897327));
#8411=SURFACE_STYLE_FILL_AREA(#10904);
#8412=ORIENTED_EDGE('',*,*,#10891,.T.);
#8413=ORIENTED_EDGE('',*,*,#10905,.F.);
#8414=ORIENTED_EDGE('',*,*,#10893,.T.);
#8415=ORIENTED_EDGE('',*,*,#10902,.T.);
#8416=CARTESIAN_POINT('',(32.48,-7.36599999999999,1.01600000000037));
#8417=DIRECTION('',(0.0,1.0,0.0));
#8418=DIRECTION('',(-6.12323399573676E-17,0.0,-1.0));
#8419=SURFACE_STYLE_FILL_AREA(#10906);
#8420=ORIENTED_EDGE('',*,*,#10890,.T.);
#8421=ORIENTED_EDGE('',*,*,#10907,.F.);
#8422=ORIENTED_EDGE('',*,*,#10894,.T.);
#8423=ORIENTED_EDGE('',*,*,#10905,.T.);
#8424=CARTESIAN_POINT('',(32.48,-8.63600000000001,-2.53999999999962));
#8425=DIRECTION('',(-6.12323399573676E-17,-0.0,-1.0));
#8426=DIRECTION('',(0.0,-1.0,0.0));
#8427=SURFACE_STYLE_FILL_AREA(#10908);
#8428=ORIENTED_EDGE('',*,*,#10889,.T.);
#8429=ORIENTED_EDGE('',*,*,#10909,.F.);
#8430=ORIENTED_EDGE('',*,*,#10895,.T.);
#8431=ORIENTED_EDGE('',*,*,#10907,.T.);
#8432=CARTESIAN_POINT('',(32.48,-9.90600000000003,1.01600000000037));
#8433=DIRECTION('',(0.0,-1.0,0.0));
#8434=DIRECTION('',(6.12323399573676E-17,0.0,1.0));
#8435=SURFACE_STYLE_FILL_AREA(#10910);
#8436=ORIENTED_EDGE('',*,*,#10884,.T.);
#8437=ORIENTED_EDGE('',*,*,#10911,.F.);
#8438=ORIENTED_EDGE('',*,*,#10899,.T.);
#8439=ORIENTED_EDGE('',*,*,#10909,.T.);
#8440=CARTESIAN_POINT('',(32.48,-10.16,4.82600000000031));
#8441=DIRECTION('',(-4.32978028117785E-17,-0.707106781186485,-0.70710678118661));
#8442=DIRECTION('',(4.32978028117708E-17,-0.70710678118661,0.707106781186485));
#8443=SURFACE_STYLE_FILL_AREA(#10912);
#8444=ORIENTED_EDGE('',*,*,#10913,.F.);
#8445=ORIENTED_EDGE('',*,*,#10914,.T.);
#8446=ORIENTED_EDGE('',*,*,#10915,.F.);
#8447=ORIENTED_EDGE('',*,*,#10916,.F.);
#8448=CARTESIAN_POINT('',(25.4000000000002,-11.176,4.82600000000126));
#8449=DIRECTION('',(-0.707106781186171,4.32978028117977E-17,-0.707106781186924));
#8450=DIRECTION('',(-0.707106781186924,-4.32978028117516E-17,0.707106781186171));
#8451=SURFACE_STYLE_FILL_AREA(#10917);
#8452=ORIENTED_EDGE('',*,*,#10918,.F.);
#8453=ORIENTED_EDGE('',*,*,#10919,.F.);
#8454=ORIENTED_EDGE('',*,*,#10920,.F.);
#8455=ORIENTED_EDGE('',*,*,#10914,.F.);
#8456=CARTESIAN_POINT('',(25.654,-11.176,0.916000000001656));
#8457=DIRECTION('',(-1.0,0.0,0.0));
#8458=DIRECTION('',(0.0,-6.12323399573676E-17,1.0));
#8459=SURFACE_STYLE_FILL_AREA(#10921);
#8460=ORIENTED_EDGE('',*,*,#10922,.F.);
#8461=ORIENTED_EDGE('',*,*,#10923,.F.);
#8462=ORIENTED_EDGE('',*,*,#10924,.F.);
#8463=ORIENTED_EDGE('',*,*,#10925,.T.);
#8464=CARTESIAN_POINT('',(27.686,-11.176,0.916000000001656));
#8465=DIRECTION('',(1.0,0.0,0.0));
#8466=DIRECTION('',(0.0,6.12323399573676E-17,-1.0));
#8467=SURFACE_STYLE_FILL_AREA(#10926);
#8468=ORIENTED_EDGE('',*,*,#10927,.F.);
#8469=ORIENTED_EDGE('',*,*,#10925,.F.);
#8470=ORIENTED_EDGE('',*,*,#10928,.F.);
#8471=ORIENTED_EDGE('',*,*,#10929,.F.);
#8472=CARTESIAN_POINT('',(27.9399999999999,-11.176,4.82600000000126));
#8473=DIRECTION('',(0.707106781186139,4.32978028117997E-17,-0.707106781186956));
#8474=DIRECTION('',(-0.707106781186956,4.32978028117497E-17,-0.707106781186139));
#8475=SURFACE_STYLE_FILL_AREA(#10930);
#8476=ORIENTED_EDGE('',*,*,#10915,.T.);
#8477=ORIENTED_EDGE('',*,*,#10931,.F.);
#8478=ORIENTED_EDGE('',*,*,#10927,.T.);
#8479=ORIENTED_EDGE('',*,*,#10932,.F.);
#8480=CARTESIAN_POINT('',(28.67,-6.47699999999999,4.82600000000031));
#8481=DIRECTION('',(-5.8876361239094E-17,0.274721127897327,-0.961523947640838));
#8482=DIRECTION('',(-1.68218174968806E-17,-0.961523947640838,-0.274721127897327));
#8483=SURFACE_STYLE_FILL_AREA(#10933);
#8484=ORIENTED_EDGE('',*,*,#10920,.T.);
#8485=ORIENTED_EDGE('',*,*,#10934,.F.);
#8486=ORIENTED_EDGE('',*,*,#10922,.T.);
#8487=ORIENTED_EDGE('',*,*,#10931,.T.);
#8488=CARTESIAN_POINT('',(28.67,-7.36599999999999,1.01600000000037));
#8489=DIRECTION('',(0.0,1.0,0.0));
#8490=DIRECTION('',(-6.12323399573676E-17,0.0,-1.0));
#8491=SURFACE_STYLE_FILL_AREA(#10935);
#8492=ORIENTED_EDGE('',*,*,#10919,.T.);
#8493=ORIENTED_EDGE('',*,*,#10936,.F.);
#8494=ORIENTED_EDGE('',*,*,#10923,.T.);
#8495=ORIENTED_EDGE('',*,*,#10934,.T.);
#8496=CARTESIAN_POINT('',(28.67,-8.63600000000001,-2.53999999999962));
#8497=DIRECTION('',(-6.12323399573676E-17,-0.0,-1.0));
#8498=DIRECTION('',(0.0,-1.0,0.0));
#8499=SURFACE_STYLE_FILL_AREA(#10937);
#8500=ORIENTED_EDGE('',*,*,#10918,.T.);
#8501=ORIENTED_EDGE('',*,*,#10938,.F.);
#8502=ORIENTED_EDGE('',*,*,#10924,.T.);
#8503=ORIENTED_EDGE('',*,*,#10936,.T.);
#8504=CARTESIAN_POINT('',(28.67,-9.90600000000003,1.01600000000037));
#8505=DIRECTION('',(0.0,-1.0,0.0));
#8506=DIRECTION('',(6.12323399573676E-17,0.0,1.0));
#8507=SURFACE_STYLE_FILL_AREA(#10939);
#8508=ORIENTED_EDGE('',*,*,#10913,.T.);
#8509=ORIENTED_EDGE('',*,*,#10940,.F.);
#8510=ORIENTED_EDGE('',*,*,#10928,.T.);
#8511=ORIENTED_EDGE('',*,*,#10938,.T.);
#8512=CARTESIAN_POINT('',(28.67,-10.16,4.82600000000031));
#8513=DIRECTION('',(-4.32978028117785E-17,-0.707106781186485,-0.70710678118661));
#8514=DIRECTION('',(4.32978028117708E-17,-0.70710678118661,0.707106781186485));
#8515=SURFACE_STYLE_FILL_AREA(#10941);
#8516=ORIENTED_EDGE('',*,*,#10942,.F.);
#8517=ORIENTED_EDGE('',*,*,#10943,.T.);
#8518=ORIENTED_EDGE('',*,*,#10944,.F.);
#8519=ORIENTED_EDGE('',*,*,#10945,.F.);
#8520=CARTESIAN_POINT('',(21.5900000000002,-11.176,4.82600000000126));
#8521=DIRECTION('',(-0.707106781186171,4.32978028117977E-17,-0.707106781186924));
#8522=DIRECTION('',(-0.707106781186924,-4.32978028117516E-17,0.707106781186171));
#8523=SURFACE_STYLE_FILL_AREA(#10946);
#8524=ORIENTED_EDGE('',*,*,#10947,.F.);
#8525=ORIENTED_EDGE('',*,*,#10948,.F.);
#8526=ORIENTED_EDGE('',*,*,#10949,.F.);
#8527=ORIENTED_EDGE('',*,*,#10943,.F.);
#8528=CARTESIAN_POINT('',(21.844,-11.176,0.916000000001656));
#8529=DIRECTION('',(-1.0,0.0,0.0));
#8530=DIRECTION('',(0.0,-6.12323399573676E-17,1.0));
#8531=SURFACE_STYLE_FILL_AREA(#10950);
#8532=ORIENTED_EDGE('',*,*,#10951,.F.);
#8533=ORIENTED_EDGE('',*,*,#10952,.F.);
#8534=ORIENTED_EDGE('',*,*,#10953,.F.);
#8535=ORIENTED_EDGE('',*,*,#10954,.T.);
#8536=CARTESIAN_POINT('',(23.876,-11.176,0.916000000001656));
#8537=DIRECTION('',(1.0,0.0,0.0));
#8538=DIRECTION('',(0.0,6.12323399573676E-17,-1.0));
#8539=SURFACE_STYLE_FILL_AREA(#10955);
#8540=ORIENTED_EDGE('',*,*,#10956,.F.);
#8541=ORIENTED_EDGE('',*,*,#10954,.F.);
#8542=ORIENTED_EDGE('',*,*,#10957,.F.);
#8543=ORIENTED_EDGE('',*,*,#10958,.F.);
#8544=CARTESIAN_POINT('',(24.1299999999999,-11.176,4.82600000000126));
#8545=DIRECTION('',(0.707106781186139,4.32978028117997E-17,-0.707106781186956));
#8546=DIRECTION('',(-0.707106781186956,4.32978028117497E-17,-0.707106781186139));
#8547=SURFACE_STYLE_FILL_AREA(#10959);
#8548=ORIENTED_EDGE('',*,*,#10944,.T.);
#8549=ORIENTED_EDGE('',*,*,#10960,.F.);
#8550=ORIENTED_EDGE('',*,*,#10956,.T.);
#8551=ORIENTED_EDGE('',*,*,#10961,.F.);
#8552=CARTESIAN_POINT('',(24.86,-6.47699999999999,4.82600000000031));
#8553=DIRECTION('',(-5.8876361239094E-17,0.274721127897327,-0.961523947640838));
#8554=DIRECTION('',(-1.68218174968806E-17,-0.961523947640838,-0.274721127897327));
#8555=SURFACE_STYLE_FILL_AREA(#10962);
#8556=ORIENTED_EDGE('',*,*,#10949,.T.);
#8557=ORIENTED_EDGE('',*,*,#10963,.F.);
#8558=ORIENTED_EDGE('',*,*,#10951,.T.);
#8559=ORIENTED_EDGE('',*,*,#10960,.T.);
#8560=CARTESIAN_POINT('',(24.86,-7.36599999999999,1.01600000000037));
#8561=DIRECTION('',(0.0,1.0,0.0));
#8562=DIRECTION('',(-6.12323399573676E-17,0.0,-1.0));
#8563=SURFACE_STYLE_FILL_AREA(#10964);
#8564=ORIENTED_EDGE('',*,*,#10948,.T.);
#8565=ORIENTED_EDGE('',*,*,#10965,.F.);
#8566=ORIENTED_EDGE('',*,*,#10952,.T.);
#8567=ORIENTED_EDGE('',*,*,#10963,.T.);
#8568=CARTESIAN_POINT('',(24.86,-8.63600000000001,-2.53999999999962));
#8569=DIRECTION('',(-6.12323399573676E-17,-0.0,-1.0));
#8570=DIRECTION('',(0.0,-1.0,0.0));
#8571=SURFACE_STYLE_FILL_AREA(#10966);
#8572=ORIENTED_EDGE('',*,*,#10947,.T.);
#8573=ORIENTED_EDGE('',*,*,#10967,.F.);
#8574=ORIENTED_EDGE('',*,*,#10953,.T.);
#8575=ORIENTED_EDGE('',*,*,#10965,.T.);
#8576=CARTESIAN_POINT('',(24.86,-9.90600000000003,1.01600000000037));
#8577=DIRECTION('',(0.0,-1.0,0.0));
#8578=DIRECTION('',(6.12323399573676E-17,0.0,1.0));
#8579=SURFACE_STYLE_FILL_AREA(#10968);
#8580=ORIENTED_EDGE('',*,*,#10942,.T.);
#8581=ORIENTED_EDGE('',*,*,#10969,.F.);
#8582=ORIENTED_EDGE('',*,*,#10957,.T.);
#8583=ORIENTED_EDGE('',*,*,#10967,.T.);
#8584=CARTESIAN_POINT('',(24.86,-10.16,4.82600000000031));
#8585=DIRECTION('',(-4.32978028117785E-17,-0.707106781186485,-0.70710678118661));
#8586=DIRECTION('',(4.32978028117708E-17,-0.70710678118661,0.707106781186485));
#8587=SURFACE_STYLE_FILL_AREA(#10970);
#8588=ORIENTED_EDGE('',*,*,#10971,.F.);
#8589=ORIENTED_EDGE('',*,*,#10972,.T.);
#8590=ORIENTED_EDGE('',*,*,#10973,.F.);
#8591=ORIENTED_EDGE('',*,*,#10974,.F.);
#8592=CARTESIAN_POINT('',(17.7800000000002,-11.176,4.82600000000126));
#8593=DIRECTION('',(-0.707106781186171,4.32978028117977E-17,-0.707106781186924));
#8594=DIRECTION('',(-0.707106781186924,-4.32978028117516E-17,0.707106781186171));
#8595=SURFACE_STYLE_FILL_AREA(#10975);
#8596=ORIENTED_EDGE('',*,*,#10976,.F.);
#8597=ORIENTED_EDGE('',*,*,#10977,.F.);
#8598=ORIENTED_EDGE('',*,*,#10978,.F.);
#8599=ORIENTED_EDGE('',*,*,#10972,.F.);
#8600=CARTESIAN_POINT('',(18.034,-11.176,0.916000000001656));
#8601=DIRECTION('',(-1.0,0.0,0.0));
#8602=DIRECTION('',(0.0,-6.12323399573676E-17,1.0));
#8603=SURFACE_STYLE_FILL_AREA(#10979);
#8604=ORIENTED_EDGE('',*,*,#10980,.F.);
#8605=ORIENTED_EDGE('',*,*,#10981,.F.);
#8606=ORIENTED_EDGE('',*,*,#10982,.F.);
#8607=ORIENTED_EDGE('',*,*,#10983,.T.);
#8608=CARTESIAN_POINT('',(20.066,-11.176,0.916000000001656));
#8609=DIRECTION('',(1.0,0.0,0.0));
#8610=DIRECTION('',(0.0,6.12323399573676E-17,-1.0));
#8611=SURFACE_STYLE_FILL_AREA(#10984);
#8612=ORIENTED_EDGE('',*,*,#10985,.F.);
#8613=ORIENTED_EDGE('',*,*,#10983,.F.);
#8614=ORIENTED_EDGE('',*,*,#10986,.F.);
#8615=ORIENTED_EDGE('',*,*,#10987,.F.);
#8616=CARTESIAN_POINT('',(20.3199999999999,-11.176,4.82600000000126));
#8617=DIRECTION('',(0.707106781186139,4.32978028117997E-17,-0.707106781186956));
#8618=DIRECTION('',(-0.707106781186956,4.32978028117497E-17,-0.707106781186139));
#8619=SURFACE_STYLE_FILL_AREA(#10988);
#8620=ORIENTED_EDGE('',*,*,#10973,.T.);
#8621=ORIENTED_EDGE('',*,*,#10989,.F.);
#8622=ORIENTED_EDGE('',*,*,#10985,.T.);
#8623=ORIENTED_EDGE('',*,*,#10990,.F.);
#8624=CARTESIAN_POINT('',(21.05,-6.47699999999999,4.82600000000031));
#8625=DIRECTION('',(-5.8876361239094E-17,0.274721127897327,-0.961523947640838));
#8626=DIRECTION('',(-1.68218174968806E-17,-0.961523947640838,-0.274721127897327));
#8627=SURFACE_STYLE_FILL_AREA(#10991);
#8628=ORIENTED_EDGE('',*,*,#10978,.T.);
#8629=ORIENTED_EDGE('',*,*,#10992,.F.);
#8630=ORIENTED_EDGE('',*,*,#10980,.T.);
#8631=ORIENTED_EDGE('',*,*,#10989,.T.);
#8632=CARTESIAN_POINT('',(21.05,-7.36599999999999,1.01600000000037));
#8633=DIRECTION('',(0.0,1.0,0.0));
#8634=DIRECTION('',(-6.12323399573676E-17,0.0,-1.0));
#8635=SURFACE_STYLE_FILL_AREA(#10993);
#8636=ORIENTED_EDGE('',*,*,#10977,.T.);
#8637=ORIENTED_EDGE('',*,*,#10994,.F.);
#8638=ORIENTED_EDGE('',*,*,#10981,.T.);
#8639=ORIENTED_EDGE('',*,*,#10992,.T.);
#8640=CARTESIAN_POINT('',(21.05,-8.63600000000001,-2.53999999999962));
#8641=DIRECTION('',(-6.12323399573676E-17,-0.0,-1.0));
#8642=DIRECTION('',(0.0,-1.0,0.0));
#8643=SURFACE_STYLE_FILL_AREA(#10995);
#8644=ORIENTED_EDGE('',*,*,#10976,.T.);
#8645=ORIENTED_EDGE('',*,*,#10996,.F.);
#8646=ORIENTED_EDGE('',*,*,#10982,.T.);
#8647=ORIENTED_EDGE('',*,*,#10994,.T.);
#8648=CARTESIAN_POINT('',(21.05,-9.90600000000003,1.01600000000037));
#8649=DIRECTION('',(0.0,-1.0,0.0));
#8650=DIRECTION('',(6.12323399573676E-17,0.0,1.0));
#8651=SURFACE_STYLE_FILL_AREA(#10997);
#8652=ORIENTED_EDGE('',*,*,#10971,.T.);
#8653=ORIENTED_EDGE('',*,*,#10998,.F.);
#8654=ORIENTED_EDGE('',*,*,#10986,.T.);
#8655=ORIENTED_EDGE('',*,*,#10996,.T.);
#8656=CARTESIAN_POINT('',(21.05,-10.16,4.82600000000031));
#8657=DIRECTION('',(-4.32978028117785E-17,-0.707106781186485,-0.70710678118661));
#8658=DIRECTION('',(4.32978028117708E-17,-0.70710678118661,0.707106781186485));
#8659=SURFACE_STYLE_FILL_AREA(#10999);
#8660=ORIENTED_EDGE('',*,*,#11000,.F.);
#8661=ORIENTED_EDGE('',*,*,#11001,.T.);
#8662=ORIENTED_EDGE('',*,*,#11002,.F.);
#8663=ORIENTED_EDGE('',*,*,#11003,.F.);
#8664=CARTESIAN_POINT('',(13.9700000000002,-11.176,4.82600000000126));
#8665=DIRECTION('',(-0.707106781186171,4.32978028117977E-17,-0.707106781186924));
#8666=DIRECTION('',(-0.707106781186924,-4.32978028117516E-17,0.707106781186171));
#8667=SURFACE_STYLE_FILL_AREA(#11004);
#8668=ORIENTED_EDGE('',*,*,#11005,.F.);
#8669=ORIENTED_EDGE('',*,*,#11006,.F.);
#8670=ORIENTED_EDGE('',*,*,#11007,.F.);
#8671=ORIENTED_EDGE('',*,*,#11001,.F.);
#8672=CARTESIAN_POINT('',(14.224,-11.176,0.916000000001656));
#8673=DIRECTION('',(-1.0,0.0,0.0));
#8674=DIRECTION('',(0.0,-6.12323399573676E-17,1.0));
#8675=SURFACE_STYLE_FILL_AREA(#11008);
#8676=ORIENTED_EDGE('',*,*,#11009,.F.);
#8677=ORIENTED_EDGE('',*,*,#11010,.F.);
#8678=ORIENTED_EDGE('',*,*,#11011,.F.);
#8679=ORIENTED_EDGE('',*,*,#11012,.T.);
#8680=CARTESIAN_POINT('',(16.256,-11.176,0.916000000001656));
#8681=DIRECTION('',(1.0,0.0,0.0));
#8682=DIRECTION('',(0.0,6.12323399573676E-17,-1.0));
#8683=SURFACE_STYLE_FILL_AREA(#11013);
#8684=ORIENTED_EDGE('',*,*,#11014,.F.);
#8685=ORIENTED_EDGE('',*,*,#11012,.F.);
#8686=ORIENTED_EDGE('',*,*,#11015,.F.);
#8687=ORIENTED_EDGE('',*,*,#11016,.F.);
#8688=CARTESIAN_POINT('',(16.5099999999999,-11.176,4.82600000000126));
#8689=DIRECTION('',(0.707106781186139,4.32978028117997E-17,-0.707106781186956));
#8690=DIRECTION('',(-0.707106781186956,4.32978028117497E-17,-0.707106781186139));
#8691=SURFACE_STYLE_FILL_AREA(#11017);
#8692=ORIENTED_EDGE('',*,*,#11002,.T.);
#8693=ORIENTED_EDGE('',*,*,#11018,.F.);
#8694=ORIENTED_EDGE('',*,*,#11014,.T.);
#8695=ORIENTED_EDGE('',*,*,#11019,.F.);
#8696=CARTESIAN_POINT('',(17.24,-6.47699999999999,4.82600000000031));
#8697=DIRECTION('',(-5.8876361239094E-17,0.274721127897327,-0.961523947640838));
#8698=DIRECTION('',(-1.68218174968806E-17,-0.961523947640838,-0.274721127897327));
#8699=SURFACE_STYLE_FILL_AREA(#11020);
#8700=ORIENTED_EDGE('',*,*,#11007,.T.);
#8701=ORIENTED_EDGE('',*,*,#11021,.F.);
#8702=ORIENTED_EDGE('',*,*,#11009,.T.);
#8703=ORIENTED_EDGE('',*,*,#11018,.T.);
#8704=CARTESIAN_POINT('',(17.24,-7.36599999999999,1.01600000000037));
#8705=DIRECTION('',(0.0,1.0,0.0));
#8706=DIRECTION('',(-6.12323399573676E-17,0.0,-1.0));
#8707=SURFACE_STYLE_FILL_AREA(#11022);
#8708=ORIENTED_EDGE('',*,*,#11006,.T.);
#8709=ORIENTED_EDGE('',*,*,#11023,.F.);
#8710=ORIENTED_EDGE('',*,*,#11010,.T.);
#8711=ORIENTED_EDGE('',*,*,#11021,.T.);
#8712=CARTESIAN_POINT('',(17.24,-8.63600000000001,-2.53999999999962));
#8713=DIRECTION('',(-6.12323399573676E-17,-0.0,-1.0));
#8714=DIRECTION('',(0.0,-1.0,0.0));
#8715=SURFACE_STYLE_FILL_AREA(#11024);
#8716=ORIENTED_EDGE('',*,*,#11005,.T.);
#8717=ORIENTED_EDGE('',*,*,#11025,.F.);
#8718=ORIENTED_EDGE('',*,*,#11011,.T.);
#8719=ORIENTED_EDGE('',*,*,#11023,.T.);
#8720=CARTESIAN_POINT('',(17.24,-9.90600000000003,1.01600000000037));
#8721=DIRECTION('',(0.0,-1.0,0.0));
#8722=DIRECTION('',(6.12323399573676E-17,0.0,1.0));
#8723=SURFACE_STYLE_FILL_AREA(#11026);
#8724=ORIENTED_EDGE('',*,*,#11000,.T.);
#8725=ORIENTED_EDGE('',*,*,#11027,.F.);
#8726=ORIENTED_EDGE('',*,*,#11015,.T.);
#8727=ORIENTED_EDGE('',*,*,#11025,.T.);
#8728=CARTESIAN_POINT('',(17.24,-10.16,4.82600000000031));
#8729=DIRECTION('',(-4.32978028117785E-17,-0.707106781186485,-0.70710678118661));
#8730=DIRECTION('',(4.32978028117708E-17,-0.70710678118661,0.707106781186485));
#8731=SURFACE_STYLE_FILL_AREA(#11028);
#8732=ORIENTED_EDGE('',*,*,#11029,.F.);
#8733=ORIENTED_EDGE('',*,*,#11030,.T.);
#8734=ORIENTED_EDGE('',*,*,#11031,.F.);
#8735=ORIENTED_EDGE('',*,*,#11032,.F.);
#8736=CARTESIAN_POINT('',(10.1600000000002,-11.176,4.82600000000126));
#8737=DIRECTION('',(-0.707106781186171,4.32978028117977E-17,-0.707106781186924));
#8738=DIRECTION('',(-0.707106781186924,-4.32978028117516E-17,0.707106781186171));
#8739=SURFACE_STYLE_FILL_AREA(#11033);
#8740=ORIENTED_EDGE('',*,*,#11034,.F.);
#8741=ORIENTED_EDGE('',*,*,#11035,.F.);
#8742=ORIENTED_EDGE('',*,*,#11036,.F.);
#8743=ORIENTED_EDGE('',*,*,#11030,.F.);
#8744=CARTESIAN_POINT('',(10.414,-11.176,0.916000000001656));
#8745=DIRECTION('',(-1.0,0.0,0.0));
#8746=DIRECTION('',(0.0,-6.12323399573676E-17,1.0));
#8747=SURFACE_STYLE_FILL_AREA(#11037);
#8748=ORIENTED_EDGE('',*,*,#11038,.F.);
#8749=ORIENTED_EDGE('',*,*,#11039,.F.);
#8750=ORIENTED_EDGE('',*,*,#11040,.F.);
#8751=ORIENTED_EDGE('',*,*,#11041,.T.);
#8752=CARTESIAN_POINT('',(12.446,-11.176,0.916000000001656));
#8753=DIRECTION('',(1.0,0.0,0.0));
#8754=DIRECTION('',(0.0,6.12323399573676E-17,-1.0));
#8755=SURFACE_STYLE_FILL_AREA(#11042);
#8756=ORIENTED_EDGE('',*,*,#11043,.F.);
#8757=ORIENTED_EDGE('',*,*,#11041,.F.);
#8758=ORIENTED_EDGE('',*,*,#11044,.F.);
#8759=ORIENTED_EDGE('',*,*,#11045,.F.);
#8760=CARTESIAN_POINT('',(12.6999999999999,-11.176,4.82600000000126));
#8761=DIRECTION('',(0.707106781186139,4.32978028117997E-17,-0.707106781186956));
#8762=DIRECTION('',(-0.707106781186956,4.32978028117497E-17,-0.707106781186139));
#8763=SURFACE_STYLE_FILL_AREA(#11046);
#8764=ORIENTED_EDGE('',*,*,#11031,.T.);
#8765=ORIENTED_EDGE('',*,*,#11047,.F.);
#8766=ORIENTED_EDGE('',*,*,#11043,.T.);
#8767=ORIENTED_EDGE('',*,*,#11048,.F.);
#8768=CARTESIAN_POINT('',(13.43,-6.47699999999999,4.82600000000031));
#8769=DIRECTION('',(-5.8876361239094E-17,0.274721127897327,-0.961523947640838));
#8770=DIRECTION('',(-1.68218174968806E-17,-0.961523947640838,-0.274721127897327));
#8771=SURFACE_STYLE_FILL_AREA(#11049);
#8772=ORIENTED_EDGE('',*,*,#11036,.T.);
#8773=ORIENTED_EDGE('',*,*,#11050,.F.);
#8774=ORIENTED_EDGE('',*,*,#11038,.T.);
#8775=ORIENTED_EDGE('',*,*,#11047,.T.);
#8776=CARTESIAN_POINT('',(13.43,-7.36599999999999,1.01600000000037));
#8777=DIRECTION('',(0.0,1.0,0.0));
#8778=DIRECTION('',(-6.12323399573676E-17,0.0,-1.0));
#8779=SURFACE_STYLE_FILL_AREA(#11051);
#8780=ORIENTED_EDGE('',*,*,#11035,.T.);
#8781=ORIENTED_EDGE('',*,*,#11052,.F.);
#8782=ORIENTED_EDGE('',*,*,#11039,.T.);
#8783=ORIENTED_EDGE('',*,*,#11050,.T.);
#8784=CARTESIAN_POINT('',(13.43,-8.63600000000001,-2.53999999999962));
#8785=DIRECTION('',(-6.12323399573676E-17,-0.0,-1.0));
#8786=DIRECTION('',(0.0,-1.0,0.0));
#8787=SURFACE_STYLE_FILL_AREA(#11053);
#8788=ORIENTED_EDGE('',*,*,#11034,.T.);
#8789=ORIENTED_EDGE('',*,*,#11054,.F.);
#8790=ORIENTED_EDGE('',*,*,#11040,.T.);
#8791=ORIENTED_EDGE('',*,*,#11052,.T.);
#8792=CARTESIAN_POINT('',(13.43,-9.90600000000003,1.01600000000037));
#8793=DIRECTION('',(0.0,-1.0,0.0));
#8794=DIRECTION('',(6.12323399573676E-17,0.0,1.0));
#8795=SURFACE_STYLE_FILL_AREA(#11055);
#8796=ORIENTED_EDGE('',*,*,#11029,.T.);
#8797=ORIENTED_EDGE('',*,*,#11056,.F.);
#8798=ORIENTED_EDGE('',*,*,#11044,.T.);
#8799=ORIENTED_EDGE('',*,*,#11054,.T.);
#8800=CARTESIAN_POINT('',(13.43,-10.16,4.82600000000031));
#8801=DIRECTION('',(-4.32978028117785E-17,-0.707106781186485,-0.70710678118661));
#8802=DIRECTION('',(4.32978028117708E-17,-0.70710678118661,0.707106781186485));
#8803=SURFACE_STYLE_FILL_AREA(#11057);
#8804=ORIENTED_EDGE('',*,*,#11058,.F.);
#8805=ORIENTED_EDGE('',*,*,#11059,.T.);
#8806=ORIENTED_EDGE('',*,*,#11060,.F.);
#8807=ORIENTED_EDGE('',*,*,#11061,.F.);
#8808=CARTESIAN_POINT('',(6.35000000000016,-11.176,4.82600000000126));
#8809=DIRECTION('',(-0.707106781186171,4.32978028117977E-17,-0.707106781186924));
#8810=DIRECTION('',(-0.707106781186924,-4.32978028117516E-17,0.707106781186171));
#8811=SURFACE_STYLE_FILL_AREA(#11062);
#8812=ORIENTED_EDGE('',*,*,#11063,.F.);
#8813=ORIENTED_EDGE('',*,*,#11064,.F.);
#8814=ORIENTED_EDGE('',*,*,#11065,.F.);
#8815=ORIENTED_EDGE('',*,*,#11059,.F.);
#8816=CARTESIAN_POINT('',(6.60400000000002,-11.176,0.916000000001656));
#8817=DIRECTION('',(-1.0,0.0,0.0));
#8818=DIRECTION('',(0.0,-6.12323399573676E-17,1.0));
#8819=SURFACE_STYLE_FILL_AREA(#11066);
#8820=ORIENTED_EDGE('',*,*,#11067,.F.);
#8821=ORIENTED_EDGE('',*,*,#11068,.F.);
#8822=ORIENTED_EDGE('',*,*,#11069,.F.);
#8823=ORIENTED_EDGE('',*,*,#11070,.T.);
#8824=CARTESIAN_POINT('',(8.63599999999998,-11.176,0.916000000001656));
#8825=DIRECTION('',(1.0,0.0,0.0));
#8826=DIRECTION('',(0.0,6.12323399573676E-17,-1.0));
#8827=SURFACE_STYLE_FILL_AREA(#11071);
#8828=ORIENTED_EDGE('',*,*,#11072,.F.);
#8829=ORIENTED_EDGE('',*,*,#11070,.F.);
#8830=ORIENTED_EDGE('',*,*,#11073,.F.);
#8831=ORIENTED_EDGE('',*,*,#11074,.F.);
#8832=CARTESIAN_POINT('',(8.88999999999986,-11.176,4.82600000000126));
#8833=DIRECTION('',(0.707106781186139,4.32978028117997E-17,-0.707106781186956));
#8834=DIRECTION('',(-0.707106781186956,4.32978028117497E-17,-0.707106781186139));
#8835=SURFACE_STYLE_FILL_AREA(#11075);
#8836=ORIENTED_EDGE('',*,*,#11060,.T.);
#8837=ORIENTED_EDGE('',*,*,#11076,.F.);
#8838=ORIENTED_EDGE('',*,*,#11072,.T.);
#8839=ORIENTED_EDGE('',*,*,#11077,.F.);
#8840=CARTESIAN_POINT('',(9.62,-6.47699999999999,4.82600000000031));
#8841=DIRECTION('',(-5.8876361239094E-17,0.274721127897327,-0.961523947640838));
#8842=DIRECTION('',(-1.68218174968806E-17,-0.961523947640838,-0.274721127897327));
#8843=SURFACE_STYLE_FILL_AREA(#11078);
#8844=ORIENTED_EDGE('',*,*,#11065,.T.);
#8845=ORIENTED_EDGE('',*,*,#11079,.F.);
#8846=ORIENTED_EDGE('',*,*,#11067,.T.);
#8847=ORIENTED_EDGE('',*,*,#11076,.T.);
#8848=CARTESIAN_POINT('',(9.62,-7.36599999999999,1.01600000000037));
#8849=DIRECTION('',(0.0,1.0,0.0));
#8850=DIRECTION('',(-6.12323399573676E-17,0.0,-1.0));
#8851=SURFACE_STYLE_FILL_AREA(#11080);
#8852=ORIENTED_EDGE('',*,*,#11064,.T.);
#8853=ORIENTED_EDGE('',*,*,#11081,.F.);
#8854=ORIENTED_EDGE('',*,*,#11068,.T.);
#8855=ORIENTED_EDGE('',*,*,#11079,.T.);
#8856=CARTESIAN_POINT('',(9.62,-8.63600000000001,-2.53999999999962));
#8857=DIRECTION('',(-6.12323399573676E-17,-0.0,-1.0));
#8858=DIRECTION('',(0.0,-1.0,0.0));
#8859=SURFACE_STYLE_FILL_AREA(#11082);
#8860=ORIENTED_EDGE('',*,*,#11063,.T.);
#8861=ORIENTED_EDGE('',*,*,#11083,.F.);
#8862=ORIENTED_EDGE('',*,*,#11069,.T.);
#8863=ORIENTED_EDGE('',*,*,#11081,.T.);
#8864=CARTESIAN_POINT('',(9.62,-9.90600000000003,1.01600000000037));
#8865=DIRECTION('',(0.0,-1.0,0.0));
#8866=DIRECTION('',(6.12323399573676E-17,0.0,1.0));
#8867=SURFACE_STYLE_FILL_AREA(#11084);
#8868=ORIENTED_EDGE('',*,*,#11058,.T.);
#8869=ORIENTED_EDGE('',*,*,#11085,.F.);
#8870=ORIENTED_EDGE('',*,*,#11073,.T.);
#8871=ORIENTED_EDGE('',*,*,#11083,.T.);
#8872=CARTESIAN_POINT('',(9.62,-10.16,4.82600000000031));
#8873=DIRECTION('',(-4.32978028117785E-17,-0.707106781186485,-0.70710678118661));
#8874=DIRECTION('',(4.32978028117708E-17,-0.70710678118661,0.707106781186485));
#8875=SURFACE_STYLE_FILL_AREA(#11086);
#8876=ORIENTED_EDGE('',*,*,#11087,.F.);
#8877=ORIENTED_EDGE('',*,*,#11088,.T.);
#8878=ORIENTED_EDGE('',*,*,#11089,.F.);
#8879=ORIENTED_EDGE('',*,*,#11090,.F.);
#8880=CARTESIAN_POINT('',(2.54000000000016,-11.176,4.82600000000126));
#8881=DIRECTION('',(-0.707106781186171,4.32978028117977E-17,-0.707106781186924));
#8882=DIRECTION('',(-0.707106781186924,-4.32978028117516E-17,0.707106781186171));
#8883=SURFACE_STYLE_FILL_AREA(#11091);
#8884=ORIENTED_EDGE('',*,*,#11092,.F.);
#8885=ORIENTED_EDGE('',*,*,#11093,.F.);
#8886=ORIENTED_EDGE('',*,*,#11094,.F.);
#8887=ORIENTED_EDGE('',*,*,#11088,.F.);
#8888=CARTESIAN_POINT('',(2.79400000000002,-11.176,0.916000000001656));
#8889=DIRECTION('',(-1.0,0.0,0.0));
#8890=DIRECTION('',(0.0,-6.12323399573676E-17,1.0));
#8891=SURFACE_STYLE_FILL_AREA(#11095);
#8892=ORIENTED_EDGE('',*,*,#11096,.F.);
#8893=ORIENTED_EDGE('',*,*,#11097,.F.);
#8894=ORIENTED_EDGE('',*,*,#11098,.F.);
#8895=ORIENTED_EDGE('',*,*,#11099,.T.);
#8896=CARTESIAN_POINT('',(4.82599999999998,-11.176,0.916000000001656));
#8897=DIRECTION('',(1.0,0.0,0.0));
#8898=DIRECTION('',(0.0,6.12323399573676E-17,-1.0));
#8899=SURFACE_STYLE_FILL_AREA(#11100);
#8900=ORIENTED_EDGE('',*,*,#11101,.F.);
#8901=ORIENTED_EDGE('',*,*,#11099,.F.);
#8902=ORIENTED_EDGE('',*,*,#11102,.F.);
#8903=ORIENTED_EDGE('',*,*,#11103,.F.);
#8904=CARTESIAN_POINT('',(5.07999999999986,-11.176,4.82600000000126));
#8905=DIRECTION('',(0.707106781186139,4.32978028117997E-17,-0.707106781186956));
#8906=DIRECTION('',(-0.707106781186956,4.32978028117497E-17,-0.707106781186139));
#8907=SURFACE_STYLE_FILL_AREA(#11104);
#8908=ORIENTED_EDGE('',*,*,#11089,.T.);
#8909=ORIENTED_EDGE('',*,*,#11105,.F.);
#8910=ORIENTED_EDGE('',*,*,#11101,.T.);
#8911=ORIENTED_EDGE('',*,*,#11106,.F.);
#8912=CARTESIAN_POINT('',(5.81,-6.47699999999999,4.82600000000031));
#8913=DIRECTION('',(-5.8876361239094E-17,0.274721127897327,-0.961523947640838));
#8914=DIRECTION('',(-1.68218174968806E-17,-0.961523947640838,-0.274721127897327));
#8915=SURFACE_STYLE_FILL_AREA(#11107);
#8916=ORIENTED_EDGE('',*,*,#11094,.T.);
#8917=ORIENTED_EDGE('',*,*,#11108,.F.);
#8918=ORIENTED_EDGE('',*,*,#11096,.T.);
#8919=ORIENTED_EDGE('',*,*,#11105,.T.);
#8920=CARTESIAN_POINT('',(5.81,-7.36599999999999,1.01600000000037));
#8921=DIRECTION('',(0.0,1.0,0.0));
#8922=DIRECTION('',(-6.12323399573676E-17,0.0,-1.0));
#8923=SURFACE_STYLE_FILL_AREA(#11109);
#8924=ORIENTED_EDGE('',*,*,#11093,.T.);
#8925=ORIENTED_EDGE('',*,*,#11110,.F.);
#8926=ORIENTED_EDGE('',*,*,#11097,.T.);
#8927=ORIENTED_EDGE('',*,*,#11108,.T.);
#8928=CARTESIAN_POINT('',(5.81,-8.63600000000001,-2.53999999999962));
#8929=DIRECTION('',(-6.12323399573676E-17,-0.0,-1.0));
#8930=DIRECTION('',(0.0,-1.0,0.0));
#8931=SURFACE_STYLE_FILL_AREA(#11111);
#8932=ORIENTED_EDGE('',*,*,#11092,.T.);
#8933=ORIENTED_EDGE('',*,*,#11112,.F.);
#8934=ORIENTED_EDGE('',*,*,#11098,.T.);
#8935=ORIENTED_EDGE('',*,*,#11110,.T.);
#8936=CARTESIAN_POINT('',(5.81,-9.90600000000003,1.01600000000037));
#8937=DIRECTION('',(0.0,-1.0,0.0));
#8938=DIRECTION('',(6.12323399573676E-17,0.0,1.0));
#8939=SURFACE_STYLE_FILL_AREA(#11113);
#8940=ORIENTED_EDGE('',*,*,#11087,.T.);
#8941=ORIENTED_EDGE('',*,*,#11114,.F.);
#8942=ORIENTED_EDGE('',*,*,#11102,.T.);
#8943=ORIENTED_EDGE('',*,*,#11112,.T.);
#8944=CARTESIAN_POINT('',(5.81,-10.16,4.82600000000031));
#8945=DIRECTION('',(-4.32978028117785E-17,-0.707106781186485,-0.70710678118661));
#8946=DIRECTION('',(4.32978028117708E-17,-0.70710678118661,0.707106781186485));
#8947=SURFACE_STYLE_FILL_AREA(#11115);
#8948=ORIENTED_EDGE('',*,*,#11116,.F.);
#8949=ORIENTED_EDGE('',*,*,#11117,.T.);
#8950=ORIENTED_EDGE('',*,*,#11118,.F.);
#8951=ORIENTED_EDGE('',*,*,#11119,.F.);
#8952=CARTESIAN_POINT('',(-1.26999999999984,-11.176,4.82600000000126));
#8953=DIRECTION('',(-0.707106781186171,4.32978028117977E-17,-0.707106781186924));
#8954=DIRECTION('',(-0.707106781186924,-4.32978028117516E-17,0.707106781186171));
#8955=SURFACE_STYLE_FILL_AREA(#11120);
#8956=ORIENTED_EDGE('',*,*,#11121,.F.);
#8957=ORIENTED_EDGE('',*,*,#11122,.F.);
#8958=ORIENTED_EDGE('',*,*,#11123,.F.);
#8959=ORIENTED_EDGE('',*,*,#11117,.F.);
#8960=CARTESIAN_POINT('',(-1.01599999999998,-11.176,0.916000000001656));
#8961=DIRECTION('',(-1.0,0.0,0.0));
#8962=DIRECTION('',(0.0,-6.12323399573676E-17,1.0));
#8963=SURFACE_STYLE_FILL_AREA(#11124);
#8964=ORIENTED_EDGE('',*,*,#11125,.F.);
#8965=ORIENTED_EDGE('',*,*,#11126,.F.);
#8966=ORIENTED_EDGE('',*,*,#11127,.F.);
#8967=ORIENTED_EDGE('',*,*,#11128,.T.);
#8968=CARTESIAN_POINT('',(1.01599999999998,-11.176,0.916000000001656));
#8969=DIRECTION('',(1.0,0.0,0.0));
#8970=DIRECTION('',(0.0,6.12323399573676E-17,-1.0));
#8971=SURFACE_STYLE_FILL_AREA(#11129);
#8972=ORIENTED_EDGE('',*,*,#11130,.F.);
#8973=ORIENTED_EDGE('',*,*,#11128,.F.);
#8974=ORIENTED_EDGE('',*,*,#11131,.F.);
#8975=ORIENTED_EDGE('',*,*,#11132,.F.);
#8976=CARTESIAN_POINT('',(1.26999999999986,-11.176,4.82600000000126));
#8977=DIRECTION('',(0.707106781186139,4.32978028117997E-17,-0.707106781186956));
#8978=DIRECTION('',(-0.707106781186956,4.32978028117497E-17,-0.707106781186139));
#8979=SURFACE_STYLE_FILL_AREA(#11133);
#8980=ORIENTED_EDGE('',*,*,#11118,.T.);
#8981=ORIENTED_EDGE('',*,*,#11134,.F.);
#8982=ORIENTED_EDGE('',*,*,#11130,.T.);
#8983=ORIENTED_EDGE('',*,*,#11135,.F.);
#8984=CARTESIAN_POINT('',(2.0,-6.47699999999999,4.82600000000031));
#8985=DIRECTION('',(-5.8876361239094E-17,0.274721127897327,-0.961523947640838));
#8986=DIRECTION('',(-1.68218174968806E-17,-0.961523947640838,-0.274721127897327));
#8987=SURFACE_STYLE_FILL_AREA(#11136);
#8988=ORIENTED_EDGE('',*,*,#11123,.T.);
#8989=ORIENTED_EDGE('',*,*,#11137,.F.);
#8990=ORIENTED_EDGE('',*,*,#11125,.T.);
#8991=ORIENTED_EDGE('',*,*,#11134,.T.);
#8992=CARTESIAN_POINT('',(2.0,-7.36599999999999,1.01600000000037));
#8993=DIRECTION('',(0.0,1.0,0.0));
#8994=DIRECTION('',(-6.12323399573676E-17,0.0,-1.0));
#8995=SURFACE_STYLE_FILL_AREA(#11138);
#8996=ORIENTED_EDGE('',*,*,#11122,.T.);
#8997=ORIENTED_EDGE('',*,*,#11139,.F.);
#8998=ORIENTED_EDGE('',*,*,#11126,.T.);
#8999=ORIENTED_EDGE('',*,*,#11137,.T.);
#9000=CARTESIAN_POINT('',(2.0,-8.63600000000001,-2.53999999999962));
#9001=DIRECTION('',(-6.12323399573676E-17,-0.0,-1.0));
#9002=DIRECTION('',(0.0,-1.0,0.0));
#9003=SURFACE_STYLE_FILL_AREA(#11140);
#9004=ORIENTED_EDGE('',*,*,#11121,.T.);
#9005=ORIENTED_EDGE('',*,*,#11141,.F.);
#9006=ORIENTED_EDGE('',*,*,#11127,.T.);
#9007=ORIENTED_EDGE('',*,*,#11139,.T.);
#9008=CARTESIAN_POINT('',(2.0,-9.90600000000003,1.01600000000037));
#9009=DIRECTION('',(0.0,-1.0,0.0));
#9010=DIRECTION('',(6.12323399573676E-17,0.0,1.0));
#9011=SURFACE_STYLE_FILL_AREA(#11142);
#9012=ORIENTED_EDGE('',*,*,#11116,.T.);
#9013=ORIENTED_EDGE('',*,*,#11143,.F.);
#9014=ORIENTED_EDGE('',*,*,#11131,.T.);
#9015=ORIENTED_EDGE('',*,*,#11141,.T.);
#9016=CARTESIAN_POINT('',(2.0,-10.16,4.82600000000031));
#9017=DIRECTION('',(-4.32978028117785E-17,-0.707106781186485,-0.70710678118661));
#9018=DIRECTION('',(4.32978028117708E-17,-0.70710678118661,0.707106781186485));
#9019=SURFACE_STYLE_FILL_AREA(#11144);
#9020=ORIENTED_EDGE('',*,*,#11145,.F.);
#9021=ORIENTED_EDGE('',*,*,#11146,.F.);
#9022=ORIENTED_EDGE('',*,*,#11147,.F.);
#9023=ORIENTED_EDGE('',*,*,#11148,.T.);
#9024=CARTESIAN_POINT('',(35.687,-4.31799999999994,5.54703664795245));
#9025=DIRECTION('',(-1.0,0.0,6.12323399573676E-17));
#9026=DIRECTION('',(6.12323399573676E-17,0.0,1.0));
#9027=SURFACE_STYLE_FILL_AREA(#11149);
#9028=ORIENTED_EDGE('',*,*,#11150,.F.);
#9029=ORIENTED_EDGE('',*,*,#11151,.T.);
#9030=ORIENTED_EDGE('',*,*,#11152,.T.);
#9031=ORIENTED_EDGE('',*,*,#11153,.T.);
#9032=ORIENTED_EDGE('',*,*,#11154,.F.);
#9033=ORIENTED_EDGE('',*,*,#11155,.F.);
#9034=CARTESIAN_POINT('',(36.5506,-5.58800000000005,4.16000000000002));
#9035=DIRECTION('',(-1.0,0.0,6.12323399573676E-17));
#9036=DIRECTION('',(6.12323399573676E-17,0.0,1.0));
#9037=SURFACE_STYLE_FILL_AREA(#11156);
#9038=ORIENTED_EDGE('',*,*,#11147,.T.);
#9039=ORIENTED_EDGE('',*,*,#11157,.T.);
#9040=ORIENTED_EDGE('',*,*,#11158,.T.);
#9041=ORIENTED_EDGE('',*,*,#11159,.F.);
#9042=CARTESIAN_POINT('',(36.576,-4.57200000000001,5.33400000000026));
#9043=DIRECTION('',(0.0,-1.0,0.0));
#9044=DIRECTION('',(6.12323399573676E-17,0.0,1.0));
#9045=SURFACE_STYLE_FILL_AREA(#11160);
#9046=ORIENTED_EDGE('',*,*,#11161,.F.);
#9047=ORIENTED_EDGE('',*,*,#11162,.T.);
#9048=ORIENTED_EDGE('',*,*,#11158,.F.);
#9049=ORIENTED_EDGE('',*,*,#11163,.F.);
#9050=CARTESIAN_POINT('',(-1.397,-4.31799999999994,5.54703664795245));
#9051=DIRECTION('',(-1.0,0.0,6.12323399573676E-17));
#9052=DIRECTION('',(6.12323399573676E-17,0.0,1.0));
#9053=SURFACE_STYLE_FILL_AREA(#11164);
#9054=ORIENTED_EDGE('',*,*,#11146,.T.);
#9055=ORIENTED_EDGE('',*,*,#11165,.T.);
#9056=ORIENTED_EDGE('',*,*,#11163,.T.);
#9057=ORIENTED_EDGE('',*,*,#11157,.F.);
#9058=CARTESIAN_POINT('',(36.576,-4.31800000000001,5.58800000000025));
#9059=DIRECTION('',(6.12323399573676E-17,-0.0,1.0));
#9060=DIRECTION('',(0.0,1.0,0.0));
#9061=SURFACE_STYLE_FILL_AREA(#11166);
#9062=ORIENTED_EDGE('',*,*,#11167,.T.);
#9063=ORIENTED_EDGE('',*,*,#11153,.F.);
#9064=ORIENTED_EDGE('',*,*,#11168,.F.);
#9065=ORIENTED_EDGE('',*,*,#11169,.F.);
#9066=CARTESIAN_POINT('',(36.776,-0.508000000000047,4.16000000000002));
#9067=DIRECTION('',(3.35711376159722E-32,1.0,5.48258283765503E-16));
#9068=DIRECTION('',(-6.12323399573676E-17,5.48258283765503E-16,-1.0));
#9069=SURFACE_STYLE_FILL_AREA(#11170);
#9070=ORIENTED_EDGE('',*,*,#11171,.F.);
#9071=ORIENTED_EDGE('',*,*,#11168,.T.);
#9072=ORIENTED_EDGE('',*,*,#11152,.F.);
#9073=ORIENTED_EDGE('',*,*,#11172,.F.);
#9074=CARTESIAN_POINT('',(36.776,-5.58800000000005,2.54));
#9075=DIRECTION('',(-6.12323399573676E-17,-0.0,-1.0));
#9076=DIRECTION('',(0.0,-1.0,0.0));
#9077=SURFACE_STYLE_FILL_AREA(#11173);
#9078=ORIENTED_EDGE('',*,*,#11174,.F.);
#9079=ORIENTED_EDGE('',*,*,#11172,.T.);
#9080=ORIENTED_EDGE('',*,*,#11151,.F.);
#9081=ORIENTED_EDGE('',*,*,#11175,.F.);
#9082=CARTESIAN_POINT('',(36.776,-10.6680000000001,4.16000000000002));
#9083=DIRECTION('',(0.0,-1.0,0.0));
#9084=DIRECTION('',(6.12323399573676E-17,0.0,1.0));
#9085=SURFACE_STYLE_FILL_AREA(#11176);
#9086=ORIENTED_EDGE('',*,*,#11154,.T.);
#9087=ORIENTED_EDGE('',*,*,#11177,.T.);
#9088=ORIENTED_EDGE('',*,*,#11178,.T.);
#9089=ORIENTED_EDGE('',*,*,#11179,.F.);
#9090=CARTESIAN_POINT('',(36.576,-2.286,3.93700000000001));
#9091=DIRECTION('',(5.76650608828765E-17,0.336336396998149,0.94174191159484));
#9092=DIRECTION('',(-2.05946646010268E-17,0.94174191159484,-0.336336396998149));
#9093=SURFACE_STYLE_FILL_AREA(#11180);
#9094=ORIENTED_EDGE('',*,*,#11169,.T.);
#9095=ORIENTED_EDGE('',*,*,#11171,.T.);
#9096=ORIENTED_EDGE('',*,*,#11174,.T.);
#9097=ORIENTED_EDGE('',*,*,#11181,.T.);
#9098=ORIENTED_EDGE('',*,*,#11182,.T.);
#9099=ORIENTED_EDGE('',*,*,#11183,.T.);
#9100=ORIENTED_EDGE('',*,*,#11184,.T.);
#9101=ORIENTED_EDGE('',*,*,#11185,.T.);
#9102=ORIENTED_EDGE('',*,*,#11186,.T.);
#9103=ORIENTED_EDGE('',*,*,#10678,.T.);
#9104=ORIENTED_EDGE('',*,*,#11187,.T.);
#9105=ORIENTED_EDGE('',*,*,#11188,.T.);
#9106=CARTESIAN_POINT('',(36.576,-5.81444664100411,0.637025508117058));
#9107=DIRECTION('',(-1.0,0.0,6.12323399573676E-17));
#9108=DIRECTION('',(6.12323399573676E-17,0.0,1.0));
#9109=SURFACE_STYLE_FILL_AREA(#11189);
#9110=ORIENTED_EDGE('',*,*,#11190,.F.);
#9111=ORIENTED_EDGE('',*,*,#11191,.F.);
#9112=ORIENTED_EDGE('',*,*,#11178,.F.);
#9113=ORIENTED_EDGE('',*,*,#11192,.F.);
#9114=ORIENTED_EDGE('',*,*,#11193,.F.);
#9115=ORIENTED_EDGE('',*,*,#11194,.F.);
#9116=CARTESIAN_POINT('',(-2.2606,-5.58800000000005,4.16000000000002));
#9117=DIRECTION('',(-1.0,0.0,6.12323399573676E-17));
#9118=DIRECTION('',(6.12323399573676E-17,0.0,1.0));
#9119=SURFACE_STYLE_FILL_AREA(#11195);
#9120=ORIENTED_EDGE('',*,*,#11196,.F.);
#9121=ORIENTED_EDGE('',*,*,#11197,.F.);
#9122=ORIENTED_EDGE('',*,*,#11193,.T.);
#9123=ORIENTED_EDGE('',*,*,#11198,.T.);
#9124=CARTESIAN_POINT('',(-2.2606,-5.58800000000005,2.54));
#9125=DIRECTION('',(-6.12323399573676E-17,-0.0,-1.0));
#9126=DIRECTION('',(0.0,-1.0,0.0));
#9127=SURFACE_STYLE_FILL_AREA(#11199);
#9128=ORIENTED_EDGE('',*,*,#11200,.T.);
#9129=ORIENTED_EDGE('',*,*,#11201,.F.);
#9130=ORIENTED_EDGE('',*,*,#11198,.F.);
#9131=ORIENTED_EDGE('',*,*,#11192,.T.);
#9132=CARTESIAN_POINT('',(-2.2606,-0.508000000000047,4.16000000000002));
#9133=DIRECTION('',(3.35711376159722E-32,1.0,5.48258283765503E-16));
#9134=DIRECTION('',(-6.12323399573676E-17,5.48258283765503E-16,-1.0));
#9135=SURFACE_STYLE_FILL_AREA(#11202);
#9136=ORIENTED_EDGE('',*,*,#11203,.F.);
#9137=ORIENTED_EDGE('',*,*,#11204,.F.);
#9138=ORIENTED_EDGE('',*,*,#11194,.T.);
#9139=ORIENTED_EDGE('',*,*,#11197,.T.);
#9140=CARTESIAN_POINT('',(-2.2606,-10.6680000000001,4.16000000000002));
#9141=DIRECTION('',(0.0,-1.0,0.0));
#9142=DIRECTION('',(6.12323399573676E-17,0.0,1.0));
#9143=SURFACE_STYLE_FILL_AREA(#11205);
#9144=ORIENTED_EDGE('',*,*,#11206,.T.);
#9145=ORIENTED_EDGE('',*,*,#11155,.T.);
#9146=ORIENTED_EDGE('',*,*,#11179,.T.);
#9147=ORIENTED_EDGE('',*,*,#11191,.T.);
#9148=ORIENTED_EDGE('',*,*,#11207,.T.);
#9149=ORIENTED_EDGE('',*,*,#11161,.T.);
#9150=ORIENTED_EDGE('',*,*,#11165,.F.);
#9151=ORIENTED_EDGE('',*,*,#11145,.T.);
#9152=CARTESIAN_POINT('',(36.576,-4.06400000000002,5.33400000000014));
#9153=DIRECTION('',(0.0,1.0,0.0));
#9154=DIRECTION('',(-6.12323399573676E-17,0.0,-1.0));
#9155=SURFACE_STYLE_FILL_AREA(#11208);
#9156=ORIENTED_EDGE('',*,*,#10871,.T.);
#9157=ORIENTED_EDGE('',*,*,#10882,.T.);
#9158=ORIENTED_EDGE('',*,*,#10858,.T.);
#9159=ORIENTED_EDGE('',*,*,#10874,.T.);
#9160=ORIENTED_EDGE('',*,*,#10900,.T.);
#9161=ORIENTED_EDGE('',*,*,#10911,.T.);
#9162=ORIENTED_EDGE('',*,*,#10887,.T.);
#9163=ORIENTED_EDGE('',*,*,#10903,.T.);
#9164=ORIENTED_EDGE('',*,*,#10929,.T.);
#9165=ORIENTED_EDGE('',*,*,#10940,.T.);
#9166=ORIENTED_EDGE('',*,*,#10916,.T.);
#9167=ORIENTED_EDGE('',*,*,#10932,.T.);
#9168=ORIENTED_EDGE('',*,*,#10958,.T.);
#9169=ORIENTED_EDGE('',*,*,#10969,.T.);
#9170=ORIENTED_EDGE('',*,*,#10945,.T.);
#9171=ORIENTED_EDGE('',*,*,#10961,.T.);
#9172=ORIENTED_EDGE('',*,*,#10987,.T.);
#9173=ORIENTED_EDGE('',*,*,#10998,.T.);
#9174=ORIENTED_EDGE('',*,*,#10974,.T.);
#9175=ORIENTED_EDGE('',*,*,#10990,.T.);
#9176=ORIENTED_EDGE('',*,*,#11016,.T.);
#9177=ORIENTED_EDGE('',*,*,#11027,.T.);
#9178=ORIENTED_EDGE('',*,*,#11003,.T.);
#9179=ORIENTED_EDGE('',*,*,#11019,.T.);
#9180=ORIENTED_EDGE('',*,*,#11045,.T.);
#9181=ORIENTED_EDGE('',*,*,#11056,.T.);
#9182=ORIENTED_EDGE('',*,*,#11032,.T.);
#9183=ORIENTED_EDGE('',*,*,#11048,.T.);
#9184=ORIENTED_EDGE('',*,*,#11074,.T.);
#9185=ORIENTED_EDGE('',*,*,#11085,.T.);
#9186=ORIENTED_EDGE('',*,*,#11061,.T.);
#9187=ORIENTED_EDGE('',*,*,#11077,.T.);
#9188=ORIENTED_EDGE('',*,*,#11103,.T.);
#9189=ORIENTED_EDGE('',*,*,#11114,.T.);
#9190=ORIENTED_EDGE('',*,*,#11090,.T.);
#9191=ORIENTED_EDGE('',*,*,#11106,.T.);
#9192=ORIENTED_EDGE('',*,*,#11132,.T.);
#9193=ORIENTED_EDGE('',*,*,#11143,.T.);
#9194=ORIENTED_EDGE('',*,*,#11119,.T.);
#9195=ORIENTED_EDGE('',*,*,#11135,.T.);
#9196=ORIENTED_EDGE('',*,*,#11150,.T.);
#9197=ORIENTED_EDGE('',*,*,#11206,.F.);
#9198=ORIENTED_EDGE('',*,*,#11148,.F.);
#9199=ORIENTED_EDGE('',*,*,#11159,.T.);
#9200=ORIENTED_EDGE('',*,*,#11162,.F.);
#9201=ORIENTED_EDGE('',*,*,#11207,.F.);
#9202=ORIENTED_EDGE('',*,*,#11190,.T.);
#9203=ORIENTED_EDGE('',*,*,#11204,.T.);
#9204=ORIENTED_EDGE('',*,*,#11209,.T.);
#9205=ORIENTED_EDGE('',*,*,#11210,.F.);
#9206=ORIENTED_EDGE('',*,*,#11181,.F.);
#9207=ORIENTED_EDGE('',*,*,#11175,.T.);
#9208=CARTESIAN_POINT('',(36.576,-7.874,5.08000000000015));
#9209=DIRECTION('',(6.12323399573676E-17,-3.41607084500048E-14,1.0));
#9210=DIRECTION('',(2.09174011299522E-30,1.0,3.41607084500048E-14));
#9211=SURFACE_STYLE_FILL_AREA(#11211);
#9212=ORIENTED_EDGE('',*,*,#11212,.T.);
#9213=ORIENTED_EDGE('',*,*,#11213,.F.);
#9214=ORIENTED_EDGE('',*,*,#11182,.F.);
#9215=ORIENTED_EDGE('',*,*,#11210,.T.);
#9216=CARTESIAN_POINT('',(36.576,-11.176,1.01600000000001));
#9217=DIRECTION('',(0.0,-1.0,0.0));
#9218=DIRECTION('',(6.12323399573676E-17,0.0,1.0));
#9219=SURFACE_STYLE_FILL_AREA(#11214);
#9220=ORIENTED_EDGE('',*,*,#11215,.T.);
#9221=ORIENTED_EDGE('',*,*,#11216,.F.);
#9222=ORIENTED_EDGE('',*,*,#11183,.F.);
#9223=ORIENTED_EDGE('',*,*,#11213,.T.);
#9224=CARTESIAN_POINT('',(36.576,-10.668,-3.04800000000002));
#9225=DIRECTION('',(-6.12323399573676E-17,-0.0,-1.0));
#9226=DIRECTION('',(0.0,-1.0,0.0));
#9227=SURFACE_STYLE_FILL_AREA(#11217);
#9228=ORIENTED_EDGE('',*,*,#11218,.T.);
#9229=ORIENTED_EDGE('',*,*,#11219,.F.);
#9230=ORIENTED_EDGE('',*,*,#11184,.F.);
#9231=ORIENTED_EDGE('',*,*,#11216,.T.);
#9232=CARTESIAN_POINT('',(36.576,-10.16,-3.42900000000001));
#9233=DIRECTION('',(0.0,-1.0,0.0));
#9234=DIRECTION('',(6.12323399573676E-17,0.0,1.0));
#9235=SURFACE_STYLE_FILL_AREA(#11220);
#9236=ORIENTED_EDGE('',*,*,#9933,.T.);
#9237=ORIENTED_EDGE('',*,*,#9929,.T.);
#9238=ORIENTED_EDGE('',*,*,#9924,.T.);
#9239=ORIENTED_EDGE('',*,*,#9986,.T.);
#9240=ORIENTED_EDGE('',*,*,#9982,.T.);
#9241=ORIENTED_EDGE('',*,*,#9978,.T.);
#9242=ORIENTED_EDGE('',*,*,#9999,.T.);
#9243=ORIENTED_EDGE('',*,*,#9995,.T.);
#9244=ORIENTED_EDGE('',*,*,#9990,.T.);
#9245=ORIENTED_EDGE('',*,*,#10052,.T.);
#9246=ORIENTED_EDGE('',*,*,#10048,.T.);
#9247=ORIENTED_EDGE('',*,*,#10044,.T.);
#9248=ORIENTED_EDGE('',*,*,#10065,.T.);
#9249=ORIENTED_EDGE('',*,*,#10061,.T.);
#9250=ORIENTED_EDGE('',*,*,#10056,.T.);
#9251=ORIENTED_EDGE('',*,*,#10118,.T.);
#9252=ORIENTED_EDGE('',*,*,#10114,.T.);
#9253=ORIENTED_EDGE('',*,*,#10110,.T.);
#9254=ORIENTED_EDGE('',*,*,#10131,.T.);
#9255=ORIENTED_EDGE('',*,*,#10127,.T.);
#9256=ORIENTED_EDGE('',*,*,#10122,.T.);
#9257=ORIENTED_EDGE('',*,*,#10184,.T.);
#9258=ORIENTED_EDGE('',*,*,#10180,.T.);
#9259=ORIENTED_EDGE('',*,*,#10176,.T.);
#9260=ORIENTED_EDGE('',*,*,#10197,.T.);
#9261=ORIENTED_EDGE('',*,*,#10193,.T.);
#9262=ORIENTED_EDGE('',*,*,#10188,.T.);
#9263=ORIENTED_EDGE('',*,*,#10250,.T.);
#9264=ORIENTED_EDGE('',*,*,#10246,.T.);
#9265=ORIENTED_EDGE('',*,*,#10242,.T.);
#9266=ORIENTED_EDGE('',*,*,#10263,.T.);
#9267=ORIENTED_EDGE('',*,*,#10259,.T.);
#9268=ORIENTED_EDGE('',*,*,#10254,.T.);
#9269=ORIENTED_EDGE('',*,*,#10316,.T.);
#9270=ORIENTED_EDGE('',*,*,#10312,.T.);
#9271=ORIENTED_EDGE('',*,*,#10308,.T.);
#9272=ORIENTED_EDGE('',*,*,#10329,.T.);
#9273=ORIENTED_EDGE('',*,*,#10325,.T.);
#9274=ORIENTED_EDGE('',*,*,#10320,.T.);
#9275=ORIENTED_EDGE('',*,*,#10382,.T.);
#9276=ORIENTED_EDGE('',*,*,#10378,.T.);
#9277=ORIENTED_EDGE('',*,*,#10374,.T.);
#9278=ORIENTED_EDGE('',*,*,#10395,.T.);
#9279=ORIENTED_EDGE('',*,*,#10391,.T.);
#9280=ORIENTED_EDGE('',*,*,#10386,.T.);
#9281=ORIENTED_EDGE('',*,*,#10448,.T.);
#9282=ORIENTED_EDGE('',*,*,#10444,.T.);
#9283=ORIENTED_EDGE('',*,*,#10440,.T.);
#9284=ORIENTED_EDGE('',*,*,#10461,.T.);
#9285=ORIENTED_EDGE('',*,*,#10457,.T.);
#9286=ORIENTED_EDGE('',*,*,#10452,.T.);
#9287=ORIENTED_EDGE('',*,*,#10514,.T.);
#9288=ORIENTED_EDGE('',*,*,#10510,.T.);
#9289=ORIENTED_EDGE('',*,*,#10506,.T.);
#9290=ORIENTED_EDGE('',*,*,#10527,.T.);
#9291=ORIENTED_EDGE('',*,*,#10523,.T.);
#9292=ORIENTED_EDGE('',*,*,#10518,.T.);
#9293=ORIENTED_EDGE('',*,*,#10580,.T.);
#9294=ORIENTED_EDGE('',*,*,#10576,.T.);
#9295=ORIENTED_EDGE('',*,*,#10572,.T.);
#9296=ORIENTED_EDGE('',*,*,#11221,.T.);
#9297=ORIENTED_EDGE('',*,*,#11222,.F.);
#9298=ORIENTED_EDGE('',*,*,#11185,.F.);
#9299=ORIENTED_EDGE('',*,*,#11219,.T.);
#9300=CARTESIAN_POINT('',(36.576,-5.969,-3.81));
#9301=DIRECTION('',(-6.12323399573676E-17,-0.0,-1.0));
#9302=DIRECTION('',(0.0,-1.0,0.0));
#9303=SURFACE_STYLE_FILL_AREA(#11223);
#9304=ORIENTED_EDGE('',*,*,#11224,.T.);
#9305=ORIENTED_EDGE('',*,*,#10681,.F.);
#9306=ORIENTED_EDGE('',*,*,#10626,.F.);
#9307=ORIENTED_EDGE('',*,*,#10622,.F.);
#9308=ORIENTED_EDGE('',*,*,#10618,.F.);
#9309=ORIENTED_EDGE('',*,*,#10614,.F.);
#9310=ORIENTED_EDGE('',*,*,#10610,.F.);
#9311=ORIENTED_EDGE('',*,*,#10606,.F.);
#9312=ORIENTED_EDGE('',*,*,#10602,.F.);
#9313=ORIENTED_EDGE('',*,*,#10598,.F.);
#9314=ORIENTED_EDGE('',*,*,#10594,.F.);
#9315=ORIENTED_EDGE('',*,*,#10590,.F.);
#9316=ORIENTED_EDGE('',*,*,#10586,.F.);
#9317=ORIENTED_EDGE('',*,*,#10667,.F.);
#9318=ORIENTED_EDGE('',*,*,#10663,.F.);
#9319=ORIENTED_EDGE('',*,*,#10659,.F.);
#9320=ORIENTED_EDGE('',*,*,#10655,.F.);
#9321=ORIENTED_EDGE('',*,*,#10651,.F.);
#9322=ORIENTED_EDGE('',*,*,#10647,.F.);
#9323=ORIENTED_EDGE('',*,*,#10643,.F.);
#9324=ORIENTED_EDGE('',*,*,#10639,.F.);
#9325=ORIENTED_EDGE('',*,*,#10635,.F.);
#9326=ORIENTED_EDGE('',*,*,#10631,.F.);
#9327=ORIENTED_EDGE('',*,*,#10671,.F.);
#9328=ORIENTED_EDGE('',*,*,#10675,.F.);
#9329=ORIENTED_EDGE('',*,*,#10679,.F.);
#9330=ORIENTED_EDGE('',*,*,#11186,.F.);
#9331=ORIENTED_EDGE('',*,*,#11222,.T.);
#9332=CARTESIAN_POINT('',(36.576,-1.77799999999998,-3.04799999999999));
#9333=DIRECTION('',(0.0,1.0,0.0));
#9334=DIRECTION('',(-6.12323399573676E-17,0.0,-1.0));
#9335=SURFACE_STYLE_FILL_AREA(#11225);
#9336=ORIENTED_EDGE('',*,*,#9630,.T.);
#9337=ORIENTED_EDGE('',*,*,#9885,.T.);
#9338=ORIENTED_EDGE('',*,*,#9625,.T.);
#9339=ORIENTED_EDGE('',*,*,#9889,.T.);
#9340=ORIENTED_EDGE('',*,*,#9620,.T.);
#9341=ORIENTED_EDGE('',*,*,#9893,.T.);
#9342=ORIENTED_EDGE('',*,*,#9615,.T.);
#9343=ORIENTED_EDGE('',*,*,#9897,.T.);
#9344=ORIENTED_EDGE('',*,*,#9610,.T.);
#9345=ORIENTED_EDGE('',*,*,#9901,.T.);
#9346=ORIENTED_EDGE('',*,*,#9605,.T.);
#9347=ORIENTED_EDGE('',*,*,#9905,.T.);
#9348=ORIENTED_EDGE('',*,*,#9600,.T.);
#9349=ORIENTED_EDGE('',*,*,#9909,.T.);
#9350=ORIENTED_EDGE('',*,*,#9595,.T.);
#9351=ORIENTED_EDGE('',*,*,#9913,.T.);
#9352=ORIENTED_EDGE('',*,*,#9590,.T.);
#9353=ORIENTED_EDGE('',*,*,#9917,.T.);
#9354=ORIENTED_EDGE('',*,*,#9585,.T.);
#9355=ORIENTED_EDGE('',*,*,#9921,.T.);
#9356=ORIENTED_EDGE('',*,*,#10625,.T.);
#9357=ORIENTED_EDGE('',*,*,#10683,.T.);
#9358=ORIENTED_EDGE('',*,*,#11226,.T.);
#9359=ORIENTED_EDGE('',*,*,#11227,.F.);
#9360=ORIENTED_EDGE('',*,*,#11187,.F.);
#9361=ORIENTED_EDGE('',*,*,#10677,.T.);
#9362=ORIENTED_EDGE('',*,*,#10673,.T.);
#9363=ORIENTED_EDGE('',*,*,#10669,.T.);
#9364=ORIENTED_EDGE('',*,*,#10629,.T.);
#9365=ORIENTED_EDGE('',*,*,#10634,.T.);
#9366=ORIENTED_EDGE('',*,*,#10638,.T.);
#9367=ORIENTED_EDGE('',*,*,#10642,.T.);
#9368=ORIENTED_EDGE('',*,*,#10646,.T.);
#9369=ORIENTED_EDGE('',*,*,#10650,.T.);
#9370=ORIENTED_EDGE('',*,*,#10654,.T.);
#9371=ORIENTED_EDGE('',*,*,#10658,.T.);
#9372=ORIENTED_EDGE('',*,*,#10662,.T.);
#9373=ORIENTED_EDGE('',*,*,#10666,.T.);
#9374=ORIENTED_EDGE('',*,*,#10584,.T.);
#9375=ORIENTED_EDGE('',*,*,#10589,.T.);
#9376=ORIENTED_EDGE('',*,*,#10593,.T.);
#9377=ORIENTED_EDGE('',*,*,#10597,.T.);
#9378=ORIENTED_EDGE('',*,*,#10601,.T.);
#9379=ORIENTED_EDGE('',*,*,#10605,.T.);
#9380=ORIENTED_EDGE('',*,*,#10609,.T.);
#9381=ORIENTED_EDGE('',*,*,#10613,.T.);
#9382=ORIENTED_EDGE('',*,*,#10617,.T.);
#9383=ORIENTED_EDGE('',*,*,#10621,.T.);
#9384=ORIENTED_EDGE('',*,*,#10694,.T.);
#9385=ORIENTED_EDGE('',*,*,#10700,.T.);
#9386=ORIENTED_EDGE('',*,*,#10685,.T.);
#9387=ORIENTED_EDGE('',*,*,#10690,.T.);
#9388=ORIENTED_EDGE('',*,*,#10711,.T.);
#9389=ORIENTED_EDGE('',*,*,#10717,.T.);
#9390=ORIENTED_EDGE('',*,*,#10702,.T.);
#9391=ORIENTED_EDGE('',*,*,#10707,.T.);
#9392=ORIENTED_EDGE('',*,*,#10728,.T.);
#9393=ORIENTED_EDGE('',*,*,#10734,.T.);
#9394=ORIENTED_EDGE('',*,*,#10719,.T.);
#9395=ORIENTED_EDGE('',*,*,#10724,.T.);
#9396=ORIENTED_EDGE('',*,*,#10745,.T.);
#9397=ORIENTED_EDGE('',*,*,#10751,.T.);
#9398=ORIENTED_EDGE('',*,*,#10736,.T.);
#9399=ORIENTED_EDGE('',*,*,#10741,.T.);
#9400=ORIENTED_EDGE('',*,*,#10762,.T.);
#9401=ORIENTED_EDGE('',*,*,#10768,.T.);
#9402=ORIENTED_EDGE('',*,*,#10753,.T.);
#9403=ORIENTED_EDGE('',*,*,#10758,.T.);
#9404=ORIENTED_EDGE('',*,*,#10779,.T.);
#9405=ORIENTED_EDGE('',*,*,#10785,.T.);
#9406=ORIENTED_EDGE('',*,*,#10770,.T.);
#9407=ORIENTED_EDGE('',*,*,#10775,.T.);
#9408=ORIENTED_EDGE('',*,*,#10796,.T.);
#9409=ORIENTED_EDGE('',*,*,#10802,.T.);
#9410=ORIENTED_EDGE('',*,*,#10787,.T.);
#9411=ORIENTED_EDGE('',*,*,#10792,.T.);
#9412=ORIENTED_EDGE('',*,*,#10813,.T.);
#9413=ORIENTED_EDGE('',*,*,#10819,.T.);
#9414=ORIENTED_EDGE('',*,*,#10804,.T.);
#9415=ORIENTED_EDGE('',*,*,#10809,.T.);
#9416=ORIENTED_EDGE('',*,*,#10830,.T.);
#9417=ORIENTED_EDGE('',*,*,#10836,.T.);
#9418=ORIENTED_EDGE('',*,*,#10821,.T.);
#9419=ORIENTED_EDGE('',*,*,#10826,.T.);
#9420=ORIENTED_EDGE('',*,*,#10847,.T.);
#9421=ORIENTED_EDGE('',*,*,#10853,.T.);
#9422=ORIENTED_EDGE('',*,*,#10838,.T.);
#9423=ORIENTED_EDGE('',*,*,#10843,.T.);
#9424=CARTESIAN_POINT('',(36.576,-1.4210854715202E-14,0.507999999999998));
#9425=DIRECTION('',(0.0,1.0,0.0));
#9426=DIRECTION('',(-6.12323399573676E-17,0.0,-1.0));
#9427=SURFACE_STYLE_FILL_AREA(#11228);
#9428=ORIENTED_EDGE('',*,*,#11229,.T.);
#9429=ORIENTED_EDGE('',*,*,#11200,.F.);
#9430=ORIENTED_EDGE('',*,*,#11177,.F.);
#9431=ORIENTED_EDGE('',*,*,#11167,.F.);
#9432=ORIENTED_EDGE('',*,*,#11188,.F.);
#9433=ORIENTED_EDGE('',*,*,#11227,.T.);
#9434=CARTESIAN_POINT('',(36.576,-0.254000000000008,3.30199999999998));
#9435=DIRECTION('',(6.12323399573676E-17,-0.0,1.0));
#9436=DIRECTION('',(0.0,1.0,0.0));
#9437=SURFACE_STYLE_FILL_AREA(#11230);
#9438=ORIENTED_EDGE('',*,*,#11201,.T.);
#9439=ORIENTED_EDGE('',*,*,#11229,.F.);
#9440=ORIENTED_EDGE('',*,*,#11226,.F.);
#9441=ORIENTED_EDGE('',*,*,#10682,.F.);
#9442=ORIENTED_EDGE('',*,*,#11224,.F.);
#9443=ORIENTED_EDGE('',*,*,#11221,.F.);
#9444=ORIENTED_EDGE('',*,*,#11218,.F.);
#9445=ORIENTED_EDGE('',*,*,#11215,.F.);
#9446=ORIENTED_EDGE('',*,*,#11212,.F.);
#9447=ORIENTED_EDGE('',*,*,#11209,.F.);
#9448=ORIENTED_EDGE('',*,*,#11203,.T.);
#9449=ORIENTED_EDGE('',*,*,#11196,.T.);
#9450=CARTESIAN_POINT('',(-2.286,-5.81444664100411,0.63702550811706));
#9451=DIRECTION('',(-1.0,0.0,6.12323399573676E-17));
#9452=DIRECTION('',(6.12323399573676E-17,0.0,1.0));
#9453=FILL_AREA_STYLE('',(#11231));
#9454=EDGE_CURVE('',#11232,#11233,#11234,.T.);
#9455=EDGE_CURVE('',#11232,#11235,#11236,.T.);
#9456=EDGE_CURVE('',#11237,#11235,#11238,.T.);
#9457=EDGE_CURVE('',#11233,#11237,#11239,.T.);
#9458=FILL_AREA_STYLE('',(#11240));
#9459=EDGE_CURVE('',#11233,#11241,#11242,.T.);
#9460=EDGE_CURVE('',#11243,#11237,#11244,.T.);
#9461=EDGE_CURVE('',#11241,#11243,#11245,.T.);
#9462=FILL_AREA_STYLE('',(#11246));
#9463=EDGE_CURVE('',#11241,#11247,#11248,.T.);
#9464=EDGE_CURVE('',#11249,#11243,#11250,.T.);
#9465=EDGE_CURVE('',#11247,#11249,#11251,.T.);
#9466=FILL_AREA_STYLE('',(#11252));
#9467=EDGE_CURVE('',#11253,#11254,#11255,.T.);
#9468=EDGE_CURVE('',#11253,#11256,#11257,.T.);
#9469=EDGE_CURVE('',#11258,#11256,#11259,.T.);
#9470=EDGE_CURVE('',#11254,#11258,#11260,.T.);
#9471=FILL_AREA_STYLE('',(#11261));
#9472=EDGE_CURVE('',#11254,#11262,#11263,.T.);
#9473=EDGE_CURVE('',#11264,#11258,#11265,.T.);
#9474=EDGE_CURVE('',#11262,#11264,#11266,.T.);
#9475=FILL_AREA_STYLE('',(#11267));
#9476=EDGE_CURVE('',#11262,#11268,#11269,.T.);
#9477=EDGE_CURVE('',#11270,#11264,#11271,.T.);
#9478=EDGE_CURVE('',#11268,#11270,#11272,.T.);
#9479=FILL_AREA_STYLE('',(#11273));
#9480=EDGE_CURVE('',#11274,#11275,#11276,.T.);
#9481=EDGE_CURVE('',#11274,#11277,#11278,.T.);
#9482=EDGE_CURVE('',#11279,#11277,#11280,.T.);
#9483=EDGE_CURVE('',#11275,#11279,#11281,.T.);
#9484=FILL_AREA_STYLE('',(#11282));
#9485=EDGE_CURVE('',#11275,#11283,#11284,.T.);
#9486=EDGE_CURVE('',#11285,#11279,#11286,.T.);
#9487=EDGE_CURVE('',#11283,#11285,#11287,.T.);
#9488=FILL_AREA_STYLE('',(#11288));
#9489=EDGE_CURVE('',#11283,#11289,#11290,.T.);
#9490=EDGE_CURVE('',#11291,#11285,#11292,.T.);
#9491=EDGE_CURVE('',#11289,#11291,#11293,.T.);
#9492=FILL_AREA_STYLE('',(#11294));
#9493=EDGE_CURVE('',#11295,#11296,#11297,.T.);
#9494=EDGE_CURVE('',#11295,#11298,#11299,.T.);
#9495=EDGE_CURVE('',#11300,#11298,#11301,.T.);
#9496=EDGE_CURVE('',#11296,#11300,#11302,.T.);
#9497=FILL_AREA_STYLE('',(#11303));
#9498=EDGE_CURVE('',#11296,#11304,#11305,.T.);
#9499=EDGE_CURVE('',#11306,#11300,#11307,.T.);
#9500=EDGE_CURVE('',#11304,#11306,#11308,.T.);
#9501=FILL_AREA_STYLE('',(#11309));
#9502=EDGE_CURVE('',#11304,#11310,#11311,.T.);
#9503=EDGE_CURVE('',#11312,#11306,#11313,.T.);
#9504=EDGE_CURVE('',#11310,#11312,#11314,.T.);
#9505=FILL_AREA_STYLE('',(#11315));
#9506=EDGE_CURVE('',#11316,#11317,#11318,.T.);
#9507=EDGE_CURVE('',#11316,#11319,#11320,.T.);
#9508=EDGE_CURVE('',#11321,#11319,#11322,.T.);
#9509=EDGE_CURVE('',#11317,#11321,#11323,.T.);
#9510=FILL_AREA_STYLE('',(#11324));
#9511=EDGE_CURVE('',#11317,#11325,#11326,.T.);
#9512=EDGE_CURVE('',#11327,#11321,#11328,.T.);
#9513=EDGE_CURVE('',#11325,#11327,#11329,.T.);
#9514=FILL_AREA_STYLE('',(#11330));
#9515=EDGE_CURVE('',#11325,#11331,#11332,.T.);
#9516=EDGE_CURVE('',#11333,#11327,#11334,.T.);
#9517=EDGE_CURVE('',#11331,#11333,#11335,.T.);
#9518=FILL_AREA_STYLE('',(#11336));
#9519=EDGE_CURVE('',#11337,#11338,#11339,.T.);
#9520=EDGE_CURVE('',#11337,#11340,#11341,.T.);
#9521=EDGE_CURVE('',#11342,#11340,#11343,.T.);
#9522=EDGE_CURVE('',#11338,#11342,#11344,.T.);
#9523=FILL_AREA_STYLE('',(#11345));
#9524=EDGE_CURVE('',#11338,#11346,#11347,.T.);
#9525=EDGE_CURVE('',#11348,#11342,#11349,.T.);
#9526=EDGE_CURVE('',#11346,#11348,#11350,.T.);
#9527=FILL_AREA_STYLE('',(#11351));
#9528=EDGE_CURVE('',#11346,#11352,#11353,.T.);
#9529=EDGE_CURVE('',#11354,#11348,#11355,.T.);
#9530=EDGE_CURVE('',#11352,#11354,#11356,.T.);
#9531=FILL_AREA_STYLE('',(#11357));
#9532=EDGE_CURVE('',#11358,#11359,#11360,.T.);
#9533=EDGE_CURVE('',#11358,#11361,#11362,.T.);
#9534=EDGE_CURVE('',#11363,#11361,#11364,.T.);
#9535=EDGE_CURVE('',#11359,#11363,#11365,.T.);
#9536=FILL_AREA_STYLE('',(#11366));
#9537=EDGE_CURVE('',#11359,#11367,#11368,.T.);
#9538=EDGE_CURVE('',#11369,#11363,#11370,.T.);
#9539=EDGE_CURVE('',#11367,#11369,#11371,.T.);
#9540=FILL_AREA_STYLE('',(#11372));
#9541=EDGE_CURVE('',#11367,#11373,#11374,.T.);
#9542=EDGE_CURVE('',#11375,#11369,#11376,.T.);
#9543=EDGE_CURVE('',#11373,#11375,#11377,.T.);
#9544=FILL_AREA_STYLE('',(#11378));
#9545=EDGE_CURVE('',#11379,#11380,#11381,.T.);
#9546=EDGE_CURVE('',#11379,#11382,#11383,.T.);
#9547=EDGE_CURVE('',#11384,#11382,#11385,.T.);
#9548=EDGE_CURVE('',#11380,#11384,#11386,.T.);
#9549=FILL_AREA_STYLE('',(#11387));
#9550=EDGE_CURVE('',#11380,#11388,#11389,.T.);
#9551=EDGE_CURVE('',#11390,#11384,#11391,.T.);
#9552=EDGE_CURVE('',#11388,#11390,#11392,.T.);
#9553=FILL_AREA_STYLE('',(#11393));
#9554=EDGE_CURVE('',#11388,#11394,#11395,.T.);
#9555=EDGE_CURVE('',#11396,#11390,#11397,.T.);
#9556=EDGE_CURVE('',#11394,#11396,#11398,.T.);
#9557=FILL_AREA_STYLE('',(#11399));
#9558=EDGE_CURVE('',#11400,#11401,#11402,.T.);
#9559=EDGE_CURVE('',#11400,#11403,#11404,.T.);
#9560=EDGE_CURVE('',#11405,#11403,#11406,.T.);
#9561=EDGE_CURVE('',#11401,#11405,#11407,.T.);
#9562=FILL_AREA_STYLE('',(#11408));
#9563=EDGE_CURVE('',#11401,#11409,#11410,.T.);
#9564=EDGE_CURVE('',#11411,#11405,#11412,.T.);
#9565=EDGE_CURVE('',#11409,#11411,#11413,.T.);
#9566=FILL_AREA_STYLE('',(#11414));
#9567=EDGE_CURVE('',#11409,#11415,#11416,.T.);
#9568=EDGE_CURVE('',#11417,#11411,#11418,.T.);
#9569=EDGE_CURVE('',#11415,#11417,#11419,.T.);
#9570=FILL_AREA_STYLE('',(#11420));
#9571=EDGE_CURVE('',#11421,#11422,#11423,.T.);
#9572=EDGE_CURVE('',#11421,#11424,#11425,.T.);
#9573=EDGE_CURVE('',#11426,#11424,#11427,.T.);
#9574=EDGE_CURVE('',#11422,#11426,#11428,.T.);
#9575=FILL_AREA_STYLE('',(#11429));
#9576=EDGE_CURVE('',#11422,#11430,#11431,.T.);
#9577=EDGE_CURVE('',#11432,#11426,#11433,.T.);
#9578=EDGE_CURVE('',#11430,#11432,#11434,.T.);
#9579=FILL_AREA_STYLE('',(#11435));
#9580=EDGE_CURVE('',#11430,#11436,#11437,.T.);
#9581=EDGE_CURVE('',#11438,#11432,#11439,.T.);
#9582=EDGE_CURVE('',#11436,#11438,#11440,.T.);
#9583=FILL_AREA_STYLE('',(#11441));
#9584=EDGE_CURVE('',#11442,#11443,#11444,.T.);
#9585=EDGE_CURVE('',#11445,#11442,#11446,.T.);
#9586=EDGE_CURVE('',#11447,#11445,#11448,.T.);
#9587=EDGE_CURVE('',#11443,#11447,#11449,.T.);
#9588=FILL_AREA_STYLE('',(#11450));
#9589=EDGE_CURVE('',#11451,#11452,#11453,.T.);
#9590=EDGE_CURVE('',#11454,#11451,#11455,.T.);
#9591=EDGE_CURVE('',#11456,#11454,#11457,.T.);
#9592=EDGE_CURVE('',#11452,#11456,#11458,.T.);
#9593=FILL_AREA_STYLE('',(#11459));
#9594=EDGE_CURVE('',#11460,#11461,#11462,.T.);
#9595=EDGE_CURVE('',#11463,#11460,#11464,.T.);
#9596=EDGE_CURVE('',#11465,#11463,#11466,.T.);
#9597=EDGE_CURVE('',#11461,#11465,#11467,.T.);
#9598=FILL_AREA_STYLE('',(#11468));
#9599=EDGE_CURVE('',#11469,#11470,#11471,.T.);
#9600=EDGE_CURVE('',#11472,#11469,#11473,.T.);
#9601=EDGE_CURVE('',#11474,#11472,#11475,.T.);
#9602=EDGE_CURVE('',#11470,#11474,#11476,.T.);
#9603=FILL_AREA_STYLE('',(#11477));
#9604=EDGE_CURVE('',#11478,#11479,#11480,.T.);
#9605=EDGE_CURVE('',#11481,#11478,#11482,.T.);
#9606=EDGE_CURVE('',#11483,#11481,#11484,.T.);
#9607=EDGE_CURVE('',#11479,#11483,#11485,.T.);
#9608=FILL_AREA_STYLE('',(#11486));
#9609=EDGE_CURVE('',#11487,#11488,#11489,.T.);
#9610=EDGE_CURVE('',#11490,#11487,#11491,.T.);
#9611=EDGE_CURVE('',#11492,#11490,#11493,.T.);
#9612=EDGE_CURVE('',#11488,#11492,#11494,.T.);
#9613=FILL_AREA_STYLE('',(#11495));
#9614=EDGE_CURVE('',#11496,#11497,#11498,.T.);
#9615=EDGE_CURVE('',#11499,#11496,#11500,.T.);
#9616=EDGE_CURVE('',#11501,#11499,#11502,.T.);
#9617=EDGE_CURVE('',#11497,#11501,#11503,.T.);
#9618=FILL_AREA_STYLE('',(#11504));
#9619=EDGE_CURVE('',#11505,#11506,#11507,.T.);
#9620=EDGE_CURVE('',#11508,#11505,#11509,.T.);
#9621=EDGE_CURVE('',#11510,#11508,#11511,.T.);
#9622=EDGE_CURVE('',#11506,#11510,#11512,.T.);
#9623=FILL_AREA_STYLE('',(#11513));
#9624=EDGE_CURVE('',#11514,#11515,#11516,.T.);
#9625=EDGE_CURVE('',#11517,#11514,#11518,.T.);
#9626=EDGE_CURVE('',#11519,#11517,#11520,.T.);
#9627=EDGE_CURVE('',#11515,#11519,#11521,.T.);
#9628=FILL_AREA_STYLE('',(#11522));
#9629=EDGE_CURVE('',#11523,#11524,#11525,.T.);
#9630=EDGE_CURVE('',#11526,#11523,#11527,.T.);
#9631=EDGE_CURVE('',#11528,#11526,#11529,.T.);
#9632=EDGE_CURVE('',#11524,#11528,#11530,.T.);
#9633=FILL_AREA_STYLE('',(#11531));
#9634=EDGE_CURVE('',#11532,#11533,#11534,.T.);
#9635=EDGE_CURVE('',#11532,#11535,#11536,.T.);
#9636=EDGE_CURVE('',#11535,#11537,#11538,.T.);
#9637=EDGE_CURVE('',#11539,#11537,#11540,.T.);
#9638=EDGE_CURVE('',#11539,#11541,#11542,.T.);
#9639=EDGE_CURVE('',#11541,#11543,#11544,.T.);
#9640=EDGE_CURVE('',#11545,#11543,#11546,.T.);
#9641=EDGE_CURVE('',#11533,#11545,#11547,.T.);
#9642=FILL_AREA_STYLE('',(#11548));
#9643=EDGE_CURVE('',#11549,#11550,#11551,.T.);
#9644=EDGE_CURVE('',#11549,#11552,#11553,.T.);
#9645=EDGE_CURVE('',#11552,#11554,#11555,.T.);
#9646=EDGE_CURVE('',#11556,#11554,#11557,.T.);
#9647=EDGE_CURVE('',#11556,#11558,#11559,.T.);
#9648=EDGE_CURVE('',#11558,#11560,#11561,.T.);
#9649=EDGE_CURVE('',#11562,#11560,#11563,.T.);
#9650=EDGE_CURVE('',#11550,#11562,#11564,.T.);
#9651=FILL_AREA_STYLE('',(#11565));
#9652=EDGE_CURVE('',#11566,#11567,#11568,.T.);
#9653=EDGE_CURVE('',#11566,#11569,#11570,.T.);
#9654=EDGE_CURVE('',#11569,#11571,#11572,.T.);
#9655=EDGE_CURVE('',#11573,#11571,#11574,.T.);
#9656=EDGE_CURVE('',#11573,#11575,#11576,.T.);
#9657=EDGE_CURVE('',#11575,#11577,#11578,.T.);
#9658=EDGE_CURVE('',#11579,#11577,#11580,.T.);
#9659=EDGE_CURVE('',#11567,#11579,#11581,.T.);
#9660=FILL_AREA_STYLE('',(#11582));
#9661=EDGE_CURVE('',#11583,#11584,#11585,.T.);
#9662=EDGE_CURVE('',#11583,#11586,#11587,.T.);
#9663=EDGE_CURVE('',#11586,#11588,#11589,.T.);
#9664=EDGE_CURVE('',#11590,#11588,#11591,.T.);
#9665=EDGE_CURVE('',#11590,#11592,#11593,.T.);
#9666=EDGE_CURVE('',#11592,#11594,#11595,.T.);
#9667=EDGE_CURVE('',#11596,#11594,#11597,.T.);
#9668=EDGE_CURVE('',#11584,#11596,#11598,.T.);
#9669=FILL_AREA_STYLE('',(#11599));
#9670=EDGE_CURVE('',#11600,#11601,#11602,.T.);
#9671=EDGE_CURVE('',#11600,#11603,#11604,.T.);
#9672=EDGE_CURVE('',#11603,#11605,#11606,.T.);
#9673=EDGE_CURVE('',#11607,#11605,#11608,.T.);
#9674=EDGE_CURVE('',#11607,#11609,#11610,.T.);
#9675=EDGE_CURVE('',#11609,#11611,#11612,.T.);
#9676=EDGE_CURVE('',#11613,#11611,#11614,.T.);
#9677=EDGE_CURVE('',#11601,#11613,#11615,.T.);
#9678=FILL_AREA_STYLE('',(#11616));
#9679=EDGE_CURVE('',#11617,#11618,#11619,.T.);
#9680=EDGE_CURVE('',#11617,#11620,#11621,.T.);
#9681=EDGE_CURVE('',#11620,#11622,#11623,.T.);
#9682=EDGE_CURVE('',#11624,#11622,#11625,.T.);
#9683=EDGE_CURVE('',#11624,#11626,#11627,.T.);
#9684=EDGE_CURVE('',#11626,#11628,#11629,.T.);
#9685=EDGE_CURVE('',#11630,#11628,#11631,.T.);
#9686=EDGE_CURVE('',#11618,#11630,#11632,.T.);
#9687=FILL_AREA_STYLE('',(#11633));
#9688=EDGE_CURVE('',#11634,#11635,#11636,.T.);
#9689=EDGE_CURVE('',#11634,#11637,#11638,.T.);
#9690=EDGE_CURVE('',#11637,#11639,#11640,.T.);
#9691=EDGE_CURVE('',#11641,#11639,#11642,.T.);
#9692=EDGE_CURVE('',#11641,#11643,#11644,.T.);
#9693=EDGE_CURVE('',#11643,#11645,#11646,.T.);
#9694=EDGE_CURVE('',#11647,#11645,#11648,.T.);
#9695=EDGE_CURVE('',#11635,#11647,#11649,.T.);
#9696=FILL_AREA_STYLE('',(#11650));
#9697=EDGE_CURVE('',#11651,#11652,#11653,.T.);
#9698=EDGE_CURVE('',#11651,#11654,#11655,.T.);
#9699=EDGE_CURVE('',#11654,#11656,#11657,.T.);
#9700=EDGE_CURVE('',#11658,#11656,#11659,.T.);
#9701=EDGE_CURVE('',#11658,#11660,#11661,.T.);
#9702=EDGE_CURVE('',#11660,#11662,#11663,.T.);
#9703=EDGE_CURVE('',#11664,#11662,#11665,.T.);
#9704=EDGE_CURVE('',#11652,#11664,#11666,.T.);
#9705=FILL_AREA_STYLE('',(#11667));
#9706=EDGE_CURVE('',#11668,#11669,#11670,.T.);
#9707=EDGE_CURVE('',#11668,#11671,#11672,.T.);
#9708=EDGE_CURVE('',#11671,#11673,#11674,.T.);
#9709=EDGE_CURVE('',#11675,#11673,#11676,.T.);
#9710=EDGE_CURVE('',#11675,#11677,#11678,.T.);
#9711=EDGE_CURVE('',#11677,#11679,#11680,.T.);
#9712=EDGE_CURVE('',#11681,#11679,#11682,.T.);
#9713=EDGE_CURVE('',#11669,#11681,#11683,.T.);
#9714=FILL_AREA_STYLE('',(#11684));
#9715=EDGE_CURVE('',#11685,#11686,#11687,.T.);
#9716=EDGE_CURVE('',#11685,#11688,#11689,.T.);
#9717=EDGE_CURVE('',#11688,#11690,#11691,.T.);
#9718=EDGE_CURVE('',#11692,#11690,#11693,.T.);
#9719=EDGE_CURVE('',#11692,#11694,#11695,.T.);
#9720=EDGE_CURVE('',#11694,#11696,#11697,.T.);
#9721=EDGE_CURVE('',#11698,#11696,#11699,.T.);
#9722=EDGE_CURVE('',#11686,#11698,#11700,.T.);
#9723=FILL_AREA_STYLE('',(#11701));
#9724=EDGE_CURVE('',#11698,#11686,#11702,.T.);
#9725=EDGE_CURVE('',#11696,#11703,#11704,.T.);
#9726=EDGE_CURVE('',#11703,#11705,#11706,.T.);
#9727=EDGE_CURVE('',#11707,#11705,#11708,.T.);
#9728=EDGE_CURVE('',#11707,#11709,#11710,.T.);
#9729=EDGE_CURVE('',#11709,#11685,#11711,.T.);
#9730=FILL_AREA_STYLE('',(#11712));
#9731=EDGE_CURVE('',#11694,#11688,#11713,.T.);
#9732=EDGE_CURVE('',#11690,#11692,#11714,.T.);
#9733=FILL_AREA_STYLE('',(#11715));
#9734=EDGE_CURVE('',#11705,#11707,#11716,.T.);
#9735=EDGE_CURVE('',#11709,#11703,#11717,.T.);
#9736=FILL_AREA_STYLE('',(#11718));
#9737=FILL_AREA_STYLE('',(#11719));
#9738=FILL_AREA_STYLE('',(#11720));
#9739=FILL_AREA_STYLE('',(#11721));
#9740=EDGE_CURVE('',#11681,#11669,#11722,.T.);
#9741=EDGE_CURVE('',#11679,#11723,#11724,.T.);
#9742=EDGE_CURVE('',#11723,#11725,#11726,.T.);
#9743=EDGE_CURVE('',#11727,#11725,#11728,.T.);
#9744=EDGE_CURVE('',#11727,#11729,#11730,.T.);
#9745=EDGE_CURVE('',#11729,#11668,#11731,.T.);
#9746=FILL_AREA_STYLE('',(#11732));
#9747=EDGE_CURVE('',#11677,#11671,#11733,.T.);
#9748=EDGE_CURVE('',#11673,#11675,#11734,.T.);
#9749=FILL_AREA_STYLE('',(#11735));
#9750=EDGE_CURVE('',#11725,#11727,#11736,.T.);
#9751=EDGE_CURVE('',#11729,#11723,#11737,.T.);
#9752=FILL_AREA_STYLE('',(#11738));
#9753=FILL_AREA_STYLE('',(#11739));
#9754=FILL_AREA_STYLE('',(#11740));
#9755=FILL_AREA_STYLE('',(#11741));
#9756=EDGE_CURVE('',#11664,#11652,#11742,.T.);
#9757=EDGE_CURVE('',#11662,#11743,#11744,.T.);
#9758=EDGE_CURVE('',#11743,#11745,#11746,.T.);
#9759=EDGE_CURVE('',#11747,#11745,#11748,.T.);
#9760=EDGE_CURVE('',#11747,#11749,#11750,.T.);
#9761=EDGE_CURVE('',#11749,#11651,#11751,.T.);
#9762=FILL_AREA_STYLE('',(#11752));
#9763=EDGE_CURVE('',#11660,#11654,#11753,.T.);
#9764=EDGE_CURVE('',#11656,#11658,#11754,.T.);
#9765=FILL_AREA_STYLE('',(#11755));
#9766=EDGE_CURVE('',#11745,#11747,#11756,.T.);
#9767=EDGE_CURVE('',#11749,#11743,#11757,.T.);
#9768=FILL_AREA_STYLE('',(#11758));
#9769=FILL_AREA_STYLE('',(#11759));
#9770=FILL_AREA_STYLE('',(#11760));
#9771=FILL_AREA_STYLE('',(#11761));
#9772=EDGE_CURVE('',#11647,#11635,#11762,.T.);
#9773=EDGE_CURVE('',#11645,#11763,#11764,.T.);
#9774=EDGE_CURVE('',#11763,#11765,#11766,.T.);
#9775=EDGE_CURVE('',#11767,#11765,#11768,.T.);
#9776=EDGE_CURVE('',#11767,#11769,#11770,.T.);
#9777=EDGE_CURVE('',#11769,#11634,#11771,.T.);
#9778=FILL_AREA_STYLE('',(#11772));
#9779=EDGE_CURVE('',#11643,#11637,#11773,.T.);
#9780=EDGE_CURVE('',#11639,#11641,#11774,.T.);
#9781=FILL_AREA_STYLE('',(#11775));
#9782=EDGE_CURVE('',#11765,#11767,#11776,.T.);
#9783=EDGE_CURVE('',#11769,#11763,#11777,.T.);
#9784=FILL_AREA_STYLE('',(#11778));
#9785=FILL_AREA_STYLE('',(#11779));
#9786=FILL_AREA_STYLE('',(#11780));
#9787=FILL_AREA_STYLE('',(#11781));
#9788=EDGE_CURVE('',#11630,#11618,#11782,.T.);
#9789=EDGE_CURVE('',#11628,#11783,#11784,.T.);
#9790=EDGE_CURVE('',#11783,#11785,#11786,.T.);
#9791=EDGE_CURVE('',#11787,#11785,#11788,.T.);
#9792=EDGE_CURVE('',#11787,#11789,#11790,.T.);
#9793=EDGE_CURVE('',#11789,#11617,#11791,.T.);
#9794=FILL_AREA_STYLE('',(#11792));
#9795=EDGE_CURVE('',#11626,#11620,#11793,.T.);
#9796=EDGE_CURVE('',#11622,#11624,#11794,.T.);
#9797=FILL_AREA_STYLE('',(#11795));
#9798=EDGE_CURVE('',#11785,#11787,#11796,.T.);
#9799=EDGE_CURVE('',#11789,#11783,#11797,.T.);
#9800=FILL_AREA_STYLE('',(#11798));
#9801=FILL_AREA_STYLE('',(#11799));
#9802=FILL_AREA_STYLE('',(#11800));
#9803=FILL_AREA_STYLE('',(#11801));
#9804=EDGE_CURVE('',#11613,#11601,#11802,.T.);
#9805=EDGE_CURVE('',#11611,#11803,#11804,.T.);
#9806=EDGE_CURVE('',#11803,#11805,#11806,.T.);
#9807=EDGE_CURVE('',#11807,#11805,#11808,.T.);
#9808=EDGE_CURVE('',#11807,#11809,#11810,.T.);
#9809=EDGE_CURVE('',#11809,#11600,#11811,.T.);
#9810=FILL_AREA_STYLE('',(#11812));
#9811=EDGE_CURVE('',#11609,#11603,#11813,.T.);
#9812=EDGE_CURVE('',#11605,#11607,#11814,.T.);
#9813=FILL_AREA_STYLE('',(#11815));
#9814=EDGE_CURVE('',#11805,#11807,#11816,.T.);
#9815=EDGE_CURVE('',#11809,#11803,#11817,.T.);
#9816=FILL_AREA_STYLE('',(#11818));
#9817=FILL_AREA_STYLE('',(#11819));
#9818=FILL_AREA_STYLE('',(#11820));
#9819=FILL_AREA_STYLE('',(#11821));
#9820=EDGE_CURVE('',#11596,#11584,#11822,.T.);
#9821=EDGE_CURVE('',#11594,#11823,#11824,.T.);
#9822=EDGE_CURVE('',#11823,#11825,#11826,.T.);
#9823=EDGE_CURVE('',#11827,#11825,#11828,.T.);
#9824=EDGE_CURVE('',#11827,#11829,#11830,.T.);
#9825=EDGE_CURVE('',#11829,#11583,#11831,.T.);
#9826=FILL_AREA_STYLE('',(#11832));
#9827=EDGE_CURVE('',#11592,#11586,#11833,.T.);
#9828=EDGE_CURVE('',#11588,#11590,#11834,.T.);
#9829=FILL_AREA_STYLE('',(#11835));
#9830=EDGE_CURVE('',#11825,#11827,#11836,.T.);
#9831=EDGE_CURVE('',#11829,#11823,#11837,.T.);
#9832=FILL_AREA_STYLE('',(#11838));
#9833=FILL_AREA_STYLE('',(#11839));
#9834=FILL_AREA_STYLE('',(#11840));
#9835=FILL_AREA_STYLE('',(#11841));
#9836=EDGE_CURVE('',#11579,#11567,#11842,.T.);
#9837=EDGE_CURVE('',#11577,#11843,#11844,.T.);
#9838=EDGE_CURVE('',#11843,#11845,#11846,.T.);
#9839=EDGE_CURVE('',#11847,#11845,#11848,.T.);
#9840=EDGE_CURVE('',#11847,#11849,#11850,.T.);
#9841=EDGE_CURVE('',#11849,#11566,#11851,.T.);
#9842=FILL_AREA_STYLE('',(#11852));
#9843=EDGE_CURVE('',#11575,#11569,#11853,.T.);
#9844=EDGE_CURVE('',#11571,#11573,#11854,.T.);
#9845=FILL_AREA_STYLE('',(#11855));
#9846=EDGE_CURVE('',#11845,#11847,#11856,.T.);
#9847=EDGE_CURVE('',#11849,#11843,#11857,.T.);
#9848=FILL_AREA_STYLE('',(#11858));
#9849=FILL_AREA_STYLE('',(#11859));
#9850=FILL_AREA_STYLE('',(#11860));
#9851=FILL_AREA_STYLE('',(#11861));
#9852=EDGE_CURVE('',#11562,#11550,#11862,.T.);
#9853=EDGE_CURVE('',#11560,#11863,#11864,.T.);
#9854=EDGE_CURVE('',#11863,#11865,#11866,.T.);
#9855=EDGE_CURVE('',#11867,#11865,#11868,.T.);
#9856=EDGE_CURVE('',#11867,#11869,#11870,.T.);
#9857=EDGE_CURVE('',#11869,#11549,#11871,.T.);
#9858=FILL_AREA_STYLE('',(#11872));
#9859=EDGE_CURVE('',#11558,#11552,#11873,.T.);
#9860=EDGE_CURVE('',#11554,#11556,#11874,.T.);
#9861=FILL_AREA_STYLE('',(#11875));
#9862=EDGE_CURVE('',#11865,#11867,#11876,.T.);
#9863=EDGE_CURVE('',#11869,#11863,#11877,.T.);
#9864=FILL_AREA_STYLE('',(#11878));
#9865=FILL_AREA_STYLE('',(#11879));
#9866=FILL_AREA_STYLE('',(#11880));
#9867=FILL_AREA_STYLE('',(#11881));
#9868=EDGE_CURVE('',#11545,#11533,#11882,.T.);
#9869=EDGE_CURVE('',#11543,#11883,#11884,.T.);
#9870=EDGE_CURVE('',#11883,#11885,#11886,.T.);
#9871=EDGE_CURVE('',#11887,#11885,#11888,.T.);
#9872=EDGE_CURVE('',#11887,#11889,#11890,.T.);
#9873=EDGE_CURVE('',#11889,#11532,#11891,.T.);
#9874=FILL_AREA_STYLE('',(#11892));
#9875=EDGE_CURVE('',#11541,#11535,#11893,.T.);
#9876=EDGE_CURVE('',#11537,#11539,#11894,.T.);
#9877=FILL_AREA_STYLE('',(#11895));
#9878=EDGE_CURVE('',#11885,#11887,#11896,.T.);
#9879=EDGE_CURVE('',#11889,#11883,#11897,.T.);
#9880=FILL_AREA_STYLE('',(#11898));
#9881=FILL_AREA_STYLE('',(#11899));
#9882=FILL_AREA_STYLE('',(#11900));
#9883=FILL_AREA_STYLE('',(#11901));
#9884=EDGE_CURVE('',#11528,#11524,#11902,.T.);
#9885=EDGE_CURVE('',#11523,#11526,#11903,.T.);
#9886=FILL_AREA_STYLE('',(#11904));
#9887=FILL_AREA_STYLE('',(#11905));
#9888=EDGE_CURVE('',#11519,#11515,#11906,.T.);
#9889=EDGE_CURVE('',#11514,#11517,#11907,.T.);
#9890=FILL_AREA_STYLE('',(#11908));
#9891=FILL_AREA_STYLE('',(#11909));
#9892=EDGE_CURVE('',#11510,#11506,#11910,.T.);
#9893=EDGE_CURVE('',#11505,#11508,#11911,.T.);
#9894=FILL_AREA_STYLE('',(#11912));
#9895=FILL_AREA_STYLE('',(#11913));
#9896=EDGE_CURVE('',#11501,#11497,#11914,.T.);
#9897=EDGE_CURVE('',#11496,#11499,#11915,.T.);
#9898=FILL_AREA_STYLE('',(#11916));
#9899=FILL_AREA_STYLE('',(#11917));
#9900=EDGE_CURVE('',#11492,#11488,#11918,.T.);
#9901=EDGE_CURVE('',#11487,#11490,#11919,.T.);
#9902=FILL_AREA_STYLE('',(#11920));
#9903=FILL_AREA_STYLE('',(#11921));
#9904=EDGE_CURVE('',#11483,#11479,#11922,.T.);
#9905=EDGE_CURVE('',#11478,#11481,#11923,.T.);
#9906=FILL_AREA_STYLE('',(#11924));
#9907=FILL_AREA_STYLE('',(#11925));
#9908=EDGE_CURVE('',#11474,#11470,#11926,.T.);
#9909=EDGE_CURVE('',#11469,#11472,#11927,.T.);
#9910=FILL_AREA_STYLE('',(#11928));
#9911=FILL_AREA_STYLE('',(#11929));
#9912=EDGE_CURVE('',#11465,#11461,#11930,.T.);
#9913=EDGE_CURVE('',#11460,#11463,#11931,.T.);
#9914=FILL_AREA_STYLE('',(#11932));
#9915=FILL_AREA_STYLE('',(#11933));
#9916=EDGE_CURVE('',#11456,#11452,#11934,.T.);
#9917=EDGE_CURVE('',#11451,#11454,#11935,.T.);
#9918=FILL_AREA_STYLE('',(#11936));
#9919=FILL_AREA_STYLE('',(#11937));
#9920=EDGE_CURVE('',#11447,#11443,#11938,.T.);
#9921=EDGE_CURVE('',#11442,#11445,#11939,.T.);
#9922=FILL_AREA_STYLE('',(#11940));
#9923=FILL_AREA_STYLE('',(#11941));
#9924=EDGE_CURVE('',#11942,#11943,#11944,.T.);
#9925=EDGE_CURVE('',#11945,#11942,#11946,.T.);
#9926=EDGE_CURVE('',#11945,#11947,#11948,.T.);
#9927=EDGE_CURVE('',#11947,#11943,#11949,.T.);
#9928=FILL_AREA_STYLE('',(#11950));
#9929=EDGE_CURVE('',#11951,#11942,#11952,.T.);
#9930=EDGE_CURVE('',#11953,#11951,#11954,.T.);
#9931=EDGE_CURVE('',#11945,#11953,#11955,.T.);
#9932=FILL_AREA_STYLE('',(#11956));
#9933=EDGE_CURVE('',#11957,#11951,#11958,.T.);
#9934=EDGE_CURVE('',#11959,#11957,#11960,.T.);
#9935=EDGE_CURVE('',#11953,#11959,#11961,.T.);
#9936=EDGE_CURVE('',#11962,#11963,#11964,.T.);
#9937=EDGE_CURVE('',#11963,#11965,#11966,.T.);
#9938=EDGE_CURVE('',#11965,#11967,#11968,.T.);
#9939=EDGE_CURVE('',#11967,#11962,#11969,.T.);
#9940=FILL_AREA_STYLE('',(#11970));
#9941=EDGE_CURVE('',#11438,#11436,#11971,.T.);
#9942=EDGE_CURVE('',#11432,#11430,#11972,.T.);
#9943=FILL_AREA_STYLE('',(#11973));
#9944=EDGE_CURVE('',#11426,#11422,#11974,.T.);
#9945=FILL_AREA_STYLE('',(#11975));
#9946=EDGE_CURVE('',#11424,#11421,#11976,.T.);
#9947=FILL_AREA_STYLE('',(#11977));
#9948=FILL_AREA_STYLE('',(#11978));
#9949=EDGE_CURVE('',#11979,#11963,#11980,.T.);
#9950=EDGE_CURVE('',#11981,#11979,#11982,.T.);
#9951=EDGE_CURVE('',#11983,#11981,#11984,.T.);
#9952=EDGE_CURVE('',#11985,#11983,#11986,.T.);
#9953=EDGE_CURVE('',#11985,#11987,#11988,.T.);
#9954=EDGE_CURVE('',#11989,#11987,#11990,.T.);
#9955=EDGE_CURVE('',#11989,#11965,#11991,.T.);
#9956=FILL_AREA_STYLE('',(#11992));
#9957=EDGE_CURVE('',#11962,#11993,#11994,.T.);
#9958=EDGE_CURVE('',#11979,#11993,#11995,.T.);
#9959=FILL_AREA_STYLE('',(#11996));
#9960=EDGE_CURVE('',#11993,#11997,#11998,.T.);
#9961=EDGE_CURVE('',#11981,#11997,#11999,.T.);
#9962=FILL_AREA_STYLE('',(#12000));
#9963=EDGE_CURVE('',#11997,#12001,#12002,.T.);
#9964=EDGE_CURVE('',#11983,#12001,#12003,.T.);
#9965=FILL_AREA_STYLE('',(#12004));
#9966=EDGE_CURVE('',#12001,#12005,#12006,.T.);
#9967=EDGE_CURVE('',#11985,#12005,#12007,.T.);
#9968=FILL_AREA_STYLE('',(#12008));
#9969=EDGE_CURVE('',#12005,#12009,#12010,.T.);
#9970=EDGE_CURVE('',#11987,#12009,#12011,.T.);
#9971=FILL_AREA_STYLE('',(#12012));
#9972=EDGE_CURVE('',#12009,#12013,#12014,.T.);
#9973=EDGE_CURVE('',#11989,#12013,#12015,.T.);
#9974=FILL_AREA_STYLE('',(#12016));
#9975=EDGE_CURVE('',#12013,#11967,#12017,.T.);
#9976=FILL_AREA_STYLE('',(#12018));
#9977=FILL_AREA_STYLE('',(#12019));
#9978=EDGE_CURVE('',#12020,#11957,#12021,.T.);
#9979=EDGE_CURVE('',#12022,#12020,#12023,.T.);
#9980=EDGE_CURVE('',#12022,#11959,#12024,.T.);
#9981=FILL_AREA_STYLE('',(#12025));
#9982=EDGE_CURVE('',#12026,#12020,#12027,.T.);
#9983=EDGE_CURVE('',#12028,#12026,#12029,.T.);
#9984=EDGE_CURVE('',#12028,#12022,#12030,.T.);
#9985=FILL_AREA_STYLE('',(#12031));
#9986=EDGE_CURVE('',#11943,#12026,#12032,.T.);
#9987=EDGE_CURVE('',#12028,#11947,#12033,.T.);
#9988=FILL_AREA_STYLE('',(#12034));
#9989=FILL_AREA_STYLE('',(#12035));
#9990=EDGE_CURVE('',#12036,#12037,#12038,.T.);
#9991=EDGE_CURVE('',#12039,#12036,#12040,.T.);
#9992=EDGE_CURVE('',#12039,#12041,#12042,.T.);
#9993=EDGE_CURVE('',#12041,#12037,#12043,.T.);
#9994=FILL_AREA_STYLE('',(#12044));
#9995=EDGE_CURVE('',#12045,#12036,#12046,.T.);
#9996=EDGE_CURVE('',#12047,#12045,#12048,.T.);
#9997=EDGE_CURVE('',#12039,#12047,#12049,.T.);
#9998=FILL_AREA_STYLE('',(#12050));
#9999=EDGE_CURVE('',#12051,#12045,#12052,.T.);
#10000=EDGE_CURVE('',#12053,#12051,#12054,.T.);
#10001=EDGE_CURVE('',#12047,#12053,#12055,.T.);
#10002=EDGE_CURVE('',#12056,#12057,#12058,.T.);
#10003=EDGE_CURVE('',#12057,#12059,#12060,.T.);
#10004=EDGE_CURVE('',#12059,#12061,#12062,.T.);
#10005=EDGE_CURVE('',#12061,#12056,#12063,.T.);
#10006=FILL_AREA_STYLE('',(#12064));
#10007=EDGE_CURVE('',#11417,#11415,#12065,.T.);
#10008=EDGE_CURVE('',#11411,#11409,#12066,.T.);
#10009=FILL_AREA_STYLE('',(#12067));
#10010=EDGE_CURVE('',#11405,#11401,#12068,.T.);
#10011=FILL_AREA_STYLE('',(#12069));
#10012=EDGE_CURVE('',#11403,#11400,#12070,.T.);
#10013=FILL_AREA_STYLE('',(#12071));
#10014=FILL_AREA_STYLE('',(#12072));
#10015=EDGE_CURVE('',#12073,#12057,#12074,.T.);
#10016=EDGE_CURVE('',#12075,#12073,#12076,.T.);
#10017=EDGE_CURVE('',#12077,#12075,#12078,.T.);
#10018=EDGE_CURVE('',#12079,#12077,#12080,.T.);
#10019=EDGE_CURVE('',#12079,#12081,#12082,.T.);
#10020=EDGE_CURVE('',#12083,#12081,#12084,.T.);
#10021=EDGE_CURVE('',#12083,#12059,#12085,.T.);
#10022=FILL_AREA_STYLE('',(#12086));
#10023=EDGE_CURVE('',#12056,#12087,#12088,.T.);
#10024=EDGE_CURVE('',#12073,#12087,#12089,.T.);
#10025=FILL_AREA_STYLE('',(#12090));
#10026=EDGE_CURVE('',#12087,#12091,#12092,.T.);
#10027=EDGE_CURVE('',#12075,#12091,#12093,.T.);
#10028=FILL_AREA_STYLE('',(#12094));
#10029=EDGE_CURVE('',#12091,#12095,#12096,.T.);
#10030=EDGE_CURVE('',#12077,#12095,#12097,.T.);
#10031=FILL_AREA_STYLE('',(#12098));
#10032=EDGE_CURVE('',#12095,#12099,#12100,.T.);
#10033=EDGE_CURVE('',#12079,#12099,#12101,.T.);
#10034=FILL_AREA_STYLE('',(#12102));
#10035=EDGE_CURVE('',#12099,#12103,#12104,.T.);
#10036=EDGE_CURVE('',#12081,#12103,#12105,.T.);
#10037=FILL_AREA_STYLE('',(#12106));
#10038=EDGE_CURVE('',#12103,#12107,#12108,.T.);
#10039=EDGE_CURVE('',#12083,#12107,#12109,.T.);
#10040=FILL_AREA_STYLE('',(#12110));
#10041=EDGE_CURVE('',#12107,#12061,#12111,.T.);
#10042=FILL_AREA_STYLE('',(#12112));
#10043=FILL_AREA_STYLE('',(#12113));
#10044=EDGE_CURVE('',#12114,#12051,#12115,.T.);
#10045=EDGE_CURVE('',#12116,#12114,#12117,.T.);
#10046=EDGE_CURVE('',#12116,#12053,#12118,.T.);
#10047=FILL_AREA_STYLE('',(#12119));
#10048=EDGE_CURVE('',#12120,#12114,#12121,.T.);
#10049=EDGE_CURVE('',#12122,#12120,#12123,.T.);
#10050=EDGE_CURVE('',#12122,#12116,#12124,.T.);
#10051=FILL_AREA_STYLE('',(#12125));
#10052=EDGE_CURVE('',#12037,#12120,#12126,.T.);
#10053=EDGE_CURVE('',#12122,#12041,#12127,.T.);
#10054=FILL_AREA_STYLE('',(#12128));
#10055=FILL_AREA_STYLE('',(#12129));
#10056=EDGE_CURVE('',#12130,#12131,#12132,.T.);
#10057=EDGE_CURVE('',#12133,#12130,#12134,.T.);
#10058=EDGE_CURVE('',#12133,#12135,#12136,.T.);
#10059=EDGE_CURVE('',#12135,#12131,#12137,.T.);
#10060=FILL_AREA_STYLE('',(#12138));
#10061=EDGE_CURVE('',#12139,#12130,#12140,.T.);
#10062=EDGE_CURVE('',#12141,#12139,#12142,.T.);
#10063=EDGE_CURVE('',#12133,#12141,#12143,.T.);
#10064=FILL_AREA_STYLE('',(#12144));
#10065=EDGE_CURVE('',#12145,#12139,#12146,.T.);
#10066=EDGE_CURVE('',#12147,#12145,#12148,.T.);
#10067=EDGE_CURVE('',#12141,#12147,#12149,.T.);
#10068=EDGE_CURVE('',#12150,#12151,#12152,.T.);
#10069=EDGE_CURVE('',#12151,#12153,#12154,.T.);
#10070=EDGE_CURVE('',#12153,#12155,#12156,.T.);
#10071=EDGE_CURVE('',#12155,#12150,#12157,.T.);
#10072=FILL_AREA_STYLE('',(#12158));
#10073=EDGE_CURVE('',#11396,#11394,#12159,.T.);
#10074=EDGE_CURVE('',#11390,#11388,#12160,.T.);
#10075=FILL_AREA_STYLE('',(#12161));
#10076=EDGE_CURVE('',#11384,#11380,#12162,.T.);
#10077=FILL_AREA_STYLE('',(#12163));
#10078=EDGE_CURVE('',#11382,#11379,#12164,.T.);
#10079=FILL_AREA_STYLE('',(#12165));
#10080=FILL_AREA_STYLE('',(#12166));
#10081=EDGE_CURVE('',#12167,#12151,#12168,.T.);
#10082=EDGE_CURVE('',#12169,#12167,#12170,.T.);
#10083=EDGE_CURVE('',#12171,#12169,#12172,.T.);
#10084=EDGE_CURVE('',#12173,#12171,#12174,.T.);
#10085=EDGE_CURVE('',#12173,#12175,#12176,.T.);
#10086=EDGE_CURVE('',#12177,#12175,#12178,.T.);
#10087=EDGE_CURVE('',#12177,#12153,#12179,.T.);
#10088=FILL_AREA_STYLE('',(#12180));
#10089=EDGE_CURVE('',#12150,#12181,#12182,.T.);
#10090=EDGE_CURVE('',#12167,#12181,#12183,.T.);
#10091=FILL_AREA_STYLE('',(#12184));
#10092=EDGE_CURVE('',#12181,#12185,#12186,.T.);
#10093=EDGE_CURVE('',#12169,#12185,#12187,.T.);
#10094=FILL_AREA_STYLE('',(#12188));
#10095=EDGE_CURVE('',#12185,#12189,#12190,.T.);
#10096=EDGE_CURVE('',#12171,#12189,#12191,.T.);
#10097=FILL_AREA_STYLE('',(#12192));
#10098=EDGE_CURVE('',#12189,#12193,#12194,.T.);
#10099=EDGE_CURVE('',#12173,#12193,#12195,.T.);
#10100=FILL_AREA_STYLE('',(#12196));
#10101=EDGE_CURVE('',#12193,#12197,#12198,.T.);
#10102=EDGE_CURVE('',#12175,#12197,#12199,.T.);
#10103=FILL_AREA_STYLE('',(#12200));
#10104=EDGE_CURVE('',#12197,#12201,#12202,.T.);
#10105=EDGE_CURVE('',#12177,#12201,#12203,.T.);
#10106=FILL_AREA_STYLE('',(#12204));
#10107=EDGE_CURVE('',#12201,#12155,#12205,.T.);
#10108=FILL_AREA_STYLE('',(#12206));
#10109=FILL_AREA_STYLE('',(#12207));
#10110=EDGE_CURVE('',#12208,#12145,#12209,.T.);
#10111=EDGE_CURVE('',#12210,#12208,#12211,.T.);
#10112=EDGE_CURVE('',#12210,#12147,#12212,.T.);
#10113=FILL_AREA_STYLE('',(#12213));
#10114=EDGE_CURVE('',#12214,#12208,#12215,.T.);
#10115=EDGE_CURVE('',#12216,#12214,#12217,.T.);
#10116=EDGE_CURVE('',#12216,#12210,#12218,.T.);
#10117=FILL_AREA_STYLE('',(#12219));
#10118=EDGE_CURVE('',#12131,#12214,#12220,.T.);
#10119=EDGE_CURVE('',#12216,#12135,#12221,.T.);
#10120=FILL_AREA_STYLE('',(#12222));
#10121=FILL_AREA_STYLE('',(#12223));
#10122=EDGE_CURVE('',#12224,#12225,#12226,.T.);
#10123=EDGE_CURVE('',#12227,#12224,#12228,.T.);
#10124=EDGE_CURVE('',#12227,#12229,#12230,.T.);
#10125=EDGE_CURVE('',#12229,#12225,#12231,.T.);
#10126=FILL_AREA_STYLE('',(#12232));
#10127=EDGE_CURVE('',#12233,#12224,#12234,.T.);
#10128=EDGE_CURVE('',#12235,#12233,#12236,.T.);
#10129=EDGE_CURVE('',#12227,#12235,#12237,.T.);
#10130=FILL_AREA_STYLE('',(#12238));
#10131=EDGE_CURVE('',#12239,#12233,#12240,.T.);
#10132=EDGE_CURVE('',#12241,#12239,#12242,.T.);
#10133=EDGE_CURVE('',#12235,#12241,#12243,.T.);
#10134=EDGE_CURVE('',#12244,#12245,#12246,.T.);
#10135=EDGE_CURVE('',#12245,#12247,#12248,.T.);
#10136=EDGE_CURVE('',#12247,#12249,#12250,.T.);
#10137=EDGE_CURVE('',#12249,#12244,#12251,.T.);
#10138=FILL_AREA_STYLE('',(#12252));
#10139=EDGE_CURVE('',#11375,#11373,#12253,.T.);
#10140=EDGE_CURVE('',#11369,#11367,#12254,.T.);
#10141=FILL_AREA_STYLE('',(#12255));
#10142=EDGE_CURVE('',#11363,#11359,#12256,.T.);
#10143=FILL_AREA_STYLE('',(#12257));
#10144=EDGE_CURVE('',#11361,#11358,#12258,.T.);
#10145=FILL_AREA_STYLE('',(#12259));
#10146=FILL_AREA_STYLE('',(#12260));
#10147=EDGE_CURVE('',#12261,#12245,#12262,.T.);
#10148=EDGE_CURVE('',#12263,#12261,#12264,.T.);
#10149=EDGE_CURVE('',#12265,#12263,#12266,.T.);
#10150=EDGE_CURVE('',#12267,#12265,#12268,.T.);
#10151=EDGE_CURVE('',#12267,#12269,#12270,.T.);
#10152=EDGE_CURVE('',#12271,#12269,#12272,.T.);
#10153=EDGE_CURVE('',#12271,#12247,#12273,.T.);
#10154=FILL_AREA_STYLE('',(#12274));
#10155=EDGE_CURVE('',#12244,#12275,#12276,.T.);
#10156=EDGE_CURVE('',#12261,#12275,#12277,.T.);
#10157=FILL_AREA_STYLE('',(#12278));
#10158=EDGE_CURVE('',#12275,#12279,#12280,.T.);
#10159=EDGE_CURVE('',#12263,#12279,#12281,.T.);
#10160=FILL_AREA_STYLE('',(#12282));
#10161=EDGE_CURVE('',#12279,#12283,#12284,.T.);
#10162=EDGE_CURVE('',#12265,#12283,#12285,.T.);
#10163=FILL_AREA_STYLE('',(#12286));
#10164=EDGE_CURVE('',#12283,#12287,#12288,.T.);
#10165=EDGE_CURVE('',#12267,#12287,#12289,.T.);
#10166=FILL_AREA_STYLE('',(#12290));
#10167=EDGE_CURVE('',#12287,#12291,#12292,.T.);
#10168=EDGE_CURVE('',#12269,#12291,#12293,.T.);
#10169=FILL_AREA_STYLE('',(#12294));
#10170=EDGE_CURVE('',#12291,#12295,#12296,.T.);
#10171=EDGE_CURVE('',#12271,#12295,#12297,.T.);
#10172=FILL_AREA_STYLE('',(#12298));
#10173=EDGE_CURVE('',#12295,#12249,#12299,.T.);
#10174=FILL_AREA_STYLE('',(#12300));
#10175=FILL_AREA_STYLE('',(#12301));
#10176=EDGE_CURVE('',#12302,#12239,#12303,.T.);
#10177=EDGE_CURVE('',#12304,#12302,#12305,.T.);
#10178=EDGE_CURVE('',#12304,#12241,#12306,.T.);
#10179=FILL_AREA_STYLE('',(#12307));
#10180=EDGE_CURVE('',#12308,#12302,#12309,.T.);
#10181=EDGE_CURVE('',#12310,#12308,#12311,.T.);
#10182=EDGE_CURVE('',#12310,#12304,#12312,.T.);
#10183=FILL_AREA_STYLE('',(#12313));
#10184=EDGE_CURVE('',#12225,#12308,#12314,.T.);
#10185=EDGE_CURVE('',#12310,#12229,#12315,.T.);
#10186=FILL_AREA_STYLE('',(#12316));
#10187=FILL_AREA_STYLE('',(#12317));
#10188=EDGE_CURVE('',#12318,#12319,#12320,.T.);
#10189=EDGE_CURVE('',#12321,#12318,#12322,.T.);
#10190=EDGE_CURVE('',#12321,#12323,#12324,.T.);
#10191=EDGE_CURVE('',#12323,#12319,#12325,.T.);
#10192=FILL_AREA_STYLE('',(#12326));
#10193=EDGE_CURVE('',#12327,#12318,#12328,.T.);
#10194=EDGE_CURVE('',#12329,#12327,#12330,.T.);
#10195=EDGE_CURVE('',#12321,#12329,#12331,.T.);
#10196=FILL_AREA_STYLE('',(#12332));
#10197=EDGE_CURVE('',#12333,#12327,#12334,.T.);
#10198=EDGE_CURVE('',#12335,#12333,#12336,.T.);
#10199=EDGE_CURVE('',#12329,#12335,#12337,.T.);
#10200=EDGE_CURVE('',#12338,#12339,#12340,.T.);
#10201=EDGE_CURVE('',#12339,#12341,#12342,.T.);
#10202=EDGE_CURVE('',#12341,#12343,#12344,.T.);
#10203=EDGE_CURVE('',#12343,#12338,#12345,.T.);
#10204=FILL_AREA_STYLE('',(#12346));
#10205=EDGE_CURVE('',#11354,#11352,#12347,.T.);
#10206=EDGE_CURVE('',#11348,#11346,#12348,.T.);
#10207=FILL_AREA_STYLE('',(#12349));
#10208=EDGE_CURVE('',#11342,#11338,#12350,.T.);
#10209=FILL_AREA_STYLE('',(#12351));
#10210=EDGE_CURVE('',#11340,#11337,#12352,.T.);
#10211=FILL_AREA_STYLE('',(#12353));
#10212=FILL_AREA_STYLE('',(#12354));
#10213=EDGE_CURVE('',#12355,#12339,#12356,.T.);
#10214=EDGE_CURVE('',#12357,#12355,#12358,.T.);
#10215=EDGE_CURVE('',#12359,#12357,#12360,.T.);
#10216=EDGE_CURVE('',#12361,#12359,#12362,.T.);
#10217=EDGE_CURVE('',#12361,#12363,#12364,.T.);
#10218=EDGE_CURVE('',#12365,#12363,#12366,.T.);
#10219=EDGE_CURVE('',#12365,#12341,#12367,.T.);
#10220=FILL_AREA_STYLE('',(#12368));
#10221=EDGE_CURVE('',#12338,#12369,#12370,.T.);
#10222=EDGE_CURVE('',#12355,#12369,#12371,.T.);
#10223=FILL_AREA_STYLE('',(#12372));
#10224=EDGE_CURVE('',#12369,#12373,#12374,.T.);
#10225=EDGE_CURVE('',#12357,#12373,#12375,.T.);
#10226=FILL_AREA_STYLE('',(#12376));
#10227=EDGE_CURVE('',#12373,#12377,#12378,.T.);
#10228=EDGE_CURVE('',#12359,#12377,#12379,.T.);
#10229=FILL_AREA_STYLE('',(#12380));
#10230=EDGE_CURVE('',#12377,#12381,#12382,.T.);
#10231=EDGE_CURVE('',#12361,#12381,#12383,.T.);
#10232=FILL_AREA_STYLE('',(#12384));
#10233=EDGE_CURVE('',#12381,#12385,#12386,.T.);
#10234=EDGE_CURVE('',#12363,#12385,#12387,.T.);
#10235=FILL_AREA_STYLE('',(#12388));
#10236=EDGE_CURVE('',#12385,#12389,#12390,.T.);
#10237=EDGE_CURVE('',#12365,#12389,#12391,.T.);
#10238=FILL_AREA_STYLE('',(#12392));
#10239=EDGE_CURVE('',#12389,#12343,#12393,.T.);
#10240=FILL_AREA_STYLE('',(#12394));
#10241=FILL_AREA_STYLE('',(#12395));
#10242=EDGE_CURVE('',#12396,#12333,#12397,.T.);
#10243=EDGE_CURVE('',#12398,#12396,#12399,.T.);
#10244=EDGE_CURVE('',#12398,#12335,#12400,.T.);
#10245=FILL_AREA_STYLE('',(#12401));
#10246=EDGE_CURVE('',#12402,#12396,#12403,.T.);
#10247=EDGE_CURVE('',#12404,#12402,#12405,.T.);
#10248=EDGE_CURVE('',#12404,#12398,#12406,.T.);
#10249=FILL_AREA_STYLE('',(#12407));
#10250=EDGE_CURVE('',#12319,#12402,#12408,.T.);
#10251=EDGE_CURVE('',#12404,#12323,#12409,.T.);
#10252=FILL_AREA_STYLE('',(#12410));
#10253=FILL_AREA_STYLE('',(#12411));
#10254=EDGE_CURVE('',#12412,#12413,#12414,.T.);
#10255=EDGE_CURVE('',#12415,#12412,#12416,.T.);
#10256=EDGE_CURVE('',#12415,#12417,#12418,.T.);
#10257=EDGE_CURVE('',#12417,#12413,#12419,.T.);
#10258=FILL_AREA_STYLE('',(#12420));
#10259=EDGE_CURVE('',#12421,#12412,#12422,.T.);
#10260=EDGE_CURVE('',#12423,#12421,#12424,.T.);
#10261=EDGE_CURVE('',#12415,#12423,#12425,.T.);
#10262=FILL_AREA_STYLE('',(#12426));
#10263=EDGE_CURVE('',#12427,#12421,#12428,.T.);
#10264=EDGE_CURVE('',#12429,#12427,#12430,.T.);
#10265=EDGE_CURVE('',#12423,#12429,#12431,.T.);
#10266=EDGE_CURVE('',#12432,#12433,#12434,.T.);
#10267=EDGE_CURVE('',#12433,#12435,#12436,.T.);
#10268=EDGE_CURVE('',#12435,#12437,#12438,.T.);
#10269=EDGE_CURVE('',#12437,#12432,#12439,.T.);
#10270=FILL_AREA_STYLE('',(#12440));
#10271=EDGE_CURVE('',#11333,#11331,#12441,.T.);
#10272=EDGE_CURVE('',#11327,#11325,#12442,.T.);
#10273=FILL_AREA_STYLE('',(#12443));
#10274=EDGE_CURVE('',#11321,#11317,#12444,.T.);
#10275=FILL_AREA_STYLE('',(#12445));
#10276=EDGE_CURVE('',#11319,#11316,#12446,.T.);
#10277=FILL_AREA_STYLE('',(#12447));
#10278=FILL_AREA_STYLE('',(#12448));
#10279=EDGE_CURVE('',#12449,#12433,#12450,.T.);
#10280=EDGE_CURVE('',#12451,#12449,#12452,.T.);
#10281=EDGE_CURVE('',#12453,#12451,#12454,.T.);
#10282=EDGE_CURVE('',#12455,#12453,#12456,.T.);
#10283=EDGE_CURVE('',#12455,#12457,#12458,.T.);
#10284=EDGE_CURVE('',#12459,#12457,#12460,.T.);
#10285=EDGE_CURVE('',#12459,#12435,#12461,.T.);
#10286=FILL_AREA_STYLE('',(#12462));
#10287=EDGE_CURVE('',#12432,#12463,#12464,.T.);
#10288=EDGE_CURVE('',#12449,#12463,#12465,.T.);
#10289=FILL_AREA_STYLE('',(#12466));
#10290=EDGE_CURVE('',#12463,#12467,#12468,.T.);
#10291=EDGE_CURVE('',#12451,#12467,#12469,.T.);
#10292=FILL_AREA_STYLE('',(#12470));
#10293=EDGE_CURVE('',#12467,#12471,#12472,.T.);
#10294=EDGE_CURVE('',#12453,#12471,#12473,.T.);
#10295=FILL_AREA_STYLE('',(#12474));
#10296=EDGE_CURVE('',#12471,#12475,#12476,.T.);
#10297=EDGE_CURVE('',#12455,#12475,#12477,.T.);
#10298=FILL_AREA_STYLE('',(#12478));
#10299=EDGE_CURVE('',#12475,#12479,#12480,.T.);
#10300=EDGE_CURVE('',#12457,#12479,#12481,.T.);
#10301=FILL_AREA_STYLE('',(#12482));
#10302=EDGE_CURVE('',#12479,#12483,#12484,.T.);
#10303=EDGE_CURVE('',#12459,#12483,#12485,.T.);
#10304=FILL_AREA_STYLE('',(#12486));
#10305=EDGE_CURVE('',#12483,#12437,#12487,.T.);
#10306=FILL_AREA_STYLE('',(#12488));
#10307=FILL_AREA_STYLE('',(#12489));
#10308=EDGE_CURVE('',#12490,#12427,#12491,.T.);
#10309=EDGE_CURVE('',#12492,#12490,#12493,.T.);
#10310=EDGE_CURVE('',#12492,#12429,#12494,.T.);
#10311=FILL_AREA_STYLE('',(#12495));
#10312=EDGE_CURVE('',#12496,#12490,#12497,.T.);
#10313=EDGE_CURVE('',#12498,#12496,#12499,.T.);
#10314=EDGE_CURVE('',#12498,#12492,#12500,.T.);
#10315=FILL_AREA_STYLE('',(#12501));
#10316=EDGE_CURVE('',#12413,#12496,#12502,.T.);
#10317=EDGE_CURVE('',#12498,#12417,#12503,.T.);
#10318=FILL_AREA_STYLE('',(#12504));
#10319=FILL_AREA_STYLE('',(#12505));
#10320=EDGE_CURVE('',#12506,#12507,#12508,.T.);
#10321=EDGE_CURVE('',#12509,#12506,#12510,.T.);
#10322=EDGE_CURVE('',#12509,#12511,#12512,.T.);
#10323=EDGE_CURVE('',#12511,#12507,#12513,.T.);
#10324=FILL_AREA_STYLE('',(#12514));
#10325=EDGE_CURVE('',#12515,#12506,#12516,.T.);
#10326=EDGE_CURVE('',#12517,#12515,#12518,.T.);
#10327=EDGE_CURVE('',#12509,#12517,#12519,.T.);
#10328=FILL_AREA_STYLE('',(#12520));
#10329=EDGE_CURVE('',#12521,#12515,#12522,.T.);
#10330=EDGE_CURVE('',#12523,#12521,#12524,.T.);
#10331=EDGE_CURVE('',#12517,#12523,#12525,.T.);
#10332=EDGE_CURVE('',#12526,#12527,#12528,.T.);
#10333=EDGE_CURVE('',#12527,#12529,#12530,.T.);
#10334=EDGE_CURVE('',#12529,#12531,#12532,.T.);
#10335=EDGE_CURVE('',#12531,#12526,#12533,.T.);
#10336=FILL_AREA_STYLE('',(#12534));
#10337=EDGE_CURVE('',#11312,#11310,#12535,.T.);
#10338=EDGE_CURVE('',#11306,#11304,#12536,.T.);
#10339=FILL_AREA_STYLE('',(#12537));
#10340=EDGE_CURVE('',#11300,#11296,#12538,.T.);
#10341=FILL_AREA_STYLE('',(#12539));
#10342=EDGE_CURVE('',#11298,#11295,#12540,.T.);
#10343=FILL_AREA_STYLE('',(#12541));
#10344=FILL_AREA_STYLE('',(#12542));
#10345=EDGE_CURVE('',#12543,#12527,#12544,.T.);
#10346=EDGE_CURVE('',#12545,#12543,#12546,.T.);
#10347=EDGE_CURVE('',#12547,#12545,#12548,.T.);
#10348=EDGE_CURVE('',#12549,#12547,#12550,.T.);
#10349=EDGE_CURVE('',#12549,#12551,#12552,.T.);
#10350=EDGE_CURVE('',#12553,#12551,#12554,.T.);
#10351=EDGE_CURVE('',#12553,#12529,#12555,.T.);
#10352=FILL_AREA_STYLE('',(#12556));
#10353=EDGE_CURVE('',#12526,#12557,#12558,.T.);
#10354=EDGE_CURVE('',#12543,#12557,#12559,.T.);
#10355=FILL_AREA_STYLE('',(#12560));
#10356=EDGE_CURVE('',#12557,#12561,#12562,.T.);
#10357=EDGE_CURVE('',#12545,#12561,#12563,.T.);
#10358=FILL_AREA_STYLE('',(#12564));
#10359=EDGE_CURVE('',#12561,#12565,#12566,.T.);
#10360=EDGE_CURVE('',#12547,#12565,#12567,.T.);
#10361=FILL_AREA_STYLE('',(#12568));
#10362=EDGE_CURVE('',#12565,#12569,#12570,.T.);
#10363=EDGE_CURVE('',#12549,#12569,#12571,.T.);
#10364=FILL_AREA_STYLE('',(#12572));
#10365=EDGE_CURVE('',#12569,#12573,#12574,.T.);
#10366=EDGE_CURVE('',#12551,#12573,#12575,.T.);
#10367=FILL_AREA_STYLE('',(#12576));
#10368=EDGE_CURVE('',#12573,#12577,#12578,.T.);
#10369=EDGE_CURVE('',#12553,#12577,#12579,.T.);
#10370=FILL_AREA_STYLE('',(#12580));
#10371=EDGE_CURVE('',#12577,#12531,#12581,.T.);
#10372=FILL_AREA_STYLE('',(#12582));
#10373=FILL_AREA_STYLE('',(#12583));
#10374=EDGE_CURVE('',#12584,#12521,#12585,.T.);
#10375=EDGE_CURVE('',#12586,#12584,#12587,.T.);
#10376=EDGE_CURVE('',#12586,#12523,#12588,.T.);
#10377=FILL_AREA_STYLE('',(#12589));
#10378=EDGE_CURVE('',#12590,#12584,#12591,.T.);
#10379=EDGE_CURVE('',#12592,#12590,#12593,.T.);
#10380=EDGE_CURVE('',#12592,#12586,#12594,.T.);
#10381=FILL_AREA_STYLE('',(#12595));
#10382=EDGE_CURVE('',#12507,#12590,#12596,.T.);
#10383=EDGE_CURVE('',#12592,#12511,#12597,.T.);
#10384=FILL_AREA_STYLE('',(#12598));
#10385=FILL_AREA_STYLE('',(#12599));
#10386=EDGE_CURVE('',#12600,#12601,#12602,.T.);
#10387=EDGE_CURVE('',#12603,#12600,#12604,.T.);
#10388=EDGE_CURVE('',#12603,#12605,#12606,.T.);
#10389=EDGE_CURVE('',#12605,#12601,#12607,.T.);
#10390=FILL_AREA_STYLE('',(#12608));
#10391=EDGE_CURVE('',#12609,#12600,#12610,.T.);
#10392=EDGE_CURVE('',#12611,#12609,#12612,.T.);
#10393=EDGE_CURVE('',#12603,#12611,#12613,.T.);
#10394=FILL_AREA_STYLE('',(#12614));
#10395=EDGE_CURVE('',#12615,#12609,#12616,.T.);
#10396=EDGE_CURVE('',#12617,#12615,#12618,.T.);
#10397=EDGE_CURVE('',#12611,#12617,#12619,.T.);
#10398=EDGE_CURVE('',#12620,#12621,#12622,.T.);
#10399=EDGE_CURVE('',#12621,#12623,#12624,.T.);
#10400=EDGE_CURVE('',#12623,#12625,#12626,.T.);
#10401=EDGE_CURVE('',#12625,#12620,#12627,.T.);
#10402=FILL_AREA_STYLE('',(#12628));
#10403=EDGE_CURVE('',#11291,#11289,#12629,.T.);
#10404=EDGE_CURVE('',#11285,#11283,#12630,.T.);
#10405=FILL_AREA_STYLE('',(#12631));
#10406=EDGE_CURVE('',#11279,#11275,#12632,.T.);
#10407=FILL_AREA_STYLE('',(#12633));
#10408=EDGE_CURVE('',#11277,#11274,#12634,.T.);
#10409=FILL_AREA_STYLE('',(#12635));
#10410=FILL_AREA_STYLE('',(#12636));
#10411=EDGE_CURVE('',#12637,#12621,#12638,.T.);
#10412=EDGE_CURVE('',#12639,#12637,#12640,.T.);
#10413=EDGE_CURVE('',#12641,#12639,#12642,.T.);
#10414=EDGE_CURVE('',#12643,#12641,#12644,.T.);
#10415=EDGE_CURVE('',#12643,#12645,#12646,.T.);
#10416=EDGE_CURVE('',#12647,#12645,#12648,.T.);
#10417=EDGE_CURVE('',#12647,#12623,#12649,.T.);
#10418=FILL_AREA_STYLE('',(#12650));
#10419=EDGE_CURVE('',#12620,#12651,#12652,.T.);
#10420=EDGE_CURVE('',#12637,#12651,#12653,.T.);
#10421=FILL_AREA_STYLE('',(#12654));
#10422=EDGE_CURVE('',#12651,#12655,#12656,.T.);
#10423=EDGE_CURVE('',#12639,#12655,#12657,.T.);
#10424=FILL_AREA_STYLE('',(#12658));
#10425=EDGE_CURVE('',#12655,#12659,#12660,.T.);
#10426=EDGE_CURVE('',#12641,#12659,#12661,.T.);
#10427=FILL_AREA_STYLE('',(#12662));
#10428=EDGE_CURVE('',#12659,#12663,#12664,.T.);
#10429=EDGE_CURVE('',#12643,#12663,#12665,.T.);
#10430=FILL_AREA_STYLE('',(#12666));
#10431=EDGE_CURVE('',#12663,#12667,#12668,.T.);
#10432=EDGE_CURVE('',#12645,#12667,#12669,.T.);
#10433=FILL_AREA_STYLE('',(#12670));
#10434=EDGE_CURVE('',#12667,#12671,#12672,.T.);
#10435=EDGE_CURVE('',#12647,#12671,#12673,.T.);
#10436=FILL_AREA_STYLE('',(#12674));
#10437=EDGE_CURVE('',#12671,#12625,#12675,.T.);
#10438=FILL_AREA_STYLE('',(#12676));
#10439=FILL_AREA_STYLE('',(#12677));
#10440=EDGE_CURVE('',#12678,#12615,#12679,.T.);
#10441=EDGE_CURVE('',#12680,#12678,#12681,.T.);
#10442=EDGE_CURVE('',#12680,#12617,#12682,.T.);
#10443=FILL_AREA_STYLE('',(#12683));
#10444=EDGE_CURVE('',#12684,#12678,#12685,.T.);
#10445=EDGE_CURVE('',#12686,#12684,#12687,.T.);
#10446=EDGE_CURVE('',#12686,#12680,#12688,.T.);
#10447=FILL_AREA_STYLE('',(#12689));
#10448=EDGE_CURVE('',#12601,#12684,#12690,.T.);
#10449=EDGE_CURVE('',#12686,#12605,#12691,.T.);
#10450=FILL_AREA_STYLE('',(#12692));
#10451=FILL_AREA_STYLE('',(#12693));
#10452=EDGE_CURVE('',#12694,#12695,#12696,.T.);
#10453=EDGE_CURVE('',#12697,#12694,#12698,.T.);
#10454=EDGE_CURVE('',#12697,#12699,#12700,.T.);
#10455=EDGE_CURVE('',#12699,#12695,#12701,.T.);
#10456=FILL_AREA_STYLE('',(#12702));
#10457=EDGE_CURVE('',#12703,#12694,#12704,.T.);
#10458=EDGE_CURVE('',#12705,#12703,#12706,.T.);
#10459=EDGE_CURVE('',#12697,#12705,#12707,.T.);
#10460=FILL_AREA_STYLE('',(#12708));
#10461=EDGE_CURVE('',#12709,#12703,#12710,.T.);
#10462=EDGE_CURVE('',#12711,#12709,#12712,.T.);
#10463=EDGE_CURVE('',#12705,#12711,#12713,.T.);
#10464=EDGE_CURVE('',#12714,#12715,#12716,.T.);
#10465=EDGE_CURVE('',#12715,#12717,#12718,.T.);
#10466=EDGE_CURVE('',#12717,#12719,#12720,.T.);
#10467=EDGE_CURVE('',#12719,#12714,#12721,.T.);
#10468=FILL_AREA_STYLE('',(#12722));
#10469=EDGE_CURVE('',#11270,#11268,#12723,.T.);
#10470=EDGE_CURVE('',#11264,#11262,#12724,.T.);
#10471=FILL_AREA_STYLE('',(#12725));
#10472=EDGE_CURVE('',#11258,#11254,#12726,.T.);
#10473=FILL_AREA_STYLE('',(#12727));
#10474=EDGE_CURVE('',#11256,#11253,#12728,.T.);
#10475=FILL_AREA_STYLE('',(#12729));
#10476=FILL_AREA_STYLE('',(#12730));
#10477=EDGE_CURVE('',#12731,#12715,#12732,.T.);
#10478=EDGE_CURVE('',#12733,#12731,#12734,.T.);
#10479=EDGE_CURVE('',#12735,#12733,#12736,.T.);
#10480=EDGE_CURVE('',#12737,#12735,#12738,.T.);
#10481=EDGE_CURVE('',#12737,#12739,#12740,.T.);
#10482=EDGE_CURVE('',#12741,#12739,#12742,.T.);
#10483=EDGE_CURVE('',#12741,#12717,#12743,.T.);
#10484=FILL_AREA_STYLE('',(#12744));
#10485=EDGE_CURVE('',#12714,#12745,#12746,.T.);
#10486=EDGE_CURVE('',#12731,#12745,#12747,.T.);
#10487=FILL_AREA_STYLE('',(#12748));
#10488=EDGE_CURVE('',#12745,#12749,#12750,.T.);
#10489=EDGE_CURVE('',#12733,#12749,#12751,.T.);
#10490=FILL_AREA_STYLE('',(#12752));
#10491=EDGE_CURVE('',#12749,#12753,#12754,.T.);
#10492=EDGE_CURVE('',#12735,#12753,#12755,.T.);
#10493=FILL_AREA_STYLE('',(#12756));
#10494=EDGE_CURVE('',#12753,#12757,#12758,.T.);
#10495=EDGE_CURVE('',#12737,#12757,#12759,.T.);
#10496=FILL_AREA_STYLE('',(#12760));
#10497=EDGE_CURVE('',#12757,#12761,#12762,.T.);
#10498=EDGE_CURVE('',#12739,#12761,#12763,.T.);
#10499=FILL_AREA_STYLE('',(#12764));
#10500=EDGE_CURVE('',#12761,#12765,#12766,.T.);
#10501=EDGE_CURVE('',#12741,#12765,#12767,.T.);
#10502=FILL_AREA_STYLE('',(#12768));
#10503=EDGE_CURVE('',#12765,#12719,#12769,.T.);
#10504=FILL_AREA_STYLE('',(#12770));
#10505=FILL_AREA_STYLE('',(#12771));
#10506=EDGE_CURVE('',#12772,#12709,#12773,.T.);
#10507=EDGE_CURVE('',#12774,#12772,#12775,.T.);
#10508=EDGE_CURVE('',#12774,#12711,#12776,.T.);
#10509=FILL_AREA_STYLE('',(#12777));
#10510=EDGE_CURVE('',#12778,#12772,#12779,.T.);
#10511=EDGE_CURVE('',#12780,#12778,#12781,.T.);
#10512=EDGE_CURVE('',#12780,#12774,#12782,.T.);
#10513=FILL_AREA_STYLE('',(#12783));
#10514=EDGE_CURVE('',#12695,#12778,#12784,.T.);
#10515=EDGE_CURVE('',#12780,#12699,#12785,.T.);
#10516=FILL_AREA_STYLE('',(#12786));
#10517=FILL_AREA_STYLE('',(#12787));
#10518=EDGE_CURVE('',#12788,#12789,#12790,.T.);
#10519=EDGE_CURVE('',#12791,#12788,#12792,.T.);
#10520=EDGE_CURVE('',#12791,#12793,#12794,.T.);
#10521=EDGE_CURVE('',#12793,#12789,#12795,.T.);
#10522=FILL_AREA_STYLE('',(#12796));
#10523=EDGE_CURVE('',#12797,#12788,#12798,.T.);
#10524=EDGE_CURVE('',#12799,#12797,#12800,.T.);
#10525=EDGE_CURVE('',#12791,#12799,#12801,.T.);
#10526=FILL_AREA_STYLE('',(#12802));
#10527=EDGE_CURVE('',#12803,#12797,#12804,.T.);
#10528=EDGE_CURVE('',#12805,#12803,#12806,.T.);
#10529=EDGE_CURVE('',#12799,#12805,#12807,.T.);
#10530=EDGE_CURVE('',#12808,#12809,#12810,.T.);
#10531=EDGE_CURVE('',#12809,#12811,#12812,.T.);
#10532=EDGE_CURVE('',#12811,#12813,#12814,.T.);
#10533=EDGE_CURVE('',#12813,#12808,#12815,.T.);
#10534=FILL_AREA_STYLE('',(#12816));
#10535=EDGE_CURVE('',#11249,#11247,#12817,.T.);
#10536=EDGE_CURVE('',#11243,#11241,#12818,.T.);
#10537=FILL_AREA_STYLE('',(#12819));
#10538=EDGE_CURVE('',#11237,#11233,#12820,.T.);
#10539=FILL_AREA_STYLE('',(#12821));
#10540=EDGE_CURVE('',#11235,#11232,#12822,.T.);
#10541=FILL_AREA_STYLE('',(#12823));
#10542=FILL_AREA_STYLE('',(#12824));
#10543=EDGE_CURVE('',#12825,#12809,#12826,.T.);
#10544=EDGE_CURVE('',#12827,#12825,#12828,.T.);
#10545=EDGE_CURVE('',#12829,#12827,#12830,.T.);
#10546=EDGE_CURVE('',#12831,#12829,#12832,.T.);
#10547=EDGE_CURVE('',#12831,#12833,#12834,.T.);
#10548=EDGE_CURVE('',#12835,#12833,#12836,.T.);
#10549=EDGE_CURVE('',#12835,#12811,#12837,.T.);
#10550=FILL_AREA_STYLE('',(#12838));
#10551=EDGE_CURVE('',#12808,#12839,#12840,.T.);
#10552=EDGE_CURVE('',#12825,#12839,#12841,.T.);
#10553=FILL_AREA_STYLE('',(#12842));
#10554=EDGE_CURVE('',#12839,#12843,#12844,.T.);
#10555=EDGE_CURVE('',#12827,#12843,#12845,.T.);
#10556=FILL_AREA_STYLE('',(#12846));
#10557=EDGE_CURVE('',#12843,#12847,#12848,.T.);
#10558=EDGE_CURVE('',#12829,#12847,#12849,.T.);
#10559=FILL_AREA_STYLE('',(#12850));
#10560=EDGE_CURVE('',#12847,#12851,#12852,.T.);
#10561=EDGE_CURVE('',#12831,#12851,#12853,.T.);
#10562=FILL_AREA_STYLE('',(#12854));
#10563=EDGE_CURVE('',#12851,#12855,#12856,.T.);
#10564=EDGE_CURVE('',#12833,#12855,#12857,.T.);
#10565=FILL_AREA_STYLE('',(#12858));
#10566=EDGE_CURVE('',#12855,#12859,#12860,.T.);
#10567=EDGE_CURVE('',#12835,#12859,#12861,.T.);
#10568=FILL_AREA_STYLE('',(#12862));
#10569=EDGE_CURVE('',#12859,#12813,#12863,.T.);
#10570=FILL_AREA_STYLE('',(#12864));
#10571=FILL_AREA_STYLE('',(#12865));
#10572=EDGE_CURVE('',#12866,#12803,#12867,.T.);
#10573=EDGE_CURVE('',#12868,#12866,#12869,.T.);
#10574=EDGE_CURVE('',#12868,#12805,#12870,.T.);
#10575=FILL_AREA_STYLE('',(#12871));
#10576=EDGE_CURVE('',#12872,#12866,#12873,.T.);
#10577=EDGE_CURVE('',#12874,#12872,#12875,.T.);
#10578=EDGE_CURVE('',#12874,#12868,#12876,.T.);
#10579=FILL_AREA_STYLE('',(#12877));
#10580=EDGE_CURVE('',#12789,#12872,#12878,.T.);
#10581=EDGE_CURVE('',#12874,#12793,#12879,.T.);
#10582=FILL_AREA_STYLE('',(#12880));
#10583=FILL_AREA_STYLE('',(#12881));
#10584=EDGE_CURVE('',#12882,#12883,#12884,.T.);
#10585=EDGE_CURVE('',#12882,#12885,#12886,.T.);
#10586=EDGE_CURVE('',#12885,#12887,#12888,.T.);
#10587=EDGE_CURVE('',#12887,#12883,#12889,.T.);
#10588=FILL_AREA_STYLE('',(#12890));
#10589=EDGE_CURVE('',#12883,#12891,#12892,.T.);
#10590=EDGE_CURVE('',#12887,#12893,#12894,.T.);
#10591=EDGE_CURVE('',#12891,#12893,#12895,.T.);
#10592=FILL_AREA_STYLE('',(#12896));
#10593=EDGE_CURVE('',#12891,#12897,#12898,.T.);
#10594=EDGE_CURVE('',#12893,#12899,#12900,.T.);
#10595=EDGE_CURVE('',#12899,#12897,#12901,.T.);
#10596=FILL_AREA_STYLE('',(#12902));
#10597=EDGE_CURVE('',#12897,#12903,#12904,.T.);
#10598=EDGE_CURVE('',#12899,#12905,#12906,.T.);
#10599=EDGE_CURVE('',#12903,#12905,#12907,.T.);
#10600=FILL_AREA_STYLE('',(#12908));
#10601=EDGE_CURVE('',#12903,#12909,#12910,.T.);
#10602=EDGE_CURVE('',#12905,#12911,#12912,.T.);
#10603=EDGE_CURVE('',#12911,#12909,#12913,.T.);
#10604=FILL_AREA_STYLE('',(#12914));
#10605=EDGE_CURVE('',#12909,#12915,#12916,.T.);
#10606=EDGE_CURVE('',#12911,#12917,#12918,.T.);
#10607=EDGE_CURVE('',#12915,#12917,#12919,.T.);
#10608=FILL_AREA_STYLE('',(#12920));
#10609=EDGE_CURVE('',#12915,#12921,#12922,.T.);
#10610=EDGE_CURVE('',#12917,#12923,#12924,.T.);
#10611=EDGE_CURVE('',#12923,#12921,#12925,.T.);
#10612=FILL_AREA_STYLE('',(#12926));
#10613=EDGE_CURVE('',#12921,#12927,#12928,.T.);
#10614=EDGE_CURVE('',#12923,#12929,#12930,.T.);
#10615=EDGE_CURVE('',#12927,#12929,#12931,.T.);
#10616=FILL_AREA_STYLE('',(#12932));
#10617=EDGE_CURVE('',#12927,#12933,#12934,.T.);
#10618=EDGE_CURVE('',#12929,#12935,#12936,.T.);
#10619=EDGE_CURVE('',#12935,#12933,#12937,.T.);
#10620=FILL_AREA_STYLE('',(#12938));
#10621=EDGE_CURVE('',#12933,#12939,#12940,.T.);
#10622=EDGE_CURVE('',#12935,#12941,#12942,.T.);
#10623=EDGE_CURVE('',#12939,#12941,#12943,.T.);
#10624=FILL_AREA_STYLE('',(#12944));
#10625=EDGE_CURVE('',#12939,#12945,#12946,.T.);
#10626=EDGE_CURVE('',#12941,#12947,#12948,.T.);
#10627=EDGE_CURVE('',#12945,#12947,#12949,.T.);
#10628=FILL_AREA_STYLE('',(#12950));
#10629=EDGE_CURVE('',#12951,#12952,#12953,.T.);
#10630=EDGE_CURVE('',#12951,#12954,#12955,.T.);
#10631=EDGE_CURVE('',#12954,#12956,#12957,.T.);
#10632=EDGE_CURVE('',#12956,#12952,#12958,.T.);
#10633=FILL_AREA_STYLE('',(#12959));
#10634=EDGE_CURVE('',#12952,#12960,#12961,.T.);
#10635=EDGE_CURVE('',#12956,#12962,#12963,.T.);
#10636=EDGE_CURVE('',#12960,#12962,#12964,.T.);
#10637=FILL_AREA_STYLE('',(#12965));
#10638=EDGE_CURVE('',#12960,#12966,#12967,.T.);
#10639=EDGE_CURVE('',#12962,#12968,#12969,.T.);
#10640=EDGE_CURVE('',#12968,#12966,#12970,.T.);
#10641=FILL_AREA_STYLE('',(#12971));
#10642=EDGE_CURVE('',#12966,#12972,#12973,.T.);
#10643=EDGE_CURVE('',#12968,#12974,#12975,.T.);
#10644=EDGE_CURVE('',#12972,#12974,#12976,.T.);
#10645=FILL_AREA_STYLE('',(#12977));
#10646=EDGE_CURVE('',#12972,#12978,#12979,.T.);
#10647=EDGE_CURVE('',#12974,#12980,#12981,.T.);
#10648=EDGE_CURVE('',#12980,#12978,#12982,.T.);
#10649=FILL_AREA_STYLE('',(#12983));
#10650=EDGE_CURVE('',#12978,#12984,#12985,.T.);
#10651=EDGE_CURVE('',#12980,#12986,#12987,.T.);
#10652=EDGE_CURVE('',#12984,#12986,#12988,.T.);
#10653=FILL_AREA_STYLE('',(#12989));
#10654=EDGE_CURVE('',#12984,#12990,#12991,.T.);
#10655=EDGE_CURVE('',#12986,#12992,#12993,.T.);
#10656=EDGE_CURVE('',#12992,#12990,#12994,.T.);
#10657=FILL_AREA_STYLE('',(#12995));
#10658=EDGE_CURVE('',#12990,#12996,#12997,.T.);
#10659=EDGE_CURVE('',#12992,#12998,#12999,.T.);
#10660=EDGE_CURVE('',#12996,#12998,#13000,.T.);
#10661=FILL_AREA_STYLE('',(#13001));
#10662=EDGE_CURVE('',#12996,#13002,#13003,.T.);
#10663=EDGE_CURVE('',#12998,#13004,#13005,.T.);
#10664=EDGE_CURVE('',#13004,#13002,#13006,.T.);
#10665=FILL_AREA_STYLE('',(#13007));
#10666=EDGE_CURVE('',#13002,#12882,#13008,.T.);
#10667=EDGE_CURVE('',#13004,#12885,#13009,.T.);
#10668=FILL_AREA_STYLE('',(#13010));
#10669=EDGE_CURVE('',#13011,#12951,#13012,.T.);
#10670=EDGE_CURVE('',#13011,#13013,#13014,.T.);
#10671=EDGE_CURVE('',#13013,#12954,#13015,.T.);
#10672=FILL_AREA_STYLE('',(#13016));
#10673=EDGE_CURVE('',#13017,#13011,#13018,.T.);
#10674=EDGE_CURVE('',#13019,#13017,#13020,.T.);
#10675=EDGE_CURVE('',#13019,#13013,#13021,.T.);
#10676=FILL_AREA_STYLE('',(#13022));
#10677=EDGE_CURVE('',#13023,#13017,#13024,.T.);
#10678=EDGE_CURVE('',#13025,#13023,#13026,.T.);
#10679=EDGE_CURVE('',#13025,#13019,#13027,.T.);
#10680=FILL_AREA_STYLE('',(#13028));
#10681=EDGE_CURVE('',#12947,#13029,#13030,.T.);
#10682=EDGE_CURVE('',#13029,#13031,#13032,.T.);
#10683=EDGE_CURVE('',#12945,#13031,#13033,.T.);
#10684=FILL_AREA_STYLE('',(#13034));
#10685=EDGE_CURVE('',#13035,#13036,#13037,.T.);
#10686=EDGE_CURVE('',#13038,#13035,#13039,.T.);
#10687=EDGE_CURVE('',#13040,#13038,#13041,.T.);
#10688=EDGE_CURVE('',#13036,#13040,#13042,.T.);
#10689=FILL_AREA_STYLE('',(#13043));
#10690=EDGE_CURVE('',#13036,#13044,#13045,.T.);
#10691=EDGE_CURVE('',#13040,#13046,#13047,.T.);
#10692=EDGE_CURVE('',#13046,#13044,#13048,.T.);
#10693=FILL_AREA_STYLE('',(#13049));
#10694=EDGE_CURVE('',#13044,#13050,#13051,.T.);
#10695=EDGE_CURVE('',#13052,#13046,#13053,.T.);
#10696=EDGE_CURVE('',#13050,#13052,#13054,.T.);
#10697=FILL_AREA_STYLE('',(#13055));
#10698=EDGE_CURVE('',#13038,#13052,#13056,.T.);
#10699=FILL_AREA_STYLE('',(#13057));
#10700=EDGE_CURVE('',#13050,#13035,#13058,.T.);
#10701=FILL_AREA_STYLE('',(#13059));
#10702=EDGE_CURVE('',#13060,#13061,#13062,.T.);
#10703=EDGE_CURVE('',#13063,#13060,#13064,.T.);
#10704=EDGE_CURVE('',#13065,#13063,#13066,.T.);
#10705=EDGE_CURVE('',#13061,#13065,#13067,.T.);
#10706=FILL_AREA_STYLE('',(#13068));
#10707=EDGE_CURVE('',#13061,#13069,#13070,.T.);
#10708=EDGE_CURVE('',#13065,#13071,#13072,.T.);
#10709=EDGE_CURVE('',#13071,#13069,#13073,.T.);
#10710=FILL_AREA_STYLE('',(#13074));
#10711=EDGE_CURVE('',#13069,#13075,#13076,.T.);
#10712=EDGE_CURVE('',#13077,#13071,#13078,.T.);
#10713=EDGE_CURVE('',#13075,#13077,#13079,.T.);
#10714=FILL_AREA_STYLE('',(#13080));
#10715=EDGE_CURVE('',#13063,#13077,#13081,.T.);
#10716=FILL_AREA_STYLE('',(#13082));
#10717=EDGE_CURVE('',#13075,#13060,#13083,.T.);
#10718=FILL_AREA_STYLE('',(#13084));
#10719=EDGE_CURVE('',#13085,#13086,#13087,.T.);
#10720=EDGE_CURVE('',#13088,#13085,#13089,.T.);
#10721=EDGE_CURVE('',#13090,#13088,#13091,.T.);
#10722=EDGE_CURVE('',#13086,#13090,#13092,.T.);
#10723=FILL_AREA_STYLE('',(#13093));
#10724=EDGE_CURVE('',#13086,#13094,#13095,.T.);
#10725=EDGE_CURVE('',#13090,#13096,#13097,.T.);
#10726=EDGE_CURVE('',#13096,#13094,#13098,.T.);
#10727=FILL_AREA_STYLE('',(#13099));
#10728=EDGE_CURVE('',#13094,#13100,#13101,.T.);
#10729=EDGE_CURVE('',#13102,#13096,#13103,.T.);
#10730=EDGE_CURVE('',#13100,#13102,#13104,.T.);
#10731=FILL_AREA_STYLE('',(#13105));
#10732=EDGE_CURVE('',#13088,#13102,#13106,.T.);
#10733=FILL_AREA_STYLE('',(#13107));
#10734=EDGE_CURVE('',#13100,#13085,#13108,.T.);
#10735=FILL_AREA_STYLE('',(#13109));
#10736=EDGE_CURVE('',#13110,#13111,#13112,.T.);
#10737=EDGE_CURVE('',#13113,#13110,#13114,.T.);
#10738=EDGE_CURVE('',#13115,#13113,#13116,.T.);
#10739=EDGE_CURVE('',#13111,#13115,#13117,.T.);
#10740=FILL_AREA_STYLE('',(#13118));
#10741=EDGE_CURVE('',#13111,#13119,#13120,.T.);
#10742=EDGE_CURVE('',#13115,#13121,#13122,.T.);
#10743=EDGE_CURVE('',#13121,#13119,#13123,.T.);
#10744=FILL_AREA_STYLE('',(#13124));
#10745=EDGE_CURVE('',#13119,#13125,#13126,.T.);
#10746=EDGE_CURVE('',#13127,#13121,#13128,.T.);
#10747=EDGE_CURVE('',#13125,#13127,#13129,.T.);
#10748=FILL_AREA_STYLE('',(#13130));
#10749=EDGE_CURVE('',#13113,#13127,#13131,.T.);
#10750=FILL_AREA_STYLE('',(#13132));
#10751=EDGE_CURVE('',#13125,#13110,#13133,.T.);
#10752=FILL_AREA_STYLE('',(#13134));
#10753=EDGE_CURVE('',#13135,#13136,#13137,.T.);
#10754=EDGE_CURVE('',#13138,#13135,#13139,.T.);
#10755=EDGE_CURVE('',#13140,#13138,#13141,.T.);
#10756=EDGE_CURVE('',#13136,#13140,#13142,.T.);
#10757=FILL_AREA_STYLE('',(#13143));
#10758=EDGE_CURVE('',#13136,#13144,#13145,.T.);
#10759=EDGE_CURVE('',#13140,#13146,#13147,.T.);
#10760=EDGE_CURVE('',#13146,#13144,#13148,.T.);
#10761=FILL_AREA_STYLE('',(#13149));
#10762=EDGE_CURVE('',#13144,#13150,#13151,.T.);
#10763=EDGE_CURVE('',#13152,#13146,#13153,.T.);
#10764=EDGE_CURVE('',#13150,#13152,#13154,.T.);
#10765=FILL_AREA_STYLE('',(#13155));
#10766=EDGE_CURVE('',#13138,#13152,#13156,.T.);
#10767=FILL_AREA_STYLE('',(#13157));
#10768=EDGE_CURVE('',#13150,#13135,#13158,.T.);
#10769=FILL_AREA_STYLE('',(#13159));
#10770=EDGE_CURVE('',#13160,#13161,#13162,.T.);
#10771=EDGE_CURVE('',#13163,#13160,#13164,.T.);
#10772=EDGE_CURVE('',#13165,#13163,#13166,.T.);
#10773=EDGE_CURVE('',#13161,#13165,#13167,.T.);
#10774=FILL_AREA_STYLE('',(#13168));
#10775=EDGE_CURVE('',#13161,#13169,#13170,.T.);
#10776=EDGE_CURVE('',#13165,#13171,#13172,.T.);
#10777=EDGE_CURVE('',#13171,#13169,#13173,.T.);
#10778=FILL_AREA_STYLE('',(#13174));
#10779=EDGE_CURVE('',#13169,#13175,#13176,.T.);
#10780=EDGE_CURVE('',#13177,#13171,#13178,.T.);
#10781=EDGE_CURVE('',#13175,#13177,#13179,.T.);
#10782=FILL_AREA_STYLE('',(#13180));
#10783=EDGE_CURVE('',#13163,#13177,#13181,.T.);
#10784=FILL_AREA_STYLE('',(#13182));
#10785=EDGE_CURVE('',#13175,#13160,#13183,.T.);
#10786=FILL_AREA_STYLE('',(#13184));
#10787=EDGE_CURVE('',#13185,#13186,#13187,.T.);
#10788=EDGE_CURVE('',#13188,#13185,#13189,.T.);
#10789=EDGE_CURVE('',#13190,#13188,#13191,.T.);
#10790=EDGE_CURVE('',#13186,#13190,#13192,.T.);
#10791=FILL_AREA_STYLE('',(#13193));
#10792=EDGE_CURVE('',#13186,#13194,#13195,.T.);
#10793=EDGE_CURVE('',#13190,#13196,#13197,.T.);
#10794=EDGE_CURVE('',#13196,#13194,#13198,.T.);
#10795=FILL_AREA_STYLE('',(#13199));
#10796=EDGE_CURVE('',#13194,#13200,#13201,.T.);
#10797=EDGE_CURVE('',#13202,#13196,#13203,.T.);
#10798=EDGE_CURVE('',#13200,#13202,#13204,.T.);
#10799=FILL_AREA_STYLE('',(#13205));
#10800=EDGE_CURVE('',#13188,#13202,#13206,.T.);
#10801=FILL_AREA_STYLE('',(#13207));
#10802=EDGE_CURVE('',#13200,#13185,#13208,.T.);
#10803=FILL_AREA_STYLE('',(#13209));
#10804=EDGE_CURVE('',#13210,#13211,#13212,.T.);
#10805=EDGE_CURVE('',#13213,#13210,#13214,.T.);
#10806=EDGE_CURVE('',#13215,#13213,#13216,.T.);
#10807=EDGE_CURVE('',#13211,#13215,#13217,.T.);
#10808=FILL_AREA_STYLE('',(#13218));
#10809=EDGE_CURVE('',#13211,#13219,#13220,.T.);
#10810=EDGE_CURVE('',#13215,#13221,#13222,.T.);
#10811=EDGE_CURVE('',#13221,#13219,#13223,.T.);
#10812=FILL_AREA_STYLE('',(#13224));
#10813=EDGE_CURVE('',#13219,#13225,#13226,.T.);
#10814=EDGE_CURVE('',#13227,#13221,#13228,.T.);
#10815=EDGE_CURVE('',#13225,#13227,#13229,.T.);
#10816=FILL_AREA_STYLE('',(#13230));
#10817=EDGE_CURVE('',#13213,#13227,#13231,.T.);
#10818=FILL_AREA_STYLE('',(#13232));
#10819=EDGE_CURVE('',#13225,#13210,#13233,.T.);
#10820=FILL_AREA_STYLE('',(#13234));
#10821=EDGE_CURVE('',#13235,#13236,#13237,.T.);
#10822=EDGE_CURVE('',#13238,#13235,#13239,.T.);
#10823=EDGE_CURVE('',#13240,#13238,#13241,.T.);
#10824=EDGE_CURVE('',#13236,#13240,#13242,.T.);
#10825=FILL_AREA_STYLE('',(#13243));
#10826=EDGE_CURVE('',#13236,#13244,#13245,.T.);
#10827=EDGE_CURVE('',#13240,#13246,#13247,.T.);
#10828=EDGE_CURVE('',#13246,#13244,#13248,.T.);
#10829=FILL_AREA_STYLE('',(#13249));
#10830=EDGE_CURVE('',#13244,#13250,#13251,.T.);
#10831=EDGE_CURVE('',#13252,#13246,#13253,.T.);
#10832=EDGE_CURVE('',#13250,#13252,#13254,.T.);
#10833=FILL_AREA_STYLE('',(#13255));
#10834=EDGE_CURVE('',#13238,#13252,#13256,.T.);
#10835=FILL_AREA_STYLE('',(#13257));
#10836=EDGE_CURVE('',#13250,#13235,#13258,.T.);
#10837=FILL_AREA_STYLE('',(#13259));
#10838=EDGE_CURVE('',#13260,#13261,#13262,.T.);
#10839=EDGE_CURVE('',#13263,#13260,#13264,.T.);
#10840=EDGE_CURVE('',#13265,#13263,#13266,.T.);
#10841=EDGE_CURVE('',#13261,#13265,#13267,.T.);
#10842=FILL_AREA_STYLE('',(#13268));
#10843=EDGE_CURVE('',#13261,#13269,#13270,.T.);
#10844=EDGE_CURVE('',#13265,#13271,#13272,.T.);
#10845=EDGE_CURVE('',#13271,#13269,#13273,.T.);
#10846=FILL_AREA_STYLE('',(#13274));
#10847=EDGE_CURVE('',#13269,#13275,#13276,.T.);
#10848=EDGE_CURVE('',#13277,#13271,#13278,.T.);
#10849=EDGE_CURVE('',#13275,#13277,#13279,.T.);
#10850=FILL_AREA_STYLE('',(#13280));
#10851=EDGE_CURVE('',#13263,#13277,#13281,.T.);
#10852=FILL_AREA_STYLE('',(#13282));
#10853=EDGE_CURVE('',#13275,#13260,#13283,.T.);
#10854=FILL_AREA_STYLE('',(#13284));
#10855=EDGE_CURVE('',#13285,#13286,#13287,.T.);
#10856=EDGE_CURVE('',#13285,#13288,#13289,.T.);
#10857=EDGE_CURVE('',#13290,#13288,#13291,.T.);
#10858=EDGE_CURVE('',#13286,#13290,#13292,.T.);
#10859=FILL_AREA_STYLE('',(#13293));
#10860=EDGE_CURVE('',#13294,#13285,#13295,.T.);
#10861=EDGE_CURVE('',#13296,#13294,#13297,.T.);
#10862=EDGE_CURVE('',#13288,#13296,#13298,.T.);
#10863=FILL_AREA_STYLE('',(#13299));
#10864=EDGE_CURVE('',#13300,#13301,#13302,.T.);
#10865=EDGE_CURVE('',#13303,#13300,#13304,.T.);
#10866=EDGE_CURVE('',#13305,#13303,#13306,.T.);
#10867=EDGE_CURVE('',#13305,#13301,#13307,.T.);
#10868=FILL_AREA_STYLE('',(#13308));
#10869=EDGE_CURVE('',#13301,#13309,#13310,.T.);
#10870=EDGE_CURVE('',#13311,#13305,#13312,.T.);
#10871=EDGE_CURVE('',#13309,#13311,#13313,.T.);
#10872=FILL_AREA_STYLE('',(#13314));
#10873=EDGE_CURVE('',#13301,#13288,#13315,.T.);
#10874=EDGE_CURVE('',#13290,#13309,#13316,.T.);
#10875=FILL_AREA_STYLE('',(#13317));
#10876=EDGE_CURVE('',#13300,#13296,#13318,.T.);
#10877=FILL_AREA_STYLE('',(#13319));
#10878=EDGE_CURVE('',#13303,#13294,#13320,.T.);
#10879=FILL_AREA_STYLE('',(#13321));
#10880=EDGE_CURVE('',#13305,#13285,#13322,.T.);
#10881=FILL_AREA_STYLE('',(#13323));
#10882=EDGE_CURVE('',#13311,#13286,#13324,.T.);
#10883=FILL_AREA_STYLE('',(#13325));
#10884=EDGE_CURVE('',#13326,#13327,#13328,.T.);
#10885=EDGE_CURVE('',#13326,#13329,#13330,.T.);
#10886=EDGE_CURVE('',#13331,#13329,#13332,.T.);
#10887=EDGE_CURVE('',#13327,#13331,#13333,.T.);
#10888=FILL_AREA_STYLE('',(#13334));
#10889=EDGE_CURVE('',#13335,#13326,#13336,.T.);
#10890=EDGE_CURVE('',#13337,#13335,#13338,.T.);
#10891=EDGE_CURVE('',#13329,#13337,#13339,.T.);
#10892=FILL_AREA_STYLE('',(#13340));
#10893=EDGE_CURVE('',#13341,#13342,#13343,.T.);
#10894=EDGE_CURVE('',#13344,#13341,#13345,.T.);
#10895=EDGE_CURVE('',#13346,#13344,#13347,.T.);
#10896=EDGE_CURVE('',#13346,#13342,#13348,.T.);
#10897=FILL_AREA_STYLE('',(#13349));
#10898=EDGE_CURVE('',#13342,#13350,#13351,.T.);
#10899=EDGE_CURVE('',#13352,#13346,#13353,.T.);
#10900=EDGE_CURVE('',#13350,#13352,#13354,.T.);
#10901=FILL_AREA_STYLE('',(#13355));
#10902=EDGE_CURVE('',#13342,#13329,#13356,.T.);
#10903=EDGE_CURVE('',#13331,#13350,#13357,.T.);
#10904=FILL_AREA_STYLE('',(#13358));
#10905=EDGE_CURVE('',#13341,#13337,#13359,.T.);
#10906=FILL_AREA_STYLE('',(#13360));
#10907=EDGE_CURVE('',#13344,#13335,#13361,.T.);
#10908=FILL_AREA_STYLE('',(#13362));
#10909=EDGE_CURVE('',#13346,#13326,#13363,.T.);
#10910=FILL_AREA_STYLE('',(#13364));
#10911=EDGE_CURVE('',#13352,#13327,#13365,.T.);
#10912=FILL_AREA_STYLE('',(#13366));
#10913=EDGE_CURVE('',#13367,#13368,#13369,.T.);
#10914=EDGE_CURVE('',#13367,#13370,#13371,.T.);
#10915=EDGE_CURVE('',#13372,#13370,#13373,.T.);
#10916=EDGE_CURVE('',#13368,#13372,#13374,.T.);
#10917=FILL_AREA_STYLE('',(#13375));
#10918=EDGE_CURVE('',#13376,#13367,#13377,.T.);
#10919=EDGE_CURVE('',#13378,#13376,#13379,.T.);
#10920=EDGE_CURVE('',#13370,#13378,#13380,.T.);
#10921=FILL_AREA_STYLE('',(#13381));
#10922=EDGE_CURVE('',#13382,#13383,#13384,.T.);
#10923=EDGE_CURVE('',#13385,#13382,#13386,.T.);
#10924=EDGE_CURVE('',#13387,#13385,#13388,.T.);
#10925=EDGE_CURVE('',#13387,#13383,#13389,.T.);
#10926=FILL_AREA_STYLE('',(#13390));
#10927=EDGE_CURVE('',#13383,#13391,#13392,.T.);
#10928=EDGE_CURVE('',#13393,#13387,#13394,.T.);
#10929=EDGE_CURVE('',#13391,#13393,#13395,.T.);
#10930=FILL_AREA_STYLE('',(#13396));
#10931=EDGE_CURVE('',#13383,#13370,#13397,.T.);
#10932=EDGE_CURVE('',#13372,#13391,#13398,.T.);
#10933=FILL_AREA_STYLE('',(#13399));
#10934=EDGE_CURVE('',#13382,#13378,#13400,.T.);
#10935=FILL_AREA_STYLE('',(#13401));
#10936=EDGE_CURVE('',#13385,#13376,#13402,.T.);
#10937=FILL_AREA_STYLE('',(#13403));
#10938=EDGE_CURVE('',#13387,#13367,#13404,.T.);
#10939=FILL_AREA_STYLE('',(#13405));
#10940=EDGE_CURVE('',#13393,#13368,#13406,.T.);
#10941=FILL_AREA_STYLE('',(#13407));
#10942=EDGE_CURVE('',#13408,#13409,#13410,.T.);
#10943=EDGE_CURVE('',#13408,#13411,#13412,.T.);
#10944=EDGE_CURVE('',#13413,#13411,#13414,.T.);
#10945=EDGE_CURVE('',#13409,#13413,#13415,.T.);
#10946=FILL_AREA_STYLE('',(#13416));
#10947=EDGE_CURVE('',#13417,#13408,#13418,.T.);
#10948=EDGE_CURVE('',#13419,#13417,#13420,.T.);
#10949=EDGE_CURVE('',#13411,#13419,#13421,.T.);
#10950=FILL_AREA_STYLE('',(#13422));
#10951=EDGE_CURVE('',#13423,#13424,#13425,.T.);
#10952=EDGE_CURVE('',#13426,#13423,#13427,.T.);
#10953=EDGE_CURVE('',#13428,#13426,#13429,.T.);
#10954=EDGE_CURVE('',#13428,#13424,#13430,.T.);
#10955=FILL_AREA_STYLE('',(#13431));
#10956=EDGE_CURVE('',#13424,#13432,#13433,.T.);
#10957=EDGE_CURVE('',#13434,#13428,#13435,.T.);
#10958=EDGE_CURVE('',#13432,#13434,#13436,.T.);
#10959=FILL_AREA_STYLE('',(#13437));
#10960=EDGE_CURVE('',#13424,#13411,#13438,.T.);
#10961=EDGE_CURVE('',#13413,#13432,#13439,.T.);
#10962=FILL_AREA_STYLE('',(#13440));
#10963=EDGE_CURVE('',#13423,#13419,#13441,.T.);
#10964=FILL_AREA_STYLE('',(#13442));
#10965=EDGE_CURVE('',#13426,#13417,#13443,.T.);
#10966=FILL_AREA_STYLE('',(#13444));
#10967=EDGE_CURVE('',#13428,#13408,#13445,.T.);
#10968=FILL_AREA_STYLE('',(#13446));
#10969=EDGE_CURVE('',#13434,#13409,#13447,.T.);
#10970=FILL_AREA_STYLE('',(#13448));
#10971=EDGE_CURVE('',#13449,#13450,#13451,.T.);
#10972=EDGE_CURVE('',#13449,#13452,#13453,.T.);
#10973=EDGE_CURVE('',#13454,#13452,#13455,.T.);
#10974=EDGE_CURVE('',#13450,#13454,#13456,.T.);
#10975=FILL_AREA_STYLE('',(#13457));
#10976=EDGE_CURVE('',#13458,#13449,#13459,.T.);
#10977=EDGE_CURVE('',#13460,#13458,#13461,.T.);
#10978=EDGE_CURVE('',#13452,#13460,#13462,.T.);
#10979=FILL_AREA_STYLE('',(#13463));
#10980=EDGE_CURVE('',#13464,#13465,#13466,.T.);
#10981=EDGE_CURVE('',#13467,#13464,#13468,.T.);
#10982=EDGE_CURVE('',#13469,#13467,#13470,.T.);
#10983=EDGE_CURVE('',#13469,#13465,#13471,.T.);
#10984=FILL_AREA_STYLE('',(#13472));
#10985=EDGE_CURVE('',#13465,#13473,#13474,.T.);
#10986=EDGE_CURVE('',#13475,#13469,#13476,.T.);
#10987=EDGE_CURVE('',#13473,#13475,#13477,.T.);
#10988=FILL_AREA_STYLE('',(#13478));
#10989=EDGE_CURVE('',#13465,#13452,#13479,.T.);
#10990=EDGE_CURVE('',#13454,#13473,#13480,.T.);
#10991=FILL_AREA_STYLE('',(#13481));
#10992=EDGE_CURVE('',#13464,#13460,#13482,.T.);
#10993=FILL_AREA_STYLE('',(#13483));
#10994=EDGE_CURVE('',#13467,#13458,#13484,.T.);
#10995=FILL_AREA_STYLE('',(#13485));
#10996=EDGE_CURVE('',#13469,#13449,#13486,.T.);
#10997=FILL_AREA_STYLE('',(#13487));
#10998=EDGE_CURVE('',#13475,#13450,#13488,.T.);
#10999=FILL_AREA_STYLE('',(#13489));
#11000=EDGE_CURVE('',#13490,#13491,#13492,.T.);
#11001=EDGE_CURVE('',#13490,#13493,#13494,.T.);
#11002=EDGE_CURVE('',#13495,#13493,#13496,.T.);
#11003=EDGE_CURVE('',#13491,#13495,#13497,.T.);
#11004=FILL_AREA_STYLE('',(#13498));
#11005=EDGE_CURVE('',#13499,#13490,#13500,.T.);
#11006=EDGE_CURVE('',#13501,#13499,#13502,.T.);
#11007=EDGE_CURVE('',#13493,#13501,#13503,.T.);
#11008=FILL_AREA_STYLE('',(#13504));
#11009=EDGE_CURVE('',#13505,#13506,#13507,.T.);
#11010=EDGE_CURVE('',#13508,#13505,#13509,.T.);
#11011=EDGE_CURVE('',#13510,#13508,#13511,.T.);
#11012=EDGE_CURVE('',#13510,#13506,#13512,.T.);
#11013=FILL_AREA_STYLE('',(#13513));
#11014=EDGE_CURVE('',#13506,#13514,#13515,.T.);
#11015=EDGE_CURVE('',#13516,#13510,#13517,.T.);
#11016=EDGE_CURVE('',#13514,#13516,#13518,.T.);
#11017=FILL_AREA_STYLE('',(#13519));
#11018=EDGE_CURVE('',#13506,#13493,#13520,.T.);
#11019=EDGE_CURVE('',#13495,#13514,#13521,.T.);
#11020=FILL_AREA_STYLE('',(#13522));
#11021=EDGE_CURVE('',#13505,#13501,#13523,.T.);
#11022=FILL_AREA_STYLE('',(#13524));
#11023=EDGE_CURVE('',#13508,#13499,#13525,.T.);
#11024=FILL_AREA_STYLE('',(#13526));
#11025=EDGE_CURVE('',#13510,#13490,#13527,.T.);
#11026=FILL_AREA_STYLE('',(#13528));
#11027=EDGE_CURVE('',#13516,#13491,#13529,.T.);
#11028=FILL_AREA_STYLE('',(#13530));
#11029=EDGE_CURVE('',#13531,#13532,#13533,.T.);
#11030=EDGE_CURVE('',#13531,#13534,#13535,.T.);
#11031=EDGE_CURVE('',#13536,#13534,#13537,.T.);
#11032=EDGE_CURVE('',#13532,#13536,#13538,.T.);
#11033=FILL_AREA_STYLE('',(#13539));
#11034=EDGE_CURVE('',#13540,#13531,#13541,.T.);
#11035=EDGE_CURVE('',#13542,#13540,#13543,.T.);
#11036=EDGE_CURVE('',#13534,#13542,#13544,.T.);
#11037=FILL_AREA_STYLE('',(#13545));
#11038=EDGE_CURVE('',#13546,#13547,#13548,.T.);
#11039=EDGE_CURVE('',#13549,#13546,#13550,.T.);
#11040=EDGE_CURVE('',#13551,#13549,#13552,.T.);
#11041=EDGE_CURVE('',#13551,#13547,#13553,.T.);
#11042=FILL_AREA_STYLE('',(#13554));
#11043=EDGE_CURVE('',#13547,#13555,#13556,.T.);
#11044=EDGE_CURVE('',#13557,#13551,#13558,.T.);
#11045=EDGE_CURVE('',#13555,#13557,#13559,.T.);
#11046=FILL_AREA_STYLE('',(#13560));
#11047=EDGE_CURVE('',#13547,#13534,#13561,.T.);
#11048=EDGE_CURVE('',#13536,#13555,#13562,.T.);
#11049=FILL_AREA_STYLE('',(#13563));
#11050=EDGE_CURVE('',#13546,#13542,#13564,.T.);
#11051=FILL_AREA_STYLE('',(#13565));
#11052=EDGE_CURVE('',#13549,#13540,#13566,.T.);
#11053=FILL_AREA_STYLE('',(#13567));
#11054=EDGE_CURVE('',#13551,#13531,#13568,.T.);
#11055=FILL_AREA_STYLE('',(#13569));
#11056=EDGE_CURVE('',#13557,#13532,#13570,.T.);
#11057=FILL_AREA_STYLE('',(#13571));
#11058=EDGE_CURVE('',#13572,#13573,#13574,.T.);
#11059=EDGE_CURVE('',#13572,#13575,#13576,.T.);
#11060=EDGE_CURVE('',#13577,#13575,#13578,.T.);
#11061=EDGE_CURVE('',#13573,#13577,#13579,.T.);
#11062=FILL_AREA_STYLE('',(#13580));
#11063=EDGE_CURVE('',#13581,#13572,#13582,.T.);
#11064=EDGE_CURVE('',#13583,#13581,#13584,.T.);
#11065=EDGE_CURVE('',#13575,#13583,#13585,.T.);
#11066=FILL_AREA_STYLE('',(#13586));
#11067=EDGE_CURVE('',#13587,#13588,#13589,.T.);
#11068=EDGE_CURVE('',#13590,#13587,#13591,.T.);
#11069=EDGE_CURVE('',#13592,#13590,#13593,.T.);
#11070=EDGE_CURVE('',#13592,#13588,#13594,.T.);
#11071=FILL_AREA_STYLE('',(#13595));
#11072=EDGE_CURVE('',#13588,#13596,#13597,.T.);
#11073=EDGE_CURVE('',#13598,#13592,#13599,.T.);
#11074=EDGE_CURVE('',#13596,#13598,#13600,.T.);
#11075=FILL_AREA_STYLE('',(#13601));
#11076=EDGE_CURVE('',#13588,#13575,#13602,.T.);
#11077=EDGE_CURVE('',#13577,#13596,#13603,.T.);
#11078=FILL_AREA_STYLE('',(#13604));
#11079=EDGE_CURVE('',#13587,#13583,#13605,.T.);
#11080=FILL_AREA_STYLE('',(#13606));
#11081=EDGE_CURVE('',#13590,#13581,#13607,.T.);
#11082=FILL_AREA_STYLE('',(#13608));
#11083=EDGE_CURVE('',#13592,#13572,#13609,.T.);
#11084=FILL_AREA_STYLE('',(#13610));
#11085=EDGE_CURVE('',#13598,#13573,#13611,.T.);
#11086=FILL_AREA_STYLE('',(#13612));
#11087=EDGE_CURVE('',#13613,#13614,#13615,.T.);
#11088=EDGE_CURVE('',#13613,#13616,#13617,.T.);
#11089=EDGE_CURVE('',#13618,#13616,#13619,.T.);
#11090=EDGE_CURVE('',#13614,#13618,#13620,.T.);
#11091=FILL_AREA_STYLE('',(#13621));
#11092=EDGE_CURVE('',#13622,#13613,#13623,.T.);
#11093=EDGE_CURVE('',#13624,#13622,#13625,.T.);
#11094=EDGE_CURVE('',#13616,#13624,#13626,.T.);
#11095=FILL_AREA_STYLE('',(#13627));
#11096=EDGE_CURVE('',#13628,#13629,#13630,.T.);
#11097=EDGE_CURVE('',#13631,#13628,#13632,.T.);
#11098=EDGE_CURVE('',#13633,#13631,#13634,.T.);
#11099=EDGE_CURVE('',#13633,#13629,#13635,.T.);
#11100=FILL_AREA_STYLE('',(#13636));
#11101=EDGE_CURVE('',#13629,#13637,#13638,.T.);
#11102=EDGE_CURVE('',#13639,#13633,#13640,.T.);
#11103=EDGE_CURVE('',#13637,#13639,#13641,.T.);
#11104=FILL_AREA_STYLE('',(#13642));
#11105=EDGE_CURVE('',#13629,#13616,#13643,.T.);
#11106=EDGE_CURVE('',#13618,#13637,#13644,.T.);
#11107=FILL_AREA_STYLE('',(#13645));
#11108=EDGE_CURVE('',#13628,#13624,#13646,.T.);
#11109=FILL_AREA_STYLE('',(#13647));
#11110=EDGE_CURVE('',#13631,#13622,#13648,.T.);
#11111=FILL_AREA_STYLE('',(#13649));
#11112=EDGE_CURVE('',#13633,#13613,#13650,.T.);
#11113=FILL_AREA_STYLE('',(#13651));
#11114=EDGE_CURVE('',#13639,#13614,#13652,.T.);
#11115=FILL_AREA_STYLE('',(#13653));
#11116=EDGE_CURVE('',#13654,#13655,#13656,.T.);
#11117=EDGE_CURVE('',#13654,#13657,#13658,.T.);
#11118=EDGE_CURVE('',#13659,#13657,#13660,.T.);
#11119=EDGE_CURVE('',#13655,#13659,#13661,.T.);
#11120=FILL_AREA_STYLE('',(#13662));
#11121=EDGE_CURVE('',#13663,#13654,#13664,.T.);
#11122=EDGE_CURVE('',#13665,#13663,#13666,.T.);
#11123=EDGE_CURVE('',#13657,#13665,#13667,.T.);
#11124=FILL_AREA_STYLE('',(#13668));
#11125=EDGE_CURVE('',#13669,#13670,#13671,.T.);
#11126=EDGE_CURVE('',#13672,#13669,#13673,.T.);
#11127=EDGE_CURVE('',#13674,#13672,#13675,.T.);
#11128=EDGE_CURVE('',#13674,#13670,#13676,.T.);
#11129=FILL_AREA_STYLE('',(#13677));
#11130=EDGE_CURVE('',#13670,#13678,#13679,.T.);
#11131=EDGE_CURVE('',#13680,#13674,#13681,.T.);
#11132=EDGE_CURVE('',#13678,#13680,#13682,.T.);
#11133=FILL_AREA_STYLE('',(#13683));
#11134=EDGE_CURVE('',#13670,#13657,#13684,.T.);
#11135=EDGE_CURVE('',#13659,#13678,#13685,.T.);
#11136=FILL_AREA_STYLE('',(#13686));
#11137=EDGE_CURVE('',#13669,#13665,#13687,.T.);
#11138=FILL_AREA_STYLE('',(#13688));
#11139=EDGE_CURVE('',#13672,#13663,#13689,.T.);
#11140=FILL_AREA_STYLE('',(#13690));
#11141=EDGE_CURVE('',#13674,#13654,#13691,.T.);
#11142=FILL_AREA_STYLE('',(#13692));
#11143=EDGE_CURVE('',#13680,#13655,#13693,.T.);
#11144=FILL_AREA_STYLE('',(#13694));
#11145=EDGE_CURVE('',#13695,#13696,#13697,.T.);
#11146=EDGE_CURVE('',#13698,#13695,#13699,.T.);
#11147=EDGE_CURVE('',#13700,#13698,#13701,.T.);
#11148=EDGE_CURVE('',#13700,#13696,#13702,.T.);
#11149=FILL_AREA_STYLE('',(#13703));
#11150=EDGE_CURVE('',#13704,#13705,#13706,.T.);
#11151=EDGE_CURVE('',#13704,#13707,#13708,.T.);
#11152=EDGE_CURVE('',#13707,#13709,#13710,.T.);
#11153=EDGE_CURVE('',#13709,#13711,#13712,.T.);
#11154=EDGE_CURVE('',#13713,#13711,#13714,.T.);
#11155=EDGE_CURVE('',#13705,#13713,#13715,.T.);
#11156=FILL_AREA_STYLE('',(#13716));
#11157=EDGE_CURVE('',#13698,#13717,#13718,.T.);
#11158=EDGE_CURVE('',#13717,#13719,#13720,.T.);
#11159=EDGE_CURVE('',#13700,#13719,#13721,.T.);
#11160=FILL_AREA_STYLE('',(#13722));
#11161=EDGE_CURVE('',#13723,#13724,#13725,.T.);
#11162=EDGE_CURVE('',#13723,#13719,#13726,.T.);
#11163=EDGE_CURVE('',#13724,#13717,#13727,.T.);
#11164=FILL_AREA_STYLE('',(#13728));
#11165=EDGE_CURVE('',#13695,#13724,#13729,.T.);
#11166=FILL_AREA_STYLE('',(#13730));
#11167=EDGE_CURVE('',#13731,#13711,#13732,.T.);
#11168=EDGE_CURVE('',#13733,#13709,#13734,.T.);
#11169=EDGE_CURVE('',#13731,#13733,#13735,.T.);
#11170=FILL_AREA_STYLE('',(#13736));
#11171=EDGE_CURVE('',#13733,#13737,#13738,.T.);
#11172=EDGE_CURVE('',#13737,#13707,#13739,.T.);
#11173=FILL_AREA_STYLE('',(#13740));
#11174=EDGE_CURVE('',#13737,#13741,#13742,.T.);
#11175=EDGE_CURVE('',#13741,#13704,#13743,.T.);
#11176=FILL_AREA_STYLE('',(#13744));
#11177=EDGE_CURVE('',#13711,#13745,#13746,.T.);
#11178=EDGE_CURVE('',#13745,#13747,#13748,.T.);
#11179=EDGE_CURVE('',#13713,#13747,#13749,.T.);
#11180=FILL_AREA_STYLE('',(#13750));
#11181=EDGE_CURVE('',#13741,#13751,#13752,.T.);
#11182=EDGE_CURVE('',#13751,#13753,#13754,.T.);
#11183=EDGE_CURVE('',#13753,#13755,#13756,.T.);
#11184=EDGE_CURVE('',#13755,#13757,#13758,.T.);
#11185=EDGE_CURVE('',#13757,#13759,#13760,.T.);
#11186=EDGE_CURVE('',#13759,#13025,#13761,.T.);
#11187=EDGE_CURVE('',#13023,#13762,#13763,.T.);
#11188=EDGE_CURVE('',#13762,#13731,#13764,.T.);
#11189=FILL_AREA_STYLE('',(#13765));
#11190=EDGE_CURVE('',#13766,#13767,#13768,.T.);
#11191=EDGE_CURVE('',#13747,#13766,#13769,.T.);
#11192=EDGE_CURVE('',#13770,#13745,#13771,.T.);
#11193=EDGE_CURVE('',#13772,#13770,#13773,.T.);
#11194=EDGE_CURVE('',#13767,#13772,#13774,.T.);
#11195=FILL_AREA_STYLE('',(#13775));
#11196=EDGE_CURVE('',#13776,#13777,#13778,.T.);
#11197=EDGE_CURVE('',#13772,#13776,#13779,.T.);
#11198=EDGE_CURVE('',#13770,#13777,#13780,.T.);
#11199=FILL_AREA_STYLE('',(#13781));
#11200=EDGE_CURVE('',#13745,#13782,#13783,.T.);
#11201=EDGE_CURVE('',#13777,#13782,#13784,.T.);
#11202=FILL_AREA_STYLE('',(#13785));
#11203=EDGE_CURVE('',#13786,#13776,#13787,.T.);
#11204=EDGE_CURVE('',#13767,#13786,#13788,.T.);
#11205=FILL_AREA_STYLE('',(#13789));
#11206=EDGE_CURVE('',#13696,#13705,#13790,.T.);
#11207=EDGE_CURVE('',#13766,#13723,#13791,.T.);
#11208=FILL_AREA_STYLE('',(#13792));
#11209=EDGE_CURVE('',#13786,#13793,#13794,.T.);
#11210=EDGE_CURVE('',#13751,#13793,#13795,.T.);
#11211=FILL_AREA_STYLE('',(#13796));
#11212=EDGE_CURVE('',#13793,#13797,#13798,.T.);
#11213=EDGE_CURVE('',#13753,#13797,#13799,.T.);
#11214=FILL_AREA_STYLE('',(#13800));
#11215=EDGE_CURVE('',#13797,#13801,#13802,.T.);
#11216=EDGE_CURVE('',#13755,#13801,#13803,.T.);
#11217=FILL_AREA_STYLE('',(#13804));
#11218=EDGE_CURVE('',#13801,#13805,#13806,.T.);
#11219=EDGE_CURVE('',#13757,#13805,#13807,.T.);
#11220=FILL_AREA_STYLE('',(#13808));
#11221=EDGE_CURVE('',#13805,#13809,#13810,.T.);
#11222=EDGE_CURVE('',#13759,#13809,#13811,.T.);
#11223=FILL_AREA_STYLE('',(#13812));
#11224=EDGE_CURVE('',#13809,#13029,#13813,.T.);
#11225=FILL_AREA_STYLE('',(#13814));
#11226=EDGE_CURVE('',#13031,#13815,#13816,.T.);
#11227=EDGE_CURVE('',#13762,#13815,#13817,.T.);
#11228=FILL_AREA_STYLE('',(#13818));
#11229=EDGE_CURVE('',#13815,#13782,#13819,.T.);
#11230=FILL_AREA_STYLE('',(#13820));
#11231=FILL_AREA_STYLE_COLOUR('',#13821);
#11232=VERTEX_POINT('',#13822);
#11233=VERTEX_POINT('',#13823);
#11234=LINE('',#13824,#13825);
#11235=VERTEX_POINT('',#13826);
#11236=CIRCLE('',#13827,0.571500000000022);
#11237=VERTEX_POINT('',#13828);
#11238=LINE('',#13829,#13830);
#11239=CIRCLE('',#13831,0.571500000000022);
#11240=FILL_AREA_STYLE_COLOUR('',#13832);
#11241=VERTEX_POINT('',#13833);
#11242=LINE('',#13834,#13835);
#11243=VERTEX_POINT('',#13836);
#11244=LINE('',#13837,#13838);
#11245=CIRCLE('',#13839,0.761999999999984);
#11246=FILL_AREA_STYLE_COLOUR('',#13840);
#11247=VERTEX_POINT('',#13841);
#11248=LINE('',#13842,#13843);
#11249=VERTEX_POINT('',#13844);
#11250=LINE('',#13845,#13846);
#11251=CIRCLE('',#13847,0.761999999999984);
#11252=FILL_AREA_STYLE_COLOUR('',#13848);
#11253=VERTEX_POINT('',#13849);
#11254=VERTEX_POINT('',#13850);
#11255=LINE('',#13851,#13852);
#11256=VERTEX_POINT('',#13853);
#11257=CIRCLE('',#13854,0.571500000000022);
#11258=VERTEX_POINT('',#13855);
#11259=LINE('',#13856,#13857);
#11260=CIRCLE('',#13858,0.571500000000022);
#11261=FILL_AREA_STYLE_COLOUR('',#13859);
#11262=VERTEX_POINT('',#13860);
#11263=LINE('',#13861,#13862);
#11264=VERTEX_POINT('',#13863);
#11265=LINE('',#13864,#13865);
#11266=CIRCLE('',#13866,0.761999999999984);
#11267=FILL_AREA_STYLE_COLOUR('',#13867);
#11268=VERTEX_POINT('',#13868);
#11269=LINE('',#13869,#13870);
#11270=VERTEX_POINT('',#13871);
#11271=LINE('',#13872,#13873);
#11272=CIRCLE('',#13874,0.761999999999984);
#11273=FILL_AREA_STYLE_COLOUR('',#13875);
#11274=VERTEX_POINT('',#13876);
#11275=VERTEX_POINT('',#13877);
#11276=LINE('',#13878,#13879);
#11277=VERTEX_POINT('',#13880);
#11278=CIRCLE('',#13881,0.571500000000022);
#11279=VERTEX_POINT('',#13882);
#11280=LINE('',#13883,#13884);
#11281=CIRCLE('',#13885,0.571500000000022);
#11282=FILL_AREA_STYLE_COLOUR('',#13886);
#11283=VERTEX_POINT('',#13887);
#11284=LINE('',#13888,#13889);
#11285=VERTEX_POINT('',#13890);
#11286=LINE('',#13891,#13892);
#11287=CIRCLE('',#13893,0.761999999999984);
#11288=FILL_AREA_STYLE_COLOUR('',#13894);
#11289=VERTEX_POINT('',#13895);
#11290=LINE('',#13896,#13897);
#11291=VERTEX_POINT('',#13898);
#11292=LINE('',#13899,#13900);
#11293=CIRCLE('',#13901,0.761999999999984);
#11294=FILL_AREA_STYLE_COLOUR('',#13902);
#11295=VERTEX_POINT('',#13903);
#11296=VERTEX_POINT('',#13904);
#11297=LINE('',#13905,#13906);
#11298=VERTEX_POINT('',#13907);
#11299=CIRCLE('',#13908,0.571500000000022);
#11300=VERTEX_POINT('',#13909);
#11301=LINE('',#13910,#13911);
#11302=CIRCLE('',#13912,0.571500000000022);
#11303=FILL_AREA_STYLE_COLOUR('',#13913);
#11304=VERTEX_POINT('',#13914);
#11305=LINE('',#13915,#13916);
#11306=VERTEX_POINT('',#13917);
#11307=LINE('',#13918,#13919);
#11308=CIRCLE('',#13920,0.761999999999984);
#11309=FILL_AREA_STYLE_COLOUR('',#13921);
#11310=VERTEX_POINT('',#13922);
#11311=LINE('',#13923,#13924);
#11312=VERTEX_POINT('',#13925);
#11313=LINE('',#13926,#13927);
#11314=CIRCLE('',#13928,0.761999999999984);
#11315=FILL_AREA_STYLE_COLOUR('',#13929);
#11316=VERTEX_POINT('',#13930);
#11317=VERTEX_POINT('',#13931);
#11318=LINE('',#13932,#13933);
#11319=VERTEX_POINT('',#13934);
#11320=CIRCLE('',#13935,0.571500000000022);
#11321=VERTEX_POINT('',#13936);
#11322=LINE('',#13937,#13938);
#11323=CIRCLE('',#13939,0.571500000000022);
#11324=FILL_AREA_STYLE_COLOUR('',#13940);
#11325=VERTEX_POINT('',#13941);
#11326=LINE('',#13942,#13943);
#11327=VERTEX_POINT('',#13944);
#11328=LINE('',#13945,#13946);
#11329=CIRCLE('',#13947,0.761999999999984);
#11330=FILL_AREA_STYLE_COLOUR('',#13948);
#11331=VERTEX_POINT('',#13949);
#11332=LINE('',#13950,#13951);
#11333=VERTEX_POINT('',#13952);
#11334=LINE('',#13953,#13954);
#11335=CIRCLE('',#13955,0.761999999999984);
#11336=FILL_AREA_STYLE_COLOUR('',#13956);
#11337=VERTEX_POINT('',#13957);
#11338=VERTEX_POINT('',#13958);
#11339=LINE('',#13959,#13960);
#11340=VERTEX_POINT('',#13961);
#11341=CIRCLE('',#13962,0.571500000000022);
#11342=VERTEX_POINT('',#13963);
#11343=LINE('',#13964,#13965);
#11344=CIRCLE('',#13966,0.571500000000022);
#11345=FILL_AREA_STYLE_COLOUR('',#13967);
#11346=VERTEX_POINT('',#13968);
#11347=LINE('',#13969,#13970);
#11348=VERTEX_POINT('',#13971);
#11349=LINE('',#13972,#13973);
#11350=CIRCLE('',#13974,0.761999999999984);
#11351=FILL_AREA_STYLE_COLOUR('',#13975);
#11352=VERTEX_POINT('',#13976);
#11353=LINE('',#13977,#13978);
#11354=VERTEX_POINT('',#13979);
#11355=LINE('',#13980,#13981);
#11356=CIRCLE('',#13982,0.761999999999984);
#11357=FILL_AREA_STYLE_COLOUR('',#13983);
#11358=VERTEX_POINT('',#13984);
#11359=VERTEX_POINT('',#13985);
#11360=LINE('',#13986,#13987);
#11361=VERTEX_POINT('',#13988);
#11362=CIRCLE('',#13989,0.571500000000022);
#11363=VERTEX_POINT('',#13990);
#11364=LINE('',#13991,#13992);
#11365=CIRCLE('',#13993,0.571500000000022);
#11366=FILL_AREA_STYLE_COLOUR('',#13994);
#11367=VERTEX_POINT('',#13995);
#11368=LINE('',#13996,#13997);
#11369=VERTEX_POINT('',#13998);
#11370=LINE('',#13999,#14000);
#11371=CIRCLE('',#14001,0.761999999999984);
#11372=FILL_AREA_STYLE_COLOUR('',#14002);
#11373=VERTEX_POINT('',#14003);
#11374=LINE('',#14004,#14005);
#11375=VERTEX_POINT('',#14006);
#11376=LINE('',#14007,#14008);
#11377=CIRCLE('',#14009,0.761999999999984);
#11378=FILL_AREA_STYLE_COLOUR('',#14010);
#11379=VERTEX_POINT('',#14011);
#11380=VERTEX_POINT('',#14012);
#11381=LINE('',#14013,#14014);
#11382=VERTEX_POINT('',#14015);
#11383=CIRCLE('',#14016,0.571500000000022);
#11384=VERTEX_POINT('',#14017);
#11385=LINE('',#14018,#14019);
#11386=CIRCLE('',#14020,0.571500000000022);
#11387=FILL_AREA_STYLE_COLOUR('',#14021);
#11388=VERTEX_POINT('',#14022);
#11389=LINE('',#14023,#14024);
#11390=VERTEX_POINT('',#14025);
#11391=LINE('',#14026,#14027);
#11392=CIRCLE('',#14028,0.761999999999984);
#11393=FILL_AREA_STYLE_COLOUR('',#14029);
#11394=VERTEX_POINT('',#14030);
#11395=LINE('',#14031,#14032);
#11396=VERTEX_POINT('',#14033);
#11397=LINE('',#14034,#14035);
#11398=CIRCLE('',#14036,0.761999999999984);
#11399=FILL_AREA_STYLE_COLOUR('',#14037);
#11400=VERTEX_POINT('',#14038);
#11401=VERTEX_POINT('',#14039);
#11402=LINE('',#14040,#14041);
#11403=VERTEX_POINT('',#14042);
#11404=CIRCLE('',#14043,0.571500000000022);
#11405=VERTEX_POINT('',#14044);
#11406=LINE('',#14045,#14046);
#11407=CIRCLE('',#14047,0.571500000000022);
#11408=FILL_AREA_STYLE_COLOUR('',#14048);
#11409=VERTEX_POINT('',#14049);
#11410=LINE('',#14050,#14051);
#11411=VERTEX_POINT('',#14052);
#11412=LINE('',#14053,#14054);
#11413=CIRCLE('',#14055,0.761999999999984);
#11414=FILL_AREA_STYLE_COLOUR('',#14056);
#11415=VERTEX_POINT('',#14057);
#11416=LINE('',#14058,#14059);
#11417=VERTEX_POINT('',#14060);
#11418=LINE('',#14061,#14062);
#11419=CIRCLE('',#14063,0.761999999999984);
#11420=FILL_AREA_STYLE_COLOUR('',#14064);
#11421=VERTEX_POINT('',#14065);
#11422=VERTEX_POINT('',#14066);
#11423=LINE('',#14067,#14068);
#11424=VERTEX_POINT('',#14069);
#11425=CIRCLE('',#14070,0.571500000000022);
#11426=VERTEX_POINT('',#14071);
#11427=LINE('',#14072,#14073);
#11428=CIRCLE('',#14074,0.571500000000022);
#11429=FILL_AREA_STYLE_COLOUR('',#14075);
#11430=VERTEX_POINT('',#14076);
#11431=LINE('',#14077,#14078);
#11432=VERTEX_POINT('',#14079);
#11433=LINE('',#14080,#14081);
#11434=CIRCLE('',#14082,0.761999999999984);
#11435=FILL_AREA_STYLE_COLOUR('',#14083);
#11436=VERTEX_POINT('',#14084);
#11437=LINE('',#14085,#14086);
#11438=VERTEX_POINT('',#14087);
#11439=LINE('',#14088,#14089);
#11440=CIRCLE('',#14090,0.761999999999984);
#11441=FILL_AREA_STYLE_COLOUR('',#14091);
#11442=VERTEX_POINT('',#14092);
#11443=VERTEX_POINT('',#14093);
#11444=LINE('',#14094,#14095);
#11445=VERTEX_POINT('',#14096);
#11446=CIRCLE('',#14097,1.01600000000002);
#11447=VERTEX_POINT('',#14098);
#11448=LINE('',#14099,#14100);
#11449=CIRCLE('',#14101,1.01600000000002);
#11450=FILL_AREA_STYLE_COLOUR('',#14102);
#11451=VERTEX_POINT('',#14103);
#11452=VERTEX_POINT('',#14104);
#11453=LINE('',#14105,#14106);
#11454=VERTEX_POINT('',#14107);
#11455=CIRCLE('',#14108,1.01600000000002);
#11456=VERTEX_POINT('',#14109);
#11457=LINE('',#14110,#14111);
#11458=CIRCLE('',#14112,1.01600000000002);
#11459=FILL_AREA_STYLE_COLOUR('',#14113);
#11460=VERTEX_POINT('',#14114);
#11461=VERTEX_POINT('',#14115);
#11462=LINE('',#14116,#14117);
#11463=VERTEX_POINT('',#14118);
#11464=CIRCLE('',#14119,1.01600000000002);
#11465=VERTEX_POINT('',#14120);
#11466=LINE('',#14121,#14122);
#11467=CIRCLE('',#14123,1.01600000000002);
#11468=FILL_AREA_STYLE_COLOUR('',#14124);
#11469=VERTEX_POINT('',#14125);
#11470=VERTEX_POINT('',#14126);
#11471=LINE('',#14127,#14128);
#11472=VERTEX_POINT('',#14129);
#11473=CIRCLE('',#14130,1.01600000000002);
#11474=VERTEX_POINT('',#14131);
#11475=LINE('',#14132,#14133);
#11476=CIRCLE('',#14134,1.01600000000002);
#11477=FILL_AREA_STYLE_COLOUR('',#14135);
#11478=VERTEX_POINT('',#14136);
#11479=VERTEX_POINT('',#14137);
#11480=LINE('',#14138,#14139);
#11481=VERTEX_POINT('',#14140);
#11482=CIRCLE('',#14141,1.01600000000002);
#11483=VERTEX_POINT('',#14142);
#11484=LINE('',#14143,#14144);
#11485=CIRCLE('',#14145,1.01600000000002);
#11486=FILL_AREA_STYLE_COLOUR('',#14146);
#11487=VERTEX_POINT('',#14147);
#11488=VERTEX_POINT('',#14148);
#11489=LINE('',#14149,#14150);
#11490=VERTEX_POINT('',#14151);
#11491=CIRCLE('',#14152,1.01600000000002);
#11492=VERTEX_POINT('',#14153);
#11493=LINE('',#14154,#14155);
#11494=CIRCLE('',#14156,1.01600000000002);
#11495=FILL_AREA_STYLE_COLOUR('',#14157);
#11496=VERTEX_POINT('',#14158);
#11497=VERTEX_POINT('',#14159);
#11498=LINE('',#14160,#14161);
#11499=VERTEX_POINT('',#14162);
#11500=CIRCLE('',#14163,1.01600000000002);
#11501=VERTEX_POINT('',#14164);
#11502=LINE('',#14165,#14166);
#11503=CIRCLE('',#14167,1.01600000000002);
#11504=FILL_AREA_STYLE_COLOUR('',#14168);
#11505=VERTEX_POINT('',#14169);
#11506=VERTEX_POINT('',#14170);
#11507=LINE('',#14171,#14172);
#11508=VERTEX_POINT('',#14173);
#11509=CIRCLE('',#14174,1.01600000000002);
#11510=VERTEX_POINT('',#14175);
#11511=LINE('',#14176,#14177);
#11512=CIRCLE('',#14178,1.01600000000002);
#11513=FILL_AREA_STYLE_COLOUR('',#14179);
#11514=VERTEX_POINT('',#14180);
#11515=VERTEX_POINT('',#14181);
#11516=LINE('',#14182,#14183);
#11517=VERTEX_POINT('',#14184);
#11518=CIRCLE('',#14185,1.01600000000002);
#11519=VERTEX_POINT('',#14186);
#11520=LINE('',#14187,#14188);
#11521=CIRCLE('',#14189,1.01600000000002);
#11522=FILL_AREA_STYLE_COLOUR('',#14190);
#11523=VERTEX_POINT('',#14191);
#11524=VERTEX_POINT('',#14192);
#11525=LINE('',#14193,#14194);
#11526=VERTEX_POINT('',#14195);
#11527=CIRCLE('',#14196,1.01600000000002);
#11528=VERTEX_POINT('',#14197);
#11529=LINE('',#14198,#14199);
#11530=CIRCLE('',#14200,1.01600000000002);
#11531=FILL_AREA_STYLE_COLOUR('',#14201);
#11532=VERTEX_POINT('',#14202);
#11533=VERTEX_POINT('',#14203);
#11534=LINE('',#14204,#14205);
#11535=VERTEX_POINT('',#14206);
#11536=CIRCLE('',#14207,0.8255);
#11537=VERTEX_POINT('',#14208);
#11538=LINE('',#14209,#14210);
#11539=VERTEX_POINT('',#14211);
#11540=CIRCLE('',#14212,0.8255);
#11541=VERTEX_POINT('',#14213);
#11542=LINE('',#14214,#14215);
#11543=VERTEX_POINT('',#14216);
#11544=CIRCLE('',#14217,0.8255);
#11545=VERTEX_POINT('',#14218);
#11546=LINE('',#14219,#14220);
#11547=CIRCLE('',#14221,0.8255);
#11548=FILL_AREA_STYLE_COLOUR('',#14222);
#11549=VERTEX_POINT('',#14223);
#11550=VERTEX_POINT('',#14224);
#11551=LINE('',#14225,#14226);
#11552=VERTEX_POINT('',#14227);
#11553=CIRCLE('',#14228,0.8255);
#11554=VERTEX_POINT('',#14229);
#11555=LINE('',#14230,#14231);
#11556=VERTEX_POINT('',#14232);
#11557=CIRCLE('',#14233,0.8255);
#11558=VERTEX_POINT('',#14234);
#11559=LINE('',#14235,#14236);
#11560=VERTEX_POINT('',#14237);
#11561=CIRCLE('',#14238,0.8255);
#11562=VERTEX_POINT('',#14239);
#11563=LINE('',#14240,#14241);
#11564=CIRCLE('',#14242,0.8255);
#11565=FILL_AREA_STYLE_COLOUR('',#14243);
#11566=VERTEX_POINT('',#14244);
#11567=VERTEX_POINT('',#14245);
#11568=LINE('',#14246,#14247);
#11569=VERTEX_POINT('',#14248);
#11570=CIRCLE('',#14249,0.8255);
#11571=VERTEX_POINT('',#14250);
#11572=LINE('',#14251,#14252);
#11573=VERTEX_POINT('',#14253);
#11574=CIRCLE('',#14254,0.8255);
#11575=VERTEX_POINT('',#14255);
#11576=LINE('',#14256,#14257);
#11577=VERTEX_POINT('',#14258);
#11578=CIRCLE('',#14259,0.8255);
#11579=VERTEX_POINT('',#14260);
#11580=LINE('',#14261,#14262);
#11581=CIRCLE('',#14263,0.8255);
#11582=FILL_AREA_STYLE_COLOUR('',#14264);
#11583=VERTEX_POINT('',#14265);
#11584=VERTEX_POINT('',#14266);
#11585=LINE('',#14267,#14268);
#11586=VERTEX_POINT('',#14269);
#11587=CIRCLE('',#14270,0.8255);
#11588=VERTEX_POINT('',#14271);
#11589=LINE('',#14272,#14273);
#11590=VERTEX_POINT('',#14274);
#11591=CIRCLE('',#14275,0.8255);
#11592=VERTEX_POINT('',#14276);
#11593=LINE('',#14277,#14278);
#11594=VERTEX_POINT('',#14279);
#11595=CIRCLE('',#14280,0.8255);
#11596=VERTEX_POINT('',#14281);
#11597=LINE('',#14282,#14283);
#11598=CIRCLE('',#14284,0.8255);
#11599=FILL_AREA_STYLE_COLOUR('',#14285);
#11600=VERTEX_POINT('',#14286);
#11601=VERTEX_POINT('',#14287);
#11602=LINE('',#14288,#14289);
#11603=VERTEX_POINT('',#14290);
#11604=CIRCLE('',#14291,0.8255);
#11605=VERTEX_POINT('',#14292);
#11606=LINE('',#14293,#14294);
#11607=VERTEX_POINT('',#14295);
#11608=CIRCLE('',#14296,0.8255);
#11609=VERTEX_POINT('',#14297);
#11610=LINE('',#14298,#14299);
#11611=VERTEX_POINT('',#14300);
#11612=CIRCLE('',#14301,0.8255);
#11613=VERTEX_POINT('',#14302);
#11614=LINE('',#14303,#14304);
#11615=CIRCLE('',#14305,0.8255);
#11616=FILL_AREA_STYLE_COLOUR('',#14306);
#11617=VERTEX_POINT('',#14307);
#11618=VERTEX_POINT('',#14308);
#11619=LINE('',#14309,#14310);
#11620=VERTEX_POINT('',#14311);
#11621=CIRCLE('',#14312,0.8255);
#11622=VERTEX_POINT('',#14313);
#11623=LINE('',#14314,#14315);
#11624=VERTEX_POINT('',#14316);
#11625=CIRCLE('',#14317,0.8255);
#11626=VERTEX_POINT('',#14318);
#11627=LINE('',#14319,#14320);
#11628=VERTEX_POINT('',#14321);
#11629=CIRCLE('',#14322,0.8255);
#11630=VERTEX_POINT('',#14323);
#11631=LINE('',#14324,#14325);
#11632=CIRCLE('',#14326,0.8255);
#11633=FILL_AREA_STYLE_COLOUR('',#14327);
#11634=VERTEX_POINT('',#14328);
#11635=VERTEX_POINT('',#14329);
#11636=LINE('',#14330,#14331);
#11637=VERTEX_POINT('',#14332);
#11638=CIRCLE('',#14333,0.8255);
#11639=VERTEX_POINT('',#14334);
#11640=LINE('',#14335,#14336);
#11641=VERTEX_POINT('',#14337);
#11642=CIRCLE('',#14338,0.8255);
#11643=VERTEX_POINT('',#14339);
#11644=LINE('',#14340,#14341);
#11645=VERTEX_POINT('',#14342);
#11646=CIRCLE('',#14343,0.8255);
#11647=VERTEX_POINT('',#14344);
#11648=LINE('',#14345,#14346);
#11649=CIRCLE('',#14347,0.8255);
#11650=FILL_AREA_STYLE_COLOUR('',#14348);
#11651=VERTEX_POINT('',#14349);
#11652=VERTEX_POINT('',#14350);
#11653=LINE('',#14351,#14352);
#11654=VERTEX_POINT('',#14353);
#11655=CIRCLE('',#14354,0.8255);
#11656=VERTEX_POINT('',#14355);
#11657=LINE('',#14356,#14357);
#11658=VERTEX_POINT('',#14358);
#11659=CIRCLE('',#14359,0.8255);
#11660=VERTEX_POINT('',#14360);
#11661=LINE('',#14361,#14362);
#11662=VERTEX_POINT('',#14363);
#11663=CIRCLE('',#14364,0.8255);
#11664=VERTEX_POINT('',#14365);
#11665=LINE('',#14366,#14367);
#11666=CIRCLE('',#14368,0.8255);
#11667=FILL_AREA_STYLE_COLOUR('',#14369);
#11668=VERTEX_POINT('',#14370);
#11669=VERTEX_POINT('',#14371);
#11670=LINE('',#14372,#14373);
#11671=VERTEX_POINT('',#14374);
#11672=CIRCLE('',#14375,0.8255);
#11673=VERTEX_POINT('',#14376);
#11674=LINE('',#14377,#14378);
#11675=VERTEX_POINT('',#14379);
#11676=CIRCLE('',#14380,0.8255);
#11677=VERTEX_POINT('',#14381);
#11678=LINE('',#14382,#14383);
#11679=VERTEX_POINT('',#14384);
#11680=CIRCLE('',#14385,0.8255);
#11681=VERTEX_POINT('',#14386);
#11682=LINE('',#14387,#14388);
#11683=CIRCLE('',#14389,0.8255);
#11684=FILL_AREA_STYLE_COLOUR('',#14390);
#11685=VERTEX_POINT('',#14391);
#11686=VERTEX_POINT('',#14392);
#11687=LINE('',#14393,#14394);
#11688=VERTEX_POINT('',#14395);
#11689=CIRCLE('',#14396,0.8255);
#11690=VERTEX_POINT('',#14397);
#11691=LINE('',#14398,#14399);
#11692=VERTEX_POINT('',#14400);
#11693=CIRCLE('',#14401,0.8255);
#11694=VERTEX_POINT('',#14402);
#11695=LINE('',#14403,#14404);
#11696=VERTEX_POINT('',#14405);
#11697=CIRCLE('',#14406,0.8255);
#11698=VERTEX_POINT('',#14407);
#11699=LINE('',#14408,#14409);
#11700=CIRCLE('',#14410,0.8255);
#11701=FILL_AREA_STYLE_COLOUR('',#14411);
#11702=CIRCLE('',#14412,0.8255);
#11703=VERTEX_POINT('',#14413);
#11704=CIRCLE('',#14414,0.8255);
#11705=VERTEX_POINT('',#14415);
#11706=LINE('',#14416,#14417);
#11707=VERTEX_POINT('',#14418);
#11708=CIRCLE('',#14419,0.8255);
#11709=VERTEX_POINT('',#14420);
#11710=LINE('',#14421,#14422);
#11711=CIRCLE('',#14423,0.8255);
#11712=FILL_AREA_STYLE_COLOUR('',#14424);
#11713=LINE('',#14425,#14426);
#11714=LINE('',#14427,#14428);
#11715=FILL_AREA_STYLE_COLOUR('',#14429);
#11716=LINE('',#14430,#14431);
#11717=LINE('',#14432,#14433);
#11718=FILL_AREA_STYLE_COLOUR('',#14434);
#11719=FILL_AREA_STYLE_COLOUR('',#14435);
#11720=FILL_AREA_STYLE_COLOUR('',#14436);
#11721=FILL_AREA_STYLE_COLOUR('',#14437);
#11722=CIRCLE('',#14438,0.8255);
#11723=VERTEX_POINT('',#14439);
#11724=CIRCLE('',#14440,0.8255);
#11725=VERTEX_POINT('',#14441);
#11726=LINE('',#14442,#14443);
#11727=VERTEX_POINT('',#14444);
#11728=CIRCLE('',#14445,0.8255);
#11729=VERTEX_POINT('',#14446);
#11730=LINE('',#14447,#14448);
#11731=CIRCLE('',#14449,0.8255);
#11732=FILL_AREA_STYLE_COLOUR('',#14450);
#11733=LINE('',#14451,#14452);
#11734=LINE('',#14453,#14454);
#11735=FILL_AREA_STYLE_COLOUR('',#14455);
#11736=LINE('',#14456,#14457);
#11737=LINE('',#14458,#14459);
#11738=FILL_AREA_STYLE_COLOUR('',#14460);
#11739=FILL_AREA_STYLE_COLOUR('',#14461);
#11740=FILL_AREA_STYLE_COLOUR('',#14462);
#11741=FILL_AREA_STYLE_COLOUR('',#14463);
#11742=CIRCLE('',#14464,0.8255);
#11743=VERTEX_POINT('',#14465);
#11744=CIRCLE('',#14466,0.8255);
#11745=VERTEX_POINT('',#14467);
#11746=LINE('',#14468,#14469);
#11747=VERTEX_POINT('',#14470);
#11748=CIRCLE('',#14471,0.8255);
#11749=VERTEX_POINT('',#14472);
#11750=LINE('',#14473,#14474);
#11751=CIRCLE('',#14475,0.8255);
#11752=FILL_AREA_STYLE_COLOUR('',#14476);
#11753=LINE('',#14477,#14478);
#11754=LINE('',#14479,#14480);
#11755=FILL_AREA_STYLE_COLOUR('',#14481);
#11756=LINE('',#14482,#14483);
#11757=LINE('',#14484,#14485);
#11758=FILL_AREA_STYLE_COLOUR('',#14486);
#11759=FILL_AREA_STYLE_COLOUR('',#14487);
#11760=FILL_AREA_STYLE_COLOUR('',#14488);
#11761=FILL_AREA_STYLE_COLOUR('',#14489);
#11762=CIRCLE('',#14490,0.8255);
#11763=VERTEX_POINT('',#14491);
#11764=CIRCLE('',#14492,0.8255);
#11765=VERTEX_POINT('',#14493);
#11766=LINE('',#14494,#14495);
#11767=VERTEX_POINT('',#14496);
#11768=CIRCLE('',#14497,0.8255);
#11769=VERTEX_POINT('',#14498);
#11770=LINE('',#14499,#14500);
#11771=CIRCLE('',#14501,0.8255);
#11772=FILL_AREA_STYLE_COLOUR('',#14502);
#11773=LINE('',#14503,#14504);
#11774=LINE('',#14505,#14506);
#11775=FILL_AREA_STYLE_COLOUR('',#14507);
#11776=LINE('',#14508,#14509);
#11777=LINE('',#14510,#14511);
#11778=FILL_AREA_STYLE_COLOUR('',#14512);
#11779=FILL_AREA_STYLE_COLOUR('',#14513);
#11780=FILL_AREA_STYLE_COLOUR('',#14514);
#11781=FILL_AREA_STYLE_COLOUR('',#14515);
#11782=CIRCLE('',#14516,0.8255);
#11783=VERTEX_POINT('',#14517);
#11784=CIRCLE('',#14518,0.8255);
#11785=VERTEX_POINT('',#14519);
#11786=LINE('',#14520,#14521);
#11787=VERTEX_POINT('',#14522);
#11788=CIRCLE('',#14523,0.8255);
#11789=VERTEX_POINT('',#14524);
#11790=LINE('',#14525,#14526);
#11791=CIRCLE('',#14527,0.8255);
#11792=FILL_AREA_STYLE_COLOUR('',#14528);
#11793=LINE('',#14529,#14530);
#11794=LINE('',#14531,#14532);
#11795=FILL_AREA_STYLE_COLOUR('',#14533);
#11796=LINE('',#14534,#14535);
#11797=LINE('',#14536,#14537);
#11798=FILL_AREA_STYLE_COLOUR('',#14538);
#11799=FILL_AREA_STYLE_COLOUR('',#14539);
#11800=FILL_AREA_STYLE_COLOUR('',#14540);
#11801=FILL_AREA_STYLE_COLOUR('',#14541);
#11802=CIRCLE('',#14542,0.8255);
#11803=VERTEX_POINT('',#14543);
#11804=CIRCLE('',#14544,0.8255);
#11805=VERTEX_POINT('',#14545);
#11806=LINE('',#14546,#14547);
#11807=VERTEX_POINT('',#14548);
#11808=CIRCLE('',#14549,0.8255);
#11809=VERTEX_POINT('',#14550);
#11810=LINE('',#14551,#14552);
#11811=CIRCLE('',#14553,0.8255);
#11812=FILL_AREA_STYLE_COLOUR('',#14554);
#11813=LINE('',#14555,#14556);
#11814=LINE('',#14557,#14558);
#11815=FILL_AREA_STYLE_COLOUR('',#14559);
#11816=LINE('',#14560,#14561);
#11817=LINE('',#14562,#14563);
#11818=FILL_AREA_STYLE_COLOUR('',#14564);
#11819=FILL_AREA_STYLE_COLOUR('',#14565);
#11820=FILL_AREA_STYLE_COLOUR('',#14566);
#11821=FILL_AREA_STYLE_COLOUR('',#14567);
#11822=CIRCLE('',#14568,0.8255);
#11823=VERTEX_POINT('',#14569);
#11824=CIRCLE('',#14570,0.8255);
#11825=VERTEX_POINT('',#14571);
#11826=LINE('',#14572,#14573);
#11827=VERTEX_POINT('',#14574);
#11828=CIRCLE('',#14575,0.8255);
#11829=VERTEX_POINT('',#14576);
#11830=LINE('',#14577,#14578);
#11831=CIRCLE('',#14579,0.8255);
#11832=FILL_AREA_STYLE_COLOUR('',#14580);
#11833=LINE('',#14581,#14582);
#11834=LINE('',#14583,#14584);
#11835=FILL_AREA_STYLE_COLOUR('',#14585);
#11836=LINE('',#14586,#14587);
#11837=LINE('',#14588,#14589);
#11838=FILL_AREA_STYLE_COLOUR('',#14590);
#11839=FILL_AREA_STYLE_COLOUR('',#14591);
#11840=FILL_AREA_STYLE_COLOUR('',#14592);
#11841=FILL_AREA_STYLE_COLOUR('',#14593);
#11842=CIRCLE('',#14594,0.8255);
#11843=VERTEX_POINT('',#14595);
#11844=CIRCLE('',#14596,0.8255);
#11845=VERTEX_POINT('',#14597);
#11846=LINE('',#14598,#14599);
#11847=VERTEX_POINT('',#14600);
#11848=CIRCLE('',#14601,0.8255);
#11849=VERTEX_POINT('',#14602);
#11850=LINE('',#14603,#14604);
#11851=CIRCLE('',#14605,0.8255);
#11852=FILL_AREA_STYLE_COLOUR('',#14606);
#11853=LINE('',#14607,#14608);
#11854=LINE('',#14609,#14610);
#11855=FILL_AREA_STYLE_COLOUR('',#14611);
#11856=LINE('',#14612,#14613);
#11857=LINE('',#14614,#14615);
#11858=FILL_AREA_STYLE_COLOUR('',#14616);
#11859=FILL_AREA_STYLE_COLOUR('',#14617);
#11860=FILL_AREA_STYLE_COLOUR('',#14618);
#11861=FILL_AREA_STYLE_COLOUR('',#14619);
#11862=CIRCLE('',#14620,0.8255);
#11863=VERTEX_POINT('',#14621);
#11864=CIRCLE('',#14622,0.8255);
#11865=VERTEX_POINT('',#14623);
#11866=LINE('',#14624,#14625);
#11867=VERTEX_POINT('',#14626);
#11868=CIRCLE('',#14627,0.8255);
#11869=VERTEX_POINT('',#14628);
#11870=LINE('',#14629,#14630);
#11871=CIRCLE('',#14631,0.8255);
#11872=FILL_AREA_STYLE_COLOUR('',#14632);
#11873=LINE('',#14633,#14634);
#11874=LINE('',#14635,#14636);
#11875=FILL_AREA_STYLE_COLOUR('',#14637);
#11876=LINE('',#14638,#14639);
#11877=LINE('',#14640,#14641);
#11878=FILL_AREA_STYLE_COLOUR('',#14642);
#11879=FILL_AREA_STYLE_COLOUR('',#14643);
#11880=FILL_AREA_STYLE_COLOUR('',#14644);
#11881=FILL_AREA_STYLE_COLOUR('',#14645);
#11882=CIRCLE('',#14646,0.8255);
#11883=VERTEX_POINT('',#14647);
#11884=CIRCLE('',#14648,0.8255);
#11885=VERTEX_POINT('',#14649);
#11886=LINE('',#14650,#14651);
#11887=VERTEX_POINT('',#14652);
#11888=CIRCLE('',#14653,0.8255);
#11889=VERTEX_POINT('',#14654);
#11890=LINE('',#14655,#14656);
#11891=CIRCLE('',#14657,0.8255);
#11892=FILL_AREA_STYLE_COLOUR('',#14658);
#11893=LINE('',#14659,#14660);
#11894=LINE('',#14661,#14662);
#11895=FILL_AREA_STYLE_COLOUR('',#14663);
#11896=LINE('',#14664,#14665);
#11897=LINE('',#14666,#14667);
#11898=FILL_AREA_STYLE_COLOUR('',#14668);
#11899=FILL_AREA_STYLE_COLOUR('',#14669);
#11900=FILL_AREA_STYLE_COLOUR('',#14670);
#11901=FILL_AREA_STYLE_COLOUR('',#14671);
#11902=CIRCLE('',#14672,1.01600000000002);
#11903=CIRCLE('',#14673,1.01600000000002);
#11904=FILL_AREA_STYLE_COLOUR('',#14674);
#11905=FILL_AREA_STYLE_COLOUR('',#14675);
#11906=CIRCLE('',#14676,1.01600000000002);
#11907=CIRCLE('',#14677,1.01600000000002);
#11908=FILL_AREA_STYLE_COLOUR('',#14678);
#11909=FILL_AREA_STYLE_COLOUR('',#14679);
#11910=CIRCLE('',#14680,1.01600000000002);
#11911=CIRCLE('',#14681,1.01600000000002);
#11912=FILL_AREA_STYLE_COLOUR('',#14682);
#11913=FILL_AREA_STYLE_COLOUR('',#14683);
#11914=CIRCLE('',#14684,1.01600000000002);
#11915=CIRCLE('',#14685,1.01600000000002);
#11916=FILL_AREA_STYLE_COLOUR('',#14686);
#11917=FILL_AREA_STYLE_COLOUR('',#14687);
#11918=CIRCLE('',#14688,1.01600000000002);
#11919=CIRCLE('',#14689,1.01600000000002);
#11920=FILL_AREA_STYLE_COLOUR('',#14690);
#11921=FILL_AREA_STYLE_COLOUR('',#14691);
#11922=CIRCLE('',#14692,1.01600000000002);
#11923=CIRCLE('',#14693,1.01600000000002);
#11924=FILL_AREA_STYLE_COLOUR('',#14694);
#11925=FILL_AREA_STYLE_COLOUR('',#14695);
#11926=CIRCLE('',#14696,1.01600000000002);
#11927=CIRCLE('',#14697,1.01600000000002);
#11928=FILL_AREA_STYLE_COLOUR('',#14698);
#11929=FILL_AREA_STYLE_COLOUR('',#14699);
#11930=CIRCLE('',#14700,1.01600000000002);
#11931=CIRCLE('',#14701,1.01600000000002);
#11932=FILL_AREA_STYLE_COLOUR('',#14702);
#11933=FILL_AREA_STYLE_COLOUR('',#14703);
#11934=CIRCLE('',#14704,1.01600000000002);
#11935=CIRCLE('',#14705,1.01600000000002);
#11936=FILL_AREA_STYLE_COLOUR('',#14706);
#11937=FILL_AREA_STYLE_COLOUR('',#14707);
#11938=CIRCLE('',#14708,1.01600000000002);
#11939=CIRCLE('',#14709,1.01600000000002);
#11940=FILL_AREA_STYLE_COLOUR('',#14710);
#11941=FILL_AREA_STYLE_COLOUR('',#14711);
#11942=VERTEX_POINT('',#14712);
#11943=VERTEX_POINT('',#14713);
#11944=LINE('',#14714,#14715);
#11945=VERTEX_POINT('',#14716);
#11946=LINE('',#14717,#14718);
#11947=VERTEX_POINT('',#14719);
#11948=LINE('',#14720,#14721);
#11949=LINE('',#14722,#14723);
#11950=FILL_AREA_STYLE_COLOUR('',#14724);
#11951=VERTEX_POINT('',#14725);
#11952=LINE('',#14726,#14727);
#11953=VERTEX_POINT('',#14728);
#11954=LINE('',#14729,#14730);
#11955=LINE('',#14731,#14732);
#11956=FILL_AREA_STYLE_COLOUR('',#14733);
#11957=VERTEX_POINT('',#14734);
#11958=LINE('',#14735,#14736);
#11959=VERTEX_POINT('',#14737);
#11960=LINE('',#14738,#14739);
#11961=LINE('',#14740,#14741);
#11962=VERTEX_POINT('',#14742);
#11963=VERTEX_POINT('',#14743);
#11964=LINE('',#14744,#14745);
#11965=VERTEX_POINT('',#14746);
#11966=LINE('',#14747,#14748);
#11967=VERTEX_POINT('',#14749);
#11968=LINE('',#14750,#14751);
#11969=LINE('',#14752,#14753);
#11970=FILL_AREA_STYLE_COLOUR('',#14754);
#11971=CIRCLE('',#14755,0.761999999999984);
#11972=CIRCLE('',#14756,0.761999999999984);
#11973=FILL_AREA_STYLE_COLOUR('',#14757);
#11974=CIRCLE('',#14758,0.571500000000022);
#11975=FILL_AREA_STYLE_COLOUR('',#14759);
#11976=CIRCLE('',#14760,0.571500000000022);
#11977=FILL_AREA_STYLE_COLOUR('',#14761);
#11978=FILL_AREA_STYLE_COLOUR('',#14762);
#11979=VERTEX_POINT('',#14763);
#11980=LINE('',#14764,#14765);
#11981=VERTEX_POINT('',#14766);
#11982=LINE('',#14767,#14768);
#11983=VERTEX_POINT('',#14769);
#11984=LINE('',#14770,#14771);
#11985=VERTEX_POINT('',#14772);
#11986=LINE('',#14773,#14774);
#11987=VERTEX_POINT('',#14775);
#11988=LINE('',#14776,#14777);
#11989=VERTEX_POINT('',#14778);
#11990=LINE('',#14779,#14780);
#11991=LINE('',#14781,#14782);
#11992=FILL_AREA_STYLE_COLOUR('',#14783);
#11993=VERTEX_POINT('',#14784);
#11994=LINE('',#14785,#14786);
#11995=LINE('',#14787,#14788);
#11996=FILL_AREA_STYLE_COLOUR('',#14789);
#11997=VERTEX_POINT('',#14790);
#11998=LINE('',#14791,#14792);
#11999=LINE('',#14793,#14794);
#12000=FILL_AREA_STYLE_COLOUR('',#14795);
#12001=VERTEX_POINT('',#14796);
#12002=LINE('',#14797,#14798);
#12003=LINE('',#14799,#14800);
#12004=FILL_AREA_STYLE_COLOUR('',#14801);
#12005=VERTEX_POINT('',#14802);
#12006=LINE('',#14803,#14804);
#12007=LINE('',#14805,#14806);
#12008=FILL_AREA_STYLE_COLOUR('',#14807);
#12009=VERTEX_POINT('',#14808);
#12010=LINE('',#14809,#14810);
#12011=LINE('',#14811,#14812);
#12012=FILL_AREA_STYLE_COLOUR('',#14813);
#12013=VERTEX_POINT('',#14814);
#12014=LINE('',#14815,#14816);
#12015=LINE('',#14817,#14818);
#12016=FILL_AREA_STYLE_COLOUR('',#14819);
#12017=LINE('',#14820,#14821);
#12018=FILL_AREA_STYLE_COLOUR('',#14822);
#12019=FILL_AREA_STYLE_COLOUR('',#14823);
#12020=VERTEX_POINT('',#14824);
#12021=LINE('',#14825,#14826);
#12022=VERTEX_POINT('',#14827);
#12023=LINE('',#14828,#14829);
#12024=LINE('',#14830,#14831);
#12025=FILL_AREA_STYLE_COLOUR('',#14832);
#12026=VERTEX_POINT('',#14833);
#12027=LINE('',#14834,#14835);
#12028=VERTEX_POINT('',#14836);
#12029=LINE('',#14837,#14838);
#12030=LINE('',#14839,#14840);
#12031=FILL_AREA_STYLE_COLOUR('',#14841);
#12032=CIRCLE('',#14842,1.86563);
#12033=CIRCLE('',#14843,1.86563);
#12034=FILL_AREA_STYLE_COLOUR('',#14844);
#12035=FILL_AREA_STYLE_COLOUR('',#14845);
#12036=VERTEX_POINT('',#14846);
#12037=VERTEX_POINT('',#14847);
#12038=LINE('',#14848,#14849);
#12039=VERTEX_POINT('',#14850);
#12040=LINE('',#14851,#14852);
#12041=VERTEX_POINT('',#14853);
#12042=LINE('',#14854,#14855);
#12043=LINE('',#14856,#14857);
#12044=FILL_AREA_STYLE_COLOUR('',#14858);
#12045=VERTEX_POINT('',#14859);
#12046=LINE('',#14860,#14861);
#12047=VERTEX_POINT('',#14862);
#12048=LINE('',#14863,#14864);
#12049=LINE('',#14865,#14866);
#12050=FILL_AREA_STYLE_COLOUR('',#14867);
#12051=VERTEX_POINT('',#14868);
#12052=LINE('',#14869,#14870);
#12053=VERTEX_POINT('',#14871);
#12054=LINE('',#14872,#14873);
#12055=LINE('',#14874,#14875);
#12056=VERTEX_POINT('',#14876);
#12057=VERTEX_POINT('',#14877);
#12058=LINE('',#14878,#14879);
#12059=VERTEX_POINT('',#14880);
#12060=LINE('',#14881,#14882);
#12061=VERTEX_POINT('',#14883);
#12062=LINE('',#14884,#14885);
#12063=LINE('',#14886,#14887);
#12064=FILL_AREA_STYLE_COLOUR('',#14888);
#12065=CIRCLE('',#14889,0.761999999999984);
#12066=CIRCLE('',#14890,0.761999999999984);
#12067=FILL_AREA_STYLE_COLOUR('',#14891);
#12068=CIRCLE('',#14892,0.571500000000022);
#12069=FILL_AREA_STYLE_COLOUR('',#14893);
#12070=CIRCLE('',#14894,0.571500000000022);
#12071=FILL_AREA_STYLE_COLOUR('',#14895);
#12072=FILL_AREA_STYLE_COLOUR('',#14896);
#12073=VERTEX_POINT('',#14897);
#12074=LINE('',#14898,#14899);
#12075=VERTEX_POINT('',#14900);
#12076=LINE('',#14901,#14902);
#12077=VERTEX_POINT('',#14903);
#12078=LINE('',#14904,#14905);
#12079=VERTEX_POINT('',#14906);
#12080=LINE('',#14907,#14908);
#12081=VERTEX_POINT('',#14909);
#12082=LINE('',#14910,#14911);
#12083=VERTEX_POINT('',#14912);
#12084=LINE('',#14913,#14914);
#12085=LINE('',#14915,#14916);
#12086=FILL_AREA_STYLE_COLOUR('',#14917);
#12087=VERTEX_POINT('',#14918);
#12088=LINE('',#14919,#14920);
#12089=LINE('',#14921,#14922);
#12090=FILL_AREA_STYLE_COLOUR('',#14923);
#12091=VERTEX_POINT('',#14924);
#12092=LINE('',#14925,#14926);
#12093=LINE('',#14927,#14928);
#12094=FILL_AREA_STYLE_COLOUR('',#14929);
#12095=VERTEX_POINT('',#14930);
#12096=LINE('',#14931,#14932);
#12097=LINE('',#14933,#14934);
#12098=FILL_AREA_STYLE_COLOUR('',#14935);
#12099=VERTEX_POINT('',#14936);
#12100=LINE('',#14937,#14938);
#12101=LINE('',#14939,#14940);
#12102=FILL_AREA_STYLE_COLOUR('',#14941);
#12103=VERTEX_POINT('',#14942);
#12104=LINE('',#14943,#14944);
#12105=LINE('',#14945,#14946);
#12106=FILL_AREA_STYLE_COLOUR('',#14947);
#12107=VERTEX_POINT('',#14948);
#12108=LINE('',#14949,#14950);
#12109=LINE('',#14951,#14952);
#12110=FILL_AREA_STYLE_COLOUR('',#14953);
#12111=LINE('',#14954,#14955);
#12112=FILL_AREA_STYLE_COLOUR('',#14956);
#12113=FILL_AREA_STYLE_COLOUR('',#14957);
#12114=VERTEX_POINT('',#14958);
#12115=LINE('',#14959,#14960);
#12116=VERTEX_POINT('',#14961);
#12117=LINE('',#14962,#14963);
#12118=LINE('',#14964,#14965);
#12119=FILL_AREA_STYLE_COLOUR('',#14966);
#12120=VERTEX_POINT('',#14967);
#12121=LINE('',#14968,#14969);
#12122=VERTEX_POINT('',#14970);
#12123=LINE('',#14971,#14972);
#12124=LINE('',#14973,#14974);
#12125=FILL_AREA_STYLE_COLOUR('',#14975);
#12126=CIRCLE('',#14976,1.86563);
#12127=CIRCLE('',#14977,1.86563);
#12128=FILL_AREA_STYLE_COLOUR('',#14978);
#12129=FILL_AREA_STYLE_COLOUR('',#14979);
#12130=VERTEX_POINT('',#14980);
#12131=VERTEX_POINT('',#14981);
#12132=LINE('',#14982,#14983);
#12133=VERTEX_POINT('',#14984);
#12134=LINE('',#14985,#14986);
#12135=VERTEX_POINT('',#14987);
#12136=LINE('',#14988,#14989);
#12137=LINE('',#14990,#14991);
#12138=FILL_AREA_STYLE_COLOUR('',#14992);
#12139=VERTEX_POINT('',#14993);
#12140=LINE('',#14994,#14995);
#12141=VERTEX_POINT('',#14996);
#12142=LINE('',#14997,#14998);
#12143=LINE('',#14999,#15000);
#12144=FILL_AREA_STYLE_COLOUR('',#15001);
#12145=VERTEX_POINT('',#15002);
#12146=LINE('',#15003,#15004);
#12147=VERTEX_POINT('',#15005);
#12148=LINE('',#15006,#15007);
#12149=LINE('',#15008,#15009);
#12150=VERTEX_POINT('',#15010);
#12151=VERTEX_POINT('',#15011);
#12152=LINE('',#15012,#15013);
#12153=VERTEX_POINT('',#15014);
#12154=LINE('',#15015,#15016);
#12155=VERTEX_POINT('',#15017);
#12156=LINE('',#15018,#15019);
#12157=LINE('',#15020,#15021);
#12158=FILL_AREA_STYLE_COLOUR('',#15022);
#12159=CIRCLE('',#15023,0.761999999999984);
#12160=CIRCLE('',#15024,0.761999999999984);
#12161=FILL_AREA_STYLE_COLOUR('',#15025);
#12162=CIRCLE('',#15026,0.571500000000022);
#12163=FILL_AREA_STYLE_COLOUR('',#15027);
#12164=CIRCLE('',#15028,0.571500000000022);
#12165=FILL_AREA_STYLE_COLOUR('',#15029);
#12166=FILL_AREA_STYLE_COLOUR('',#15030);
#12167=VERTEX_POINT('',#15031);
#12168=LINE('',#15032,#15033);
#12169=VERTEX_POINT('',#15034);
#12170=LINE('',#15035,#15036);
#12171=VERTEX_POINT('',#15037);
#12172=LINE('',#15038,#15039);
#12173=VERTEX_POINT('',#15040);
#12174=LINE('',#15041,#15042);
#12175=VERTEX_POINT('',#15043);
#12176=LINE('',#15044,#15045);
#12177=VERTEX_POINT('',#15046);
#12178=LINE('',#15047,#15048);
#12179=LINE('',#15049,#15050);
#12180=FILL_AREA_STYLE_COLOUR('',#15051);
#12181=VERTEX_POINT('',#15052);
#12182=LINE('',#15053,#15054);
#12183=LINE('',#15055,#15056);
#12184=FILL_AREA_STYLE_COLOUR('',#15057);
#12185=VERTEX_POINT('',#15058);
#12186=LINE('',#15059,#15060);
#12187=LINE('',#15061,#15062);
#12188=FILL_AREA_STYLE_COLOUR('',#15063);
#12189=VERTEX_POINT('',#15064);
#12190=LINE('',#15065,#15066);
#12191=LINE('',#15067,#15068);
#12192=FILL_AREA_STYLE_COLOUR('',#15069);
#12193=VERTEX_POINT('',#15070);
#12194=LINE('',#15071,#15072);
#12195=LINE('',#15073,#15074);
#12196=FILL_AREA_STYLE_COLOUR('',#15075);
#12197=VERTEX_POINT('',#15076);
#12198=LINE('',#15077,#15078);
#12199=LINE('',#15079,#15080);
#12200=FILL_AREA_STYLE_COLOUR('',#15081);
#12201=VERTEX_POINT('',#15082);
#12202=LINE('',#15083,#15084);
#12203=LINE('',#15085,#15086);
#12204=FILL_AREA_STYLE_COLOUR('',#15087);
#12205=LINE('',#15088,#15089);
#12206=FILL_AREA_STYLE_COLOUR('',#15090);
#12207=FILL_AREA_STYLE_COLOUR('',#15091);
#12208=VERTEX_POINT('',#15092);
#12209=LINE('',#15093,#15094);
#12210=VERTEX_POINT('',#15095);
#12211=LINE('',#15096,#15097);
#12212=LINE('',#15098,#15099);
#12213=FILL_AREA_STYLE_COLOUR('',#15100);
#12214=VERTEX_POINT('',#15101);
#12215=LINE('',#15102,#15103);
#12216=VERTEX_POINT('',#15104);
#12217=LINE('',#15105,#15106);
#12218=LINE('',#15107,#15108);
#12219=FILL_AREA_STYLE_COLOUR('',#15109);
#12220=CIRCLE('',#15110,1.86563);
#12221=CIRCLE('',#15111,1.86563);
#12222=FILL_AREA_STYLE_COLOUR('',#15112);
#12223=FILL_AREA_STYLE_COLOUR('',#15113);
#12224=VERTEX_POINT('',#15114);
#12225=VERTEX_POINT('',#15115);
#12226=LINE('',#15116,#15117);
#12227=VERTEX_POINT('',#15118);
#12228=LINE('',#15119,#15120);
#12229=VERTEX_POINT('',#15121);
#12230=LINE('',#15122,#15123);
#12231=LINE('',#15124,#15125);
#12232=FILL_AREA_STYLE_COLOUR('',#15126);
#12233=VERTEX_POINT('',#15127);
#12234=LINE('',#15128,#15129);
#12235=VERTEX_POINT('',#15130);
#12236=LINE('',#15131,#15132);
#12237=LINE('',#15133,#15134);
#12238=FILL_AREA_STYLE_COLOUR('',#15135);
#12239=VERTEX_POINT('',#15136);
#12240=LINE('',#15137,#15138);
#12241=VERTEX_POINT('',#15139);
#12242=LINE('',#15140,#15141);
#12243=LINE('',#15142,#15143);
#12244=VERTEX_POINT('',#15144);
#12245=VERTEX_POINT('',#15145);
#12246=LINE('',#15146,#15147);
#12247=VERTEX_POINT('',#15148);
#12248=LINE('',#15149,#15150);
#12249=VERTEX_POINT('',#15151);
#12250=LINE('',#15152,#15153);
#12251=LINE('',#15154,#15155);
#12252=FILL_AREA_STYLE_COLOUR('',#15156);
#12253=CIRCLE('',#15157,0.761999999999984);
#12254=CIRCLE('',#15158,0.761999999999984);
#12255=FILL_AREA_STYLE_COLOUR('',#15159);
#12256=CIRCLE('',#15160,0.571500000000022);
#12257=FILL_AREA_STYLE_COLOUR('',#15161);
#12258=CIRCLE('',#15162,0.571500000000022);
#12259=FILL_AREA_STYLE_COLOUR('',#15163);
#12260=FILL_AREA_STYLE_COLOUR('',#15164);
#12261=VERTEX_POINT('',#15165);
#12262=LINE('',#15166,#15167);
#12263=VERTEX_POINT('',#15168);
#12264=LINE('',#15169,#15170);
#12265=VERTEX_POINT('',#15171);
#12266=LINE('',#15172,#15173);
#12267=VERTEX_POINT('',#15174);
#12268=LINE('',#15175,#15176);
#12269=VERTEX_POINT('',#15177);
#12270=LINE('',#15178,#15179);
#12271=VERTEX_POINT('',#15180);
#12272=LINE('',#15181,#15182);
#12273=LINE('',#15183,#15184);
#12274=FILL_AREA_STYLE_COLOUR('',#15185);
#12275=VERTEX_POINT('',#15186);
#12276=LINE('',#15187,#15188);
#12277=LINE('',#15189,#15190);
#12278=FILL_AREA_STYLE_COLOUR('',#15191);
#12279=VERTEX_POINT('',#15192);
#12280=LINE('',#15193,#15194);
#12281=LINE('',#15195,#15196);
#12282=FILL_AREA_STYLE_COLOUR('',#15197);
#12283=VERTEX_POINT('',#15198);
#12284=LINE('',#15199,#15200);
#12285=LINE('',#15201,#15202);
#12286=FILL_AREA_STYLE_COLOUR('',#15203);
#12287=VERTEX_POINT('',#15204);
#12288=LINE('',#15205,#15206);
#12289=LINE('',#15207,#15208);
#12290=FILL_AREA_STYLE_COLOUR('',#15209);
#12291=VERTEX_POINT('',#15210);
#12292=LINE('',#15211,#15212);
#12293=LINE('',#15213,#15214);
#12294=FILL_AREA_STYLE_COLOUR('',#15215);
#12295=VERTEX_POINT('',#15216);
#12296=LINE('',#15217,#15218);
#12297=LINE('',#15219,#15220);
#12298=FILL_AREA_STYLE_COLOUR('',#15221);
#12299=LINE('',#15222,#15223);
#12300=FILL_AREA_STYLE_COLOUR('',#15224);
#12301=FILL_AREA_STYLE_COLOUR('',#15225);
#12302=VERTEX_POINT('',#15226);
#12303=LINE('',#15227,#15228);
#12304=VERTEX_POINT('',#15229);
#12305=LINE('',#15230,#15231);
#12306=LINE('',#15232,#15233);
#12307=FILL_AREA_STYLE_COLOUR('',#15234);
#12308=VERTEX_POINT('',#15235);
#12309=LINE('',#15236,#15237);
#12310=VERTEX_POINT('',#15238);
#12311=LINE('',#15239,#15240);
#12312=LINE('',#15241,#15242);
#12313=FILL_AREA_STYLE_COLOUR('',#15243);
#12314=CIRCLE('',#15244,1.86563);
#12315=CIRCLE('',#15245,1.86563);
#12316=FILL_AREA_STYLE_COLOUR('',#15246);
#12317=FILL_AREA_STYLE_COLOUR('',#15247);
#12318=VERTEX_POINT('',#15248);
#12319=VERTEX_POINT('',#15249);
#12320=LINE('',#15250,#15251);
#12321=VERTEX_POINT('',#15252);
#12322=LINE('',#15253,#15254);
#12323=VERTEX_POINT('',#15255);
#12324=LINE('',#15256,#15257);
#12325=LINE('',#15258,#15259);
#12326=FILL_AREA_STYLE_COLOUR('',#15260);
#12327=VERTEX_POINT('',#15261);
#12328=LINE('',#15262,#15263);
#12329=VERTEX_POINT('',#15264);
#12330=LINE('',#15265,#15266);
#12331=LINE('',#15267,#15268);
#12332=FILL_AREA_STYLE_COLOUR('',#15269);
#12333=VERTEX_POINT('',#15270);
#12334=LINE('',#15271,#15272);
#12335=VERTEX_POINT('',#15273);
#12336=LINE('',#15274,#15275);
#12337=LINE('',#15276,#15277);
#12338=VERTEX_POINT('',#15278);
#12339=VERTEX_POINT('',#15279);
#12340=LINE('',#15280,#15281);
#12341=VERTEX_POINT('',#15282);
#12342=LINE('',#15283,#15284);
#12343=VERTEX_POINT('',#15285);
#12344=LINE('',#15286,#15287);
#12345=LINE('',#15288,#15289);
#12346=FILL_AREA_STYLE_COLOUR('',#15290);
#12347=CIRCLE('',#15291,0.761999999999984);
#12348=CIRCLE('',#15292,0.761999999999984);
#12349=FILL_AREA_STYLE_COLOUR('',#15293);
#12350=CIRCLE('',#15294,0.571500000000022);
#12351=FILL_AREA_STYLE_COLOUR('',#15295);
#12352=CIRCLE('',#15296,0.571500000000022);
#12353=FILL_AREA_STYLE_COLOUR('',#15297);
#12354=FILL_AREA_STYLE_COLOUR('',#15298);
#12355=VERTEX_POINT('',#15299);
#12356=LINE('',#15300,#15301);
#12357=VERTEX_POINT('',#15302);
#12358=LINE('',#15303,#15304);
#12359=VERTEX_POINT('',#15305);
#12360=LINE('',#15306,#15307);
#12361=VERTEX_POINT('',#15308);
#12362=LINE('',#15309,#15310);
#12363=VERTEX_POINT('',#15311);
#12364=LINE('',#15312,#15313);
#12365=VERTEX_POINT('',#15314);
#12366=LINE('',#15315,#15316);
#12367=LINE('',#15317,#15318);
#12368=FILL_AREA_STYLE_COLOUR('',#15319);
#12369=VERTEX_POINT('',#15320);
#12370=LINE('',#15321,#15322);
#12371=LINE('',#15323,#15324);
#12372=FILL_AREA_STYLE_COLOUR('',#15325);
#12373=VERTEX_POINT('',#15326);
#12374=LINE('',#15327,#15328);
#12375=LINE('',#15329,#15330);
#12376=FILL_AREA_STYLE_COLOUR('',#15331);
#12377=VERTEX_POINT('',#15332);
#12378=LINE('',#15333,#15334);
#12379=LINE('',#15335,#15336);
#12380=FILL_AREA_STYLE_COLOUR('',#15337);
#12381=VERTEX_POINT('',#15338);
#12382=LINE('',#15339,#15340);
#12383=LINE('',#15341,#15342);
#12384=FILL_AREA_STYLE_COLOUR('',#15343);
#12385=VERTEX_POINT('',#15344);
#12386=LINE('',#15345,#15346);
#12387=LINE('',#15347,#15348);
#12388=FILL_AREA_STYLE_COLOUR('',#15349);
#12389=VERTEX_POINT('',#15350);
#12390=LINE('',#15351,#15352);
#12391=LINE('',#15353,#15354);
#12392=FILL_AREA_STYLE_COLOUR('',#15355);
#12393=LINE('',#15356,#15357);
#12394=FILL_AREA_STYLE_COLOUR('',#15358);
#12395=FILL_AREA_STYLE_COLOUR('',#15359);
#12396=VERTEX_POINT('',#15360);
#12397=LINE('',#15361,#15362);
#12398=VERTEX_POINT('',#15363);
#12399=LINE('',#15364,#15365);
#12400=LINE('',#15366,#15367);
#12401=FILL_AREA_STYLE_COLOUR('',#15368);
#12402=VERTEX_POINT('',#15369);
#12403=LINE('',#15370,#15371);
#12404=VERTEX_POINT('',#15372);
#12405=LINE('',#15373,#15374);
#12406=LINE('',#15375,#15376);
#12407=FILL_AREA_STYLE_COLOUR('',#15377);
#12408=CIRCLE('',#15378,1.86563);
#12409=CIRCLE('',#15379,1.86563);
#12410=FILL_AREA_STYLE_COLOUR('',#15380);
#12411=FILL_AREA_STYLE_COLOUR('',#15381);
#12412=VERTEX_POINT('',#15382);
#12413=VERTEX_POINT('',#15383);
#12414=LINE('',#15384,#15385);
#12415=VERTEX_POINT('',#15386);
#12416=LINE('',#15387,#15388);
#12417=VERTEX_POINT('',#15389);
#12418=LINE('',#15390,#15391);
#12419=LINE('',#15392,#15393);
#12420=FILL_AREA_STYLE_COLOUR('',#15394);
#12421=VERTEX_POINT('',#15395);
#12422=LINE('',#15396,#15397);
#12423=VERTEX_POINT('',#15398);
#12424=LINE('',#15399,#15400);
#12425=LINE('',#15401,#15402);
#12426=FILL_AREA_STYLE_COLOUR('',#15403);
#12427=VERTEX_POINT('',#15404);
#12428=LINE('',#15405,#15406);
#12429=VERTEX_POINT('',#15407);
#12430=LINE('',#15408,#15409);
#12431=LINE('',#15410,#15411);
#12432=VERTEX_POINT('',#15412);
#12433=VERTEX_POINT('',#15413);
#12434=LINE('',#15414,#15415);
#12435=VERTEX_POINT('',#15416);
#12436=LINE('',#15417,#15418);
#12437=VERTEX_POINT('',#15419);
#12438=LINE('',#15420,#15421);
#12439=LINE('',#15422,#15423);
#12440=FILL_AREA_STYLE_COLOUR('',#15424);
#12441=CIRCLE('',#15425,0.761999999999984);
#12442=CIRCLE('',#15426,0.761999999999984);
#12443=FILL_AREA_STYLE_COLOUR('',#15427);
#12444=CIRCLE('',#15428,0.571500000000022);
#12445=FILL_AREA_STYLE_COLOUR('',#15429);
#12446=CIRCLE('',#15430,0.571500000000022);
#12447=FILL_AREA_STYLE_COLOUR('',#15431);
#12448=FILL_AREA_STYLE_COLOUR('',#15432);
#12449=VERTEX_POINT('',#15433);
#12450=LINE('',#15434,#15435);
#12451=VERTEX_POINT('',#15436);
#12452=LINE('',#15437,#15438);
#12453=VERTEX_POINT('',#15439);
#12454=LINE('',#15440,#15441);
#12455=VERTEX_POINT('',#15442);
#12456=LINE('',#15443,#15444);
#12457=VERTEX_POINT('',#15445);
#12458=LINE('',#15446,#15447);
#12459=VERTEX_POINT('',#15448);
#12460=LINE('',#15449,#15450);
#12461=LINE('',#15451,#15452);
#12462=FILL_AREA_STYLE_COLOUR('',#15453);
#12463=VERTEX_POINT('',#15454);
#12464=LINE('',#15455,#15456);
#12465=LINE('',#15457,#15458);
#12466=FILL_AREA_STYLE_COLOUR('',#15459);
#12467=VERTEX_POINT('',#15460);
#12468=LINE('',#15461,#15462);
#12469=LINE('',#15463,#15464);
#12470=FILL_AREA_STYLE_COLOUR('',#15465);
#12471=VERTEX_POINT('',#15466);
#12472=LINE('',#15467,#15468);
#12473=LINE('',#15469,#15470);
#12474=FILL_AREA_STYLE_COLOUR('',#15471);
#12475=VERTEX_POINT('',#15472);
#12476=LINE('',#15473,#15474);
#12477=LINE('',#15475,#15476);
#12478=FILL_AREA_STYLE_COLOUR('',#15477);
#12479=VERTEX_POINT('',#15478);
#12480=LINE('',#15479,#15480);
#12481=LINE('',#15481,#15482);
#12482=FILL_AREA_STYLE_COLOUR('',#15483);
#12483=VERTEX_POINT('',#15484);
#12484=LINE('',#15485,#15486);
#12485=LINE('',#15487,#15488);
#12486=FILL_AREA_STYLE_COLOUR('',#15489);
#12487=LINE('',#15490,#15491);
#12488=FILL_AREA_STYLE_COLOUR('',#15492);
#12489=FILL_AREA_STYLE_COLOUR('',#15493);
#12490=VERTEX_POINT('',#15494);
#12491=LINE('',#15495,#15496);
#12492=VERTEX_POINT('',#15497);
#12493=LINE('',#15498,#15499);
#12494=LINE('',#15500,#15501);
#12495=FILL_AREA_STYLE_COLOUR('',#15502);
#12496=VERTEX_POINT('',#15503);
#12497=LINE('',#15504,#15505);
#12498=VERTEX_POINT('',#15506);
#12499=LINE('',#15507,#15508);
#12500=LINE('',#15509,#15510);
#12501=FILL_AREA_STYLE_COLOUR('',#15511);
#12502=CIRCLE('',#15512,1.86563);
#12503=CIRCLE('',#15513,1.86563);
#12504=FILL_AREA_STYLE_COLOUR('',#15514);
#12505=FILL_AREA_STYLE_COLOUR('',#15515);
#12506=VERTEX_POINT('',#15516);
#12507=VERTEX_POINT('',#15517);
#12508=LINE('',#15518,#15519);
#12509=VERTEX_POINT('',#15520);
#12510=LINE('',#15521,#15522);
#12511=VERTEX_POINT('',#15523);
#12512=LINE('',#15524,#15525);
#12513=LINE('',#15526,#15527);
#12514=FILL_AREA_STYLE_COLOUR('',#15528);
#12515=VERTEX_POINT('',#15529);
#12516=LINE('',#15530,#15531);
#12517=VERTEX_POINT('',#15532);
#12518=LINE('',#15533,#15534);
#12519=LINE('',#15535,#15536);
#12520=FILL_AREA_STYLE_COLOUR('',#15537);
#12521=VERTEX_POINT('',#15538);
#12522=LINE('',#15539,#15540);
#12523=VERTEX_POINT('',#15541);
#12524=LINE('',#15542,#15543);
#12525=LINE('',#15544,#15545);
#12526=VERTEX_POINT('',#15546);
#12527=VERTEX_POINT('',#15547);
#12528=LINE('',#15548,#15549);
#12529=VERTEX_POINT('',#15550);
#12530=LINE('',#15551,#15552);
#12531=VERTEX_POINT('',#15553);
#12532=LINE('',#15554,#15555);
#12533=LINE('',#15556,#15557);
#12534=FILL_AREA_STYLE_COLOUR('',#15558);
#12535=CIRCLE('',#15559,0.761999999999984);
#12536=CIRCLE('',#15560,0.761999999999984);
#12537=FILL_AREA_STYLE_COLOUR('',#15561);
#12538=CIRCLE('',#15562,0.571500000000022);
#12539=FILL_AREA_STYLE_COLOUR('',#15563);
#12540=CIRCLE('',#15564,0.571500000000022);
#12541=FILL_AREA_STYLE_COLOUR('',#15565);
#12542=FILL_AREA_STYLE_COLOUR('',#15566);
#12543=VERTEX_POINT('',#15567);
#12544=LINE('',#15568,#15569);
#12545=VERTEX_POINT('',#15570);
#12546=LINE('',#15571,#15572);
#12547=VERTEX_POINT('',#15573);
#12548=LINE('',#15574,#15575);
#12549=VERTEX_POINT('',#15576);
#12550=LINE('',#15577,#15578);
#12551=VERTEX_POINT('',#15579);
#12552=LINE('',#15580,#15581);
#12553=VERTEX_POINT('',#15582);
#12554=LINE('',#15583,#15584);
#12555=LINE('',#15585,#15586);
#12556=FILL_AREA_STYLE_COLOUR('',#15587);
#12557=VERTEX_POINT('',#15588);
#12558=LINE('',#15589,#15590);
#12559=LINE('',#15591,#15592);
#12560=FILL_AREA_STYLE_COLOUR('',#15593);
#12561=VERTEX_POINT('',#15594);
#12562=LINE('',#15595,#15596);
#12563=LINE('',#15597,#15598);
#12564=FILL_AREA_STYLE_COLOUR('',#15599);
#12565=VERTEX_POINT('',#15600);
#12566=LINE('',#15601,#15602);
#12567=LINE('',#15603,#15604);
#12568=FILL_AREA_STYLE_COLOUR('',#15605);
#12569=VERTEX_POINT('',#15606);
#12570=LINE('',#15607,#15608);
#12571=LINE('',#15609,#15610);
#12572=FILL_AREA_STYLE_COLOUR('',#15611);
#12573=VERTEX_POINT('',#15612);
#12574=LINE('',#15613,#15614);
#12575=LINE('',#15615,#15616);
#12576=FILL_AREA_STYLE_COLOUR('',#15617);
#12577=VERTEX_POINT('',#15618);
#12578=LINE('',#15619,#15620);
#12579=LINE('',#15621,#15622);
#12580=FILL_AREA_STYLE_COLOUR('',#15623);
#12581=LINE('',#15624,#15625);
#12582=FILL_AREA_STYLE_COLOUR('',#15626);
#12583=FILL_AREA_STYLE_COLOUR('',#15627);
#12584=VERTEX_POINT('',#15628);
#12585=LINE('',#15629,#15630);
#12586=VERTEX_POINT('',#15631);
#12587=LINE('',#15632,#15633);
#12588=LINE('',#15634,#15635);
#12589=FILL_AREA_STYLE_COLOUR('',#15636);
#12590=VERTEX_POINT('',#15637);
#12591=LINE('',#15638,#15639);
#12592=VERTEX_POINT('',#15640);
#12593=LINE('',#15641,#15642);
#12594=LINE('',#15643,#15644);
#12595=FILL_AREA_STYLE_COLOUR('',#15645);
#12596=CIRCLE('',#15646,1.86563);
#12597=CIRCLE('',#15647,1.86563);
#12598=FILL_AREA_STYLE_COLOUR('',#15648);
#12599=FILL_AREA_STYLE_COLOUR('',#15649);
#12600=VERTEX_POINT('',#15650);
#12601=VERTEX_POINT('',#15651);
#12602=LINE('',#15652,#15653);
#12603=VERTEX_POINT('',#15654);
#12604=LINE('',#15655,#15656);
#12605=VERTEX_POINT('',#15657);
#12606=LINE('',#15658,#15659);
#12607=LINE('',#15660,#15661);
#12608=FILL_AREA_STYLE_COLOUR('',#15662);
#12609=VERTEX_POINT('',#15663);
#12610=LINE('',#15664,#15665);
#12611=VERTEX_POINT('',#15666);
#12612=LINE('',#15667,#15668);
#12613=LINE('',#15669,#15670);
#12614=FILL_AREA_STYLE_COLOUR('',#15671);
#12615=VERTEX_POINT('',#15672);
#12616=LINE('',#15673,#15674);
#12617=VERTEX_POINT('',#15675);
#12618=LINE('',#15676,#15677);
#12619=LINE('',#15678,#15679);
#12620=VERTEX_POINT('',#15680);
#12621=VERTEX_POINT('',#15681);
#12622=LINE('',#15682,#15683);
#12623=VERTEX_POINT('',#15684);
#12624=LINE('',#15685,#15686);
#12625=VERTEX_POINT('',#15687);
#12626=LINE('',#15688,#15689);
#12627=LINE('',#15690,#15691);
#12628=FILL_AREA_STYLE_COLOUR('',#15692);
#12629=CIRCLE('',#15693,0.761999999999984);
#12630=CIRCLE('',#15694,0.761999999999984);
#12631=FILL_AREA_STYLE_COLOUR('',#15695);
#12632=CIRCLE('',#15696,0.571500000000022);
#12633=FILL_AREA_STYLE_COLOUR('',#15697);
#12634=CIRCLE('',#15698,0.571500000000022);
#12635=FILL_AREA_STYLE_COLOUR('',#15699);
#12636=FILL_AREA_STYLE_COLOUR('',#15700);
#12637=VERTEX_POINT('',#15701);
#12638=LINE('',#15702,#15703);
#12639=VERTEX_POINT('',#15704);
#12640=LINE('',#15705,#15706);
#12641=VERTEX_POINT('',#15707);
#12642=LINE('',#15708,#15709);
#12643=VERTEX_POINT('',#15710);
#12644=LINE('',#15711,#15712);
#12645=VERTEX_POINT('',#15713);
#12646=LINE('',#15714,#15715);
#12647=VERTEX_POINT('',#15716);
#12648=LINE('',#15717,#15718);
#12649=LINE('',#15719,#15720);
#12650=FILL_AREA_STYLE_COLOUR('',#15721);
#12651=VERTEX_POINT('',#15722);
#12652=LINE('',#15723,#15724);
#12653=LINE('',#15725,#15726);
#12654=FILL_AREA_STYLE_COLOUR('',#15727);
#12655=VERTEX_POINT('',#15728);
#12656=LINE('',#15729,#15730);
#12657=LINE('',#15731,#15732);
#12658=FILL_AREA_STYLE_COLOUR('',#15733);
#12659=VERTEX_POINT('',#15734);
#12660=LINE('',#15735,#15736);
#12661=LINE('',#15737,#15738);
#12662=FILL_AREA_STYLE_COLOUR('',#15739);
#12663=VERTEX_POINT('',#15740);
#12664=LINE('',#15741,#15742);
#12665=LINE('',#15743,#15744);
#12666=FILL_AREA_STYLE_COLOUR('',#15745);
#12667=VERTEX_POINT('',#15746);
#12668=LINE('',#15747,#15748);
#12669=LINE('',#15749,#15750);
#12670=FILL_AREA_STYLE_COLOUR('',#15751);
#12671=VERTEX_POINT('',#15752);
#12672=LINE('',#15753,#15754);
#12673=LINE('',#15755,#15756);
#12674=FILL_AREA_STYLE_COLOUR('',#15757);
#12675=LINE('',#15758,#15759);
#12676=FILL_AREA_STYLE_COLOUR('',#15760);
#12677=FILL_AREA_STYLE_COLOUR('',#15761);
#12678=VERTEX_POINT('',#15762);
#12679=LINE('',#15763,#15764);
#12680=VERTEX_POINT('',#15765);
#12681=LINE('',#15766,#15767);
#12682=LINE('',#15768,#15769);
#12683=FILL_AREA_STYLE_COLOUR('',#15770);
#12684=VERTEX_POINT('',#15771);
#12685=LINE('',#15772,#15773);
#12686=VERTEX_POINT('',#15774);
#12687=LINE('',#15775,#15776);
#12688=LINE('',#15777,#15778);
#12689=FILL_AREA_STYLE_COLOUR('',#15779);
#12690=CIRCLE('',#15780,1.86563);
#12691=CIRCLE('',#15781,1.86563);
#12692=FILL_AREA_STYLE_COLOUR('',#15782);
#12693=FILL_AREA_STYLE_COLOUR('',#15783);
#12694=VERTEX_POINT('',#15784);
#12695=VERTEX_POINT('',#15785);
#12696=LINE('',#15786,#15787);
#12697=VERTEX_POINT('',#15788);
#12698=LINE('',#15789,#15790);
#12699=VERTEX_POINT('',#15791);
#12700=LINE('',#15792,#15793);
#12701=LINE('',#15794,#15795);
#12702=FILL_AREA_STYLE_COLOUR('',#15796);
#12703=VERTEX_POINT('',#15797);
#12704=LINE('',#15798,#15799);
#12705=VERTEX_POINT('',#15800);
#12706=LINE('',#15801,#15802);
#12707=LINE('',#15803,#15804);
#12708=FILL_AREA_STYLE_COLOUR('',#15805);
#12709=VERTEX_POINT('',#15806);
#12710=LINE('',#15807,#15808);
#12711=VERTEX_POINT('',#15809);
#12712=LINE('',#15810,#15811);
#12713=LINE('',#15812,#15813);
#12714=VERTEX_POINT('',#15814);
#12715=VERTEX_POINT('',#15815);
#12716=LINE('',#15816,#15817);
#12717=VERTEX_POINT('',#15818);
#12718=LINE('',#15819,#15820);
#12719=VERTEX_POINT('',#15821);
#12720=LINE('',#15822,#15823);
#12721=LINE('',#15824,#15825);
#12722=FILL_AREA_STYLE_COLOUR('',#15826);
#12723=CIRCLE('',#15827,0.761999999999984);
#12724=CIRCLE('',#15828,0.761999999999984);
#12725=FILL_AREA_STYLE_COLOUR('',#15829);
#12726=CIRCLE('',#15830,0.571500000000022);
#12727=FILL_AREA_STYLE_COLOUR('',#15831);
#12728=CIRCLE('',#15832,0.571500000000022);
#12729=FILL_AREA_STYLE_COLOUR('',#15833);
#12730=FILL_AREA_STYLE_COLOUR('',#15834);
#12731=VERTEX_POINT('',#15835);
#12732=LINE('',#15836,#15837);
#12733=VERTEX_POINT('',#15838);
#12734=LINE('',#15839,#15840);
#12735=VERTEX_POINT('',#15841);
#12736=LINE('',#15842,#15843);
#12737=VERTEX_POINT('',#15844);
#12738=LINE('',#15845,#15846);
#12739=VERTEX_POINT('',#15847);
#12740=LINE('',#15848,#15849);
#12741=VERTEX_POINT('',#15850);
#12742=LINE('',#15851,#15852);
#12743=LINE('',#15853,#15854);
#12744=FILL_AREA_STYLE_COLOUR('',#15855);
#12745=VERTEX_POINT('',#15856);
#12746=LINE('',#15857,#15858);
#12747=LINE('',#15859,#15860);
#12748=FILL_AREA_STYLE_COLOUR('',#15861);
#12749=VERTEX_POINT('',#15862);
#12750=LINE('',#15863,#15864);
#12751=LINE('',#15865,#15866);
#12752=FILL_AREA_STYLE_COLOUR('',#15867);
#12753=VERTEX_POINT('',#15868);
#12754=LINE('',#15869,#15870);
#12755=LINE('',#15871,#15872);
#12756=FILL_AREA_STYLE_COLOUR('',#15873);
#12757=VERTEX_POINT('',#15874);
#12758=LINE('',#15875,#15876);
#12759=LINE('',#15877,#15878);
#12760=FILL_AREA_STYLE_COLOUR('',#15879);
#12761=VERTEX_POINT('',#15880);
#12762=LINE('',#15881,#15882);
#12763=LINE('',#15883,#15884);
#12764=FILL_AREA_STYLE_COLOUR('',#15885);
#12765=VERTEX_POINT('',#15886);
#12766=LINE('',#15887,#15888);
#12767=LINE('',#15889,#15890);
#12768=FILL_AREA_STYLE_COLOUR('',#15891);
#12769=LINE('',#15892,#15893);
#12770=FILL_AREA_STYLE_COLOUR('',#15894);
#12771=FILL_AREA_STYLE_COLOUR('',#15895);
#12772=VERTEX_POINT('',#15896);
#12773=LINE('',#15897,#15898);
#12774=VERTEX_POINT('',#15899);
#12775=LINE('',#15900,#15901);
#12776=LINE('',#15902,#15903);
#12777=FILL_AREA_STYLE_COLOUR('',#15904);
#12778=VERTEX_POINT('',#15905);
#12779=LINE('',#15906,#15907);
#12780=VERTEX_POINT('',#15908);
#12781=LINE('',#15909,#15910);
#12782=LINE('',#15911,#15912);
#12783=FILL_AREA_STYLE_COLOUR('',#15913);
#12784=CIRCLE('',#15914,1.86563);
#12785=CIRCLE('',#15915,1.86563);
#12786=FILL_AREA_STYLE_COLOUR('',#15916);
#12787=FILL_AREA_STYLE_COLOUR('',#15917);
#12788=VERTEX_POINT('',#15918);
#12789=VERTEX_POINT('',#15919);
#12790=LINE('',#15920,#15921);
#12791=VERTEX_POINT('',#15922);
#12792=LINE('',#15923,#15924);
#12793=VERTEX_POINT('',#15925);
#12794=LINE('',#15926,#15927);
#12795=LINE('',#15928,#15929);
#12796=FILL_AREA_STYLE_COLOUR('',#15930);
#12797=VERTEX_POINT('',#15931);
#12798=LINE('',#15932,#15933);
#12799=VERTEX_POINT('',#15934);
#12800=LINE('',#15935,#15936);
#12801=LINE('',#15937,#15938);
#12802=FILL_AREA_STYLE_COLOUR('',#15939);
#12803=VERTEX_POINT('',#15940);
#12804=LINE('',#15941,#15942);
#12805=VERTEX_POINT('',#15943);
#12806=LINE('',#15944,#15945);
#12807=LINE('',#15946,#15947);
#12808=VERTEX_POINT('',#15948);
#12809=VERTEX_POINT('',#15949);
#12810=LINE('',#15950,#15951);
#12811=VERTEX_POINT('',#15952);
#12812=LINE('',#15953,#15954);
#12813=VERTEX_POINT('',#15955);
#12814=LINE('',#15956,#15957);
#12815=LINE('',#15958,#15959);
#12816=FILL_AREA_STYLE_COLOUR('',#15960);
#12817=CIRCLE('',#15961,0.761999999999984);
#12818=CIRCLE('',#15962,0.761999999999984);
#12819=FILL_AREA_STYLE_COLOUR('',#15963);
#12820=CIRCLE('',#15964,0.571500000000022);
#12821=FILL_AREA_STYLE_COLOUR('',#15965);
#12822=CIRCLE('',#15966,0.571500000000022);
#12823=FILL_AREA_STYLE_COLOUR('',#15967);
#12824=FILL_AREA_STYLE_COLOUR('',#15968);
#12825=VERTEX_POINT('',#15969);
#12826=LINE('',#15970,#15971);
#12827=VERTEX_POINT('',#15972);
#12828=LINE('',#15973,#15974);
#12829=VERTEX_POINT('',#15975);
#12830=LINE('',#15976,#15977);
#12831=VERTEX_POINT('',#15978);
#12832=LINE('',#15979,#15980);
#12833=VERTEX_POINT('',#15981);
#12834=LINE('',#15982,#15983);
#12835=VERTEX_POINT('',#15984);
#12836=LINE('',#15985,#15986);
#12837=LINE('',#15987,#15988);
#12838=FILL_AREA_STYLE_COLOUR('',#15989);
#12839=VERTEX_POINT('',#15990);
#12840=LINE('',#15991,#15992);
#12841=LINE('',#15993,#15994);
#12842=FILL_AREA_STYLE_COLOUR('',#15995);
#12843=VERTEX_POINT('',#15996);
#12844=LINE('',#15997,#15998);
#12845=LINE('',#15999,#16000);
#12846=FILL_AREA_STYLE_COLOUR('',#16001);
#12847=VERTEX_POINT('',#16002);
#12848=LINE('',#16003,#16004);
#12849=LINE('',#16005,#16006);
#12850=FILL_AREA_STYLE_COLOUR('',#16007);
#12851=VERTEX_POINT('',#16008);
#12852=LINE('',#16009,#16010);
#12853=LINE('',#16011,#16012);
#12854=FILL_AREA_STYLE_COLOUR('',#16013);
#12855=VERTEX_POINT('',#16014);
#12856=LINE('',#16015,#16016);
#12857=LINE('',#16017,#16018);
#12858=FILL_AREA_STYLE_COLOUR('',#16019);
#12859=VERTEX_POINT('',#16020);
#12860=LINE('',#16021,#16022);
#12861=LINE('',#16023,#16024);
#12862=FILL_AREA_STYLE_COLOUR('',#16025);
#12863=LINE('',#16026,#16027);
#12864=FILL_AREA_STYLE_COLOUR('',#16028);
#12865=FILL_AREA_STYLE_COLOUR('',#16029);
#12866=VERTEX_POINT('',#16030);
#12867=LINE('',#16031,#16032);
#12868=VERTEX_POINT('',#16033);
#12869=LINE('',#16034,#16035);
#12870=LINE('',#16036,#16037);
#12871=FILL_AREA_STYLE_COLOUR('',#16038);
#12872=VERTEX_POINT('',#16039);
#12873=LINE('',#16040,#16041);
#12874=VERTEX_POINT('',#16042);
#12875=LINE('',#16043,#16044);
#12876=LINE('',#16045,#16046);
#12877=FILL_AREA_STYLE_COLOUR('',#16047);
#12878=CIRCLE('',#16048,1.86563);
#12879=CIRCLE('',#16049,1.86563);
#12880=FILL_AREA_STYLE_COLOUR('',#16050);
#12881=FILL_AREA_STYLE_COLOUR('',#16051);
#12882=VERTEX_POINT('',#16052);
#12883=VERTEX_POINT('',#16053);
#12884=CIRCLE('',#16054,2.54);
#12885=VERTEX_POINT('',#16055);
#12886=LINE('',#16056,#16057);
#12887=VERTEX_POINT('',#16058);
#12888=CIRCLE('',#16059,2.54);
#12889=LINE('',#16060,#16061);
#12890=FILL_AREA_STYLE_COLOUR('',#16062);
#12891=VERTEX_POINT('',#16063);
#12892=LINE('',#16064,#16065);
#12893=VERTEX_POINT('',#16066);
#12894=LINE('',#16067,#16068);
#12895=LINE('',#16069,#16070);
#12896=FILL_AREA_STYLE_COLOUR('',#16071);
#12897=VERTEX_POINT('',#16072);
#12898=CIRCLE('',#16073,2.54);
#12899=VERTEX_POINT('',#16074);
#12900=CIRCLE('',#16075,2.54);
#12901=LINE('',#16076,#16077);
#12902=FILL_AREA_STYLE_COLOUR('',#16078);
#12903=VERTEX_POINT('',#16079);
#12904=LINE('',#16080,#16081);
#12905=VERTEX_POINT('',#16082);
#12906=LINE('',#16083,#16084);
#12907=LINE('',#16085,#16086);
#12908=FILL_AREA_STYLE_COLOUR('',#16087);
#12909=VERTEX_POINT('',#16088);
#12910=CIRCLE('',#16089,2.54);
#12911=VERTEX_POINT('',#16090);
#12912=CIRCLE('',#16091,2.54);
#12913=LINE('',#16092,#16093);
#12914=FILL_AREA_STYLE_COLOUR('',#16094);
#12915=VERTEX_POINT('',#16095);
#12916=LINE('',#16096,#16097);
#12917=VERTEX_POINT('',#16098);
#12918=LINE('',#16099,#16100);
#12919=LINE('',#16101,#16102);
#12920=FILL_AREA_STYLE_COLOUR('',#16103);
#12921=VERTEX_POINT('',#16104);
#12922=CIRCLE('',#16105,2.54);
#12923=VERTEX_POINT('',#16106);
#12924=CIRCLE('',#16107,2.54);
#12925=LINE('',#16108,#16109);
#12926=FILL_AREA_STYLE_COLOUR('',#16110);
#12927=VERTEX_POINT('',#16111);
#12928=LINE('',#16112,#16113);
#12929=VERTEX_POINT('',#16114);
#12930=LINE('',#16115,#16116);
#12931=LINE('',#16117,#16118);
#12932=FILL_AREA_STYLE_COLOUR('',#16119);
#12933=VERTEX_POINT('',#16120);
#12934=CIRCLE('',#16121,2.54);
#12935=VERTEX_POINT('',#16122);
#12936=CIRCLE('',#16123,2.54);
#12937=LINE('',#16124,#16125);
#12938=FILL_AREA_STYLE_COLOUR('',#16126);
#12939=VERTEX_POINT('',#16127);
#12940=LINE('',#16128,#16129);
#12941=VERTEX_POINT('',#16130);
#12942=LINE('',#16131,#16132);
#12943=LINE('',#16133,#16134);
#12944=FILL_AREA_STYLE_COLOUR('',#16135);
#12945=VERTEX_POINT('',#16136);
#12946=LINE('',#16137,#16138);
#12947=VERTEX_POINT('',#16139);
#12948=LINE('',#16140,#16141);
#12949=LINE('',#16142,#16143);
#12950=FILL_AREA_STYLE_COLOUR('',#16144);
#12951=VERTEX_POINT('',#16145);
#12952=VERTEX_POINT('',#16146);
#12953=CIRCLE('',#16147,2.54);
#12954=VERTEX_POINT('',#16148);
#12955=LINE('',#16149,#16150);
#12956=VERTEX_POINT('',#16151);
#12957=CIRCLE('',#16152,2.54);
#12958=LINE('',#16153,#16154);
#12959=FILL_AREA_STYLE_COLOUR('',#16155);
#12960=VERTEX_POINT('',#16156);
#12961=LINE('',#16157,#16158);
#12962=VERTEX_POINT('',#16159);
#12963=LINE('',#16160,#16161);
#12964=LINE('',#16162,#16163);
#12965=FILL_AREA_STYLE_COLOUR('',#16164);
#12966=VERTEX_POINT('',#16165);
#12967=CIRCLE('',#16166,2.54);
#12968=VERTEX_POINT('',#16167);
#12969=CIRCLE('',#16168,2.54);
#12970=LINE('',#16169,#16170);
#12971=FILL_AREA_STYLE_COLOUR('',#16171);
#12972=VERTEX_POINT('',#16172);
#12973=LINE('',#16173,#16174);
#12974=VERTEX_POINT('',#16175);
#12975=LINE('',#16176,#16177);
#12976=LINE('',#16178,#16179);
#12977=FILL_AREA_STYLE_COLOUR('',#16180);
#12978=VERTEX_POINT('',#16181);
#12979=CIRCLE('',#16182,2.54);
#12980=VERTEX_POINT('',#16183);
#12981=CIRCLE('',#16184,2.54);
#12982=LINE('',#16185,#16186);
#12983=FILL_AREA_STYLE_COLOUR('',#16187);
#12984=VERTEX_POINT('',#16188);
#12985=LINE('',#16189,#16190);
#12986=VERTEX_POINT('',#16191);
#12987=LINE('',#16192,#16193);
#12988=LINE('',#16194,#16195);
#12989=FILL_AREA_STYLE_COLOUR('',#16196);
#12990=VERTEX_POINT('',#16197);
#12991=CIRCLE('',#16198,2.54);
#12992=VERTEX_POINT('',#16199);
#12993=CIRCLE('',#16200,2.54);
#12994=LINE('',#16201,#16202);
#12995=FILL_AREA_STYLE_COLOUR('',#16203);
#12996=VERTEX_POINT('',#16204);
#12997=LINE('',#16205,#16206);
#12998=VERTEX_POINT('',#16207);
#12999=LINE('',#16208,#16209);
#13000=LINE('',#16210,#16211);
#13001=FILL_AREA_STYLE_COLOUR('',#16212);
#13002=VERTEX_POINT('',#16213);
#13003=CIRCLE('',#16214,2.54);
#13004=VERTEX_POINT('',#16215);
#13005=CIRCLE('',#16216,2.54);
#13006=LINE('',#16217,#16218);
#13007=FILL_AREA_STYLE_COLOUR('',#16219);
#13008=LINE('',#16220,#16221);
#13009=LINE('',#16222,#16223);
#13010=FILL_AREA_STYLE_COLOUR('',#16224);
#13011=VERTEX_POINT('',#16225);
#13012=LINE('',#16226,#16227);
#13013=VERTEX_POINT('',#16228);
#13014=LINE('',#16229,#16230);
#13015=LINE('',#16231,#16232);
#13016=FILL_AREA_STYLE_COLOUR('',#16233);
#13017=VERTEX_POINT('',#16234);
#13018=LINE('',#16235,#16236);
#13019=VERTEX_POINT('',#16237);
#13020=LINE('',#16238,#16239);
#13021=LINE('',#16240,#16241);
#13022=FILL_AREA_STYLE_COLOUR('',#16242);
#13023=VERTEX_POINT('',#16243);
#13024=LINE('',#16244,#16245);
#13025=VERTEX_POINT('',#16246);
#13026=LINE('',#16247,#16248);
#13027=LINE('',#16249,#16250);
#13028=FILL_AREA_STYLE_COLOUR('',#16251);
#13029=VERTEX_POINT('',#16252);
#13030=LINE('',#16253,#16254);
#13031=VERTEX_POINT('',#16255);
#13032=LINE('',#16256,#16257);
#13033=LINE('',#16258,#16259);
#13034=FILL_AREA_STYLE_COLOUR('',#16260);
#13035=VERTEX_POINT('',#16261);
#13036=VERTEX_POINT('',#16262);
#13037=LINE('',#16263,#16264);
#13038=VERTEX_POINT('',#16265);
#13039=LINE('',#16266,#16267);
#13040=VERTEX_POINT('',#16268);
#13041=LINE('',#16269,#16270);
#13042=LINE('',#16271,#16272);
#13043=FILL_AREA_STYLE_COLOUR('',#16273);
#13044=VERTEX_POINT('',#16274);
#13045=LINE('',#16275,#16276);
#13046=VERTEX_POINT('',#16277);
#13047=LINE('',#16278,#16279);
#13048=LINE('',#16280,#16281);
#13049=FILL_AREA_STYLE_COLOUR('',#16282);
#13050=VERTEX_POINT('',#16283);
#13051=LINE('',#16284,#16285);
#13052=VERTEX_POINT('',#16286);
#13053=LINE('',#16287,#16288);
#13054=LINE('',#16289,#16290);
#13055=FILL_AREA_STYLE_COLOUR('',#16291);
#13056=LINE('',#16292,#16293);
#13057=FILL_AREA_STYLE_COLOUR('',#16294);
#13058=LINE('',#16295,#16296);
#13059=FILL_AREA_STYLE_COLOUR('',#16297);
#13060=VERTEX_POINT('',#16298);
#13061=VERTEX_POINT('',#16299);
#13062=LINE('',#16300,#16301);
#13063=VERTEX_POINT('',#16302);
#13064=LINE('',#16303,#16304);
#13065=VERTEX_POINT('',#16305);
#13066=LINE('',#16306,#16307);
#13067=LINE('',#16308,#16309);
#13068=FILL_AREA_STYLE_COLOUR('',#16310);
#13069=VERTEX_POINT('',#16311);
#13070=LINE('',#16312,#16313);
#13071=VERTEX_POINT('',#16314);
#13072=LINE('',#16315,#16316);
#13073=LINE('',#16317,#16318);
#13074=FILL_AREA_STYLE_COLOUR('',#16319);
#13075=VERTEX_POINT('',#16320);
#13076=LINE('',#16321,#16322);
#13077=VERTEX_POINT('',#16323);
#13078=LINE('',#16324,#16325);
#13079=LINE('',#16326,#16327);
#13080=FILL_AREA_STYLE_COLOUR('',#16328);
#13081=LINE('',#16329,#16330);
#13082=FILL_AREA_STYLE_COLOUR('',#16331);
#13083=LINE('',#16332,#16333);
#13084=FILL_AREA_STYLE_COLOUR('',#16334);
#13085=VERTEX_POINT('',#16335);
#13086=VERTEX_POINT('',#16336);
#13087=LINE('',#16337,#16338);
#13088=VERTEX_POINT('',#16339);
#13089=LINE('',#16340,#16341);
#13090=VERTEX_POINT('',#16342);
#13091=LINE('',#16343,#16344);
#13092=LINE('',#16345,#16346);
#13093=FILL_AREA_STYLE_COLOUR('',#16347);
#13094=VERTEX_POINT('',#16348);
#13095=LINE('',#16349,#16350);
#13096=VERTEX_POINT('',#16351);
#13097=LINE('',#16352,#16353);
#13098=LINE('',#16354,#16355);
#13099=FILL_AREA_STYLE_COLOUR('',#16356);
#13100=VERTEX_POINT('',#16357);
#13101=LINE('',#16358,#16359);
#13102=VERTEX_POINT('',#16360);
#13103=LINE('',#16361,#16362);
#13104=LINE('',#16363,#16364);
#13105=FILL_AREA_STYLE_COLOUR('',#16365);
#13106=LINE('',#16366,#16367);
#13107=FILL_AREA_STYLE_COLOUR('',#16368);
#13108=LINE('',#16369,#16370);
#13109=FILL_AREA_STYLE_COLOUR('',#16371);
#13110=VERTEX_POINT('',#16372);
#13111=VERTEX_POINT('',#16373);
#13112=LINE('',#16374,#16375);
#13113=VERTEX_POINT('',#16376);
#13114=LINE('',#16377,#16378);
#13115=VERTEX_POINT('',#16379);
#13116=LINE('',#16380,#16381);
#13117=LINE('',#16382,#16383);
#13118=FILL_AREA_STYLE_COLOUR('',#16384);
#13119=VERTEX_POINT('',#16385);
#13120=LINE('',#16386,#16387);
#13121=VERTEX_POINT('',#16388);
#13122=LINE('',#16389,#16390);
#13123=LINE('',#16391,#16392);
#13124=FILL_AREA_STYLE_COLOUR('',#16393);
#13125=VERTEX_POINT('',#16394);
#13126=LINE('',#16395,#16396);
#13127=VERTEX_POINT('',#16397);
#13128=LINE('',#16398,#16399);
#13129=LINE('',#16400,#16401);
#13130=FILL_AREA_STYLE_COLOUR('',#16402);
#13131=LINE('',#16403,#16404);
#13132=FILL_AREA_STYLE_COLOUR('',#16405);
#13133=LINE('',#16406,#16407);
#13134=FILL_AREA_STYLE_COLOUR('',#16408);
#13135=VERTEX_POINT('',#16409);
#13136=VERTEX_POINT('',#16410);
#13137=LINE('',#16411,#16412);
#13138=VERTEX_POINT('',#16413);
#13139=LINE('',#16414,#16415);
#13140=VERTEX_POINT('',#16416);
#13141=LINE('',#16417,#16418);
#13142=LINE('',#16419,#16420);
#13143=FILL_AREA_STYLE_COLOUR('',#16421);
#13144=VERTEX_POINT('',#16422);
#13145=LINE('',#16423,#16424);
#13146=VERTEX_POINT('',#16425);
#13147=LINE('',#16426,#16427);
#13148=LINE('',#16428,#16429);
#13149=FILL_AREA_STYLE_COLOUR('',#16430);
#13150=VERTEX_POINT('',#16431);
#13151=LINE('',#16432,#16433);
#13152=VERTEX_POINT('',#16434);
#13153=LINE('',#16435,#16436);
#13154=LINE('',#16437,#16438);
#13155=FILL_AREA_STYLE_COLOUR('',#16439);
#13156=LINE('',#16440,#16441);
#13157=FILL_AREA_STYLE_COLOUR('',#16442);
#13158=LINE('',#16443,#16444);
#13159=FILL_AREA_STYLE_COLOUR('',#16445);
#13160=VERTEX_POINT('',#16446);
#13161=VERTEX_POINT('',#16447);
#13162=LINE('',#16448,#16449);
#13163=VERTEX_POINT('',#16450);
#13164=LINE('',#16451,#16452);
#13165=VERTEX_POINT('',#16453);
#13166=LINE('',#16454,#16455);
#13167=LINE('',#16456,#16457);
#13168=FILL_AREA_STYLE_COLOUR('',#16458);
#13169=VERTEX_POINT('',#16459);
#13170=LINE('',#16460,#16461);
#13171=VERTEX_POINT('',#16462);
#13172=LINE('',#16463,#16464);
#13173=LINE('',#16465,#16466);
#13174=FILL_AREA_STYLE_COLOUR('',#16467);
#13175=VERTEX_POINT('',#16468);
#13176=LINE('',#16469,#16470);
#13177=VERTEX_POINT('',#16471);
#13178=LINE('',#16472,#16473);
#13179=LINE('',#16474,#16475);
#13180=FILL_AREA_STYLE_COLOUR('',#16476);
#13181=LINE('',#16477,#16478);
#13182=FILL_AREA_STYLE_COLOUR('',#16479);
#13183=LINE('',#16480,#16481);
#13184=FILL_AREA_STYLE_COLOUR('',#16482);
#13185=VERTEX_POINT('',#16483);
#13186=VERTEX_POINT('',#16484);
#13187=LINE('',#16485,#16486);
#13188=VERTEX_POINT('',#16487);
#13189=LINE('',#16488,#16489);
#13190=VERTEX_POINT('',#16490);
#13191=LINE('',#16491,#16492);
#13192=LINE('',#16493,#16494);
#13193=FILL_AREA_STYLE_COLOUR('',#16495);
#13194=VERTEX_POINT('',#16496);
#13195=LINE('',#16497,#16498);
#13196=VERTEX_POINT('',#16499);
#13197=LINE('',#16500,#16501);
#13198=LINE('',#16502,#16503);
#13199=FILL_AREA_STYLE_COLOUR('',#16504);
#13200=VERTEX_POINT('',#16505);
#13201=LINE('',#16506,#16507);
#13202=VERTEX_POINT('',#16508);
#13203=LINE('',#16509,#16510);
#13204=LINE('',#16511,#16512);
#13205=FILL_AREA_STYLE_COLOUR('',#16513);
#13206=LINE('',#16514,#16515);
#13207=FILL_AREA_STYLE_COLOUR('',#16516);
#13208=LINE('',#16517,#16518);
#13209=FILL_AREA_STYLE_COLOUR('',#16519);
#13210=VERTEX_POINT('',#16520);
#13211=VERTEX_POINT('',#16521);
#13212=LINE('',#16522,#16523);
#13213=VERTEX_POINT('',#16524);
#13214=LINE('',#16525,#16526);
#13215=VERTEX_POINT('',#16527);
#13216=LINE('',#16528,#16529);
#13217=LINE('',#16530,#16531);
#13218=FILL_AREA_STYLE_COLOUR('',#16532);
#13219=VERTEX_POINT('',#16533);
#13220=LINE('',#16534,#16535);
#13221=VERTEX_POINT('',#16536);
#13222=LINE('',#16537,#16538);
#13223=LINE('',#16539,#16540);
#13224=FILL_AREA_STYLE_COLOUR('',#16541);
#13225=VERTEX_POINT('',#16542);
#13226=LINE('',#16543,#16544);
#13227=VERTEX_POINT('',#16545);
#13228=LINE('',#16546,#16547);
#13229=LINE('',#16548,#16549);
#13230=FILL_AREA_STYLE_COLOUR('',#16550);
#13231=LINE('',#16551,#16552);
#13232=FILL_AREA_STYLE_COLOUR('',#16553);
#13233=LINE('',#16554,#16555);
#13234=FILL_AREA_STYLE_COLOUR('',#16556);
#13235=VERTEX_POINT('',#16557);
#13236=VERTEX_POINT('',#16558);
#13237=LINE('',#16559,#16560);
#13238=VERTEX_POINT('',#16561);
#13239=LINE('',#16562,#16563);
#13240=VERTEX_POINT('',#16564);
#13241=LINE('',#16565,#16566);
#13242=LINE('',#16567,#16568);
#13243=FILL_AREA_STYLE_COLOUR('',#16569);
#13244=VERTEX_POINT('',#16570);
#13245=LINE('',#16571,#16572);
#13246=VERTEX_POINT('',#16573);
#13247=LINE('',#16574,#16575);
#13248=LINE('',#16576,#16577);
#13249=FILL_AREA_STYLE_COLOUR('',#16578);
#13250=VERTEX_POINT('',#16579);
#13251=LINE('',#16580,#16581);
#13252=VERTEX_POINT('',#16582);
#13253=LINE('',#16583,#16584);
#13254=LINE('',#16585,#16586);
#13255=FILL_AREA_STYLE_COLOUR('',#16587);
#13256=LINE('',#16588,#16589);
#13257=FILL_AREA_STYLE_COLOUR('',#16590);
#13258=LINE('',#16591,#16592);
#13259=FILL_AREA_STYLE_COLOUR('',#16593);
#13260=VERTEX_POINT('',#16594);
#13261=VERTEX_POINT('',#16595);
#13262=LINE('',#16596,#16597);
#13263=VERTEX_POINT('',#16598);
#13264=LINE('',#16599,#16600);
#13265=VERTEX_POINT('',#16601);
#13266=LINE('',#16602,#16603);
#13267=LINE('',#16604,#16605);
#13268=FILL_AREA_STYLE_COLOUR('',#16606);
#13269=VERTEX_POINT('',#16607);
#13270=LINE('',#16608,#16609);
#13271=VERTEX_POINT('',#16610);
#13272=LINE('',#16611,#16612);
#13273=LINE('',#16613,#16614);
#13274=FILL_AREA_STYLE_COLOUR('',#16615);
#13275=VERTEX_POINT('',#16616);
#13276=LINE('',#16617,#16618);
#13277=VERTEX_POINT('',#16619);
#13278=LINE('',#16620,#16621);
#13279=LINE('',#16622,#16623);
#13280=FILL_AREA_STYLE_COLOUR('',#16624);
#13281=LINE('',#16625,#16626);
#13282=FILL_AREA_STYLE_COLOUR('',#16627);
#13283=LINE('',#16628,#16629);
#13284=FILL_AREA_STYLE_COLOUR('',#16630);
#13285=VERTEX_POINT('',#16631);
#13286=VERTEX_POINT('',#16632);
#13287=LINE('',#16633,#16634);
#13288=VERTEX_POINT('',#16635);
#13289=LINE('',#16636,#16637);
#13290=VERTEX_POINT('',#16638);
#13291=LINE('',#16639,#16640);
#13292=LINE('',#16641,#16642);
#13293=FILL_AREA_STYLE_COLOUR('',#16643);
#13294=VERTEX_POINT('',#16644);
#13295=LINE('',#16645,#16646);
#13296=VERTEX_POINT('',#16647);
#13297=LINE('',#16648,#16649);
#13298=LINE('',#16650,#16651);
#13299=FILL_AREA_STYLE_COLOUR('',#16652);
#13300=VERTEX_POINT('',#16653);
#13301=VERTEX_POINT('',#16654);
#13302=LINE('',#16655,#16656);
#13303=VERTEX_POINT('',#16657);
#13304=LINE('',#16658,#16659);
#13305=VERTEX_POINT('',#16660);
#13306=LINE('',#16661,#16662);
#13307=LINE('',#16663,#16664);
#13308=FILL_AREA_STYLE_COLOUR('',#16665);
#13309=VERTEX_POINT('',#16666);
#13310=LINE('',#16667,#16668);
#13311=VERTEX_POINT('',#16669);
#13312=LINE('',#16670,#16671);
#13313=LINE('',#16672,#16673);
#13314=FILL_AREA_STYLE_COLOUR('',#16674);
#13315=LINE('',#16675,#16676);
#13316=LINE('',#16677,#16678);
#13317=FILL_AREA_STYLE_COLOUR('',#16679);
#13318=LINE('',#16680,#16681);
#13319=FILL_AREA_STYLE_COLOUR('',#16682);
#13320=LINE('',#16683,#16684);
#13321=FILL_AREA_STYLE_COLOUR('',#16685);
#13322=LINE('',#16686,#16687);
#13323=FILL_AREA_STYLE_COLOUR('',#16688);
#13324=LINE('',#16689,#16690);
#13325=FILL_AREA_STYLE_COLOUR('',#16691);
#13326=VERTEX_POINT('',#16692);
#13327=VERTEX_POINT('',#16693);
#13328=LINE('',#16694,#16695);
#13329=VERTEX_POINT('',#16696);
#13330=LINE('',#16697,#16698);
#13331=VERTEX_POINT('',#16699);
#13332=LINE('',#16700,#16701);
#13333=LINE('',#16702,#16703);
#13334=FILL_AREA_STYLE_COLOUR('',#16704);
#13335=VERTEX_POINT('',#16705);
#13336=LINE('',#16706,#16707);
#13337=VERTEX_POINT('',#16708);
#13338=LINE('',#16709,#16710);
#13339=LINE('',#16711,#16712);
#13340=FILL_AREA_STYLE_COLOUR('',#16713);
#13341=VERTEX_POINT('',#16714);
#13342=VERTEX_POINT('',#16715);
#13343=LINE('',#16716,#16717);
#13344=VERTEX_POINT('',#16718);
#13345=LINE('',#16719,#16720);
#13346=VERTEX_POINT('',#16721);
#13347=LINE('',#16722,#16723);
#13348=LINE('',#16724,#16725);
#13349=FILL_AREA_STYLE_COLOUR('',#16726);
#13350=VERTEX_POINT('',#16727);
#13351=LINE('',#16728,#16729);
#13352=VERTEX_POINT('',#16730);
#13353=LINE('',#16731,#16732);
#13354=LINE('',#16733,#16734);
#13355=FILL_AREA_STYLE_COLOUR('',#16735);
#13356=LINE('',#16736,#16737);
#13357=LINE('',#16738,#16739);
#13358=FILL_AREA_STYLE_COLOUR('',#16740);
#13359=LINE('',#16741,#16742);
#13360=FILL_AREA_STYLE_COLOUR('',#16743);
#13361=LINE('',#16744,#16745);
#13362=FILL_AREA_STYLE_COLOUR('',#16746);
#13363=LINE('',#16747,#16748);
#13364=FILL_AREA_STYLE_COLOUR('',#16749);
#13365=LINE('',#16750,#16751);
#13366=FILL_AREA_STYLE_COLOUR('',#16752);
#13367=VERTEX_POINT('',#16753);
#13368=VERTEX_POINT('',#16754);
#13369=LINE('',#16755,#16756);
#13370=VERTEX_POINT('',#16757);
#13371=LINE('',#16758,#16759);
#13372=VERTEX_POINT('',#16760);
#13373=LINE('',#16761,#16762);
#13374=LINE('',#16763,#16764);
#13375=FILL_AREA_STYLE_COLOUR('',#16765);
#13376=VERTEX_POINT('',#16766);
#13377=LINE('',#16767,#16768);
#13378=VERTEX_POINT('',#16769);
#13379=LINE('',#16770,#16771);
#13380=LINE('',#16772,#16773);
#13381=FILL_AREA_STYLE_COLOUR('',#16774);
#13382=VERTEX_POINT('',#16775);
#13383=VERTEX_POINT('',#16776);
#13384=LINE('',#16777,#16778);
#13385=VERTEX_POINT('',#16779);
#13386=LINE('',#16780,#16781);
#13387=VERTEX_POINT('',#16782);
#13388=LINE('',#16783,#16784);
#13389=LINE('',#16785,#16786);
#13390=FILL_AREA_STYLE_COLOUR('',#16787);
#13391=VERTEX_POINT('',#16788);
#13392=LINE('',#16789,#16790);
#13393=VERTEX_POINT('',#16791);
#13394=LINE('',#16792,#16793);
#13395=LINE('',#16794,#16795);
#13396=FILL_AREA_STYLE_COLOUR('',#16796);
#13397=LINE('',#16797,#16798);
#13398=LINE('',#16799,#16800);
#13399=FILL_AREA_STYLE_COLOUR('',#16801);
#13400=LINE('',#16802,#16803);
#13401=FILL_AREA_STYLE_COLOUR('',#16804);
#13402=LINE('',#16805,#16806);
#13403=FILL_AREA_STYLE_COLOUR('',#16807);
#13404=LINE('',#16808,#16809);
#13405=FILL_AREA_STYLE_COLOUR('',#16810);
#13406=LINE('',#16811,#16812);
#13407=FILL_AREA_STYLE_COLOUR('',#16813);
#13408=VERTEX_POINT('',#16814);
#13409=VERTEX_POINT('',#16815);
#13410=LINE('',#16816,#16817);
#13411=VERTEX_POINT('',#16818);
#13412=LINE('',#16819,#16820);
#13413=VERTEX_POINT('',#16821);
#13414=LINE('',#16822,#16823);
#13415=LINE('',#16824,#16825);
#13416=FILL_AREA_STYLE_COLOUR('',#16826);
#13417=VERTEX_POINT('',#16827);
#13418=LINE('',#16828,#16829);
#13419=VERTEX_POINT('',#16830);
#13420=LINE('',#16831,#16832);
#13421=LINE('',#16833,#16834);
#13422=FILL_AREA_STYLE_COLOUR('',#16835);
#13423=VERTEX_POINT('',#16836);
#13424=VERTEX_POINT('',#16837);
#13425=LINE('',#16838,#16839);
#13426=VERTEX_POINT('',#16840);
#13427=LINE('',#16841,#16842);
#13428=VERTEX_POINT('',#16843);
#13429=LINE('',#16844,#16845);
#13430=LINE('',#16846,#16847);
#13431=FILL_AREA_STYLE_COLOUR('',#16848);
#13432=VERTEX_POINT('',#16849);
#13433=LINE('',#16850,#16851);
#13434=VERTEX_POINT('',#16852);
#13435=LINE('',#16853,#16854);
#13436=LINE('',#16855,#16856);
#13437=FILL_AREA_STYLE_COLOUR('',#16857);
#13438=LINE('',#16858,#16859);
#13439=LINE('',#16860,#16861);
#13440=FILL_AREA_STYLE_COLOUR('',#16862);
#13441=LINE('',#16863,#16864);
#13442=FILL_AREA_STYLE_COLOUR('',#16865);
#13443=LINE('',#16866,#16867);
#13444=FILL_AREA_STYLE_COLOUR('',#16868);
#13445=LINE('',#16869,#16870);
#13446=FILL_AREA_STYLE_COLOUR('',#16871);
#13447=LINE('',#16872,#16873);
#13448=FILL_AREA_STYLE_COLOUR('',#16874);
#13449=VERTEX_POINT('',#16875);
#13450=VERTEX_POINT('',#16876);
#13451=LINE('',#16877,#16878);
#13452=VERTEX_POINT('',#16879);
#13453=LINE('',#16880,#16881);
#13454=VERTEX_POINT('',#16882);
#13455=LINE('',#16883,#16884);
#13456=LINE('',#16885,#16886);
#13457=FILL_AREA_STYLE_COLOUR('',#16887);
#13458=VERTEX_POINT('',#16888);
#13459=LINE('',#16889,#16890);
#13460=VERTEX_POINT('',#16891);
#13461=LINE('',#16892,#16893);
#13462=LINE('',#16894,#16895);
#13463=FILL_AREA_STYLE_COLOUR('',#16896);
#13464=VERTEX_POINT('',#16897);
#13465=VERTEX_POINT('',#16898);
#13466=LINE('',#16899,#16900);
#13467=VERTEX_POINT('',#16901);
#13468=LINE('',#16902,#16903);
#13469=VERTEX_POINT('',#16904);
#13470=LINE('',#16905,#16906);
#13471=LINE('',#16907,#16908);
#13472=FILL_AREA_STYLE_COLOUR('',#16909);
#13473=VERTEX_POINT('',#16910);
#13474=LINE('',#16911,#16912);
#13475=VERTEX_POINT('',#16913);
#13476=LINE('',#16914,#16915);
#13477=LINE('',#16916,#16917);
#13478=FILL_AREA_STYLE_COLOUR('',#16918);
#13479=LINE('',#16919,#16920);
#13480=LINE('',#16921,#16922);
#13481=FILL_AREA_STYLE_COLOUR('',#16923);
#13482=LINE('',#16924,#16925);
#13483=FILL_AREA_STYLE_COLOUR('',#16926);
#13484=LINE('',#16927,#16928);
#13485=FILL_AREA_STYLE_COLOUR('',#16929);
#13486=LINE('',#16930,#16931);
#13487=FILL_AREA_STYLE_COLOUR('',#16932);
#13488=LINE('',#16933,#16934);
#13489=FILL_AREA_STYLE_COLOUR('',#16935);
#13490=VERTEX_POINT('',#16936);
#13491=VERTEX_POINT('',#16937);
#13492=LINE('',#16938,#16939);
#13493=VERTEX_POINT('',#16940);
#13494=LINE('',#16941,#16942);
#13495=VERTEX_POINT('',#16943);
#13496=LINE('',#16944,#16945);
#13497=LINE('',#16946,#16947);
#13498=FILL_AREA_STYLE_COLOUR('',#16948);
#13499=VERTEX_POINT('',#16949);
#13500=LINE('',#16950,#16951);
#13501=VERTEX_POINT('',#16952);
#13502=LINE('',#16953,#16954);
#13503=LINE('',#16955,#16956);
#13504=FILL_AREA_STYLE_COLOUR('',#16957);
#13505=VERTEX_POINT('',#16958);
#13506=VERTEX_POINT('',#16959);
#13507=LINE('',#16960,#16961);
#13508=VERTEX_POINT('',#16962);
#13509=LINE('',#16963,#16964);
#13510=VERTEX_POINT('',#16965);
#13511=LINE('',#16966,#16967);
#13512=LINE('',#16968,#16969);
#13513=FILL_AREA_STYLE_COLOUR('',#16970);
#13514=VERTEX_POINT('',#16971);
#13515=LINE('',#16972,#16973);
#13516=VERTEX_POINT('',#16974);
#13517=LINE('',#16975,#16976);
#13518=LINE('',#16977,#16978);
#13519=FILL_AREA_STYLE_COLOUR('',#16979);
#13520=LINE('',#16980,#16981);
#13521=LINE('',#16982,#16983);
#13522=FILL_AREA_STYLE_COLOUR('',#16984);
#13523=LINE('',#16985,#16986);
#13524=FILL_AREA_STYLE_COLOUR('',#16987);
#13525=LINE('',#16988,#16989);
#13526=FILL_AREA_STYLE_COLOUR('',#16990);
#13527=LINE('',#16991,#16992);
#13528=FILL_AREA_STYLE_COLOUR('',#16993);
#13529=LINE('',#16994,#16995);
#13530=FILL_AREA_STYLE_COLOUR('',#16996);
#13531=VERTEX_POINT('',#16997);
#13532=VERTEX_POINT('',#16998);
#13533=LINE('',#16999,#17000);
#13534=VERTEX_POINT('',#17001);
#13535=LINE('',#17002,#17003);
#13536=VERTEX_POINT('',#17004);
#13537=LINE('',#17005,#17006);
#13538=LINE('',#17007,#17008);
#13539=FILL_AREA_STYLE_COLOUR('',#17009);
#13540=VERTEX_POINT('',#17010);
#13541=LINE('',#17011,#17012);
#13542=VERTEX_POINT('',#17013);
#13543=LINE('',#17014,#17015);
#13544=LINE('',#17016,#17017);
#13545=FILL_AREA_STYLE_COLOUR('',#17018);
#13546=VERTEX_POINT('',#17019);
#13547=VERTEX_POINT('',#17020);
#13548=LINE('',#17021,#17022);
#13549=VERTEX_POINT('',#17023);
#13550=LINE('',#17024,#17025);
#13551=VERTEX_POINT('',#17026);
#13552=LINE('',#17027,#17028);
#13553=LINE('',#17029,#17030);
#13554=FILL_AREA_STYLE_COLOUR('',#17031);
#13555=VERTEX_POINT('',#17032);
#13556=LINE('',#17033,#17034);
#13557=VERTEX_POINT('',#17035);
#13558=LINE('',#17036,#17037);
#13559=LINE('',#17038,#17039);
#13560=FILL_AREA_STYLE_COLOUR('',#17040);
#13561=LINE('',#17041,#17042);
#13562=LINE('',#17043,#17044);
#13563=FILL_AREA_STYLE_COLOUR('',#17045);
#13564=LINE('',#17046,#17047);
#13565=FILL_AREA_STYLE_COLOUR('',#17048);
#13566=LINE('',#17049,#17050);
#13567=FILL_AREA_STYLE_COLOUR('',#17051);
#13568=LINE('',#17052,#17053);
#13569=FILL_AREA_STYLE_COLOUR('',#17054);
#13570=LINE('',#17055,#17056);
#13571=FILL_AREA_STYLE_COLOUR('',#17057);
#13572=VERTEX_POINT('',#17058);
#13573=VERTEX_POINT('',#17059);
#13574=LINE('',#17060,#17061);
#13575=VERTEX_POINT('',#17062);
#13576=LINE('',#17063,#17064);
#13577=VERTEX_POINT('',#17065);
#13578=LINE('',#17066,#17067);
#13579=LINE('',#17068,#17069);
#13580=FILL_AREA_STYLE_COLOUR('',#17070);
#13581=VERTEX_POINT('',#17071);
#13582=LINE('',#17072,#17073);
#13583=VERTEX_POINT('',#17074);
#13584=LINE('',#17075,#17076);
#13585=LINE('',#17077,#17078);
#13586=FILL_AREA_STYLE_COLOUR('',#17079);
#13587=VERTEX_POINT('',#17080);
#13588=VERTEX_POINT('',#17081);
#13589=LINE('',#17082,#17083);
#13590=VERTEX_POINT('',#17084);
#13591=LINE('',#17085,#17086);
#13592=VERTEX_POINT('',#17087);
#13593=LINE('',#17088,#17089);
#13594=LINE('',#17090,#17091);
#13595=FILL_AREA_STYLE_COLOUR('',#17092);
#13596=VERTEX_POINT('',#17093);
#13597=LINE('',#17094,#17095);
#13598=VERTEX_POINT('',#17096);
#13599=LINE('',#17097,#17098);
#13600=LINE('',#17099,#17100);
#13601=FILL_AREA_STYLE_COLOUR('',#17101);
#13602=LINE('',#17102,#17103);
#13603=LINE('',#17104,#17105);
#13604=FILL_AREA_STYLE_COLOUR('',#17106);
#13605=LINE('',#17107,#17108);
#13606=FILL_AREA_STYLE_COLOUR('',#17109);
#13607=LINE('',#17110,#17111);
#13608=FILL_AREA_STYLE_COLOUR('',#17112);
#13609=LINE('',#17113,#17114);
#13610=FILL_AREA_STYLE_COLOUR('',#17115);
#13611=LINE('',#17116,#17117);
#13612=FILL_AREA_STYLE_COLOUR('',#17118);
#13613=VERTEX_POINT('',#17119);
#13614=VERTEX_POINT('',#17120);
#13615=LINE('',#17121,#17122);
#13616=VERTEX_POINT('',#17123);
#13617=LINE('',#17124,#17125);
#13618=VERTEX_POINT('',#17126);
#13619=LINE('',#17127,#17128);
#13620=LINE('',#17129,#17130);
#13621=FILL_AREA_STYLE_COLOUR('',#17131);
#13622=VERTEX_POINT('',#17132);
#13623=LINE('',#17133,#17134);
#13624=VERTEX_POINT('',#17135);
#13625=LINE('',#17136,#17137);
#13626=LINE('',#17138,#17139);
#13627=FILL_AREA_STYLE_COLOUR('',#17140);
#13628=VERTEX_POINT('',#17141);
#13629=VERTEX_POINT('',#17142);
#13630=LINE('',#17143,#17144);
#13631=VERTEX_POINT('',#17145);
#13632=LINE('',#17146,#17147);
#13633=VERTEX_POINT('',#17148);
#13634=LINE('',#17149,#17150);
#13635=LINE('',#17151,#17152);
#13636=FILL_AREA_STYLE_COLOUR('',#17153);
#13637=VERTEX_POINT('',#17154);
#13638=LINE('',#17155,#17156);
#13639=VERTEX_POINT('',#17157);
#13640=LINE('',#17158,#17159);
#13641=LINE('',#17160,#17161);
#13642=FILL_AREA_STYLE_COLOUR('',#17162);
#13643=LINE('',#17163,#17164);
#13644=LINE('',#17165,#17166);
#13645=FILL_AREA_STYLE_COLOUR('',#17167);
#13646=LINE('',#17168,#17169);
#13647=FILL_AREA_STYLE_COLOUR('',#17170);
#13648=LINE('',#17171,#17172);
#13649=FILL_AREA_STYLE_COLOUR('',#17173);
#13650=LINE('',#17174,#17175);
#13651=FILL_AREA_STYLE_COLOUR('',#17176);
#13652=LINE('',#17177,#17178);
#13653=FILL_AREA_STYLE_COLOUR('',#17179);
#13654=VERTEX_POINT('',#17180);
#13655=VERTEX_POINT('',#17181);
#13656=LINE('',#17182,#17183);
#13657=VERTEX_POINT('',#17184);
#13658=LINE('',#17185,#17186);
#13659=VERTEX_POINT('',#17187);
#13660=LINE('',#17188,#17189);
#13661=LINE('',#17190,#17191);
#13662=FILL_AREA_STYLE_COLOUR('',#17192);
#13663=VERTEX_POINT('',#17193);
#13664=LINE('',#17194,#17195);
#13665=VERTEX_POINT('',#17196);
#13666=LINE('',#17197,#17198);
#13667=LINE('',#17199,#17200);
#13668=FILL_AREA_STYLE_COLOUR('',#17201);
#13669=VERTEX_POINT('',#17202);
#13670=VERTEX_POINT('',#17203);
#13671=LINE('',#17204,#17205);
#13672=VERTEX_POINT('',#17206);
#13673=LINE('',#17207,#17208);
#13674=VERTEX_POINT('',#17209);
#13675=LINE('',#17210,#17211);
#13676=LINE('',#17212,#17213);
#13677=FILL_AREA_STYLE_COLOUR('',#17214);
#13678=VERTEX_POINT('',#17215);
#13679=LINE('',#17216,#17217);
#13680=VERTEX_POINT('',#17218);
#13681=LINE('',#17219,#17220);
#13682=LINE('',#17221,#17222);
#13683=FILL_AREA_STYLE_COLOUR('',#17223);
#13684=LINE('',#17224,#17225);
#13685=LINE('',#17226,#17227);
#13686=FILL_AREA_STYLE_COLOUR('',#17228);
#13687=LINE('',#17229,#17230);
#13688=FILL_AREA_STYLE_COLOUR('',#17231);
#13689=LINE('',#17232,#17233);
#13690=FILL_AREA_STYLE_COLOUR('',#17234);
#13691=LINE('',#17235,#17236);
#13692=FILL_AREA_STYLE_COLOUR('',#17237);
#13693=LINE('',#17238,#17239);
#13694=FILL_AREA_STYLE_COLOUR('',#17240);
#13695=VERTEX_POINT('',#17241);
#13696=VERTEX_POINT('',#17242);
#13697=LINE('',#17243,#17244);
#13698=VERTEX_POINT('',#17245);
#13699=LINE('',#17246,#17247);
#13700=VERTEX_POINT('',#17248);
#13701=LINE('',#17249,#17250);
#13702=LINE('',#17251,#17252);
#13703=FILL_AREA_STYLE_COLOUR('',#17253);
#13704=VERTEX_POINT('',#17254);
#13705=VERTEX_POINT('',#17255);
#13706=LINE('',#17256,#17257);
#13707=VERTEX_POINT('',#17258);
#13708=LINE('',#17259,#17260);
#13709=VERTEX_POINT('',#17261);
#13710=LINE('',#17262,#17263);
#13711=VERTEX_POINT('',#17264);
#13712=LINE('',#17265,#17266);
#13713=VERTEX_POINT('',#17267);
#13714=LINE('',#17268,#17269);
#13715=LINE('',#17270,#17271);
#13716=FILL_AREA_STYLE_COLOUR('',#17272);
#13717=VERTEX_POINT('',#17273);
#13718=LINE('',#17274,#17275);
#13719=VERTEX_POINT('',#17276);
#13720=LINE('',#17277,#17278);
#13721=LINE('',#17279,#17280);
#13722=FILL_AREA_STYLE_COLOUR('',#17281);
#13723=VERTEX_POINT('',#17282);
#13724=VERTEX_POINT('',#17283);
#13725=LINE('',#17284,#17285);
#13726=LINE('',#17286,#17287);
#13727=LINE('',#17288,#17289);
#13728=FILL_AREA_STYLE_COLOUR('',#17290);
#13729=LINE('',#17291,#17292);
#13730=FILL_AREA_STYLE_COLOUR('',#17293);
#13731=VERTEX_POINT('',#17294);
#13732=LINE('',#17295,#17296);
#13733=VERTEX_POINT('',#17297);
#13734=LINE('',#17298,#17299);
#13735=LINE('',#17300,#17301);
#13736=FILL_AREA_STYLE_COLOUR('',#17302);
#13737=VERTEX_POINT('',#17303);
#13738=LINE('',#17304,#17305);
#13739=LINE('',#17306,#17307);
#13740=FILL_AREA_STYLE_COLOUR('',#17308);
#13741=VERTEX_POINT('',#17309);
#13742=LINE('',#17310,#17311);
#13743=LINE('',#17312,#17313);
#13744=FILL_AREA_STYLE_COLOUR('',#17314);
#13745=VERTEX_POINT('',#17315);
#13746=LINE('',#17316,#17317);
#13747=VERTEX_POINT('',#17318);
#13748=LINE('',#17319,#17320);
#13749=LINE('',#17321,#17322);
#13750=FILL_AREA_STYLE_COLOUR('',#17323);
#13751=VERTEX_POINT('',#17324);
#13752=LINE('',#17325,#17326);
#13753=VERTEX_POINT('',#17327);
#13754=LINE('',#17328,#17329);
#13755=VERTEX_POINT('',#17330);
#13756=LINE('',#17331,#17332);
#13757=VERTEX_POINT('',#17333);
#13758=LINE('',#17334,#17335);
#13759=VERTEX_POINT('',#17336);
#13760=LINE('',#17337,#17338);
#13761=LINE('',#17339,#17340);
#13762=VERTEX_POINT('',#17341);
#13763=LINE('',#17342,#17343);
#13764=LINE('',#17344,#17345);
#13765=FILL_AREA_STYLE_COLOUR('',#17346);
#13766=VERTEX_POINT('',#17347);
#13767=VERTEX_POINT('',#17348);
#13768=LINE('',#17349,#17350);
#13769=LINE('',#17351,#17352);
#13770=VERTEX_POINT('',#17353);
#13771=LINE('',#17354,#17355);
#13772=VERTEX_POINT('',#17356);
#13773=LINE('',#17357,#17358);
#13774=LINE('',#17359,#17360);
#13775=FILL_AREA_STYLE_COLOUR('',#17361);
#13776=VERTEX_POINT('',#17362);
#13777=VERTEX_POINT('',#17363);
#13778=LINE('',#17364,#17365);
#13779=LINE('',#17366,#17367);
#13780=LINE('',#17368,#17369);
#13781=FILL_AREA_STYLE_COLOUR('',#17370);
#13782=VERTEX_POINT('',#17371);
#13783=LINE('',#17372,#17373);
#13784=LINE('',#17374,#17375);
#13785=FILL_AREA_STYLE_COLOUR('',#17376);
#13786=VERTEX_POINT('',#17377);
#13787=LINE('',#17378,#17379);
#13788=LINE('',#17380,#17381);
#13789=FILL_AREA_STYLE_COLOUR('',#17382);
#13790=LINE('',#17383,#17384);
#13791=LINE('',#17385,#17386);
#13792=FILL_AREA_STYLE_COLOUR('',#17387);
#13793=VERTEX_POINT('',#17388);
#13794=LINE('',#17389,#17390);
#13795=LINE('',#17391,#17392);
#13796=FILL_AREA_STYLE_COLOUR('',#17393);
#13797=VERTEX_POINT('',#17394);
#13798=LINE('',#17395,#17396);
#13799=LINE('',#17397,#17398);
#13800=FILL_AREA_STYLE_COLOUR('',#17399);
#13801=VERTEX_POINT('',#17400);
#13802=LINE('',#17401,#17402);
#13803=LINE('',#17403,#17404);
#13804=FILL_AREA_STYLE_COLOUR('',#17405);
#13805=VERTEX_POINT('',#17406);
#13806=LINE('',#17407,#17408);
#13807=LINE('',#17409,#17410);
#13808=FILL_AREA_STYLE_COLOUR('',#17411);
#13809=VERTEX_POINT('',#17412);
#13810=LINE('',#17413,#17414);
#13811=LINE('',#17415,#17416);
#13812=FILL_AREA_STYLE_COLOUR('',#17417);
#13813=LINE('',#17418,#17419);
#13814=FILL_AREA_STYLE_COLOUR('',#17420);
#13815=VERTEX_POINT('',#17421);
#13816=LINE('',#17422,#17423);
#13817=LINE('',#17424,#17425);
#13818=FILL_AREA_STYLE_COLOUR('',#17426);
#13819=LINE('',#17427,#17428);
#13820=FILL_AREA_STYLE_COLOUR('',#17429);
#13821=COLOUR_RGB('',0.431372553110123,0.862745106220245,0.549019634723663);
#13822=CARTESIAN_POINT('',(0.0,-4.25449999999998,-9.14399999999958));
#13823=CARTESIAN_POINT('',(0.0,-4.25449999999998,-9.39799999999962));
#13824=CARTESIAN_POINT('',(6.99885645712739E-17,-4.25449999999998,-9.2709999999996));
#13825=VECTOR('',#17430,1.0);
#13826=CARTESIAN_POINT('',(-6.22120573966869E-17,-5.39750000000002,-9.14399999999958));
#13827=AXIS2_PLACEMENT_3D('',#17431,#17432,#17433);
#13828=CARTESIAN_POINT('',(-6.41561841903344E-17,-5.39750000000002,-9.39799999999962));
#13829=CARTESIAN_POINT('',(-6.99885645712739E-17,-5.39750000000002,-9.2709999999996));
#13830=VECTOR('',#17434,1.0);
#13831=AXIS2_PLACEMENT_3D('',#17435,#17436,#17437);
#13832=COLOUR_RGB('',0.431372553110123,0.862745106220245,0.549019634723663);
#13833=CARTESIAN_POINT('',(0.0,-4.06400000000002,-9.58849999999962));
#13834=CARTESIAN_POINT('',(8.16533253331501E-17,-4.15925,-9.49324999999962));
#13835=VECTOR('',#17438,1.0);
#13836=CARTESIAN_POINT('',(-6.19212037818745E-17,-5.58799999999998,-9.58849999999962));
#13837=CARTESIAN_POINT('',(-8.16533253331501E-17,-5.49275,-9.49324999999962));
#13838=VECTOR('',#17439,1.0);
#13839=AXIS2_PLACEMENT_3D('',#17440,#17441,#17442);
#13840=COLOUR_RGB('',0.431372553110123,0.862745106220245,0.549019634723663);
#13841=CARTESIAN_POINT('',(7.41676717733482E-17,-4.06400000000002,-10.414));
#13842=CARTESIAN_POINT('',(9.33180860950263E-17,-4.06400000000002,-10.1012499999998));
#13843=VECTOR('',#17443,1.0);
#13844=CARTESIAN_POINT('',(0.0,-5.58799999999998,-10.414));
#13845=CARTESIAN_POINT('',(-9.33180860950263E-17,-5.58799999999998,-10.1012499999998));
#13846=VECTOR('',#17444,1.0);
#13847=AXIS2_PLACEMENT_3D('',#17445,#17446,#17447);
#13848=COLOUR_RGB('',0.431372553110123,0.862745106220245,0.549019634723663);
#13849=CARTESIAN_POINT('',(3.81,-4.25449999999998,-9.14399999999958));
#13850=CARTESIAN_POINT('',(3.81,-4.25449999999998,-9.39799999999962));
#13851=CARTESIAN_POINT('',(3.81,-4.25449999999998,-9.2709999999996));
#13852=VECTOR('',#17448,1.0);
#13853=CARTESIAN_POINT('',(3.81,-5.39750000000002,-9.14399999999958));
#13854=AXIS2_PLACEMENT_3D('',#17449,#17450,#17451);
#13855=CARTESIAN_POINT('',(3.81,-5.39750000000002,-9.39799999999962));
#13856=CARTESIAN_POINT('',(3.81,-5.39750000000002,-9.2709999999996));
#13857=VECTOR('',#17452,1.0);
#13858=AXIS2_PLACEMENT_3D('',#17453,#17454,#17455);
#13859=COLOUR_RGB('',0.431372553110123,0.862745106220245,0.549019634723663);
#13860=CARTESIAN_POINT('',(3.81,-4.06400000000002,-9.58849999999962));
#13861=CARTESIAN_POINT('',(3.81,-4.15925,-9.49324999999962));
#13862=VECTOR('',#17456,1.0);
#13863=CARTESIAN_POINT('',(3.81,-5.58799999999998,-9.58849999999962));
#13864=CARTESIAN_POINT('',(3.81,-5.49275,-9.49324999999962));
#13865=VECTOR('',#17457,1.0);
#13866=AXIS2_PLACEMENT_3D('',#17458,#17459,#17460);
#13867=COLOUR_RGB('',0.431372553110123,0.862745106220245,0.549019634723663);
#13868=CARTESIAN_POINT('',(3.81,-4.06400000000002,-10.414));
#13869=CARTESIAN_POINT('',(3.81,-4.06400000000002,-10.1012499999998));
#13870=VECTOR('',#17461,1.0);
#13871=CARTESIAN_POINT('',(3.81,-5.58799999999998,-10.414));
#13872=CARTESIAN_POINT('',(3.81,-5.58799999999998,-10.1012499999998));
#13873=VECTOR('',#17462,1.0);
#13874=AXIS2_PLACEMENT_3D('',#17463,#17464,#17465);
#13875=COLOUR_RGB('',0.431372553110123,0.862745106220245,0.549019634723663);
#13876=CARTESIAN_POINT('',(7.62,-4.25449999999998,-9.14399999999958));
#13877=CARTESIAN_POINT('',(7.62,-4.25449999999998,-9.39799999999962));
#13878=CARTESIAN_POINT('',(7.62,-4.25449999999998,-9.2709999999996));
#13879=VECTOR('',#17466,1.0);
#13880=CARTESIAN_POINT('',(7.62,-5.39750000000002,-9.14399999999958));
#13881=AXIS2_PLACEMENT_3D('',#17467,#17468,#17469);
#13882=CARTESIAN_POINT('',(7.62,-5.39750000000002,-9.39799999999962));
#13883=CARTESIAN_POINT('',(7.62,-5.39750000000002,-9.2709999999996));
#13884=VECTOR('',#17470,1.0);
#13885=AXIS2_PLACEMENT_3D('',#17471,#17472,#17473);
#13886=COLOUR_RGB('',0.431372553110123,0.862745106220245,0.549019634723663);
#13887=CARTESIAN_POINT('',(7.62,-4.06400000000002,-9.58849999999962));
#13888=CARTESIAN_POINT('',(7.62,-4.15925,-9.49324999999962));
#13889=VECTOR('',#17474,1.0);
#13890=CARTESIAN_POINT('',(7.62,-5.58799999999998,-9.58849999999962));
#13891=CARTESIAN_POINT('',(7.62,-5.49275,-9.49324999999962));
#13892=VECTOR('',#17475,1.0);
#13893=AXIS2_PLACEMENT_3D('',#17476,#17477,#17478);
#13894=COLOUR_RGB('',0.431372553110123,0.862745106220245,0.549019634723663);
#13895=CARTESIAN_POINT('',(7.62,-4.06400000000002,-10.414));
#13896=CARTESIAN_POINT('',(7.62,-4.06400000000002,-10.1012499999998));
#13897=VECTOR('',#17479,1.0);
#13898=CARTESIAN_POINT('',(7.62,-5.58799999999998,-10.414));
#13899=CARTESIAN_POINT('',(7.62,-5.58799999999998,-10.1012499999998));
#13900=VECTOR('',#17480,1.0);
#13901=AXIS2_PLACEMENT_3D('',#17481,#17482,#17483);
#13902=COLOUR_RGB('',0.431372553110123,0.862745106220245,0.549019634723663);
#13903=CARTESIAN_POINT('',(11.43,-4.25449999999998,-9.14399999999958));
#13904=CARTESIAN_POINT('',(11.43,-4.25449999999998,-9.39799999999962));
#13905=CARTESIAN_POINT('',(11.43,-4.25449999999998,-9.2709999999996));
#13906=VECTOR('',#17484,1.0);
#13907=CARTESIAN_POINT('',(11.43,-5.39750000000002,-9.14399999999958));
#13908=AXIS2_PLACEMENT_3D('',#17485,#17486,#17487);
#13909=CARTESIAN_POINT('',(11.43,-5.39750000000002,-9.39799999999962));
#13910=CARTESIAN_POINT('',(11.43,-5.39750000000002,-9.2709999999996));
#13911=VECTOR('',#17488,1.0);
#13912=AXIS2_PLACEMENT_3D('',#17489,#17490,#17491);
#13913=COLOUR_RGB('',0.431372553110123,0.862745106220245,0.549019634723663);
#13914=CARTESIAN_POINT('',(11.43,-4.06400000000002,-9.58849999999962));
#13915=CARTESIAN_POINT('',(11.43,-4.15925,-9.49324999999962));
#13916=VECTOR('',#17492,1.0);
#13917=CARTESIAN_POINT('',(11.43,-5.58799999999998,-9.58849999999962));
#13918=CARTESIAN_POINT('',(11.43,-5.49275,-9.49324999999962));
#13919=VECTOR('',#17493,1.0);
#13920=AXIS2_PLACEMENT_3D('',#17494,#17495,#17496);
#13921=COLOUR_RGB('',0.431372553110123,0.862745106220245,0.549019634723663);
#13922=CARTESIAN_POINT('',(11.43,-4.06400000000002,-10.414));
#13923=CARTESIAN_POINT('',(11.43,-4.06400000000002,-10.1012499999998));
#13924=VECTOR('',#17497,1.0);
#13925=CARTESIAN_POINT('',(11.43,-5.58799999999998,-10.414));
#13926=CARTESIAN_POINT('',(11.43,-5.58799999999998,-10.1012499999998));
#13927=VECTOR('',#17498,1.0);
#13928=AXIS2_PLACEMENT_3D('',#17499,#17500,#17501);
#13929=COLOUR_RGB('',0.431372553110123,0.862745106220245,0.549019634723663);
#13930=CARTESIAN_POINT('',(15.24,-4.25449999999998,-9.14399999999958));
#13931=CARTESIAN_POINT('',(15.24,-4.25449999999998,-9.39799999999962));
#13932=CARTESIAN_POINT('',(15.24,-4.25449999999998,-9.2709999999996));
#13933=VECTOR('',#17502,1.0);
#13934=CARTESIAN_POINT('',(15.24,-5.39750000000002,-9.14399999999958));
#13935=AXIS2_PLACEMENT_3D('',#17503,#17504,#17505);
#13936=CARTESIAN_POINT('',(15.24,-5.39750000000002,-9.39799999999962));
#13937=CARTESIAN_POINT('',(15.24,-5.39750000000002,-9.2709999999996));
#13938=VECTOR('',#17506,1.0);
#13939=AXIS2_PLACEMENT_3D('',#17507,#17508,#17509);
#13940=COLOUR_RGB('',0.431372553110123,0.862745106220245,0.549019634723663);
#13941=CARTESIAN_POINT('',(15.24,-4.06400000000002,-9.58849999999962));
#13942=CARTESIAN_POINT('',(15.24,-4.15925,-9.49324999999962));
#13943=VECTOR('',#17510,1.0);
#13944=CARTESIAN_POINT('',(15.24,-5.58799999999998,-9.58849999999962));
#13945=CARTESIAN_POINT('',(15.24,-5.49275,-9.49324999999962));
#13946=VECTOR('',#17511,1.0);
#13947=AXIS2_PLACEMENT_3D('',#17512,#17513,#17514);
#13948=COLOUR_RGB('',0.431372553110123,0.862745106220245,0.549019634723663);
#13949=CARTESIAN_POINT('',(15.24,-4.06400000000002,-10.414));
#13950=CARTESIAN_POINT('',(15.24,-4.06400000000002,-10.1012499999998));
#13951=VECTOR('',#17515,1.0);
#13952=CARTESIAN_POINT('',(15.24,-5.58799999999998,-10.414));
#13953=CARTESIAN_POINT('',(15.24,-5.58799999999998,-10.1012499999998));
#13954=VECTOR('',#17516,1.0);
#13955=AXIS2_PLACEMENT_3D('',#17517,#17518,#17519);
#13956=COLOUR_RGB('',0.431372553110123,0.862745106220245,0.549019634723663);
#13957=CARTESIAN_POINT('',(19.05,-4.25449999999998,-9.14399999999958));
#13958=CARTESIAN_POINT('',(19.05,-4.25449999999998,-9.39799999999962));
#13959=CARTESIAN_POINT('',(19.05,-4.25449999999998,-9.2709999999996));
#13960=VECTOR('',#17520,1.0);
#13961=CARTESIAN_POINT('',(19.05,-5.39750000000002,-9.14399999999958));
#13962=AXIS2_PLACEMENT_3D('',#17521,#17522,#17523);
#13963=CARTESIAN_POINT('',(19.05,-5.39750000000002,-9.39799999999962));
#13964=CARTESIAN_POINT('',(19.05,-5.39750000000002,-9.2709999999996));
#13965=VECTOR('',#17524,1.0);
#13966=AXIS2_PLACEMENT_3D('',#17525,#17526,#17527);
#13967=COLOUR_RGB('',0.431372553110123,0.862745106220245,0.549019634723663);
#13968=CARTESIAN_POINT('',(19.05,-4.06400000000002,-9.58849999999962));
#13969=CARTESIAN_POINT('',(19.05,-4.15925,-9.49324999999962));
#13970=VECTOR('',#17528,1.0);
#13971=CARTESIAN_POINT('',(19.05,-5.58799999999998,-9.58849999999962));
#13972=CARTESIAN_POINT('',(19.05,-5.49275,-9.49324999999962));
#13973=VECTOR('',#17529,1.0);
#13974=AXIS2_PLACEMENT_3D('',#17530,#17531,#17532);
#13975=COLOUR_RGB('',0.431372553110123,0.862745106220245,0.549019634723663);
#13976=CARTESIAN_POINT('',(19.05,-4.06400000000002,-10.414));
#13977=CARTESIAN_POINT('',(19.05,-4.06400000000002,-10.1012499999998));
#13978=VECTOR('',#17533,1.0);
#13979=CARTESIAN_POINT('',(19.05,-5.58799999999998,-10.414));
#13980=CARTESIAN_POINT('',(19.05,-5.58799999999998,-10.1012499999998));
#13981=VECTOR('',#17534,1.0);
#13982=AXIS2_PLACEMENT_3D('',#17535,#17536,#17537);
#13983=COLOUR_RGB('',0.431372553110123,0.862745106220245,0.549019634723663);
#13984=CARTESIAN_POINT('',(22.86,-4.25449999999998,-9.14399999999958));
#13985=CARTESIAN_POINT('',(22.86,-4.25449999999998,-9.39799999999962));
#13986=CARTESIAN_POINT('',(22.86,-4.25449999999998,-9.2709999999996));
#13987=VECTOR('',#17538,1.0);
#13988=CARTESIAN_POINT('',(22.86,-5.39750000000002,-9.14399999999958));
#13989=AXIS2_PLACEMENT_3D('',#17539,#17540,#17541);
#13990=CARTESIAN_POINT('',(22.86,-5.39750000000002,-9.39799999999962));
#13991=CARTESIAN_POINT('',(22.86,-5.39750000000002,-9.2709999999996));
#13992=VECTOR('',#17542,1.0);
#13993=AXIS2_PLACEMENT_3D('',#17543,#17544,#17545);
#13994=COLOUR_RGB('',0.431372553110123,0.862745106220245,0.549019634723663);
#13995=CARTESIAN_POINT('',(22.86,-4.06400000000002,-9.58849999999962));
#13996=CARTESIAN_POINT('',(22.86,-4.15925,-9.49324999999962));
#13997=VECTOR('',#17546,1.0);
#13998=CARTESIAN_POINT('',(22.86,-5.58799999999998,-9.58849999999962));
#13999=CARTESIAN_POINT('',(22.86,-5.49275,-9.49324999999962));
#14000=VECTOR('',#17547,1.0);
#14001=AXIS2_PLACEMENT_3D('',#17548,#17549,#17550);
#14002=COLOUR_RGB('',0.431372553110123,0.862745106220245,0.549019634723663);
#14003=CARTESIAN_POINT('',(22.86,-4.06400000000002,-10.414));
#14004=CARTESIAN_POINT('',(22.86,-4.06400000000002,-10.1012499999998));
#14005=VECTOR('',#17551,1.0);
#14006=CARTESIAN_POINT('',(22.86,-5.58799999999998,-10.414));
#14007=CARTESIAN_POINT('',(22.86,-5.58799999999998,-10.1012499999998));
#14008=VECTOR('',#17552,1.0);
#14009=AXIS2_PLACEMENT_3D('',#17553,#17554,#17555);
#14010=COLOUR_RGB('',0.431372553110123,0.862745106220245,0.549019634723663);
#14011=CARTESIAN_POINT('',(26.67,-4.25449999999998,-9.14399999999958));
#14012=CARTESIAN_POINT('',(26.67,-4.25449999999998,-9.39799999999962));
#14013=CARTESIAN_POINT('',(26.67,-4.25449999999998,-9.2709999999996));
#14014=VECTOR('',#17556,1.0);
#14015=CARTESIAN_POINT('',(26.67,-5.39750000000002,-9.14399999999958));
#14016=AXIS2_PLACEMENT_3D('',#17557,#17558,#17559);
#14017=CARTESIAN_POINT('',(26.67,-5.39750000000002,-9.39799999999962));
#14018=CARTESIAN_POINT('',(26.67,-5.39750000000002,-9.2709999999996));
#14019=VECTOR('',#17560,1.0);
#14020=AXIS2_PLACEMENT_3D('',#17561,#17562,#17563);
#14021=COLOUR_RGB('',0.431372553110123,0.862745106220245,0.549019634723663);
#14022=CARTESIAN_POINT('',(26.67,-4.06400000000002,-9.58849999999962));
#14023=CARTESIAN_POINT('',(26.67,-4.15925,-9.49324999999962));
#14024=VECTOR('',#17564,1.0);
#14025=CARTESIAN_POINT('',(26.67,-5.58799999999998,-9.58849999999962));
#14026=CARTESIAN_POINT('',(26.67,-5.49275,-9.49324999999962));
#14027=VECTOR('',#17565,1.0);
#14028=AXIS2_PLACEMENT_3D('',#17566,#17567,#17568);
#14029=COLOUR_RGB('',0.431372553110123,0.862745106220245,0.549019634723663);
#14030=CARTESIAN_POINT('',(26.67,-4.06400000000002,-10.414));
#14031=CARTESIAN_POINT('',(26.67,-4.06400000000002,-10.1012499999998));
#14032=VECTOR('',#17569,1.0);
#14033=CARTESIAN_POINT('',(26.67,-5.58799999999998,-10.414));
#14034=CARTESIAN_POINT('',(26.67,-5.58799999999998,-10.1012499999998));
#14035=VECTOR('',#17570,1.0);
#14036=AXIS2_PLACEMENT_3D('',#17571,#17572,#17573);
#14037=COLOUR_RGB('',0.431372553110123,0.862745106220245,0.549019634723663);
#14038=CARTESIAN_POINT('',(30.48,-4.25449999999998,-9.14399999999958));
#14039=CARTESIAN_POINT('',(30.48,-4.25449999999998,-9.39799999999962));
#14040=CARTESIAN_POINT('',(30.48,-4.25449999999998,-9.2709999999996));
#14041=VECTOR('',#17574,1.0);
#14042=CARTESIAN_POINT('',(30.48,-5.39750000000002,-9.14399999999958));
#14043=AXIS2_PLACEMENT_3D('',#17575,#17576,#17577);
#14044=CARTESIAN_POINT('',(30.48,-5.39750000000002,-9.39799999999962));
#14045=CARTESIAN_POINT('',(30.48,-5.39750000000002,-9.2709999999996));
#14046=VECTOR('',#17578,1.0);
#14047=AXIS2_PLACEMENT_3D('',#17579,#17580,#17581);
#14048=COLOUR_RGB('',0.431372553110123,0.862745106220245,0.549019634723663);
#14049=CARTESIAN_POINT('',(30.48,-4.06400000000002,-9.58849999999962));
#14050=CARTESIAN_POINT('',(30.48,-4.15925,-9.49324999999962));
#14051=VECTOR('',#17582,1.0);
#14052=CARTESIAN_POINT('',(30.48,-5.58799999999998,-9.58849999999962));
#14053=CARTESIAN_POINT('',(30.48,-5.49275,-9.49324999999962));
#14054=VECTOR('',#17583,1.0);
#14055=AXIS2_PLACEMENT_3D('',#17584,#17585,#17586);
#14056=COLOUR_RGB('',0.431372553110123,0.862745106220245,0.549019634723663);
#14057=CARTESIAN_POINT('',(30.48,-4.06400000000002,-10.414));
#14058=CARTESIAN_POINT('',(30.48,-4.06400000000002,-10.1012499999998));
#14059=VECTOR('',#17587,1.0);
#14060=CARTESIAN_POINT('',(30.48,-5.58799999999998,-10.414));
#14061=CARTESIAN_POINT('',(30.48,-5.58799999999998,-10.1012499999998));
#14062=VECTOR('',#17588,1.0);
#14063=AXIS2_PLACEMENT_3D('',#17589,#17590,#17591);
#14064=COLOUR_RGB('',0.431372553110123,0.862745106220245,0.549019634723663);
#14065=CARTESIAN_POINT('',(34.29,-4.25449999999998,-9.14399999999958));
#14066=CARTESIAN_POINT('',(34.29,-4.25449999999998,-9.39799999999962));
#14067=CARTESIAN_POINT('',(34.29,-4.25449999999998,-9.2709999999996));
#14068=VECTOR('',#17592,1.0);
#14069=CARTESIAN_POINT('',(34.29,-5.39750000000002,-9.14399999999958));
#14070=AXIS2_PLACEMENT_3D('',#17593,#17594,#17595);
#14071=CARTESIAN_POINT('',(34.29,-5.39750000000002,-9.39799999999962));
#14072=CARTESIAN_POINT('',(34.29,-5.39750000000002,-9.2709999999996));
#14073=VECTOR('',#17596,1.0);
#14074=AXIS2_PLACEMENT_3D('',#17597,#17598,#17599);
#14075=COLOUR_RGB('',0.431372553110123,0.862745106220245,0.549019634723663);
#14076=CARTESIAN_POINT('',(34.29,-4.06400000000002,-9.58849999999962));
#14077=CARTESIAN_POINT('',(34.29,-4.15925,-9.49324999999962));
#14078=VECTOR('',#17600,1.0);
#14079=CARTESIAN_POINT('',(34.29,-5.58799999999998,-9.58849999999962));
#14080=CARTESIAN_POINT('',(34.29,-5.49275,-9.49324999999962));
#14081=VECTOR('',#17601,1.0);
#14082=AXIS2_PLACEMENT_3D('',#17602,#17603,#17604);
#14083=COLOUR_RGB('',0.431372553110123,0.862745106220245,0.549019634723663);
#14084=CARTESIAN_POINT('',(34.29,-4.06400000000002,-10.414));
#14085=CARTESIAN_POINT('',(34.29,-4.06400000000002,-10.1012499999998));
#14086=VECTOR('',#17605,1.0);
#14087=CARTESIAN_POINT('',(34.29,-5.58799999999998,-10.414));
#14088=CARTESIAN_POINT('',(34.29,-5.58799999999998,-10.1012499999998));
#14089=VECTOR('',#17606,1.0);
#14090=AXIS2_PLACEMENT_3D('',#17607,#17608,#17609);
#14091=COLOUR_RGB('',0.431372553110123,0.862745106220245,0.549019634723663);
#14092=CARTESIAN_POINT('',(1.01600000000002,-1.4210854715202E-14,-3.19665095056689E-16));
#14093=CARTESIAN_POINT('',(1.01600000000002,-1.77799999999996,-4.44089209850063E-16));
#14094=CARTESIAN_POINT('',(1.01600000000002,-0.788999999999982,-3.19665095056689E-16));
#14095=VECTOR('',#17610,1.0);
#14096=CARTESIAN_POINT('',(-1.01600000000002,-1.4210854715202E-14,-4.44089209850063E-16));
#14097=AXIS2_PLACEMENT_3D('',#17611,#17612,#17613);
#14098=CARTESIAN_POINT('',(-1.01600000000002,-1.77799999999996,-5.68513324643436E-16));
#14099=CARTESIAN_POINT('',(-1.01600000000002,-0.788999999999982,-5.68513324643436E-16));
#14100=VECTOR('',#17614,1.0);
#14101=AXIS2_PLACEMENT_3D('',#17615,#17616,#17617);
#14102=COLOUR_RGB('',0.431372553110123,0.862745106220245,0.549019634723663);
#14103=CARTESIAN_POINT('',(4.82600000000002,-1.4210854715202E-14,-3.19665095056689E-16));
#14104=CARTESIAN_POINT('',(4.82600000000002,-1.77799999999996,-4.44089209850063E-16));
#14105=CARTESIAN_POINT('',(4.82600000000002,-0.788999999999982,-3.19665095056689E-16));
#14106=VECTOR('',#17618,1.0);
#14107=CARTESIAN_POINT('',(2.79399999999998,-1.4210854715202E-14,-4.44089209850063E-16));
#14108=AXIS2_PLACEMENT_3D('',#17619,#17620,#17621);
#14109=CARTESIAN_POINT('',(2.79399999999998,-1.77799999999996,-5.68513324643436E-16));
#14110=CARTESIAN_POINT('',(2.79399999999998,-0.788999999999982,-5.68513324643436E-16));
#14111=VECTOR('',#17622,1.0);
#14112=AXIS2_PLACEMENT_3D('',#17623,#17624,#17625);
#14113=COLOUR_RGB('',0.431372553110123,0.862745106220245,0.549019634723663);
#14114=CARTESIAN_POINT('',(8.63600000000002,-1.4210854715202E-14,-3.19665095056689E-16));
#14115=CARTESIAN_POINT('',(8.63600000000002,-1.77799999999996,-4.44089209850063E-16));
#14116=CARTESIAN_POINT('',(8.63600000000002,-0.788999999999982,-3.19665095056689E-16));
#14117=VECTOR('',#17626,1.0);
#14118=CARTESIAN_POINT('',(6.60399999999998,-1.4210854715202E-14,-4.44089209850063E-16));
#14119=AXIS2_PLACEMENT_3D('',#17627,#17628,#17629);
#14120=CARTESIAN_POINT('',(6.60399999999998,-1.77799999999996,-5.68513324643436E-16));
#14121=CARTESIAN_POINT('',(6.60399999999998,-0.788999999999982,-5.68513324643436E-16));
#14122=VECTOR('',#17630,1.0);
#14123=AXIS2_PLACEMENT_3D('',#17631,#17632,#17633);
#14124=COLOUR_RGB('',0.431372553110123,0.862745106220245,0.549019634723663);
#14125=CARTESIAN_POINT('',(12.446,-1.4210854715202E-14,-3.19665095056689E-16));
#14126=CARTESIAN_POINT('',(12.446,-1.77799999999996,-4.44089209850063E-16));
#14127=CARTESIAN_POINT('',(12.446,-0.788999999999982,-3.19665095056689E-16));
#14128=VECTOR('',#17634,1.0);
#14129=CARTESIAN_POINT('',(10.414,-1.4210854715202E-14,-4.44089209850063E-16));
#14130=AXIS2_PLACEMENT_3D('',#17635,#17636,#17637);
#14131=CARTESIAN_POINT('',(10.414,-1.77799999999996,-5.68513324643436E-16));
#14132=CARTESIAN_POINT('',(10.414,-0.788999999999982,-5.68513324643436E-16));
#14133=VECTOR('',#17638,1.0);
#14134=AXIS2_PLACEMENT_3D('',#17639,#17640,#17641);
#14135=COLOUR_RGB('',0.431372553110123,0.862745106220245,0.549019634723663);
#14136=CARTESIAN_POINT('',(16.256,-1.4210854715202E-14,-3.19665095056689E-16));
#14137=CARTESIAN_POINT('',(16.256,-1.77799999999996,-4.44089209850063E-16));
#14138=CARTESIAN_POINT('',(16.256,-0.788999999999982,-3.19665095056689E-16));
#14139=VECTOR('',#17642,1.0);
#14140=CARTESIAN_POINT('',(14.224,-1.4210854715202E-14,-4.44089209850063E-16));
#14141=AXIS2_PLACEMENT_3D('',#17643,#17644,#17645);
#14142=CARTESIAN_POINT('',(14.224,-1.77799999999996,-5.68513324643436E-16));
#14143=CARTESIAN_POINT('',(14.224,-0.788999999999982,-5.68513324643436E-16));
#14144=VECTOR('',#17646,1.0);
#14145=AXIS2_PLACEMENT_3D('',#17647,#17648,#17649);
#14146=COLOUR_RGB('',0.431372553110123,0.862745106220245,0.549019634723663);
#14147=CARTESIAN_POINT('',(20.066,-1.4210854715202E-14,-3.19665095056689E-16));
#14148=CARTESIAN_POINT('',(20.066,-1.77799999999996,-4.44089209850063E-16));
#14149=CARTESIAN_POINT('',(20.066,-0.788999999999982,-3.19665095056689E-16));
#14150=VECTOR('',#17650,1.0);
#14151=CARTESIAN_POINT('',(18.034,-1.4210854715202E-14,-4.44089209850063E-16));
#14152=AXIS2_PLACEMENT_3D('',#17651,#17652,#17653);
#14153=CARTESIAN_POINT('',(18.034,-1.77799999999996,-5.68513324643436E-16));
#14154=CARTESIAN_POINT('',(18.034,-0.788999999999982,-5.68513324643436E-16));
#14155=VECTOR('',#17654,1.0);
#14156=AXIS2_PLACEMENT_3D('',#17655,#17656,#17657);
#14157=COLOUR_RGB('',0.431372553110123,0.862745106220245,0.549019634723663);
#14158=CARTESIAN_POINT('',(23.876,-1.4210854715202E-14,-3.19665095056689E-16));
#14159=CARTESIAN_POINT('',(23.876,-1.77799999999996,-4.44089209850063E-16));
#14160=CARTESIAN_POINT('',(23.876,-0.788999999999982,-3.19665095056689E-16));
#14161=VECTOR('',#17658,1.0);
#14162=CARTESIAN_POINT('',(21.844,-1.4210854715202E-14,-4.44089209850063E-16));
#14163=AXIS2_PLACEMENT_3D('',#17659,#17660,#17661);
#14164=CARTESIAN_POINT('',(21.844,-1.77799999999996,-5.68513324643436E-16));
#14165=CARTESIAN_POINT('',(21.844,-0.788999999999982,-5.68513324643436E-16));
#14166=VECTOR('',#17662,1.0);
#14167=AXIS2_PLACEMENT_3D('',#17663,#17664,#17665);
#14168=COLOUR_RGB('',0.431372553110123,0.862745106220245,0.549019634723663);
#14169=CARTESIAN_POINT('',(27.686,-1.4210854715202E-14,-3.19665095056689E-16));
#14170=CARTESIAN_POINT('',(27.686,-1.77799999999996,-4.44089209850063E-16));
#14171=CARTESIAN_POINT('',(27.686,-0.788999999999982,-3.19665095056689E-16));
#14172=VECTOR('',#17666,1.0);
#14173=CARTESIAN_POINT('',(25.654,-1.4210854715202E-14,-4.44089209850063E-16));
#14174=AXIS2_PLACEMENT_3D('',#17667,#17668,#17669);
#14175=CARTESIAN_POINT('',(25.654,-1.77799999999996,-5.68513324643436E-16));
#14176=CARTESIAN_POINT('',(25.654,-0.788999999999982,-5.68513324643436E-16));
#14177=VECTOR('',#17670,1.0);
#14178=AXIS2_PLACEMENT_3D('',#17671,#17672,#17673);
#14179=COLOUR_RGB('',0.431372553110123,0.862745106220245,0.549019634723663);
#14180=CARTESIAN_POINT('',(31.496,-1.4210854715202E-14,-3.19665095056689E-16));
#14181=CARTESIAN_POINT('',(31.496,-1.77799999999996,-4.44089209850063E-16));
#14182=CARTESIAN_POINT('',(31.496,-0.788999999999982,-3.19665095056689E-16));
#14183=VECTOR('',#17674,1.0);
#14184=CARTESIAN_POINT('',(29.464,-1.4210854715202E-14,-4.44089209850063E-16));
#14185=AXIS2_PLACEMENT_3D('',#17675,#17676,#17677);
#14186=CARTESIAN_POINT('',(29.464,-1.77799999999996,-5.68513324643436E-16));
#14187=CARTESIAN_POINT('',(29.464,-0.788999999999982,-5.68513324643436E-16));
#14188=VECTOR('',#17678,1.0);
#14189=AXIS2_PLACEMENT_3D('',#17679,#17680,#17681);
#14190=COLOUR_RGB('',0.431372553110123,0.862745106220245,0.549019634723663);
#14191=CARTESIAN_POINT('',(35.306,-1.4210854715202E-14,-3.19665095056689E-16));
#14192=CARTESIAN_POINT('',(35.306,-1.77799999999996,-4.44089209850063E-16));
#14193=CARTESIAN_POINT('',(35.306,-0.788999999999982,-3.19665095056689E-16));
#14194=VECTOR('',#17682,1.0);
#14195=CARTESIAN_POINT('',(33.274,-1.4210854715202E-14,-4.44089209850063E-16));
#14196=AXIS2_PLACEMENT_3D('',#17683,#17684,#17685);
#14197=CARTESIAN_POINT('',(33.274,-1.77799999999996,-5.68513324643436E-16));
#14198=CARTESIAN_POINT('',(33.274,-0.788999999999982,-5.68513324643436E-16));
#14199=VECTOR('',#17686,1.0);
#14200=AXIS2_PLACEMENT_3D('',#17687,#17688,#17689);
#14201=COLOUR_RGB('',0.647058844566345,0.647058844566345,0.647058844566345);
#14202=CARTESIAN_POINT('',(0.8255,-1.4478,-5.45183803119677E-16));
#14203=CARTESIAN_POINT('',(0.8255,-1.77799999999996,-5.45183803119677E-16));
#14204=CARTESIAN_POINT('',(0.8255,-1.46049999999998,-5.45183803119677E-16));
#14205=VECTOR('',#17690,1.0);
#14206=CARTESIAN_POINT('',(0.803218525682768,-1.4478,0.1905));
#14207=AXIS2_PLACEMENT_3D('',#17691,#17692,#17693);
#14208=CARTESIAN_POINT('',(0.803218525682768,-1.143,0.1905));
#14209=CARTESIAN_POINT('',(0.803218525682768,-1.2954,0.1905));
#14210=VECTOR('',#17694,1.0);
#14211=CARTESIAN_POINT('',(-0.803218525682768,-1.143,0.1905));
#14212=AXIS2_PLACEMENT_3D('',#17695,#17696,#17697);
#14213=CARTESIAN_POINT('',(-0.803218525682768,-1.4478,0.1905));
#14214=CARTESIAN_POINT('',(-0.803218525682768,-1.2954,0.1905));
#14215=VECTOR('',#17698,1.0);
#14216=CARTESIAN_POINT('',(-0.8255,-1.4478,-3.42994616580449E-16));
#14217=AXIS2_PLACEMENT_3D('',#17699,#17700,#17701);
#14218=CARTESIAN_POINT('',(-0.8255,-1.77799999999996,-4.44089209850063E-16));
#14219=CARTESIAN_POINT('',(-0.8255,-1.46049999999998,-3.42994616580449E-16));
#14220=VECTOR('',#17702,1.0);
#14221=AXIS2_PLACEMENT_3D('',#17703,#17704,#17705);
#14222=COLOUR_RGB('',0.647058844566345,0.647058844566345,0.647058844566345);
#14223=CARTESIAN_POINT('',(4.6355,-1.4478,-5.45183803119677E-16));
#14224=CARTESIAN_POINT('',(4.6355,-1.77799999999996,-5.45183803119677E-16));
#14225=CARTESIAN_POINT('',(4.6355,-1.46049999999998,-5.45183803119677E-16));
#14226=VECTOR('',#17706,1.0);
#14227=CARTESIAN_POINT('',(4.61321852568277,-1.4478,0.1905));
#14228=AXIS2_PLACEMENT_3D('',#17707,#17708,#17709);
#14229=CARTESIAN_POINT('',(4.61321852568277,-1.143,0.1905));
#14230=CARTESIAN_POINT('',(4.61321852568277,-1.2954,0.1905));
#14231=VECTOR('',#17710,1.0);
#14232=CARTESIAN_POINT('',(3.00678147431723,-1.143,0.1905));
#14233=AXIS2_PLACEMENT_3D('',#17711,#17712,#17713);
#14234=CARTESIAN_POINT('',(3.00678147431723,-1.4478,0.1905));
#14235=CARTESIAN_POINT('',(3.00678147431723,-1.2954,0.1905));
#14236=VECTOR('',#17714,1.0);
#14237=CARTESIAN_POINT('',(2.9845,-1.4478,-3.42994616580449E-16));
#14238=AXIS2_PLACEMENT_3D('',#17715,#17716,#17717);
#14239=CARTESIAN_POINT('',(2.9845,-1.77799999999996,-4.44089209850063E-16));
#14240=CARTESIAN_POINT('',(2.9845,-1.46049999999998,-3.42994616580449E-16));
#14241=VECTOR('',#17718,1.0);
#14242=AXIS2_PLACEMENT_3D('',#17719,#17720,#17721);
#14243=COLOUR_RGB('',0.647058844566345,0.647058844566345,0.647058844566345);
#14244=CARTESIAN_POINT('',(8.4455,-1.4478,-5.45183803119677E-16));
#14245=CARTESIAN_POINT('',(8.4455,-1.77799999999996,-5.45183803119677E-16));
#14246=CARTESIAN_POINT('',(8.4455,-1.46049999999998,-5.45183803119677E-16));
#14247=VECTOR('',#17722,1.0);
#14248=CARTESIAN_POINT('',(8.42321852568277,-1.4478,0.1905));
#14249=AXIS2_PLACEMENT_3D('',#17723,#17724,#17725);
#14250=CARTESIAN_POINT('',(8.42321852568277,-1.143,0.1905));
#14251=CARTESIAN_POINT('',(8.42321852568277,-1.2954,0.1905));
#14252=VECTOR('',#17726,1.0);
#14253=CARTESIAN_POINT('',(6.81678147431723,-1.143,0.1905));
#14254=AXIS2_PLACEMENT_3D('',#17727,#17728,#17729);
#14255=CARTESIAN_POINT('',(6.81678147431723,-1.4478,0.1905));
#14256=CARTESIAN_POINT('',(6.81678147431723,-1.2954,0.1905));
#14257=VECTOR('',#17730,1.0);
#14258=CARTESIAN_POINT('',(6.7945,-1.4478,-3.42994616580449E-16));
#14259=AXIS2_PLACEMENT_3D('',#17731,#17732,#17733);
#14260=CARTESIAN_POINT('',(6.7945,-1.77799999999996,-4.44089209850063E-16));
#14261=CARTESIAN_POINT('',(6.7945,-1.46049999999998,-3.42994616580449E-16));
#14262=VECTOR('',#17734,1.0);
#14263=AXIS2_PLACEMENT_3D('',#17735,#17736,#17737);
#14264=COLOUR_RGB('',0.647058844566345,0.647058844566345,0.647058844566345);
#14265=CARTESIAN_POINT('',(12.2555,-1.4478,-5.45183803119677E-16));
#14266=CARTESIAN_POINT('',(12.2555,-1.77799999999996,-5.45183803119677E-16));
#14267=CARTESIAN_POINT('',(12.2555,-1.46049999999998,-5.45183803119677E-16));
#14268=VECTOR('',#17738,1.0);
#14269=CARTESIAN_POINT('',(12.2332185256828,-1.4478,0.1905));
#14270=AXIS2_PLACEMENT_3D('',#17739,#17740,#17741);
#14271=CARTESIAN_POINT('',(12.2332185256828,-1.143,0.1905));
#14272=CARTESIAN_POINT('',(12.2332185256828,-1.2954,0.1905));
#14273=VECTOR('',#17742,1.0);
#14274=CARTESIAN_POINT('',(10.6267814743172,-1.143,0.1905));
#14275=AXIS2_PLACEMENT_3D('',#17743,#17744,#17745);
#14276=CARTESIAN_POINT('',(10.6267814743172,-1.4478,0.1905));
#14277=CARTESIAN_POINT('',(10.6267814743172,-1.2954,0.1905));
#14278=VECTOR('',#17746,1.0);
#14279=CARTESIAN_POINT('',(10.6045,-1.4478,-3.42994616580449E-16));
#14280=AXIS2_PLACEMENT_3D('',#17747,#17748,#17749);
#14281=CARTESIAN_POINT('',(10.6045,-1.77799999999996,-4.44089209850063E-16));
#14282=CARTESIAN_POINT('',(10.6045,-1.46049999999998,-3.42994616580449E-16));
#14283=VECTOR('',#17750,1.0);
#14284=AXIS2_PLACEMENT_3D('',#17751,#17752,#17753);
#14285=COLOUR_RGB('',0.647058844566345,0.647058844566345,0.647058844566345);
#14286=CARTESIAN_POINT('',(16.0655,-1.4478,-5.45183803119677E-16));
#14287=CARTESIAN_POINT('',(16.0655,-1.77799999999996,-5.45183803119677E-16));
#14288=CARTESIAN_POINT('',(16.0655,-1.46049999999998,-5.45183803119677E-16));
#14289=VECTOR('',#17754,1.0);
#14290=CARTESIAN_POINT('',(16.0432185256828,-1.4478,0.1905));
#14291=AXIS2_PLACEMENT_3D('',#17755,#17756,#17757);
#14292=CARTESIAN_POINT('',(16.0432185256828,-1.143,0.1905));
#14293=CARTESIAN_POINT('',(16.0432185256828,-1.2954,0.1905));
#14294=VECTOR('',#17758,1.0);
#14295=CARTESIAN_POINT('',(14.4367814743172,-1.143,0.1905));
#14296=AXIS2_PLACEMENT_3D('',#17759,#17760,#17761);
#14297=CARTESIAN_POINT('',(14.4367814743172,-1.4478,0.1905));
#14298=CARTESIAN_POINT('',(14.4367814743172,-1.2954,0.1905));
#14299=VECTOR('',#17762,1.0);
#14300=CARTESIAN_POINT('',(14.4145,-1.4478,-3.42994616580449E-16));
#14301=AXIS2_PLACEMENT_3D('',#17763,#17764,#17765);
#14302=CARTESIAN_POINT('',(14.4145,-1.77799999999996,-4.44089209850063E-16));
#14303=CARTESIAN_POINT('',(14.4145,-1.46049999999998,-3.42994616580449E-16));
#14304=VECTOR('',#17766,1.0);
#14305=AXIS2_PLACEMENT_3D('',#17767,#17768,#17769);
#14306=COLOUR_RGB('',0.647058844566345,0.647058844566345,0.647058844566345);
#14307=CARTESIAN_POINT('',(19.8755,-1.4478,-5.45183803119676E-16));
#14308=CARTESIAN_POINT('',(19.8755,-1.77799999999996,-5.45183803119676E-16));
#14309=CARTESIAN_POINT('',(19.8755,-1.46049999999998,-5.45183803119676E-16));
#14310=VECTOR('',#17770,1.0);
#14311=CARTESIAN_POINT('',(19.8532185256828,-1.4478,0.1905));
#14312=AXIS2_PLACEMENT_3D('',#17771,#17772,#17773);
#14313=CARTESIAN_POINT('',(19.8532185256828,-1.143,0.1905));
#14314=CARTESIAN_POINT('',(19.8532185256828,-1.2954,0.1905));
#14315=VECTOR('',#17774,1.0);
#14316=CARTESIAN_POINT('',(18.2467814743172,-1.143,0.1905));
#14317=AXIS2_PLACEMENT_3D('',#17775,#17776,#17777);
#14318=CARTESIAN_POINT('',(18.2467814743172,-1.4478,0.1905));
#14319=CARTESIAN_POINT('',(18.2467814743172,-1.2954,0.1905));
#14320=VECTOR('',#17778,1.0);
#14321=CARTESIAN_POINT('',(18.2245,-1.4478,-3.42994616580449E-16));
#14322=AXIS2_PLACEMENT_3D('',#17779,#17780,#17781);
#14323=CARTESIAN_POINT('',(18.2245,-1.77799999999996,-4.44089209850063E-16));
#14324=CARTESIAN_POINT('',(18.2245,-1.46049999999998,-3.42994616580449E-16));
#14325=VECTOR('',#17782,1.0);
#14326=AXIS2_PLACEMENT_3D('',#17783,#17784,#17785);
#14327=COLOUR_RGB('',0.647058844566345,0.647058844566345,0.647058844566345);
#14328=CARTESIAN_POINT('',(23.6855,-1.4478,-5.45183803119676E-16));
#14329=CARTESIAN_POINT('',(23.6855,-1.77799999999996,-5.45183803119676E-16));
#14330=CARTESIAN_POINT('',(23.6855,-1.46049999999998,-5.45183803119676E-16));
#14331=VECTOR('',#17786,1.0);
#14332=CARTESIAN_POINT('',(23.6632185256828,-1.4478,0.1905));
#14333=AXIS2_PLACEMENT_3D('',#17787,#17788,#17789);
#14334=CARTESIAN_POINT('',(23.6632185256828,-1.143,0.1905));
#14335=CARTESIAN_POINT('',(23.6632185256828,-1.2954,0.1905));
#14336=VECTOR('',#17790,1.0);
#14337=CARTESIAN_POINT('',(22.0567814743172,-1.143,0.1905));
#14338=AXIS2_PLACEMENT_3D('',#17791,#17792,#17793);
#14339=CARTESIAN_POINT('',(22.0567814743172,-1.4478,0.1905));
#14340=CARTESIAN_POINT('',(22.0567814743172,-1.2954,0.1905));
#14341=VECTOR('',#17794,1.0);
#14342=CARTESIAN_POINT('',(22.0345,-1.4478,-3.42994616580449E-16));
#14343=AXIS2_PLACEMENT_3D('',#17795,#17796,#17797);
#14344=CARTESIAN_POINT('',(22.0345,-1.77799999999996,-4.44089209850063E-16));
#14345=CARTESIAN_POINT('',(22.0345,-1.46049999999998,-3.42994616580449E-16));
#14346=VECTOR('',#17798,1.0);
#14347=AXIS2_PLACEMENT_3D('',#17799,#17800,#17801);
#14348=COLOUR_RGB('',0.647058844566345,0.647058844566345,0.647058844566345);
#14349=CARTESIAN_POINT('',(27.4955,-1.4478,-5.45183803119676E-16));
#14350=CARTESIAN_POINT('',(27.4955,-1.77799999999996,-5.45183803119676E-16));
#14351=CARTESIAN_POINT('',(27.4955,-1.46049999999998,-5.45183803119676E-16));
#14352=VECTOR('',#17802,1.0);
#14353=CARTESIAN_POINT('',(27.4732185256828,-1.4478,0.1905));
#14354=AXIS2_PLACEMENT_3D('',#17803,#17804,#17805);
#14355=CARTESIAN_POINT('',(27.4732185256828,-1.143,0.1905));
#14356=CARTESIAN_POINT('',(27.4732185256828,-1.2954,0.1905));
#14357=VECTOR('',#17806,1.0);
#14358=CARTESIAN_POINT('',(25.8667814743172,-1.143,0.1905));
#14359=AXIS2_PLACEMENT_3D('',#17807,#17808,#17809);
#14360=CARTESIAN_POINT('',(25.8667814743172,-1.4478,0.1905));
#14361=CARTESIAN_POINT('',(25.8667814743172,-1.2954,0.1905));
#14362=VECTOR('',#17810,1.0);
#14363=CARTESIAN_POINT('',(25.8445,-1.4478,-3.42994616580449E-16));
#14364=AXIS2_PLACEMENT_3D('',#17811,#17812,#17813);
#14365=CARTESIAN_POINT('',(25.8445,-1.77799999999996,-4.44089209850063E-16));
#14366=CARTESIAN_POINT('',(25.8445,-1.46049999999998,-3.42994616580449E-16));
#14367=VECTOR('',#17814,1.0);
#14368=AXIS2_PLACEMENT_3D('',#17815,#17816,#17817);
#14369=COLOUR_RGB('',0.647058844566345,0.647058844566345,0.647058844566345);
#14370=CARTESIAN_POINT('',(31.3055,-1.4478,-5.45183803119676E-16));
#14371=CARTESIAN_POINT('',(31.3055,-1.77799999999996,-5.45183803119676E-16));
#14372=CARTESIAN_POINT('',(31.3055,-1.46049999999998,-5.45183803119676E-16));
#14373=VECTOR('',#17818,1.0);
#14374=CARTESIAN_POINT('',(31.2832185256828,-1.4478,0.1905));
#14375=AXIS2_PLACEMENT_3D('',#17819,#17820,#17821);
#14376=CARTESIAN_POINT('',(31.2832185256828,-1.143,0.1905));
#14377=CARTESIAN_POINT('',(31.2832185256828,-1.2954,0.1905));
#14378=VECTOR('',#17822,1.0);
#14379=CARTESIAN_POINT('',(29.6767814743172,-1.143,0.1905));
#14380=AXIS2_PLACEMENT_3D('',#17823,#17824,#17825);
#14381=CARTESIAN_POINT('',(29.6767814743172,-1.4478,0.1905));
#14382=CARTESIAN_POINT('',(29.6767814743172,-1.2954,0.1905));
#14383=VECTOR('',#17826,1.0);
#14384=CARTESIAN_POINT('',(29.6545,-1.4478,-3.42994616580449E-16));
#14385=AXIS2_PLACEMENT_3D('',#17827,#17828,#17829);
#14386=CARTESIAN_POINT('',(29.6545,-1.77799999999996,-4.44089209850063E-16));
#14387=CARTESIAN_POINT('',(29.6545,-1.46049999999998,-3.42994616580449E-16));
#14388=VECTOR('',#17830,1.0);
#14389=AXIS2_PLACEMENT_3D('',#17831,#17832,#17833);
#14390=COLOUR_RGB('',0.647058844566345,0.647058844566345,0.647058844566345);
#14391=CARTESIAN_POINT('',(35.1155,-1.4478,-5.45183803119677E-16));
#14392=CARTESIAN_POINT('',(35.1155,-1.77799999999996,-5.45183803119677E-16));
#14393=CARTESIAN_POINT('',(35.1155,-1.46049999999998,-5.45183803119677E-16));
#14394=VECTOR('',#17834,1.0);
#14395=CARTESIAN_POINT('',(35.0932185256828,-1.4478,0.1905));
#14396=AXIS2_PLACEMENT_3D('',#17835,#17836,#17837);
#14397=CARTESIAN_POINT('',(35.0932185256828,-1.143,0.1905));
#14398=CARTESIAN_POINT('',(35.0932185256828,-1.2954,0.1905));
#14399=VECTOR('',#17838,1.0);
#14400=CARTESIAN_POINT('',(33.4867814743172,-1.143,0.1905));
#14401=AXIS2_PLACEMENT_3D('',#17839,#17840,#17841);
#14402=CARTESIAN_POINT('',(33.4867814743172,-1.4478,0.1905));
#14403=CARTESIAN_POINT('',(33.4867814743172,-1.2954,0.1905));
#14404=VECTOR('',#17842,1.0);
#14405=CARTESIAN_POINT('',(33.4645,-1.4478,-3.42994616580448E-16));
#14406=AXIS2_PLACEMENT_3D('',#17843,#17844,#17845);
#14407=CARTESIAN_POINT('',(33.4645,-1.77799999999996,-4.44089209850063E-16));
#14408=CARTESIAN_POINT('',(33.4645,-1.46049999999998,-3.42994616580448E-16));
#14409=VECTOR('',#17846,1.0);
#14410=AXIS2_PLACEMENT_3D('',#17847,#17848,#17849);
#14411=COLOUR_RGB('',0.647058844566345,0.647058844566345,0.647058844566345);
#14412=AXIS2_PLACEMENT_3D('',#17850,#17851,#17852);
#14413=CARTESIAN_POINT('',(33.4867814743172,-1.4478,-0.190500000000001));
#14414=AXIS2_PLACEMENT_3D('',#17853,#17854,#17855);
#14415=CARTESIAN_POINT('',(33.4867814743172,-1.143,-0.190500000000001));
#14416=CARTESIAN_POINT('',(33.4867814743172,-1.2954,-0.190500000000001));
#14417=VECTOR('',#17856,1.0);
#14418=CARTESIAN_POINT('',(35.0932185256828,-1.143,-0.190500000000001));
#14419=AXIS2_PLACEMENT_3D('',#17857,#17858,#17859);
#14420=CARTESIAN_POINT('',(35.0932185256828,-1.4478,-0.190500000000001));
#14421=CARTESIAN_POINT('',(35.0932185256828,-1.2954,-0.190500000000001));
#14422=VECTOR('',#17860,1.0);
#14423=AXIS2_PLACEMENT_3D('',#17861,#17862,#17863);
#14424=COLOUR_RGB('',0.647058844566345,0.647058844566345,0.647058844566345);
#14425=CARTESIAN_POINT('',(34.29,-1.4478,0.1905));
#14426=VECTOR('',#17864,1.0);
#14427=CARTESIAN_POINT('',(34.29,-1.143,0.1905));
#14428=VECTOR('',#17865,1.0);
#14429=COLOUR_RGB('',0.647058844566345,0.647058844566345,0.647058844566345);
#14430=CARTESIAN_POINT('',(34.29,-1.143,-0.190500000000001));
#14431=VECTOR('',#17866,1.0);
#14432=CARTESIAN_POINT('',(34.29,-1.4478,-0.190500000000001));
#14433=VECTOR('',#17867,1.0);
#14434=COLOUR_RGB('',0.647058844566345,0.647058844566345,0.647058844566345);
#14435=COLOUR_RGB('',0.647058844566345,0.647058844566345,0.647058844566345);
#14436=COLOUR_RGB('',0.647058844566345,0.647058844566345,0.647058844566345);
#14437=COLOUR_RGB('',0.647058844566345,0.647058844566345,0.647058844566345);
#14438=AXIS2_PLACEMENT_3D('',#17868,#17869,#17870);
#14439=CARTESIAN_POINT('',(29.6767814743172,-1.4478,-0.190500000000001));
#14440=AXIS2_PLACEMENT_3D('',#17871,#17872,#17873);
#14441=CARTESIAN_POINT('',(29.6767814743172,-1.143,-0.190500000000001));
#14442=CARTESIAN_POINT('',(29.6767814743172,-1.2954,-0.190500000000001));
#14443=VECTOR('',#17874,1.0);
#14444=CARTESIAN_POINT('',(31.2832185256828,-1.143,-0.190500000000001));
#14445=AXIS2_PLACEMENT_3D('',#17875,#17876,#17877);
#14446=CARTESIAN_POINT('',(31.2832185256828,-1.4478,-0.190500000000001));
#14447=CARTESIAN_POINT('',(31.2832185256828,-1.2954,-0.190500000000001));
#14448=VECTOR('',#17878,1.0);
#14449=AXIS2_PLACEMENT_3D('',#17879,#17880,#17881);
#14450=COLOUR_RGB('',0.647058844566345,0.647058844566345,0.647058844566345);
#14451=CARTESIAN_POINT('',(30.48,-1.4478,0.1905));
#14452=VECTOR('',#17882,1.0);
#14453=CARTESIAN_POINT('',(30.48,-1.143,0.1905));
#14454=VECTOR('',#17883,1.0);
#14455=COLOUR_RGB('',0.647058844566345,0.647058844566345,0.647058844566345);
#14456=CARTESIAN_POINT('',(30.48,-1.143,-0.190500000000001));
#14457=VECTOR('',#17884,1.0);
#14458=CARTESIAN_POINT('',(30.48,-1.4478,-0.190500000000001));
#14459=VECTOR('',#17885,1.0);
#14460=COLOUR_RGB('',0.647058844566345,0.647058844566345,0.647058844566345);
#14461=COLOUR_RGB('',0.647058844566345,0.647058844566345,0.647058844566345);
#14462=COLOUR_RGB('',0.647058844566345,0.647058844566345,0.647058844566345);
#14463=COLOUR_RGB('',0.647058844566345,0.647058844566345,0.647058844566345);
#14464=AXIS2_PLACEMENT_3D('',#17886,#17887,#17888);
#14465=CARTESIAN_POINT('',(25.8667814743172,-1.4478,-0.190500000000001));
#14466=AXIS2_PLACEMENT_3D('',#17889,#17890,#17891);
#14467=CARTESIAN_POINT('',(25.8667814743172,-1.143,-0.190500000000001));
#14468=CARTESIAN_POINT('',(25.8667814743172,-1.2954,-0.190500000000001));
#14469=VECTOR('',#17892,1.0);
#14470=CARTESIAN_POINT('',(27.4732185256828,-1.143,-0.190500000000001));
#14471=AXIS2_PLACEMENT_3D('',#17893,#17894,#17895);
#14472=CARTESIAN_POINT('',(27.4732185256828,-1.4478,-0.190500000000001));
#14473=CARTESIAN_POINT('',(27.4732185256828,-1.2954,-0.190500000000001));
#14474=VECTOR('',#17896,1.0);
#14475=AXIS2_PLACEMENT_3D('',#17897,#17898,#17899);
#14476=COLOUR_RGB('',0.647058844566345,0.647058844566345,0.647058844566345);
#14477=CARTESIAN_POINT('',(26.67,-1.4478,0.1905));
#14478=VECTOR('',#17900,1.0);
#14479=CARTESIAN_POINT('',(26.67,-1.143,0.1905));
#14480=VECTOR('',#17901,1.0);
#14481=COLOUR_RGB('',0.647058844566345,0.647058844566345,0.647058844566345);
#14482=CARTESIAN_POINT('',(26.67,-1.143,-0.190500000000001));
#14483=VECTOR('',#17902,1.0);
#14484=CARTESIAN_POINT('',(26.67,-1.4478,-0.190500000000001));
#14485=VECTOR('',#17903,1.0);
#14486=COLOUR_RGB('',0.647058844566345,0.647058844566345,0.647058844566345);
#14487=COLOUR_RGB('',0.647058844566345,0.647058844566345,0.647058844566345);
#14488=COLOUR_RGB('',0.647058844566345,0.647058844566345,0.647058844566345);
#14489=COLOUR_RGB('',0.647058844566345,0.647058844566345,0.647058844566345);
#14490=AXIS2_PLACEMENT_3D('',#17904,#17905,#17906);
#14491=CARTESIAN_POINT('',(22.0567814743172,-1.4478,-0.190500000000001));
#14492=AXIS2_PLACEMENT_3D('',#17907,#17908,#17909);
#14493=CARTESIAN_POINT('',(22.0567814743172,-1.143,-0.190500000000001));
#14494=CARTESIAN_POINT('',(22.0567814743172,-1.2954,-0.190500000000001));
#14495=VECTOR('',#17910,1.0);
#14496=CARTESIAN_POINT('',(23.6632185256828,-1.143,-0.190500000000001));
#14497=AXIS2_PLACEMENT_3D('',#17911,#17912,#17913);
#14498=CARTESIAN_POINT('',(23.6632185256828,-1.4478,-0.190500000000001));
#14499=CARTESIAN_POINT('',(23.6632185256828,-1.2954,-0.190500000000001));
#14500=VECTOR('',#17914,1.0);
#14501=AXIS2_PLACEMENT_3D('',#17915,#17916,#17917);
#14502=COLOUR_RGB('',0.647058844566345,0.647058844566345,0.647058844566345);
#14503=CARTESIAN_POINT('',(22.86,-1.4478,0.1905));
#14504=VECTOR('',#17918,1.0);
#14505=CARTESIAN_POINT('',(22.86,-1.143,0.1905));
#14506=VECTOR('',#17919,1.0);
#14507=COLOUR_RGB('',0.647058844566345,0.647058844566345,0.647058844566345);
#14508=CARTESIAN_POINT('',(22.86,-1.143,-0.190500000000001));
#14509=VECTOR('',#17920,1.0);
#14510=CARTESIAN_POINT('',(22.86,-1.4478,-0.190500000000001));
#14511=VECTOR('',#17921,1.0);
#14512=COLOUR_RGB('',0.647058844566345,0.647058844566345,0.647058844566345);
#14513=COLOUR_RGB('',0.647058844566345,0.647058844566345,0.647058844566345);
#14514=COLOUR_RGB('',0.647058844566345,0.647058844566345,0.647058844566345);
#14515=COLOUR_RGB('',0.647058844566345,0.647058844566345,0.647058844566345);
#14516=AXIS2_PLACEMENT_3D('',#17922,#17923,#17924);
#14517=CARTESIAN_POINT('',(18.2467814743172,-1.4478,-0.190500000000001));
#14518=AXIS2_PLACEMENT_3D('',#17925,#17926,#17927);
#14519=CARTESIAN_POINT('',(18.2467814743172,-1.143,-0.190500000000001));
#14520=CARTESIAN_POINT('',(18.2467814743172,-1.2954,-0.190500000000001));
#14521=VECTOR('',#17928,1.0);
#14522=CARTESIAN_POINT('',(19.8532185256828,-1.143,-0.190500000000001));
#14523=AXIS2_PLACEMENT_3D('',#17929,#17930,#17931);
#14524=CARTESIAN_POINT('',(19.8532185256828,-1.4478,-0.190500000000001));
#14525=CARTESIAN_POINT('',(19.8532185256828,-1.2954,-0.190500000000001));
#14526=VECTOR('',#17932,1.0);
#14527=AXIS2_PLACEMENT_3D('',#17933,#17934,#17935);
#14528=COLOUR_RGB('',0.647058844566345,0.647058844566345,0.647058844566345);
#14529=CARTESIAN_POINT('',(19.05,-1.4478,0.1905));
#14530=VECTOR('',#17936,1.0);
#14531=CARTESIAN_POINT('',(19.05,-1.143,0.1905));
#14532=VECTOR('',#17937,1.0);
#14533=COLOUR_RGB('',0.647058844566345,0.647058844566345,0.647058844566345);
#14534=CARTESIAN_POINT('',(19.05,-1.143,-0.190500000000001));
#14535=VECTOR('',#17938,1.0);
#14536=CARTESIAN_POINT('',(19.05,-1.4478,-0.190500000000001));
#14537=VECTOR('',#17939,1.0);
#14538=COLOUR_RGB('',0.647058844566345,0.647058844566345,0.647058844566345);
#14539=COLOUR_RGB('',0.647058844566345,0.647058844566345,0.647058844566345);
#14540=COLOUR_RGB('',0.647058844566345,0.647058844566345,0.647058844566345);
#14541=COLOUR_RGB('',0.647058844566345,0.647058844566345,0.647058844566345);
#14542=AXIS2_PLACEMENT_3D('',#17940,#17941,#17942);
#14543=CARTESIAN_POINT('',(14.4367814743172,-1.4478,-0.190500000000001));
#14544=AXIS2_PLACEMENT_3D('',#17943,#17944,#17945);
#14545=CARTESIAN_POINT('',(14.4367814743172,-1.143,-0.190500000000001));
#14546=CARTESIAN_POINT('',(14.4367814743172,-1.2954,-0.190500000000001));
#14547=VECTOR('',#17946,1.0);
#14548=CARTESIAN_POINT('',(16.0432185256828,-1.143,-0.190500000000001));
#14549=AXIS2_PLACEMENT_3D('',#17947,#17948,#17949);
#14550=CARTESIAN_POINT('',(16.0432185256828,-1.4478,-0.190500000000001));
#14551=CARTESIAN_POINT('',(16.0432185256828,-1.2954,-0.190500000000001));
#14552=VECTOR('',#17950,1.0);
#14553=AXIS2_PLACEMENT_3D('',#17951,#17952,#17953);
#14554=COLOUR_RGB('',0.647058844566345,0.647058844566345,0.647058844566345);
#14555=CARTESIAN_POINT('',(15.24,-1.4478,0.1905));
#14556=VECTOR('',#17954,1.0);
#14557=CARTESIAN_POINT('',(15.24,-1.143,0.1905));
#14558=VECTOR('',#17955,1.0);
#14559=COLOUR_RGB('',0.647058844566345,0.647058844566345,0.647058844566345);
#14560=CARTESIAN_POINT('',(15.24,-1.143,-0.190500000000001));
#14561=VECTOR('',#17956,1.0);
#14562=CARTESIAN_POINT('',(15.24,-1.4478,-0.190500000000001));
#14563=VECTOR('',#17957,1.0);
#14564=COLOUR_RGB('',0.647058844566345,0.647058844566345,0.647058844566345);
#14565=COLOUR_RGB('',0.647058844566345,0.647058844566345,0.647058844566345);
#14566=COLOUR_RGB('',0.647058844566345,0.647058844566345,0.647058844566345);
#14567=COLOUR_RGB('',0.647058844566345,0.647058844566345,0.647058844566345);
#14568=AXIS2_PLACEMENT_3D('',#17958,#17959,#17960);
#14569=CARTESIAN_POINT('',(10.6267814743172,-1.4478,-0.190500000000001));
#14570=AXIS2_PLACEMENT_3D('',#17961,#17962,#17963);
#14571=CARTESIAN_POINT('',(10.6267814743172,-1.143,-0.190500000000001));
#14572=CARTESIAN_POINT('',(10.6267814743172,-1.2954,-0.190500000000001));
#14573=VECTOR('',#17964,1.0);
#14574=CARTESIAN_POINT('',(12.2332185256828,-1.143,-0.190500000000001));
#14575=AXIS2_PLACEMENT_3D('',#17965,#17966,#17967);
#14576=CARTESIAN_POINT('',(12.2332185256828,-1.4478,-0.190500000000001));
#14577=CARTESIAN_POINT('',(12.2332185256828,-1.2954,-0.190500000000001));
#14578=VECTOR('',#17968,1.0);
#14579=AXIS2_PLACEMENT_3D('',#17969,#17970,#17971);
#14580=COLOUR_RGB('',0.647058844566345,0.647058844566345,0.647058844566345);
#14581=CARTESIAN_POINT('',(11.43,-1.4478,0.1905));
#14582=VECTOR('',#17972,1.0);
#14583=CARTESIAN_POINT('',(11.43,-1.143,0.1905));
#14584=VECTOR('',#17973,1.0);
#14585=COLOUR_RGB('',0.647058844566345,0.647058844566345,0.647058844566345);
#14586=CARTESIAN_POINT('',(11.43,-1.143,-0.190500000000001));
#14587=VECTOR('',#17974,1.0);
#14588=CARTESIAN_POINT('',(11.43,-1.4478,-0.190500000000001));
#14589=VECTOR('',#17975,1.0);
#14590=COLOUR_RGB('',0.647058844566345,0.647058844566345,0.647058844566345);
#14591=COLOUR_RGB('',0.647058844566345,0.647058844566345,0.647058844566345);
#14592=COLOUR_RGB('',0.647058844566345,0.647058844566345,0.647058844566345);
#14593=COLOUR_RGB('',0.647058844566345,0.647058844566345,0.647058844566345);
#14594=AXIS2_PLACEMENT_3D('',#17976,#17977,#17978);
#14595=CARTESIAN_POINT('',(6.81678147431723,-1.4478,-0.190500000000001));
#14596=AXIS2_PLACEMENT_3D('',#17979,#17980,#17981);
#14597=CARTESIAN_POINT('',(6.81678147431723,-1.143,-0.190500000000001));
#14598=CARTESIAN_POINT('',(6.81678147431723,-1.2954,-0.190500000000001));
#14599=VECTOR('',#17982,1.0);
#14600=CARTESIAN_POINT('',(8.42321852568277,-1.143,-0.190500000000001));
#14601=AXIS2_PLACEMENT_3D('',#17983,#17984,#17985);
#14602=CARTESIAN_POINT('',(8.42321852568277,-1.4478,-0.190500000000001));
#14603=CARTESIAN_POINT('',(8.42321852568277,-1.2954,-0.190500000000001));
#14604=VECTOR('',#17986,1.0);
#14605=AXIS2_PLACEMENT_3D('',#17987,#17988,#17989);
#14606=COLOUR_RGB('',0.647058844566345,0.647058844566345,0.647058844566345);
#14607=CARTESIAN_POINT('',(7.62,-1.4478,0.1905));
#14608=VECTOR('',#17990,1.0);
#14609=CARTESIAN_POINT('',(7.62,-1.143,0.1905));
#14610=VECTOR('',#17991,1.0);
#14611=COLOUR_RGB('',0.647058844566345,0.647058844566345,0.647058844566345);
#14612=CARTESIAN_POINT('',(7.62,-1.143,-0.190500000000001));
#14613=VECTOR('',#17992,1.0);
#14614=CARTESIAN_POINT('',(7.62,-1.4478,-0.190500000000001));
#14615=VECTOR('',#17993,1.0);
#14616=COLOUR_RGB('',0.647058844566345,0.647058844566345,0.647058844566345);
#14617=COLOUR_RGB('',0.647058844566345,0.647058844566345,0.647058844566345);
#14618=COLOUR_RGB('',0.647058844566345,0.647058844566345,0.647058844566345);
#14619=COLOUR_RGB('',0.647058844566345,0.647058844566345,0.647058844566345);
#14620=AXIS2_PLACEMENT_3D('',#17994,#17995,#17996);
#14621=CARTESIAN_POINT('',(3.00678147431723,-1.4478,-0.190500000000001));
#14622=AXIS2_PLACEMENT_3D('',#17997,#17998,#17999);
#14623=CARTESIAN_POINT('',(3.00678147431723,-1.143,-0.190500000000001));
#14624=CARTESIAN_POINT('',(3.00678147431723,-1.2954,-0.190500000000001));
#14625=VECTOR('',#18000,1.0);
#14626=CARTESIAN_POINT('',(4.61321852568277,-1.143,-0.190500000000001));
#14627=AXIS2_PLACEMENT_3D('',#18001,#18002,#18003);
#14628=CARTESIAN_POINT('',(4.61321852568277,-1.4478,-0.190500000000001));
#14629=CARTESIAN_POINT('',(4.61321852568277,-1.2954,-0.190500000000001));
#14630=VECTOR('',#18004,1.0);
#14631=AXIS2_PLACEMENT_3D('',#18005,#18006,#18007);
#14632=COLOUR_RGB('',0.647058844566345,0.647058844566345,0.647058844566345);
#14633=CARTESIAN_POINT('',(3.81,-1.4478,0.1905));
#14634=VECTOR('',#18008,1.0);
#14635=CARTESIAN_POINT('',(3.81,-1.143,0.1905));
#14636=VECTOR('',#18009,1.0);
#14637=COLOUR_RGB('',0.647058844566345,0.647058844566345,0.647058844566345);
#14638=CARTESIAN_POINT('',(3.81,-1.143,-0.190500000000001));
#14639=VECTOR('',#18010,1.0);
#14640=CARTESIAN_POINT('',(3.81,-1.4478,-0.190500000000001));
#14641=VECTOR('',#18011,1.0);
#14642=COLOUR_RGB('',0.647058844566345,0.647058844566345,0.647058844566345);
#14643=COLOUR_RGB('',0.647058844566345,0.647058844566345,0.647058844566345);
#14644=COLOUR_RGB('',0.647058844566345,0.647058844566345,0.647058844566345);
#14645=COLOUR_RGB('',0.647058844566345,0.647058844566345,0.647058844566345);
#14646=AXIS2_PLACEMENT_3D('',#18012,#18013,#18014);
#14647=CARTESIAN_POINT('',(-0.803218525682768,-1.4478,-0.190500000000001));
#14648=AXIS2_PLACEMENT_3D('',#18015,#18016,#18017);
#14649=CARTESIAN_POINT('',(-0.803218525682768,-1.143,-0.190500000000001));
#14650=CARTESIAN_POINT('',(-0.803218525682768,-1.2954,-0.190500000000001));
#14651=VECTOR('',#18018,1.0);
#14652=CARTESIAN_POINT('',(0.803218525682768,-1.143,-0.190500000000001));
#14653=AXIS2_PLACEMENT_3D('',#18019,#18020,#18021);
#14654=CARTESIAN_POINT('',(0.803218525682768,-1.4478,-0.190500000000001));
#14655=CARTESIAN_POINT('',(0.803218525682768,-1.2954,-0.190500000000001));
#14656=VECTOR('',#18022,1.0);
#14657=AXIS2_PLACEMENT_3D('',#18023,#18024,#18025);
#14658=COLOUR_RGB('',0.647058844566345,0.647058844566345,0.647058844566345);
#14659=CARTESIAN_POINT('',(0.0,-1.4478,0.1905));
#14660=VECTOR('',#18026,1.0);
#14661=CARTESIAN_POINT('',(0.0,-1.143,0.1905));
#14662=VECTOR('',#18027,1.0);
#14663=COLOUR_RGB('',0.647058844566345,0.647058844566345,0.647058844566345);
#14664=CARTESIAN_POINT('',(0.0,-1.143,-0.190500000000001));
#14665=VECTOR('',#18028,1.0);
#14666=CARTESIAN_POINT('',(0.0,-1.4478,-0.190500000000001));
#14667=VECTOR('',#18029,1.0);
#14668=COLOUR_RGB('',0.647058844566345,0.647058844566345,0.647058844566345);
#14669=COLOUR_RGB('',0.647058844566345,0.647058844566345,0.647058844566345);
#14670=COLOUR_RGB('',0.647058844566345,0.647058844566345,0.647058844566345);
#14671=COLOUR_RGB('',0.431372553110123,0.862745106220245,0.549019634723663);
#14672=AXIS2_PLACEMENT_3D('',#18030,#18031,#18032);
#14673=AXIS2_PLACEMENT_3D('',#18033,#18034,#18035);
#14674=COLOUR_RGB('',0.431372553110123,0.862745106220245,0.549019634723663);
#14675=COLOUR_RGB('',0.431372553110123,0.862745106220245,0.549019634723663);
#14676=AXIS2_PLACEMENT_3D('',#18036,#18037,#18038);
#14677=AXIS2_PLACEMENT_3D('',#18039,#18040,#18041);
#14678=COLOUR_RGB('',0.431372553110123,0.862745106220245,0.549019634723663);
#14679=COLOUR_RGB('',0.431372553110123,0.862745106220245,0.549019634723663);
#14680=AXIS2_PLACEMENT_3D('',#18042,#18043,#18044);
#14681=AXIS2_PLACEMENT_3D('',#18045,#18046,#18047);
#14682=COLOUR_RGB('',0.431372553110123,0.862745106220245,0.549019634723663);
#14683=COLOUR_RGB('',0.431372553110123,0.862745106220245,0.549019634723663);
#14684=AXIS2_PLACEMENT_3D('',#18048,#18049,#18050);
#14685=AXIS2_PLACEMENT_3D('',#18051,#18052,#18053);
#14686=COLOUR_RGB('',0.431372553110123,0.862745106220245,0.549019634723663);
#14687=COLOUR_RGB('',0.431372553110123,0.862745106220245,0.549019634723663);
#14688=AXIS2_PLACEMENT_3D('',#18054,#18055,#18056);
#14689=AXIS2_PLACEMENT_3D('',#18057,#18058,#18059);
#14690=COLOUR_RGB('',0.431372553110123,0.862745106220245,0.549019634723663);
#14691=COLOUR_RGB('',0.431372553110123,0.862745106220245,0.549019634723663);
#14692=AXIS2_PLACEMENT_3D('',#18060,#18061,#18062);
#14693=AXIS2_PLACEMENT_3D('',#18063,#18064,#18065);
#14694=COLOUR_RGB('',0.431372553110123,0.862745106220245,0.549019634723663);
#14695=COLOUR_RGB('',0.431372553110123,0.862745106220245,0.549019634723663);
#14696=AXIS2_PLACEMENT_3D('',#18066,#18067,#18068);
#14697=AXIS2_PLACEMENT_3D('',#18069,#18070,#18071);
#14698=COLOUR_RGB('',0.431372553110123,0.862745106220245,0.549019634723663);
#14699=COLOUR_RGB('',0.431372553110123,0.862745106220245,0.549019634723663);
#14700=AXIS2_PLACEMENT_3D('',#18072,#18073,#18074);
#14701=AXIS2_PLACEMENT_3D('',#18075,#18076,#18077);
#14702=COLOUR_RGB('',0.431372553110123,0.862745106220245,0.549019634723663);
#14703=COLOUR_RGB('',0.431372553110123,0.862745106220245,0.549019634723663);
#14704=AXIS2_PLACEMENT_3D('',#18078,#18079,#18080);
#14705=AXIS2_PLACEMENT_3D('',#18081,#18082,#18083);
#14706=COLOUR_RGB('',0.431372553110123,0.862745106220245,0.549019634723663);
#14707=COLOUR_RGB('',0.431372553110123,0.862745106220245,0.549019634723663);
#14708=AXIS2_PLACEMENT_3D('',#18084,#18085,#18086);
#14709=AXIS2_PLACEMENT_3D('',#18087,#18088,#18089);
#14710=COLOUR_RGB('',0.431372553110123,0.862745106220245,0.549019634723663);
#14711=COLOUR_RGB('',0.431372553110123,0.862745106220245,0.549019634723663);
#14712=CARTESIAN_POINT('',(32.766,-6.858,-3.81));
#14713=CARTESIAN_POINT('',(33.3502,-6.85799999999998,-3.81));
#14714=CARTESIAN_POINT('',(34.81705,-6.85799999999998,-3.81));
#14715=VECTOR('',#18090,1.0);
#14716=CARTESIAN_POINT('',(32.766,-6.858,-10.414));
#14717=CARTESIAN_POINT('',(32.766,-6.858,-10.414));
#14718=VECTOR('',#18091,1.0);
#14719=CARTESIAN_POINT('',(33.3502,-6.85799999999998,-10.414));
#14720=CARTESIAN_POINT('',(32.766,-6.85799999999998,-10.414));
#14721=VECTOR('',#18092,1.0);
#14722=CARTESIAN_POINT('',(33.3502,-6.85799999999998,-10.414));
#14723=VECTOR('',#18093,1.0);
#14724=COLOUR_RGB('',0.431372553110123,0.862745106220245,0.549019634723663);
#14725=CARTESIAN_POINT('',(32.766,-2.794,-3.81));
#14726=CARTESIAN_POINT('',(32.766,-5.3975,-3.81));
#14727=VECTOR('',#18094,1.0);
#14728=CARTESIAN_POINT('',(32.766,-2.794,-10.414));
#14729=CARTESIAN_POINT('',(32.766,-2.794,-10.414));
#14730=VECTOR('',#18095,1.0);
#14731=CARTESIAN_POINT('',(32.766,-6.858,-10.414));
#14732=VECTOR('',#18096,1.0);
#14733=COLOUR_RGB('',0.431372553110123,0.862745106220245,0.549019634723663);
#14734=CARTESIAN_POINT('',(35.814,-2.794,-3.81));
#14735=CARTESIAN_POINT('',(35.433,-2.794,-3.81));
#14736=VECTOR('',#18097,1.0);
#14737=CARTESIAN_POINT('',(35.814,-2.794,-10.414));
#14738=CARTESIAN_POINT('',(35.814,-2.794,-10.414));
#14739=VECTOR('',#18098,1.0);
#14740=CARTESIAN_POINT('',(32.766,-2.794,-10.414));
#14741=VECTOR('',#18099,1.0);
#14742=CARTESIAN_POINT('',(34.0106,-2.794,-7.6708));
#14743=CARTESIAN_POINT('',(34.0106,-2.794,-10.2108));
#14744=CARTESIAN_POINT('',(34.0106,-2.794,-10.3124));
#14745=VECTOR('',#18100,1.0);
#14746=CARTESIAN_POINT('',(34.5694,-2.794,-10.2108));
#14747=CARTESIAN_POINT('',(34.29,-2.794,-10.2108));
#14748=VECTOR('',#18101,1.0);
#14749=CARTESIAN_POINT('',(34.5694,-2.794,-7.6708));
#14750=CARTESIAN_POINT('',(34.5694,-2.794,-10.3124));
#14751=VECTOR('',#18102,1.0);
#14752=CARTESIAN_POINT('',(34.29,-2.794,-7.6708));
#14753=VECTOR('',#18103,1.0);
#14754=COLOUR_RGB('',0.431372553110123,0.862745106220245,0.549019634723663);
#14755=AXIS2_PLACEMENT_3D('',#18104,#18105,#18106);
#14756=AXIS2_PLACEMENT_3D('',#18107,#18108,#18109);
#14757=COLOUR_RGB('',0.431372553110123,0.862745106220245,0.549019634723663);
#14758=AXIS2_PLACEMENT_3D('',#18110,#18111,#18112);
#14759=COLOUR_RGB('',0.431372553110123,0.862745106220245,0.549019634723663);
#14760=AXIS2_PLACEMENT_3D('',#18113,#18114,#18115);
#14761=COLOUR_RGB('',0.431372553110123,0.862745106220245,0.549019634723663);
#14762=COLOUR_RGB('',0.431372553110123,0.862745106220245,0.549019634723663);
#14763=CARTESIAN_POINT('',(34.0106,-2.28600000000001,-10.2108));
#14764=CARTESIAN_POINT('',(34.0106,-2.28600000000001,-10.2108));
#14765=VECTOR('',#18116,1.0);
#14766=CARTESIAN_POINT('',(33.909,-2.28600000000001,-10.2108));
#14767=CARTESIAN_POINT('',(33.909,-2.28600000000001,-10.2108));
#14768=VECTOR('',#18117,1.0);
#14769=CARTESIAN_POINT('',(33.909,-1.52400000000002,-10.2108));
#14770=CARTESIAN_POINT('',(33.909,-1.52400000000002,-10.2108));
#14771=VECTOR('',#18118,1.0);
#14772=CARTESIAN_POINT('',(34.671,-1.52400000000002,-10.2108));
#14773=CARTESIAN_POINT('',(34.671,-1.52400000000002,-10.2108));
#14774=VECTOR('',#18119,1.0);
#14775=CARTESIAN_POINT('',(34.671,-2.28600000000001,-10.2108));
#14776=CARTESIAN_POINT('',(34.671,-1.52400000000002,-10.2108));
#14777=VECTOR('',#18120,1.0);
#14778=CARTESIAN_POINT('',(34.5694,-2.28600000000001,-10.2108));
#14779=CARTESIAN_POINT('',(34.5694,-2.28600000000001,-10.2108));
#14780=VECTOR('',#18121,1.0);
#14781=CARTESIAN_POINT('',(34.5694,-2.28600000000001,-10.2108));
#14782=VECTOR('',#18122,1.0);
#14783=COLOUR_RGB('',0.431372553110123,0.862745106220245,0.549019634723663);
#14784=CARTESIAN_POINT('',(34.0106,-2.28600000000001,-7.6708));
#14785=CARTESIAN_POINT('',(34.0106,-2.28600000000001,-7.6708));
#14786=VECTOR('',#18123,1.0);
#14787=CARTESIAN_POINT('',(34.0106,-2.28600000000001,-10.2108));
#14788=VECTOR('',#18124,1.0);
#14789=COLOUR_RGB('',0.431372553110123,0.862745106220245,0.549019634723663);
#14790=CARTESIAN_POINT('',(33.909,-2.28600000000001,-7.6708));
#14791=CARTESIAN_POINT('',(33.909,-2.28600000000001,-7.6708));
#14792=VECTOR('',#18125,1.0);
#14793=CARTESIAN_POINT('',(33.909,-2.28600000000001,-10.2108));
#14794=VECTOR('',#18126,1.0);
#14795=COLOUR_RGB('',0.431372553110123,0.862745106220245,0.549019634723663);
#14796=CARTESIAN_POINT('',(33.909,-1.52400000000002,-7.6708));
#14797=CARTESIAN_POINT('',(33.909,-1.52400000000002,-7.6708));
#14798=VECTOR('',#18127,1.0);
#14799=CARTESIAN_POINT('',(33.909,-1.52400000000002,-10.2108));
#14800=VECTOR('',#18128,1.0);
#14801=COLOUR_RGB('',0.431372553110123,0.862745106220245,0.549019634723663);
#14802=CARTESIAN_POINT('',(34.671,-1.52400000000002,-7.6708));
#14803=CARTESIAN_POINT('',(34.671,-1.52400000000002,-7.6708));
#14804=VECTOR('',#18129,1.0);
#14805=CARTESIAN_POINT('',(34.671,-1.52400000000002,-10.2108));
#14806=VECTOR('',#18130,1.0);
#14807=COLOUR_RGB('',0.431372553110123,0.862745106220245,0.549019634723663);
#14808=CARTESIAN_POINT('',(34.671,-2.28600000000001,-7.6708));
#14809=CARTESIAN_POINT('',(34.671,-1.52400000000002,-7.6708));
#14810=VECTOR('',#18131,1.0);
#14811=CARTESIAN_POINT('',(34.671,-2.28600000000001,-10.2108));
#14812=VECTOR('',#18132,1.0);
#14813=COLOUR_RGB('',0.431372553110123,0.862745106220245,0.549019634723663);
#14814=CARTESIAN_POINT('',(34.5694,-2.28600000000001,-7.6708));
#14815=CARTESIAN_POINT('',(34.5694,-2.28600000000001,-7.6708));
#14816=VECTOR('',#18133,1.0);
#14817=CARTESIAN_POINT('',(34.5694,-2.28600000000001,-10.2108));
#14818=VECTOR('',#18134,1.0);
#14819=COLOUR_RGB('',0.431372553110123,0.862745106220245,0.549019634723663);
#14820=CARTESIAN_POINT('',(34.5694,-2.28600000000001,-7.6708));
#14821=VECTOR('',#18135,1.0);
#14822=COLOUR_RGB('',0.431372553110123,0.862745106220245,0.549019634723663);
#14823=COLOUR_RGB('',0.431372553110123,0.862745106220245,0.549019634723663);
#14824=CARTESIAN_POINT('',(35.814,-6.85799999999998,-3.81));
#14825=CARTESIAN_POINT('',(35.814,-5.39749999999999,-3.81));
#14826=VECTOR('',#18136,1.0);
#14827=CARTESIAN_POINT('',(35.814,-6.85799999999998,-10.414));
#14828=CARTESIAN_POINT('',(35.814,-6.85799999999998,-10.414));
#14829=VECTOR('',#18137,1.0);
#14830=CARTESIAN_POINT('',(35.814,-6.858,-10.414));
#14831=VECTOR('',#18138,1.0);
#14832=COLOUR_RGB('',0.431372553110123,0.862745106220245,0.549019634723663);
#14833=CARTESIAN_POINT('',(35.2298,-6.85800000000002,-3.81));
#14834=CARTESIAN_POINT('',(36.04895,-6.85799999999998,-3.81));
#14835=VECTOR('',#18139,1.0);
#14836=CARTESIAN_POINT('',(35.2298,-6.85800000000002,-10.414));
#14837=CARTESIAN_POINT('',(35.2298,-6.85800000000002,-10.414));
#14838=VECTOR('',#18140,1.0);
#14839=CARTESIAN_POINT('',(35.2297999999999,-6.85799999999998,-10.414));
#14840=VECTOR('',#18141,1.0);
#14841=COLOUR_RGB('',0.431372553110123,0.862745106220245,0.549019634723663);
#14842=AXIS2_PLACEMENT_3D('',#18142,#18143,#18144);
#14843=AXIS2_PLACEMENT_3D('',#18145,#18146,#18147);
#14844=COLOUR_RGB('',0.431372553110123,0.862745106220245,0.549019634723663);
#14845=COLOUR_RGB('',0.431372553110123,0.862745106220245,0.549019634723663);
#14846=CARTESIAN_POINT('',(28.956,-6.858,-3.81));
#14847=CARTESIAN_POINT('',(29.5402,-6.85799999999998,-3.81));
#14848=CARTESIAN_POINT('',(32.91205,-6.85799999999998,-3.81));
#14849=VECTOR('',#18148,1.0);
#14850=CARTESIAN_POINT('',(28.956,-6.858,-10.414));
#14851=CARTESIAN_POINT('',(28.956,-6.858,-10.414));
#14852=VECTOR('',#18149,1.0);
#14853=CARTESIAN_POINT('',(29.5402,-6.85799999999998,-10.414));
#14854=CARTESIAN_POINT('',(28.956,-6.85799999999998,-10.414));
#14855=VECTOR('',#18150,1.0);
#14856=CARTESIAN_POINT('',(29.5402,-6.85799999999998,-10.414));
#14857=VECTOR('',#18151,1.0);
#14858=COLOUR_RGB('',0.431372553110123,0.862745106220245,0.549019634723663);
#14859=CARTESIAN_POINT('',(28.956,-2.794,-3.81));
#14860=CARTESIAN_POINT('',(28.956,-5.3975,-3.81));
#14861=VECTOR('',#18152,1.0);
#14862=CARTESIAN_POINT('',(28.956,-2.794,-10.414));
#14863=CARTESIAN_POINT('',(28.956,-2.794,-10.414));
#14864=VECTOR('',#18153,1.0);
#14865=CARTESIAN_POINT('',(28.956,-6.858,-10.414));
#14866=VECTOR('',#18154,1.0);
#14867=COLOUR_RGB('',0.431372553110123,0.862745106220245,0.549019634723663);
#14868=CARTESIAN_POINT('',(32.004,-2.794,-3.81));
#14869=CARTESIAN_POINT('',(33.528,-2.794,-3.81));
#14870=VECTOR('',#18155,1.0);
#14871=CARTESIAN_POINT('',(32.004,-2.794,-10.414));
#14872=CARTESIAN_POINT('',(32.004,-2.794,-10.414));
#14873=VECTOR('',#18156,1.0);
#14874=CARTESIAN_POINT('',(28.956,-2.794,-10.414));
#14875=VECTOR('',#18157,1.0);
#14876=CARTESIAN_POINT('',(30.2006,-2.794,-7.6708));
#14877=CARTESIAN_POINT('',(30.2006,-2.794,-10.2108));
#14878=CARTESIAN_POINT('',(30.2006,-2.794,-10.3124));
#14879=VECTOR('',#18158,1.0);
#14880=CARTESIAN_POINT('',(30.7594,-2.794,-10.2108));
#14881=CARTESIAN_POINT('',(30.48,-2.794,-10.2108));
#14882=VECTOR('',#18159,1.0);
#14883=CARTESIAN_POINT('',(30.7594,-2.794,-7.6708));
#14884=CARTESIAN_POINT('',(30.7594,-2.794,-10.3124));
#14885=VECTOR('',#18160,1.0);
#14886=CARTESIAN_POINT('',(30.48,-2.794,-7.6708));
#14887=VECTOR('',#18161,1.0);
#14888=COLOUR_RGB('',0.431372553110123,0.862745106220245,0.549019634723663);
#14889=AXIS2_PLACEMENT_3D('',#18162,#18163,#18164);
#14890=AXIS2_PLACEMENT_3D('',#18165,#18166,#18167);
#14891=COLOUR_RGB('',0.431372553110123,0.862745106220245,0.549019634723663);
#14892=AXIS2_PLACEMENT_3D('',#18168,#18169,#18170);
#14893=COLOUR_RGB('',0.431372553110123,0.862745106220245,0.549019634723663);
#14894=AXIS2_PLACEMENT_3D('',#18171,#18172,#18173);
#14895=COLOUR_RGB('',0.431372553110123,0.862745106220245,0.549019634723663);
#14896=COLOUR_RGB('',0.431372553110123,0.862745106220245,0.549019634723663);
#14897=CARTESIAN_POINT('',(30.2006,-2.28600000000001,-10.2108));
#14898=CARTESIAN_POINT('',(30.2006,-2.28600000000001,-10.2108));
#14899=VECTOR('',#18174,1.0);
#14900=CARTESIAN_POINT('',(30.099,-2.28600000000001,-10.2108));
#14901=CARTESIAN_POINT('',(30.099,-2.28600000000001,-10.2108));
#14902=VECTOR('',#18175,1.0);
#14903=CARTESIAN_POINT('',(30.099,-1.52400000000002,-10.2108));
#14904=CARTESIAN_POINT('',(30.099,-1.52400000000002,-10.2108));
#14905=VECTOR('',#18176,1.0);
#14906=CARTESIAN_POINT('',(30.861,-1.52400000000002,-10.2108));
#14907=CARTESIAN_POINT('',(30.861,-1.52400000000002,-10.2108));
#14908=VECTOR('',#18177,1.0);
#14909=CARTESIAN_POINT('',(30.861,-2.28600000000001,-10.2108));
#14910=CARTESIAN_POINT('',(30.861,-1.52400000000002,-10.2108));
#14911=VECTOR('',#18178,1.0);
#14912=CARTESIAN_POINT('',(30.7594,-2.28600000000001,-10.2108));
#14913=CARTESIAN_POINT('',(30.7594,-2.28600000000001,-10.2108));
#14914=VECTOR('',#18179,1.0);
#14915=CARTESIAN_POINT('',(30.7594,-2.28600000000001,-10.2108));
#14916=VECTOR('',#18180,1.0);
#14917=COLOUR_RGB('',0.431372553110123,0.862745106220245,0.549019634723663);
#14918=CARTESIAN_POINT('',(30.2006,-2.28600000000001,-7.6708));
#14919=CARTESIAN_POINT('',(30.2006,-2.28600000000001,-7.6708));
#14920=VECTOR('',#18181,1.0);
#14921=CARTESIAN_POINT('',(30.2006,-2.28600000000001,-10.2108));
#14922=VECTOR('',#18182,1.0);
#14923=COLOUR_RGB('',0.431372553110123,0.862745106220245,0.549019634723663);
#14924=CARTESIAN_POINT('',(30.099,-2.28600000000001,-7.6708));
#14925=CARTESIAN_POINT('',(30.099,-2.28600000000001,-7.6708));
#14926=VECTOR('',#18183,1.0);
#14927=CARTESIAN_POINT('',(30.099,-2.28600000000001,-10.2108));
#14928=VECTOR('',#18184,1.0);
#14929=COLOUR_RGB('',0.431372553110123,0.862745106220245,0.549019634723663);
#14930=CARTESIAN_POINT('',(30.099,-1.52400000000002,-7.6708));
#14931=CARTESIAN_POINT('',(30.099,-1.52400000000002,-7.6708));
#14932=VECTOR('',#18185,1.0);
#14933=CARTESIAN_POINT('',(30.099,-1.52400000000002,-10.2108));
#14934=VECTOR('',#18186,1.0);
#14935=COLOUR_RGB('',0.431372553110123,0.862745106220245,0.549019634723663);
#14936=CARTESIAN_POINT('',(30.861,-1.52400000000002,-7.6708));
#14937=CARTESIAN_POINT('',(30.861,-1.52400000000002,-7.6708));
#14938=VECTOR('',#18187,1.0);
#14939=CARTESIAN_POINT('',(30.861,-1.52400000000002,-10.2108));
#14940=VECTOR('',#18188,1.0);
#14941=COLOUR_RGB('',0.431372553110123,0.862745106220245,0.549019634723663);
#14942=CARTESIAN_POINT('',(30.861,-2.28600000000001,-7.6708));
#14943=CARTESIAN_POINT('',(30.861,-1.52400000000002,-7.6708));
#14944=VECTOR('',#18189,1.0);
#14945=CARTESIAN_POINT('',(30.861,-2.28600000000001,-10.2108));
#14946=VECTOR('',#18190,1.0);
#14947=COLOUR_RGB('',0.431372553110123,0.862745106220245,0.549019634723663);
#14948=CARTESIAN_POINT('',(30.7594,-2.28600000000001,-7.6708));
#14949=CARTESIAN_POINT('',(30.7594,-2.28600000000001,-7.6708));
#14950=VECTOR('',#18191,1.0);
#14951=CARTESIAN_POINT('',(30.7594,-2.28600000000001,-10.2108));
#14952=VECTOR('',#18192,1.0);
#14953=COLOUR_RGB('',0.431372553110123,0.862745106220245,0.549019634723663);
#14954=CARTESIAN_POINT('',(30.7594,-2.28600000000001,-7.6708));
#14955=VECTOR('',#18193,1.0);
#14956=COLOUR_RGB('',0.431372553110123,0.862745106220245,0.549019634723663);
#14957=COLOUR_RGB('',0.431372553110123,0.862745106220245,0.549019634723663);
#14958=CARTESIAN_POINT('',(32.004,-6.85799999999998,-3.81));
#14959=CARTESIAN_POINT('',(32.004,-5.39749999999999,-3.81));
#14960=VECTOR('',#18194,1.0);
#14961=CARTESIAN_POINT('',(32.004,-6.85799999999998,-10.414));
#14962=CARTESIAN_POINT('',(32.004,-6.85799999999998,-10.414));
#14963=VECTOR('',#18195,1.0);
#14964=CARTESIAN_POINT('',(32.004,-6.858,-10.414));
#14965=VECTOR('',#18196,1.0);
#14966=COLOUR_RGB('',0.431372553110123,0.862745106220245,0.549019634723663);
#14967=CARTESIAN_POINT('',(31.4198,-6.85800000000002,-3.81));
#14968=CARTESIAN_POINT('',(34.14395,-6.85799999999998,-3.81));
#14969=VECTOR('',#18197,1.0);
#14970=CARTESIAN_POINT('',(31.4198,-6.85800000000002,-10.414));
#14971=CARTESIAN_POINT('',(31.4198,-6.85800000000002,-10.414));
#14972=VECTOR('',#18198,1.0);
#14973=CARTESIAN_POINT('',(31.4197999999999,-6.85799999999998,-10.414));
#14974=VECTOR('',#18199,1.0);
#14975=COLOUR_RGB('',0.431372553110123,0.862745106220245,0.549019634723663);
#14976=AXIS2_PLACEMENT_3D('',#18200,#18201,#18202);
#14977=AXIS2_PLACEMENT_3D('',#18203,#18204,#18205);
#14978=COLOUR_RGB('',0.431372553110123,0.862745106220245,0.549019634723663);
#14979=COLOUR_RGB('',0.431372553110123,0.862745106220245,0.549019634723663);
#14980=CARTESIAN_POINT('',(25.146,-6.858,-3.81));
#14981=CARTESIAN_POINT('',(25.7302,-6.85799999999998,-3.81));
#14982=CARTESIAN_POINT('',(31.00705,-6.85799999999998,-3.81));
#14983=VECTOR('',#18206,1.0);
#14984=CARTESIAN_POINT('',(25.146,-6.858,-10.414));
#14985=CARTESIAN_POINT('',(25.146,-6.858,-10.414));
#14986=VECTOR('',#18207,1.0);
#14987=CARTESIAN_POINT('',(25.7302,-6.85799999999998,-10.414));
#14988=CARTESIAN_POINT('',(25.146,-6.85799999999998,-10.414));
#14989=VECTOR('',#18208,1.0);
#14990=CARTESIAN_POINT('',(25.7302,-6.85799999999998,-10.414));
#14991=VECTOR('',#18209,1.0);
#14992=COLOUR_RGB('',0.431372553110123,0.862745106220245,0.549019634723663);
#14993=CARTESIAN_POINT('',(25.146,-2.794,-3.81));
#14994=CARTESIAN_POINT('',(25.146,-5.3975,-3.81));
#14995=VECTOR('',#18210,1.0);
#14996=CARTESIAN_POINT('',(25.146,-2.794,-10.414));
#14997=CARTESIAN_POINT('',(25.146,-2.794,-10.414));
#14998=VECTOR('',#18211,1.0);
#14999=CARTESIAN_POINT('',(25.146,-6.858,-10.414));
#15000=VECTOR('',#18212,1.0);
#15001=COLOUR_RGB('',0.431372553110123,0.862745106220245,0.549019634723663);
#15002=CARTESIAN_POINT('',(28.194,-2.794,-3.81));
#15003=CARTESIAN_POINT('',(31.623,-2.794,-3.81));
#15004=VECTOR('',#18213,1.0);
#15005=CARTESIAN_POINT('',(28.194,-2.794,-10.414));
#15006=CARTESIAN_POINT('',(28.194,-2.794,-10.414));
#15007=VECTOR('',#18214,1.0);
#15008=CARTESIAN_POINT('',(25.146,-2.794,-10.414));
#15009=VECTOR('',#18215,1.0);
#15010=CARTESIAN_POINT('',(26.3906,-2.794,-7.6708));
#15011=CARTESIAN_POINT('',(26.3906,-2.794,-10.2108));
#15012=CARTESIAN_POINT('',(26.3906,-2.794,-10.3124));
#15013=VECTOR('',#18216,1.0);
#15014=CARTESIAN_POINT('',(26.9494,-2.794,-10.2108));
#15015=CARTESIAN_POINT('',(26.67,-2.794,-10.2108));
#15016=VECTOR('',#18217,1.0);
#15017=CARTESIAN_POINT('',(26.9494,-2.794,-7.6708));
#15018=CARTESIAN_POINT('',(26.9494,-2.794,-10.3124));
#15019=VECTOR('',#18218,1.0);
#15020=CARTESIAN_POINT('',(26.67,-2.794,-7.6708));
#15021=VECTOR('',#18219,1.0);
#15022=COLOUR_RGB('',0.431372553110123,0.862745106220245,0.549019634723663);
#15023=AXIS2_PLACEMENT_3D('',#18220,#18221,#18222);
#15024=AXIS2_PLACEMENT_3D('',#18223,#18224,#18225);
#15025=COLOUR_RGB('',0.431372553110123,0.862745106220245,0.549019634723663);
#15026=AXIS2_PLACEMENT_3D('',#18226,#18227,#18228);
#15027=COLOUR_RGB('',0.431372553110123,0.862745106220245,0.549019634723663);
#15028=AXIS2_PLACEMENT_3D('',#18229,#18230,#18231);
#15029=COLOUR_RGB('',0.431372553110123,0.862745106220245,0.549019634723663);
#15030=COLOUR_RGB('',0.431372553110123,0.862745106220245,0.549019634723663);
#15031=CARTESIAN_POINT('',(26.3906,-2.28600000000001,-10.2108));
#15032=CARTESIAN_POINT('',(26.3906,-2.28600000000001,-10.2108));
#15033=VECTOR('',#18232,1.0);
#15034=CARTESIAN_POINT('',(26.289,-2.28600000000001,-10.2108));
#15035=CARTESIAN_POINT('',(26.289,-2.28600000000001,-10.2108));
#15036=VECTOR('',#18233,1.0);
#15037=CARTESIAN_POINT('',(26.289,-1.52400000000002,-10.2108));
#15038=CARTESIAN_POINT('',(26.289,-1.52400000000002,-10.2108));
#15039=VECTOR('',#18234,1.0);
#15040=CARTESIAN_POINT('',(27.051,-1.52400000000002,-10.2108));
#15041=CARTESIAN_POINT('',(27.051,-1.52400000000002,-10.2108));
#15042=VECTOR('',#18235,1.0);
#15043=CARTESIAN_POINT('',(27.051,-2.28600000000001,-10.2108));
#15044=CARTESIAN_POINT('',(27.051,-1.52400000000002,-10.2108));
#15045=VECTOR('',#18236,1.0);
#15046=CARTESIAN_POINT('',(26.9494,-2.28600000000001,-10.2108));
#15047=CARTESIAN_POINT('',(26.9494,-2.28600000000001,-10.2108));
#15048=VECTOR('',#18237,1.0);
#15049=CARTESIAN_POINT('',(26.9494,-2.28600000000001,-10.2108));
#15050=VECTOR('',#18238,1.0);
#15051=COLOUR_RGB('',0.431372553110123,0.862745106220245,0.549019634723663);
#15052=CARTESIAN_POINT('',(26.3906,-2.28600000000001,-7.6708));
#15053=CARTESIAN_POINT('',(26.3906,-2.28600000000001,-7.6708));
#15054=VECTOR('',#18239,1.0);
#15055=CARTESIAN_POINT('',(26.3906,-2.28600000000001,-10.2108));
#15056=VECTOR('',#18240,1.0);
#15057=COLOUR_RGB('',0.431372553110123,0.862745106220245,0.549019634723663);
#15058=CARTESIAN_POINT('',(26.289,-2.28600000000001,-7.6708));
#15059=CARTESIAN_POINT('',(26.289,-2.28600000000001,-7.6708));
#15060=VECTOR('',#18241,1.0);
#15061=CARTESIAN_POINT('',(26.289,-2.28600000000001,-10.2108));
#15062=VECTOR('',#18242,1.0);
#15063=COLOUR_RGB('',0.431372553110123,0.862745106220245,0.549019634723663);
#15064=CARTESIAN_POINT('',(26.289,-1.52400000000002,-7.6708));
#15065=CARTESIAN_POINT('',(26.289,-1.52400000000002,-7.6708));
#15066=VECTOR('',#18243,1.0);
#15067=CARTESIAN_POINT('',(26.289,-1.52400000000002,-10.2108));
#15068=VECTOR('',#18244,1.0);
#15069=COLOUR_RGB('',0.431372553110123,0.862745106220245,0.549019634723663);
#15070=CARTESIAN_POINT('',(27.051,-1.52400000000002,-7.6708));
#15071=CARTESIAN_POINT('',(27.051,-1.52400000000002,-7.6708));
#15072=VECTOR('',#18245,1.0);
#15073=CARTESIAN_POINT('',(27.051,-1.52400000000002,-10.2108));
#15074=VECTOR('',#18246,1.0);
#15075=COLOUR_RGB('',0.431372553110123,0.862745106220245,0.549019634723663);
#15076=CARTESIAN_POINT('',(27.051,-2.28600000000001,-7.6708));
#15077=CARTESIAN_POINT('',(27.051,-1.52400000000002,-7.6708));
#15078=VECTOR('',#18247,1.0);
#15079=CARTESIAN_POINT('',(27.051,-2.28600000000001,-10.2108));
#15080=VECTOR('',#18248,1.0);
#15081=COLOUR_RGB('',0.431372553110123,0.862745106220245,0.549019634723663);
#15082=CARTESIAN_POINT('',(26.9494,-2.28600000000001,-7.6708));
#15083=CARTESIAN_POINT('',(26.9494,-2.28600000000001,-7.6708));
#15084=VECTOR('',#18249,1.0);
#15085=CARTESIAN_POINT('',(26.9494,-2.28600000000001,-10.2108));
#15086=VECTOR('',#18250,1.0);
#15087=COLOUR_RGB('',0.431372553110123,0.862745106220245,0.549019634723663);
#15088=CARTESIAN_POINT('',(26.9494,-2.28600000000001,-7.6708));
#15089=VECTOR('',#18251,1.0);
#15090=COLOUR_RGB('',0.431372553110123,0.862745106220245,0.549019634723663);
#15091=COLOUR_RGB('',0.431372553110123,0.862745106220245,0.549019634723663);
#15092=CARTESIAN_POINT('',(28.194,-6.85799999999998,-3.81));
#15093=CARTESIAN_POINT('',(28.194,-5.39749999999999,-3.81));
#15094=VECTOR('',#18252,1.0);
#15095=CARTESIAN_POINT('',(28.194,-6.85799999999998,-10.414));
#15096=CARTESIAN_POINT('',(28.194,-6.85799999999998,-10.414));
#15097=VECTOR('',#18253,1.0);
#15098=CARTESIAN_POINT('',(28.194,-6.858,-10.414));
#15099=VECTOR('',#18254,1.0);
#15100=COLOUR_RGB('',0.431372553110123,0.862745106220245,0.549019634723663);
#15101=CARTESIAN_POINT('',(27.6098,-6.85800000000002,-3.81));
#15102=CARTESIAN_POINT('',(32.23895,-6.85799999999998,-3.81));
#15103=VECTOR('',#18255,1.0);
#15104=CARTESIAN_POINT('',(27.6098,-6.85800000000002,-10.414));
#15105=CARTESIAN_POINT('',(27.6098,-6.85800000000002,-10.414));
#15106=VECTOR('',#18256,1.0);
#15107=CARTESIAN_POINT('',(27.6097999999999,-6.85799999999998,-10.414));
#15108=VECTOR('',#18257,1.0);
#15109=COLOUR_RGB('',0.431372553110123,0.862745106220245,0.549019634723663);
#15110=AXIS2_PLACEMENT_3D('',#18258,#18259,#18260);
#15111=AXIS2_PLACEMENT_3D('',#18261,#18262,#18263);
#15112=COLOUR_RGB('',0.431372553110123,0.862745106220245,0.549019634723663);
#15113=COLOUR_RGB('',0.431372553110123,0.862745106220245,0.549019634723663);
#15114=CARTESIAN_POINT('',(21.336,-6.858,-3.81));
#15115=CARTESIAN_POINT('',(21.9202,-6.85799999999998,-3.81));
#15116=CARTESIAN_POINT('',(29.10205,-6.85799999999998,-3.81));
#15117=VECTOR('',#18264,1.0);
#15118=CARTESIAN_POINT('',(21.336,-6.858,-10.414));
#15119=CARTESIAN_POINT('',(21.336,-6.858,-10.414));
#15120=VECTOR('',#18265,1.0);
#15121=CARTESIAN_POINT('',(21.9202,-6.85799999999998,-10.414));
#15122=CARTESIAN_POINT('',(21.336,-6.85799999999998,-10.414));
#15123=VECTOR('',#18266,1.0);
#15124=CARTESIAN_POINT('',(21.9202,-6.85799999999998,-10.414));
#15125=VECTOR('',#18267,1.0);
#15126=COLOUR_RGB('',0.431372553110123,0.862745106220245,0.549019634723663);
#15127=CARTESIAN_POINT('',(21.336,-2.794,-3.81));
#15128=CARTESIAN_POINT('',(21.336,-5.3975,-3.81));
#15129=VECTOR('',#18268,1.0);
#15130=CARTESIAN_POINT('',(21.336,-2.794,-10.414));
#15131=CARTESIAN_POINT('',(21.336,-2.794,-10.414));
#15132=VECTOR('',#18269,1.0);
#15133=CARTESIAN_POINT('',(21.336,-6.858,-10.414));
#15134=VECTOR('',#18270,1.0);
#15135=COLOUR_RGB('',0.431372553110123,0.862745106220245,0.549019634723663);
#15136=CARTESIAN_POINT('',(24.384,-2.794,-3.81));
#15137=CARTESIAN_POINT('',(29.718,-2.794,-3.81));
#15138=VECTOR('',#18271,1.0);
#15139=CARTESIAN_POINT('',(24.384,-2.794,-10.414));
#15140=CARTESIAN_POINT('',(24.384,-2.794,-10.414));
#15141=VECTOR('',#18272,1.0);
#15142=CARTESIAN_POINT('',(21.336,-2.794,-10.414));
#15143=VECTOR('',#18273,1.0);
#15144=CARTESIAN_POINT('',(22.5806,-2.794,-7.6708));
#15145=CARTESIAN_POINT('',(22.5806,-2.794,-10.2108));
#15146=CARTESIAN_POINT('',(22.5806,-2.794,-10.3124));
#15147=VECTOR('',#18274,1.0);
#15148=CARTESIAN_POINT('',(23.1394,-2.794,-10.2108));
#15149=CARTESIAN_POINT('',(22.86,-2.794,-10.2108));
#15150=VECTOR('',#18275,1.0);
#15151=CARTESIAN_POINT('',(23.1394,-2.794,-7.6708));
#15152=CARTESIAN_POINT('',(23.1394,-2.794,-10.3124));
#15153=VECTOR('',#18276,1.0);
#15154=CARTESIAN_POINT('',(22.86,-2.794,-7.6708));
#15155=VECTOR('',#18277,1.0);
#15156=COLOUR_RGB('',0.431372553110123,0.862745106220245,0.549019634723663);
#15157=AXIS2_PLACEMENT_3D('',#18278,#18279,#18280);
#15158=AXIS2_PLACEMENT_3D('',#18281,#18282,#18283);
#15159=COLOUR_RGB('',0.431372553110123,0.862745106220245,0.549019634723663);
#15160=AXIS2_PLACEMENT_3D('',#18284,#18285,#18286);
#15161=COLOUR_RGB('',0.431372553110123,0.862745106220245,0.549019634723663);
#15162=AXIS2_PLACEMENT_3D('',#18287,#18288,#18289);
#15163=COLOUR_RGB('',0.431372553110123,0.862745106220245,0.549019634723663);
#15164=COLOUR_RGB('',0.431372553110123,0.862745106220245,0.549019634723663);
#15165=CARTESIAN_POINT('',(22.5806,-2.28600000000001,-10.2108));
#15166=CARTESIAN_POINT('',(22.5806,-2.28600000000001,-10.2108));
#15167=VECTOR('',#18290,1.0);
#15168=CARTESIAN_POINT('',(22.479,-2.28600000000001,-10.2108));
#15169=CARTESIAN_POINT('',(22.479,-2.28600000000001,-10.2108));
#15170=VECTOR('',#18291,1.0);
#15171=CARTESIAN_POINT('',(22.479,-1.52400000000002,-10.2108));
#15172=CARTESIAN_POINT('',(22.479,-1.52400000000002,-10.2108));
#15173=VECTOR('',#18292,1.0);
#15174=CARTESIAN_POINT('',(23.241,-1.52400000000002,-10.2108));
#15175=CARTESIAN_POINT('',(23.241,-1.52400000000002,-10.2108));
#15176=VECTOR('',#18293,1.0);
#15177=CARTESIAN_POINT('',(23.241,-2.28600000000001,-10.2108));
#15178=CARTESIAN_POINT('',(23.241,-1.52400000000002,-10.2108));
#15179=VECTOR('',#18294,1.0);
#15180=CARTESIAN_POINT('',(23.1394,-2.28600000000001,-10.2108));
#15181=CARTESIAN_POINT('',(23.1394,-2.28600000000001,-10.2108));
#15182=VECTOR('',#18295,1.0);
#15183=CARTESIAN_POINT('',(23.1394,-2.28600000000001,-10.2108));
#15184=VECTOR('',#18296,1.0);
#15185=COLOUR_RGB('',0.431372553110123,0.862745106220245,0.549019634723663);
#15186=CARTESIAN_POINT('',(22.5806,-2.28600000000001,-7.6708));
#15187=CARTESIAN_POINT('',(22.5806,-2.28600000000001,-7.6708));
#15188=VECTOR('',#18297,1.0);
#15189=CARTESIAN_POINT('',(22.5806,-2.28600000000001,-10.2108));
#15190=VECTOR('',#18298,1.0);
#15191=COLOUR_RGB('',0.431372553110123,0.862745106220245,0.549019634723663);
#15192=CARTESIAN_POINT('',(22.479,-2.28600000000001,-7.6708));
#15193=CARTESIAN_POINT('',(22.479,-2.28600000000001,-7.6708));
#15194=VECTOR('',#18299,1.0);
#15195=CARTESIAN_POINT('',(22.479,-2.28600000000001,-10.2108));
#15196=VECTOR('',#18300,1.0);
#15197=COLOUR_RGB('',0.431372553110123,0.862745106220245,0.549019634723663);
#15198=CARTESIAN_POINT('',(22.479,-1.52400000000002,-7.6708));
#15199=CARTESIAN_POINT('',(22.479,-1.52400000000002,-7.6708));
#15200=VECTOR('',#18301,1.0);
#15201=CARTESIAN_POINT('',(22.479,-1.52400000000002,-10.2108));
#15202=VECTOR('',#18302,1.0);
#15203=COLOUR_RGB('',0.431372553110123,0.862745106220245,0.549019634723663);
#15204=CARTESIAN_POINT('',(23.241,-1.52400000000002,-7.6708));
#15205=CARTESIAN_POINT('',(23.241,-1.52400000000002,-7.6708));
#15206=VECTOR('',#18303,1.0);
#15207=CARTESIAN_POINT('',(23.241,-1.52400000000002,-10.2108));
#15208=VECTOR('',#18304,1.0);
#15209=COLOUR_RGB('',0.431372553110123,0.862745106220245,0.549019634723663);
#15210=CARTESIAN_POINT('',(23.241,-2.28600000000001,-7.6708));
#15211=CARTESIAN_POINT('',(23.241,-1.52400000000002,-7.6708));
#15212=VECTOR('',#18305,1.0);
#15213=CARTESIAN_POINT('',(23.241,-2.28600000000001,-10.2108));
#15214=VECTOR('',#18306,1.0);
#15215=COLOUR_RGB('',0.431372553110123,0.862745106220245,0.549019634723663);
#15216=CARTESIAN_POINT('',(23.1394,-2.28600000000001,-7.6708));
#15217=CARTESIAN_POINT('',(23.1394,-2.28600000000001,-7.6708));
#15218=VECTOR('',#18307,1.0);
#15219=CARTESIAN_POINT('',(23.1394,-2.28600000000001,-10.2108));
#15220=VECTOR('',#18308,1.0);
#15221=COLOUR_RGB('',0.431372553110123,0.862745106220245,0.549019634723663);
#15222=CARTESIAN_POINT('',(23.1394,-2.28600000000001,-7.6708));
#15223=VECTOR('',#18309,1.0);
#15224=COLOUR_RGB('',0.431372553110123,0.862745106220245,0.549019634723663);
#15225=COLOUR_RGB('',0.431372553110123,0.862745106220245,0.549019634723663);
#15226=CARTESIAN_POINT('',(24.384,-6.85799999999998,-3.81));
#15227=CARTESIAN_POINT('',(24.384,-5.39749999999999,-3.81));
#15228=VECTOR('',#18310,1.0);
#15229=CARTESIAN_POINT('',(24.384,-6.85799999999998,-10.414));
#15230=CARTESIAN_POINT('',(24.384,-6.85799999999998,-10.414));
#15231=VECTOR('',#18311,1.0);
#15232=CARTESIAN_POINT('',(24.384,-6.858,-10.414));
#15233=VECTOR('',#18312,1.0);
#15234=COLOUR_RGB('',0.431372553110123,0.862745106220245,0.549019634723663);
#15235=CARTESIAN_POINT('',(23.7998,-6.85800000000002,-3.81));
#15236=CARTESIAN_POINT('',(30.33395,-6.85799999999998,-3.81));
#15237=VECTOR('',#18313,1.0);
#15238=CARTESIAN_POINT('',(23.7998,-6.85800000000002,-10.414));
#15239=CARTESIAN_POINT('',(23.7998,-6.85800000000002,-10.414));
#15240=VECTOR('',#18314,1.0);
#15241=CARTESIAN_POINT('',(23.7997999999999,-6.85799999999998,-10.414));
#15242=VECTOR('',#18315,1.0);
#15243=COLOUR_RGB('',0.431372553110123,0.862745106220245,0.549019634723663);
#15244=AXIS2_PLACEMENT_3D('',#18316,#18317,#18318);
#15245=AXIS2_PLACEMENT_3D('',#18319,#18320,#18321);
#15246=COLOUR_RGB('',0.431372553110123,0.862745106220245,0.549019634723663);
#15247=COLOUR_RGB('',0.431372553110123,0.862745106220245,0.549019634723663);
#15248=CARTESIAN_POINT('',(17.526,-6.858,-3.81));
#15249=CARTESIAN_POINT('',(18.1102,-6.85799999999998,-3.81));
#15250=CARTESIAN_POINT('',(27.19705,-6.85799999999998,-3.81));
#15251=VECTOR('',#18322,1.0);
#15252=CARTESIAN_POINT('',(17.526,-6.858,-10.414));
#15253=CARTESIAN_POINT('',(17.526,-6.858,-10.414));
#15254=VECTOR('',#18323,1.0);
#15255=CARTESIAN_POINT('',(18.1102,-6.85799999999998,-10.414));
#15256=CARTESIAN_POINT('',(17.526,-6.85799999999998,-10.414));
#15257=VECTOR('',#18324,1.0);
#15258=CARTESIAN_POINT('',(18.1102,-6.85799999999998,-10.414));
#15259=VECTOR('',#18325,1.0);
#15260=COLOUR_RGB('',0.431372553110123,0.862745106220245,0.549019634723663);
#15261=CARTESIAN_POINT('',(17.526,-2.794,-3.81));
#15262=CARTESIAN_POINT('',(17.526,-5.3975,-3.81));
#15263=VECTOR('',#18326,1.0);
#15264=CARTESIAN_POINT('',(17.526,-2.794,-10.414));
#15265=CARTESIAN_POINT('',(17.526,-2.794,-10.414));
#15266=VECTOR('',#18327,1.0);
#15267=CARTESIAN_POINT('',(17.526,-6.858,-10.414));
#15268=VECTOR('',#18328,1.0);
#15269=COLOUR_RGB('',0.431372553110123,0.862745106220245,0.549019634723663);
#15270=CARTESIAN_POINT('',(20.574,-2.794,-3.81));
#15271=CARTESIAN_POINT('',(27.813,-2.794,-3.81));
#15272=VECTOR('',#18329,1.0);
#15273=CARTESIAN_POINT('',(20.574,-2.794,-10.414));
#15274=CARTESIAN_POINT('',(20.574,-2.794,-10.414));
#15275=VECTOR('',#18330,1.0);
#15276=CARTESIAN_POINT('',(17.526,-2.794,-10.414));
#15277=VECTOR('',#18331,1.0);
#15278=CARTESIAN_POINT('',(18.7706,-2.794,-7.6708));
#15279=CARTESIAN_POINT('',(18.7706,-2.794,-10.2108));
#15280=CARTESIAN_POINT('',(18.7706,-2.794,-10.3124));
#15281=VECTOR('',#18332,1.0);
#15282=CARTESIAN_POINT('',(19.3294,-2.794,-10.2108));
#15283=CARTESIAN_POINT('',(19.05,-2.794,-10.2108));
#15284=VECTOR('',#18333,1.0);
#15285=CARTESIAN_POINT('',(19.3294,-2.794,-7.6708));
#15286=CARTESIAN_POINT('',(19.3294,-2.794,-10.3124));
#15287=VECTOR('',#18334,1.0);
#15288=CARTESIAN_POINT('',(19.05,-2.794,-7.6708));
#15289=VECTOR('',#18335,1.0);
#15290=COLOUR_RGB('',0.431372553110123,0.862745106220245,0.549019634723663);
#15291=AXIS2_PLACEMENT_3D('',#18336,#18337,#18338);
#15292=AXIS2_PLACEMENT_3D('',#18339,#18340,#18341);
#15293=COLOUR_RGB('',0.431372553110123,0.862745106220245,0.549019634723663);
#15294=AXIS2_PLACEMENT_3D('',#18342,#18343,#18344);
#15295=COLOUR_RGB('',0.431372553110123,0.862745106220245,0.549019634723663);
#15296=AXIS2_PLACEMENT_3D('',#18345,#18346,#18347);
#15297=COLOUR_RGB('',0.431372553110123,0.862745106220245,0.549019634723663);
#15298=COLOUR_RGB('',0.431372553110123,0.862745106220245,0.549019634723663);
#15299=CARTESIAN_POINT('',(18.7706,-2.28600000000001,-10.2108));
#15300=CARTESIAN_POINT('',(18.7706,-2.28600000000001,-10.2108));
#15301=VECTOR('',#18348,1.0);
#15302=CARTESIAN_POINT('',(18.669,-2.28600000000001,-10.2108));
#15303=CARTESIAN_POINT('',(18.669,-2.28600000000001,-10.2108));
#15304=VECTOR('',#18349,1.0);
#15305=CARTESIAN_POINT('',(18.669,-1.52400000000002,-10.2108));
#15306=CARTESIAN_POINT('',(18.669,-1.52400000000002,-10.2108));
#15307=VECTOR('',#18350,1.0);
#15308=CARTESIAN_POINT('',(19.431,-1.52400000000002,-10.2108));
#15309=CARTESIAN_POINT('',(19.431,-1.52400000000002,-10.2108));
#15310=VECTOR('',#18351,1.0);
#15311=CARTESIAN_POINT('',(19.431,-2.28600000000001,-10.2108));
#15312=CARTESIAN_POINT('',(19.431,-1.52400000000002,-10.2108));
#15313=VECTOR('',#18352,1.0);
#15314=CARTESIAN_POINT('',(19.3294,-2.28600000000001,-10.2108));
#15315=CARTESIAN_POINT('',(19.3294,-2.28600000000001,-10.2108));
#15316=VECTOR('',#18353,1.0);
#15317=CARTESIAN_POINT('',(19.3294,-2.28600000000001,-10.2108));
#15318=VECTOR('',#18354,1.0);
#15319=COLOUR_RGB('',0.431372553110123,0.862745106220245,0.549019634723663);
#15320=CARTESIAN_POINT('',(18.7706,-2.28600000000001,-7.6708));
#15321=CARTESIAN_POINT('',(18.7706,-2.28600000000001,-7.6708));
#15322=VECTOR('',#18355,1.0);
#15323=CARTESIAN_POINT('',(18.7706,-2.28600000000001,-10.2108));
#15324=VECTOR('',#18356,1.0);
#15325=COLOUR_RGB('',0.431372553110123,0.862745106220245,0.549019634723663);
#15326=CARTESIAN_POINT('',(18.669,-2.28600000000001,-7.6708));
#15327=CARTESIAN_POINT('',(18.669,-2.28600000000001,-7.6708));
#15328=VECTOR('',#18357,1.0);
#15329=CARTESIAN_POINT('',(18.669,-2.28600000000001,-10.2108));
#15330=VECTOR('',#18358,1.0);
#15331=COLOUR_RGB('',0.431372553110123,0.862745106220245,0.549019634723663);
#15332=CARTESIAN_POINT('',(18.669,-1.52400000000002,-7.6708));
#15333=CARTESIAN_POINT('',(18.669,-1.52400000000002,-7.6708));
#15334=VECTOR('',#18359,1.0);
#15335=CARTESIAN_POINT('',(18.669,-1.52400000000002,-10.2108));
#15336=VECTOR('',#18360,1.0);
#15337=COLOUR_RGB('',0.431372553110123,0.862745106220245,0.549019634723663);
#15338=CARTESIAN_POINT('',(19.431,-1.52400000000002,-7.6708));
#15339=CARTESIAN_POINT('',(19.431,-1.52400000000002,-7.6708));
#15340=VECTOR('',#18361,1.0);
#15341=CARTESIAN_POINT('',(19.431,-1.52400000000002,-10.2108));
#15342=VECTOR('',#18362,1.0);
#15343=COLOUR_RGB('',0.431372553110123,0.862745106220245,0.549019634723663);
#15344=CARTESIAN_POINT('',(19.431,-2.28600000000001,-7.6708));
#15345=CARTESIAN_POINT('',(19.431,-1.52400000000002,-7.6708));
#15346=VECTOR('',#18363,1.0);
#15347=CARTESIAN_POINT('',(19.431,-2.28600000000001,-10.2108));
#15348=VECTOR('',#18364,1.0);
#15349=COLOUR_RGB('',0.431372553110123,0.862745106220245,0.549019634723663);
#15350=CARTESIAN_POINT('',(19.3294,-2.28600000000001,-7.6708));
#15351=CARTESIAN_POINT('',(19.3294,-2.28600000000001,-7.6708));
#15352=VECTOR('',#18365,1.0);
#15353=CARTESIAN_POINT('',(19.3294,-2.28600000000001,-10.2108));
#15354=VECTOR('',#18366,1.0);
#15355=COLOUR_RGB('',0.431372553110123,0.862745106220245,0.549019634723663);
#15356=CARTESIAN_POINT('',(19.3294,-2.28600000000001,-7.6708));
#15357=VECTOR('',#18367,1.0);
#15358=COLOUR_RGB('',0.431372553110123,0.862745106220245,0.549019634723663);
#15359=COLOUR_RGB('',0.431372553110123,0.862745106220245,0.549019634723663);
#15360=CARTESIAN_POINT('',(20.574,-6.85799999999998,-3.81));
#15361=CARTESIAN_POINT('',(20.574,-5.39749999999999,-3.81));
#15362=VECTOR('',#18368,1.0);
#15363=CARTESIAN_POINT('',(20.574,-6.85799999999998,-10.414));
#15364=CARTESIAN_POINT('',(20.574,-6.85799999999998,-10.414));
#15365=VECTOR('',#18369,1.0);
#15366=CARTESIAN_POINT('',(20.574,-6.858,-10.414));
#15367=VECTOR('',#18370,1.0);
#15368=COLOUR_RGB('',0.431372553110123,0.862745106220245,0.549019634723663);
#15369=CARTESIAN_POINT('',(19.9898,-6.85800000000002,-3.81));
#15370=CARTESIAN_POINT('',(28.42895,-6.85799999999998,-3.81));
#15371=VECTOR('',#18371,1.0);
#15372=CARTESIAN_POINT('',(19.9898,-6.85800000000002,-10.414));
#15373=CARTESIAN_POINT('',(19.9898,-6.85800000000002,-10.414));
#15374=VECTOR('',#18372,1.0);
#15375=CARTESIAN_POINT('',(19.9897999999999,-6.85799999999998,-10.414));
#15376=VECTOR('',#18373,1.0);
#15377=COLOUR_RGB('',0.431372553110123,0.862745106220245,0.549019634723663);
#15378=AXIS2_PLACEMENT_3D('',#18374,#18375,#18376);
#15379=AXIS2_PLACEMENT_3D('',#18377,#18378,#18379);
#15380=COLOUR_RGB('',0.431372553110123,0.862745106220245,0.549019634723663);
#15381=COLOUR_RGB('',0.431372553110123,0.862745106220245,0.549019634723663);
#15382=CARTESIAN_POINT('',(13.716,-6.858,-3.81));
#15383=CARTESIAN_POINT('',(14.3002,-6.85799999999998,-3.81));
#15384=CARTESIAN_POINT('',(25.29205,-6.85799999999998,-3.81));
#15385=VECTOR('',#18380,1.0);
#15386=CARTESIAN_POINT('',(13.716,-6.858,-10.414));
#15387=CARTESIAN_POINT('',(13.716,-6.858,-10.414));
#15388=VECTOR('',#18381,1.0);
#15389=CARTESIAN_POINT('',(14.3002,-6.85799999999998,-10.414));
#15390=CARTESIAN_POINT('',(13.716,-6.85799999999998,-10.414));
#15391=VECTOR('',#18382,1.0);
#15392=CARTESIAN_POINT('',(14.3002,-6.85799999999998,-10.414));
#15393=VECTOR('',#18383,1.0);
#15394=COLOUR_RGB('',0.431372553110123,0.862745106220245,0.549019634723663);
#15395=CARTESIAN_POINT('',(13.716,-2.794,-3.81));
#15396=CARTESIAN_POINT('',(13.716,-5.3975,-3.81));
#15397=VECTOR('',#18384,1.0);
#15398=CARTESIAN_POINT('',(13.716,-2.794,-10.414));
#15399=CARTESIAN_POINT('',(13.716,-2.794,-10.414));
#15400=VECTOR('',#18385,1.0);
#15401=CARTESIAN_POINT('',(13.716,-6.858,-10.414));
#15402=VECTOR('',#18386,1.0);
#15403=COLOUR_RGB('',0.431372553110123,0.862745106220245,0.549019634723663);
#15404=CARTESIAN_POINT('',(16.764,-2.794,-3.81));
#15405=CARTESIAN_POINT('',(25.908,-2.794,-3.81));
#15406=VECTOR('',#18387,1.0);
#15407=CARTESIAN_POINT('',(16.764,-2.794,-10.414));
#15408=CARTESIAN_POINT('',(16.764,-2.794,-10.414));
#15409=VECTOR('',#18388,1.0);
#15410=CARTESIAN_POINT('',(13.716,-2.794,-10.414));
#15411=VECTOR('',#18389,1.0);
#15412=CARTESIAN_POINT('',(14.9606,-2.794,-7.6708));
#15413=CARTESIAN_POINT('',(14.9606,-2.794,-10.2108));
#15414=CARTESIAN_POINT('',(14.9606,-2.794,-10.3124));
#15415=VECTOR('',#18390,1.0);
#15416=CARTESIAN_POINT('',(15.5194,-2.794,-10.2108));
#15417=CARTESIAN_POINT('',(15.24,-2.794,-10.2108));
#15418=VECTOR('',#18391,1.0);
#15419=CARTESIAN_POINT('',(15.5194,-2.794,-7.6708));
#15420=CARTESIAN_POINT('',(15.5194,-2.794,-10.3124));
#15421=VECTOR('',#18392,1.0);
#15422=CARTESIAN_POINT('',(15.24,-2.794,-7.6708));
#15423=VECTOR('',#18393,1.0);
#15424=COLOUR_RGB('',0.431372553110123,0.862745106220245,0.549019634723663);
#15425=AXIS2_PLACEMENT_3D('',#18394,#18395,#18396);
#15426=AXIS2_PLACEMENT_3D('',#18397,#18398,#18399);
#15427=COLOUR_RGB('',0.431372553110123,0.862745106220245,0.549019634723663);
#15428=AXIS2_PLACEMENT_3D('',#18400,#18401,#18402);
#15429=COLOUR_RGB('',0.431372553110123,0.862745106220245,0.549019634723663);
#15430=AXIS2_PLACEMENT_3D('',#18403,#18404,#18405);
#15431=COLOUR_RGB('',0.431372553110123,0.862745106220245,0.549019634723663);
#15432=COLOUR_RGB('',0.431372553110123,0.862745106220245,0.549019634723663);
#15433=CARTESIAN_POINT('',(14.9606,-2.28600000000001,-10.2108));
#15434=CARTESIAN_POINT('',(14.9606,-2.28600000000001,-10.2108));
#15435=VECTOR('',#18406,1.0);
#15436=CARTESIAN_POINT('',(14.859,-2.28600000000001,-10.2108));
#15437=CARTESIAN_POINT('',(14.859,-2.28600000000001,-10.2108));
#15438=VECTOR('',#18407,1.0);
#15439=CARTESIAN_POINT('',(14.859,-1.52400000000002,-10.2108));
#15440=CARTESIAN_POINT('',(14.859,-1.52400000000002,-10.2108));
#15441=VECTOR('',#18408,1.0);
#15442=CARTESIAN_POINT('',(15.621,-1.52400000000002,-10.2108));
#15443=CARTESIAN_POINT('',(15.621,-1.52400000000002,-10.2108));
#15444=VECTOR('',#18409,1.0);
#15445=CARTESIAN_POINT('',(15.621,-2.28600000000001,-10.2108));
#15446=CARTESIAN_POINT('',(15.621,-1.52400000000002,-10.2108));
#15447=VECTOR('',#18410,1.0);
#15448=CARTESIAN_POINT('',(15.5194,-2.28600000000001,-10.2108));
#15449=CARTESIAN_POINT('',(15.5194,-2.28600000000001,-10.2108));
#15450=VECTOR('',#18411,1.0);
#15451=CARTESIAN_POINT('',(15.5194,-2.28600000000001,-10.2108));
#15452=VECTOR('',#18412,1.0);
#15453=COLOUR_RGB('',0.431372553110123,0.862745106220245,0.549019634723663);
#15454=CARTESIAN_POINT('',(14.9606,-2.28600000000001,-7.6708));
#15455=CARTESIAN_POINT('',(14.9606,-2.28600000000001,-7.6708));
#15456=VECTOR('',#18413,1.0);
#15457=CARTESIAN_POINT('',(14.9606,-2.28600000000001,-10.2108));
#15458=VECTOR('',#18414,1.0);
#15459=COLOUR_RGB('',0.431372553110123,0.862745106220245,0.549019634723663);
#15460=CARTESIAN_POINT('',(14.859,-2.28600000000001,-7.6708));
#15461=CARTESIAN_POINT('',(14.859,-2.28600000000001,-7.6708));
#15462=VECTOR('',#18415,1.0);
#15463=CARTESIAN_POINT('',(14.859,-2.28600000000001,-10.2108));
#15464=VECTOR('',#18416,1.0);
#15465=COLOUR_RGB('',0.431372553110123,0.862745106220245,0.549019634723663);
#15466=CARTESIAN_POINT('',(14.859,-1.52400000000002,-7.6708));
#15467=CARTESIAN_POINT('',(14.859,-1.52400000000002,-7.6708));
#15468=VECTOR('',#18417,1.0);
#15469=CARTESIAN_POINT('',(14.859,-1.52400000000002,-10.2108));
#15470=VECTOR('',#18418,1.0);
#15471=COLOUR_RGB('',0.431372553110123,0.862745106220245,0.549019634723663);
#15472=CARTESIAN_POINT('',(15.621,-1.52400000000002,-7.6708));
#15473=CARTESIAN_POINT('',(15.621,-1.52400000000002,-7.6708));
#15474=VECTOR('',#18419,1.0);
#15475=CARTESIAN_POINT('',(15.621,-1.52400000000002,-10.2108));
#15476=VECTOR('',#18420,1.0);
#15477=COLOUR_RGB('',0.431372553110123,0.862745106220245,0.549019634723663);
#15478=CARTESIAN_POINT('',(15.621,-2.28600000000001,-7.6708));
#15479=CARTESIAN_POINT('',(15.621,-1.52400000000002,-7.6708));
#15480=VECTOR('',#18421,1.0);
#15481=CARTESIAN_POINT('',(15.621,-2.28600000000001,-10.2108));
#15482=VECTOR('',#18422,1.0);
#15483=COLOUR_RGB('',0.431372553110123,0.862745106220245,0.549019634723663);
#15484=CARTESIAN_POINT('',(15.5194,-2.28600000000001,-7.6708));
#15485=CARTESIAN_POINT('',(15.5194,-2.28600000000001,-7.6708));
#15486=VECTOR('',#18423,1.0);
#15487=CARTESIAN_POINT('',(15.5194,-2.28600000000001,-10.2108));
#15488=VECTOR('',#18424,1.0);
#15489=COLOUR_RGB('',0.431372553110123,0.862745106220245,0.549019634723663);
#15490=CARTESIAN_POINT('',(15.5194,-2.28600000000001,-7.6708));
#15491=VECTOR('',#18425,1.0);
#15492=COLOUR_RGB('',0.431372553110123,0.862745106220245,0.549019634723663);
#15493=COLOUR_RGB('',0.431372553110123,0.862745106220245,0.549019634723663);
#15494=CARTESIAN_POINT('',(16.764,-6.85799999999998,-3.81));
#15495=CARTESIAN_POINT('',(16.764,-5.39749999999999,-3.81));
#15496=VECTOR('',#18426,1.0);
#15497=CARTESIAN_POINT('',(16.764,-6.85799999999998,-10.414));
#15498=CARTESIAN_POINT('',(16.764,-6.85799999999998,-10.414));
#15499=VECTOR('',#18427,1.0);
#15500=CARTESIAN_POINT('',(16.764,-6.858,-10.414));
#15501=VECTOR('',#18428,1.0);
#15502=COLOUR_RGB('',0.431372553110123,0.862745106220245,0.549019634723663);
#15503=CARTESIAN_POINT('',(16.1798,-6.85800000000002,-3.81));
#15504=CARTESIAN_POINT('',(26.52395,-6.85799999999998,-3.81));
#15505=VECTOR('',#18429,1.0);
#15506=CARTESIAN_POINT('',(16.1798,-6.85800000000002,-10.414));
#15507=CARTESIAN_POINT('',(16.1798,-6.85800000000002,-10.414));
#15508=VECTOR('',#18430,1.0);
#15509=CARTESIAN_POINT('',(16.1797999999999,-6.85799999999998,-10.414));
#15510=VECTOR('',#18431,1.0);
#15511=COLOUR_RGB('',0.431372553110123,0.862745106220245,0.549019634723663);
#15512=AXIS2_PLACEMENT_3D('',#18432,#18433,#18434);
#15513=AXIS2_PLACEMENT_3D('',#18435,#18436,#18437);
#15514=COLOUR_RGB('',0.431372553110123,0.862745106220245,0.549019634723663);
#15515=COLOUR_RGB('',0.431372553110123,0.862745106220245,0.549019634723663);
#15516=CARTESIAN_POINT('',(9.90600000000003,-6.858,-3.81));
#15517=CARTESIAN_POINT('',(10.4902,-6.85799999999998,-3.81));
#15518=CARTESIAN_POINT('',(23.38705,-6.85799999999998,-3.81));
#15519=VECTOR('',#18438,1.0);
#15520=CARTESIAN_POINT('',(9.90600000000003,-6.858,-10.414));
#15521=CARTESIAN_POINT('',(9.90600000000003,-6.858,-10.414));
#15522=VECTOR('',#18439,1.0);
#15523=CARTESIAN_POINT('',(10.4902,-6.85799999999998,-10.414));
#15524=CARTESIAN_POINT('',(9.90600000000003,-6.85799999999998,-10.414));
#15525=VECTOR('',#18440,1.0);
#15526=CARTESIAN_POINT('',(10.4902,-6.85799999999998,-10.414));
#15527=VECTOR('',#18441,1.0);
#15528=COLOUR_RGB('',0.431372553110123,0.862745106220245,0.549019634723663);
#15529=CARTESIAN_POINT('',(9.90600000000003,-2.794,-3.81));
#15530=CARTESIAN_POINT('',(9.90600000000003,-5.3975,-3.81));
#15531=VECTOR('',#18442,1.0);
#15532=CARTESIAN_POINT('',(9.90600000000003,-2.794,-10.414));
#15533=CARTESIAN_POINT('',(9.90600000000003,-2.794,-10.414));
#15534=VECTOR('',#18443,1.0);
#15535=CARTESIAN_POINT('',(9.90600000000003,-6.858,-10.414));
#15536=VECTOR('',#18444,1.0);
#15537=COLOUR_RGB('',0.431372553110123,0.862745106220245,0.549019634723663);
#15538=CARTESIAN_POINT('',(12.954,-2.794,-3.81));
#15539=CARTESIAN_POINT('',(24.003,-2.794,-3.81));
#15540=VECTOR('',#18445,1.0);
#15541=CARTESIAN_POINT('',(12.954,-2.794,-10.414));
#15542=CARTESIAN_POINT('',(12.954,-2.794,-10.414));
#15543=VECTOR('',#18446,1.0);
#15544=CARTESIAN_POINT('',(9.90600000000003,-2.794,-10.414));
#15545=VECTOR('',#18447,1.0);
#15546=CARTESIAN_POINT('',(11.1506,-2.794,-7.6708));
#15547=CARTESIAN_POINT('',(11.1506,-2.794,-10.2108));
#15548=CARTESIAN_POINT('',(11.1506,-2.794,-10.3124));
#15549=VECTOR('',#18448,1.0);
#15550=CARTESIAN_POINT('',(11.7094,-2.794,-10.2108));
#15551=CARTESIAN_POINT('',(11.43,-2.794,-10.2108));
#15552=VECTOR('',#18449,1.0);
#15553=CARTESIAN_POINT('',(11.7094,-2.794,-7.6708));
#15554=CARTESIAN_POINT('',(11.7094,-2.794,-10.3124));
#15555=VECTOR('',#18450,1.0);
#15556=CARTESIAN_POINT('',(11.43,-2.794,-7.6708));
#15557=VECTOR('',#18451,1.0);
#15558=COLOUR_RGB('',0.431372553110123,0.862745106220245,0.549019634723663);
#15559=AXIS2_PLACEMENT_3D('',#18452,#18453,#18454);
#15560=AXIS2_PLACEMENT_3D('',#18455,#18456,#18457);
#15561=COLOUR_RGB('',0.431372553110123,0.862745106220245,0.549019634723663);
#15562=AXIS2_PLACEMENT_3D('',#18458,#18459,#18460);
#15563=COLOUR_RGB('',0.431372553110123,0.862745106220245,0.549019634723663);
#15564=AXIS2_PLACEMENT_3D('',#18461,#18462,#18463);
#15565=COLOUR_RGB('',0.431372553110123,0.862745106220245,0.549019634723663);
#15566=COLOUR_RGB('',0.431372553110123,0.862745106220245,0.549019634723663);
#15567=CARTESIAN_POINT('',(11.1506,-2.28600000000001,-10.2108));
#15568=CARTESIAN_POINT('',(11.1506,-2.28600000000001,-10.2108));
#15569=VECTOR('',#18464,1.0);
#15570=CARTESIAN_POINT('',(11.049,-2.28600000000001,-10.2108));
#15571=CARTESIAN_POINT('',(11.049,-2.28600000000001,-10.2108));
#15572=VECTOR('',#18465,1.0);
#15573=CARTESIAN_POINT('',(11.049,-1.52400000000002,-10.2108));
#15574=CARTESIAN_POINT('',(11.049,-1.52400000000002,-10.2108));
#15575=VECTOR('',#18466,1.0);
#15576=CARTESIAN_POINT('',(11.811,-1.52400000000002,-10.2108));
#15577=CARTESIAN_POINT('',(11.811,-1.52400000000002,-10.2108));
#15578=VECTOR('',#18467,1.0);
#15579=CARTESIAN_POINT('',(11.811,-2.28600000000001,-10.2108));
#15580=CARTESIAN_POINT('',(11.811,-1.52400000000002,-10.2108));
#15581=VECTOR('',#18468,1.0);
#15582=CARTESIAN_POINT('',(11.7094,-2.28600000000001,-10.2108));
#15583=CARTESIAN_POINT('',(11.7094,-2.28600000000001,-10.2108));
#15584=VECTOR('',#18469,1.0);
#15585=CARTESIAN_POINT('',(11.7094,-2.28600000000001,-10.2108));
#15586=VECTOR('',#18470,1.0);
#15587=COLOUR_RGB('',0.431372553110123,0.862745106220245,0.549019634723663);
#15588=CARTESIAN_POINT('',(11.1506,-2.28600000000001,-7.6708));
#15589=CARTESIAN_POINT('',(11.1506,-2.28600000000001,-7.6708));
#15590=VECTOR('',#18471,1.0);
#15591=CARTESIAN_POINT('',(11.1506,-2.28600000000001,-10.2108));
#15592=VECTOR('',#18472,1.0);
#15593=COLOUR_RGB('',0.431372553110123,0.862745106220245,0.549019634723663);
#15594=CARTESIAN_POINT('',(11.049,-2.28600000000001,-7.6708));
#15595=CARTESIAN_POINT('',(11.049,-2.28600000000001,-7.6708));
#15596=VECTOR('',#18473,1.0);
#15597=CARTESIAN_POINT('',(11.049,-2.28600000000001,-10.2108));
#15598=VECTOR('',#18474,1.0);
#15599=COLOUR_RGB('',0.431372553110123,0.862745106220245,0.549019634723663);
#15600=CARTESIAN_POINT('',(11.049,-1.52400000000002,-7.6708));
#15601=CARTESIAN_POINT('',(11.049,-1.52400000000002,-7.6708));
#15602=VECTOR('',#18475,1.0);
#15603=CARTESIAN_POINT('',(11.049,-1.52400000000002,-10.2108));
#15604=VECTOR('',#18476,1.0);
#15605=COLOUR_RGB('',0.431372553110123,0.862745106220245,0.549019634723663);
#15606=CARTESIAN_POINT('',(11.811,-1.52400000000002,-7.6708));
#15607=CARTESIAN_POINT('',(11.811,-1.52400000000002,-7.6708));
#15608=VECTOR('',#18477,1.0);
#15609=CARTESIAN_POINT('',(11.811,-1.52400000000002,-10.2108));
#15610=VECTOR('',#18478,1.0);
#15611=COLOUR_RGB('',0.431372553110123,0.862745106220245,0.549019634723663);
#15612=CARTESIAN_POINT('',(11.811,-2.28600000000001,-7.6708));
#15613=CARTESIAN_POINT('',(11.811,-1.52400000000002,-7.6708));
#15614=VECTOR('',#18479,1.0);
#15615=CARTESIAN_POINT('',(11.811,-2.28600000000001,-10.2108));
#15616=VECTOR('',#18480,1.0);
#15617=COLOUR_RGB('',0.431372553110123,0.862745106220245,0.549019634723663);
#15618=CARTESIAN_POINT('',(11.7094,-2.28600000000001,-7.6708));
#15619=CARTESIAN_POINT('',(11.7094,-2.28600000000001,-7.6708));
#15620=VECTOR('',#18481,1.0);
#15621=CARTESIAN_POINT('',(11.7094,-2.28600000000001,-10.2108));
#15622=VECTOR('',#18482,1.0);
#15623=COLOUR_RGB('',0.431372553110123,0.862745106220245,0.549019634723663);
#15624=CARTESIAN_POINT('',(11.7094,-2.28600000000001,-7.6708));
#15625=VECTOR('',#18483,1.0);
#15626=COLOUR_RGB('',0.431372553110123,0.862745106220245,0.549019634723663);
#15627=COLOUR_RGB('',0.431372553110123,0.862745106220245,0.549019634723663);
#15628=CARTESIAN_POINT('',(12.954,-6.85799999999998,-3.81));
#15629=CARTESIAN_POINT('',(12.954,-5.39749999999999,-3.81));
#15630=VECTOR('',#18484,1.0);
#15631=CARTESIAN_POINT('',(12.954,-6.85799999999998,-10.414));
#15632=CARTESIAN_POINT('',(12.954,-6.85799999999998,-10.414));
#15633=VECTOR('',#18485,1.0);
#15634=CARTESIAN_POINT('',(12.954,-6.858,-10.414));
#15635=VECTOR('',#18486,1.0);
#15636=COLOUR_RGB('',0.431372553110123,0.862745106220245,0.549019634723663);
#15637=CARTESIAN_POINT('',(12.3698,-6.85800000000002,-3.81));
#15638=CARTESIAN_POINT('',(24.61895,-6.85799999999998,-3.81));
#15639=VECTOR('',#18487,1.0);
#15640=CARTESIAN_POINT('',(12.3698,-6.85800000000002,-10.414));
#15641=CARTESIAN_POINT('',(12.3698,-6.85800000000002,-10.414));
#15642=VECTOR('',#18488,1.0);
#15643=CARTESIAN_POINT('',(12.3697999999999,-6.85799999999998,-10.414));
#15644=VECTOR('',#18489,1.0);
#15645=COLOUR_RGB('',0.431372553110123,0.862745106220245,0.549019634723663);
#15646=AXIS2_PLACEMENT_3D('',#18490,#18491,#18492);
#15647=AXIS2_PLACEMENT_3D('',#18493,#18494,#18495);
#15648=COLOUR_RGB('',0.431372553110123,0.862745106220245,0.549019634723663);
#15649=COLOUR_RGB('',0.431372553110123,0.862745106220245,0.549019634723663);
#15650=CARTESIAN_POINT('',(6.09600000000003,-6.858,-3.81));
#15651=CARTESIAN_POINT('',(6.68019999999999,-6.85799999999998,-3.81));
#15652=CARTESIAN_POINT('',(21.48205,-6.85799999999998,-3.81));
#15653=VECTOR('',#18496,1.0);
#15654=CARTESIAN_POINT('',(6.09600000000003,-6.858,-10.414));
#15655=CARTESIAN_POINT('',(6.09600000000003,-6.858,-10.414));
#15656=VECTOR('',#18497,1.0);
#15657=CARTESIAN_POINT('',(6.68019999999999,-6.85799999999998,-10.414));
#15658=CARTESIAN_POINT('',(6.09600000000003,-6.85799999999998,-10.414));
#15659=VECTOR('',#18498,1.0);
#15660=CARTESIAN_POINT('',(6.68019999999999,-6.85799999999998,-10.414));
#15661=VECTOR('',#18499,1.0);
#15662=COLOUR_RGB('',0.431372553110123,0.862745106220245,0.549019634723663);
#15663=CARTESIAN_POINT('',(6.09600000000003,-2.794,-3.81));
#15664=CARTESIAN_POINT('',(6.09600000000003,-5.3975,-3.81));
#15665=VECTOR('',#18500,1.0);
#15666=CARTESIAN_POINT('',(6.09600000000003,-2.794,-10.414));
#15667=CARTESIAN_POINT('',(6.09600000000003,-2.794,-10.414));
#15668=VECTOR('',#18501,1.0);
#15669=CARTESIAN_POINT('',(6.09600000000003,-6.858,-10.414));
#15670=VECTOR('',#18502,1.0);
#15671=COLOUR_RGB('',0.431372553110123,0.862745106220245,0.549019634723663);
#15672=CARTESIAN_POINT('',(9.14400000000001,-2.794,-3.81));
#15673=CARTESIAN_POINT('',(22.098,-2.794,-3.81));
#15674=VECTOR('',#18503,1.0);
#15675=CARTESIAN_POINT('',(9.14400000000001,-2.794,-10.414));
#15676=CARTESIAN_POINT('',(9.14400000000001,-2.794,-10.414));
#15677=VECTOR('',#18504,1.0);
#15678=CARTESIAN_POINT('',(6.09600000000003,-2.794,-10.414));
#15679=VECTOR('',#18505,1.0);
#15680=CARTESIAN_POINT('',(7.34060000000002,-2.794,-7.6708));
#15681=CARTESIAN_POINT('',(7.34060000000002,-2.794,-10.2108));
#15682=CARTESIAN_POINT('',(7.34060000000002,-2.794,-10.3124));
#15683=VECTOR('',#18506,1.0);
#15684=CARTESIAN_POINT('',(7.89940000000002,-2.794,-10.2108));
#15685=CARTESIAN_POINT('',(7.62000000000002,-2.794,-10.2108));
#15686=VECTOR('',#18507,1.0);
#15687=CARTESIAN_POINT('',(7.89940000000002,-2.794,-7.6708));
#15688=CARTESIAN_POINT('',(7.89940000000002,-2.794,-10.3124));
#15689=VECTOR('',#18508,1.0);
#15690=CARTESIAN_POINT('',(7.62000000000002,-2.794,-7.6708));
#15691=VECTOR('',#18509,1.0);
#15692=COLOUR_RGB('',0.431372553110123,0.862745106220245,0.549019634723663);
#15693=AXIS2_PLACEMENT_3D('',#18510,#18511,#18512);
#15694=AXIS2_PLACEMENT_3D('',#18513,#18514,#18515);
#15695=COLOUR_RGB('',0.431372553110123,0.862745106220245,0.549019634723663);
#15696=AXIS2_PLACEMENT_3D('',#18516,#18517,#18518);
#15697=COLOUR_RGB('',0.431372553110123,0.862745106220245,0.549019634723663);
#15698=AXIS2_PLACEMENT_3D('',#18519,#18520,#18521);
#15699=COLOUR_RGB('',0.431372553110123,0.862745106220245,0.549019634723663);
#15700=COLOUR_RGB('',0.431372553110123,0.862745106220245,0.549019634723663);
#15701=CARTESIAN_POINT('',(7.34060000000002,-2.28600000000001,-10.2108));
#15702=CARTESIAN_POINT('',(7.34060000000002,-2.28600000000001,-10.2108));
#15703=VECTOR('',#18522,1.0);
#15704=CARTESIAN_POINT('',(7.23900000000003,-2.28600000000001,-10.2108));
#15705=CARTESIAN_POINT('',(7.23900000000003,-2.28600000000001,-10.2108));
#15706=VECTOR('',#18523,1.0);
#15707=CARTESIAN_POINT('',(7.23900000000003,-1.52400000000002,-10.2108));
#15708=CARTESIAN_POINT('',(7.23900000000003,-1.52400000000002,-10.2108));
#15709=VECTOR('',#18524,1.0);
#15710=CARTESIAN_POINT('',(8.00100000000001,-1.52400000000002,-10.2108));
#15711=CARTESIAN_POINT('',(8.00100000000001,-1.52400000000002,-10.2108));
#15712=VECTOR('',#18525,1.0);
#15713=CARTESIAN_POINT('',(8.00100000000001,-2.28600000000001,-10.2108));
#15714=CARTESIAN_POINT('',(8.00100000000001,-1.52400000000002,-10.2108));
#15715=VECTOR('',#18526,1.0);
#15716=CARTESIAN_POINT('',(7.89940000000002,-2.28600000000001,-10.2108));
#15717=CARTESIAN_POINT('',(7.89940000000002,-2.28600000000001,-10.2108));
#15718=VECTOR('',#18527,1.0);
#15719=CARTESIAN_POINT('',(7.89940000000002,-2.28600000000001,-10.2108));
#15720=VECTOR('',#18528,1.0);
#15721=COLOUR_RGB('',0.431372553110123,0.862745106220245,0.549019634723663);
#15722=CARTESIAN_POINT('',(7.34060000000002,-2.28600000000001,-7.6708));
#15723=CARTESIAN_POINT('',(7.34060000000002,-2.28600000000001,-7.6708));
#15724=VECTOR('',#18529,1.0);
#15725=CARTESIAN_POINT('',(7.34060000000002,-2.28600000000001,-10.2108));
#15726=VECTOR('',#18530,1.0);
#15727=COLOUR_RGB('',0.431372553110123,0.862745106220245,0.549019634723663);
#15728=CARTESIAN_POINT('',(7.23900000000003,-2.28600000000001,-7.6708));
#15729=CARTESIAN_POINT('',(7.23900000000003,-2.28600000000001,-7.6708));
#15730=VECTOR('',#18531,1.0);
#15731=CARTESIAN_POINT('',(7.23900000000003,-2.28600000000001,-10.2108));
#15732=VECTOR('',#18532,1.0);
#15733=COLOUR_RGB('',0.431372553110123,0.862745106220245,0.549019634723663);
#15734=CARTESIAN_POINT('',(7.23900000000003,-1.52400000000002,-7.6708));
#15735=CARTESIAN_POINT('',(7.23900000000003,-1.52400000000002,-7.6708));
#15736=VECTOR('',#18533,1.0);
#15737=CARTESIAN_POINT('',(7.23900000000003,-1.52400000000002,-10.2108));
#15738=VECTOR('',#18534,1.0);
#15739=COLOUR_RGB('',0.431372553110123,0.862745106220245,0.549019634723663);
#15740=CARTESIAN_POINT('',(8.00100000000001,-1.52400000000002,-7.6708));
#15741=CARTESIAN_POINT('',(8.00100000000001,-1.52400000000002,-7.6708));
#15742=VECTOR('',#18535,1.0);
#15743=CARTESIAN_POINT('',(8.00100000000001,-1.52400000000002,-10.2108));
#15744=VECTOR('',#18536,1.0);
#15745=COLOUR_RGB('',0.431372553110123,0.862745106220245,0.549019634723663);
#15746=CARTESIAN_POINT('',(8.00100000000001,-2.28600000000001,-7.6708));
#15747=CARTESIAN_POINT('',(8.00100000000001,-1.52400000000002,-7.6708));
#15748=VECTOR('',#18537,1.0);
#15749=CARTESIAN_POINT('',(8.00100000000001,-2.28600000000001,-10.2108));
#15750=VECTOR('',#18538,1.0);
#15751=COLOUR_RGB('',0.431372553110123,0.862745106220245,0.549019634723663);
#15752=CARTESIAN_POINT('',(7.89940000000002,-2.28600000000001,-7.6708));
#15753=CARTESIAN_POINT('',(7.89940000000002,-2.28600000000001,-7.6708));
#15754=VECTOR('',#18539,1.0);
#15755=CARTESIAN_POINT('',(7.89940000000002,-2.28600000000001,-10.2108));
#15756=VECTOR('',#18540,1.0);
#15757=COLOUR_RGB('',0.431372553110123,0.862745106220245,0.549019634723663);
#15758=CARTESIAN_POINT('',(7.89940000000002,-2.28600000000001,-7.6708));
#15759=VECTOR('',#18541,1.0);
#15760=COLOUR_RGB('',0.431372553110123,0.862745106220245,0.549019634723663);
#15761=COLOUR_RGB('',0.431372553110123,0.862745106220245,0.549019634723663);
#15762=CARTESIAN_POINT('',(9.14400000000001,-6.85799999999998,-3.81));
#15763=CARTESIAN_POINT('',(9.14400000000001,-5.39749999999999,-3.81));
#15764=VECTOR('',#18542,1.0);
#15765=CARTESIAN_POINT('',(9.14400000000001,-6.85799999999998,-10.414));
#15766=CARTESIAN_POINT('',(9.14400000000001,-6.85799999999998,-10.414));
#15767=VECTOR('',#18543,1.0);
#15768=CARTESIAN_POINT('',(9.14400000000001,-6.858,-10.414));
#15769=VECTOR('',#18544,1.0);
#15770=COLOUR_RGB('',0.431372553110123,0.862745106220245,0.549019634723663);
#15771=CARTESIAN_POINT('',(8.55980000000001,-6.85800000000002,-3.81));
#15772=CARTESIAN_POINT('',(22.71395,-6.85799999999998,-3.81));
#15773=VECTOR('',#18545,1.0);
#15774=CARTESIAN_POINT('',(8.55980000000001,-6.85800000000002,-10.414));
#15775=CARTESIAN_POINT('',(8.55980000000001,-6.85800000000002,-10.414));
#15776=VECTOR('',#18546,1.0);
#15777=CARTESIAN_POINT('',(8.55979999999994,-6.85799999999998,-10.414));
#15778=VECTOR('',#18547,1.0);
#15779=COLOUR_RGB('',0.431372553110123,0.862745106220245,0.549019634723663);
#15780=AXIS2_PLACEMENT_3D('',#18548,#18549,#18550);
#15781=AXIS2_PLACEMENT_3D('',#18551,#18552,#18553);
#15782=COLOUR_RGB('',0.431372553110123,0.862745106220245,0.549019634723663);
#15783=COLOUR_RGB('',0.431372553110123,0.862745106220245,0.549019634723663);
#15784=CARTESIAN_POINT('',(2.28600000000003,-6.858,-3.81));
#15785=CARTESIAN_POINT('',(2.87019999999999,-6.85799999999998,-3.81));
#15786=CARTESIAN_POINT('',(19.57705,-6.85799999999998,-3.81));
#15787=VECTOR('',#18554,1.0);
#15788=CARTESIAN_POINT('',(2.28600000000003,-6.858,-10.414));
#15789=CARTESIAN_POINT('',(2.28600000000003,-6.858,-10.414));
#15790=VECTOR('',#18555,1.0);
#15791=CARTESIAN_POINT('',(2.87019999999999,-6.85799999999998,-10.414));
#15792=CARTESIAN_POINT('',(2.28600000000003,-6.85799999999998,-10.414));
#15793=VECTOR('',#18556,1.0);
#15794=CARTESIAN_POINT('',(2.87019999999999,-6.85799999999998,-10.414));
#15795=VECTOR('',#18557,1.0);
#15796=COLOUR_RGB('',0.431372553110123,0.862745106220245,0.549019634723663);
#15797=CARTESIAN_POINT('',(2.28600000000003,-2.794,-3.81));
#15798=CARTESIAN_POINT('',(2.28600000000003,-5.3975,-3.81));
#15799=VECTOR('',#18558,1.0);
#15800=CARTESIAN_POINT('',(2.28600000000003,-2.794,-10.414));
#15801=CARTESIAN_POINT('',(2.28600000000003,-2.794,-10.414));
#15802=VECTOR('',#18559,1.0);
#15803=CARTESIAN_POINT('',(2.28600000000003,-6.858,-10.414));
#15804=VECTOR('',#18560,1.0);
#15805=COLOUR_RGB('',0.431372553110123,0.862745106220245,0.549019634723663);
#15806=CARTESIAN_POINT('',(5.33400000000001,-2.794,-3.81));
#15807=CARTESIAN_POINT('',(20.193,-2.794,-3.81));
#15808=VECTOR('',#18561,1.0);
#15809=CARTESIAN_POINT('',(5.33400000000001,-2.794,-10.414));
#15810=CARTESIAN_POINT('',(5.33400000000001,-2.794,-10.414));
#15811=VECTOR('',#18562,1.0);
#15812=CARTESIAN_POINT('',(2.28600000000003,-2.794,-10.414));
#15813=VECTOR('',#18563,1.0);
#15814=CARTESIAN_POINT('',(3.53060000000002,-2.794,-7.6708));
#15815=CARTESIAN_POINT('',(3.53060000000002,-2.794,-10.2108));
#15816=CARTESIAN_POINT('',(3.53060000000002,-2.794,-10.3124));
#15817=VECTOR('',#18564,1.0);
#15818=CARTESIAN_POINT('',(4.08940000000003,-2.794,-10.2108));
#15819=CARTESIAN_POINT('',(3.81000000000002,-2.794,-10.2108));
#15820=VECTOR('',#18565,1.0);
#15821=CARTESIAN_POINT('',(4.08940000000003,-2.794,-7.6708));
#15822=CARTESIAN_POINT('',(4.08940000000003,-2.794,-10.3124));
#15823=VECTOR('',#18566,1.0);
#15824=CARTESIAN_POINT('',(3.81000000000002,-2.794,-7.6708));
#15825=VECTOR('',#18567,1.0);
#15826=COLOUR_RGB('',0.431372553110123,0.862745106220245,0.549019634723663);
#15827=AXIS2_PLACEMENT_3D('',#18568,#18569,#18570);
#15828=AXIS2_PLACEMENT_3D('',#18571,#18572,#18573);
#15829=COLOUR_RGB('',0.431372553110123,0.862745106220245,0.549019634723663);
#15830=AXIS2_PLACEMENT_3D('',#18574,#18575,#18576);
#15831=COLOUR_RGB('',0.431372553110123,0.862745106220245,0.549019634723663);
#15832=AXIS2_PLACEMENT_3D('',#18577,#18578,#18579);
#15833=COLOUR_RGB('',0.431372553110123,0.862745106220245,0.549019634723663);
#15834=COLOUR_RGB('',0.431372553110123,0.862745106220245,0.549019634723663);
#15835=CARTESIAN_POINT('',(3.53060000000002,-2.28600000000001,-10.2108));
#15836=CARTESIAN_POINT('',(3.53060000000002,-2.28600000000001,-10.2108));
#15837=VECTOR('',#18580,1.0);
#15838=CARTESIAN_POINT('',(3.42900000000003,-2.28600000000001,-10.2108));
#15839=CARTESIAN_POINT('',(3.42900000000003,-2.28600000000001,-10.2108));
#15840=VECTOR('',#18581,1.0);
#15841=CARTESIAN_POINT('',(3.42900000000003,-1.52400000000002,-10.2108));
#15842=CARTESIAN_POINT('',(3.42900000000003,-1.52400000000002,-10.2108));
#15843=VECTOR('',#18582,1.0);
#15844=CARTESIAN_POINT('',(4.19100000000001,-1.52400000000002,-10.2108));
#15845=CARTESIAN_POINT('',(4.19100000000001,-1.52400000000002,-10.2108));
#15846=VECTOR('',#18583,1.0);
#15847=CARTESIAN_POINT('',(4.19100000000001,-2.28600000000001,-10.2108));
#15848=CARTESIAN_POINT('',(4.19100000000001,-1.52400000000002,-10.2108));
#15849=VECTOR('',#18584,1.0);
#15850=CARTESIAN_POINT('',(4.08940000000003,-2.28600000000001,-10.2108));
#15851=CARTESIAN_POINT('',(4.08940000000003,-2.28600000000001,-10.2108));
#15852=VECTOR('',#18585,1.0);
#15853=CARTESIAN_POINT('',(4.08940000000003,-2.28600000000001,-10.2108));
#15854=VECTOR('',#18586,1.0);
#15855=COLOUR_RGB('',0.431372553110123,0.862745106220245,0.549019634723663);
#15856=CARTESIAN_POINT('',(3.53060000000002,-2.28600000000001,-7.6708));
#15857=CARTESIAN_POINT('',(3.53060000000002,-2.28600000000001,-7.6708));
#15858=VECTOR('',#18587,1.0);
#15859=CARTESIAN_POINT('',(3.53060000000002,-2.28600000000001,-10.2108));
#15860=VECTOR('',#18588,1.0);
#15861=COLOUR_RGB('',0.431372553110123,0.862745106220245,0.549019634723663);
#15862=CARTESIAN_POINT('',(3.42900000000003,-2.28600000000001,-7.6708));
#15863=CARTESIAN_POINT('',(3.42900000000003,-2.28600000000001,-7.6708));
#15864=VECTOR('',#18589,1.0);
#15865=CARTESIAN_POINT('',(3.42900000000003,-2.28600000000001,-10.2108));
#15866=VECTOR('',#18590,1.0);
#15867=COLOUR_RGB('',0.431372553110123,0.862745106220245,0.549019634723663);
#15868=CARTESIAN_POINT('',(3.42900000000003,-1.52400000000002,-7.6708));
#15869=CARTESIAN_POINT('',(3.42900000000003,-1.52400000000002,-7.6708));
#15870=VECTOR('',#18591,1.0);
#15871=CARTESIAN_POINT('',(3.42900000000003,-1.52400000000002,-10.2108));
#15872=VECTOR('',#18592,1.0);
#15873=COLOUR_RGB('',0.431372553110123,0.862745106220245,0.549019634723663);
#15874=CARTESIAN_POINT('',(4.19100000000001,-1.52400000000002,-7.6708));
#15875=CARTESIAN_POINT('',(4.19100000000001,-1.52400000000002,-7.6708));
#15876=VECTOR('',#18593,1.0);
#15877=CARTESIAN_POINT('',(4.19100000000001,-1.52400000000002,-10.2108));
#15878=VECTOR('',#18594,1.0);
#15879=COLOUR_RGB('',0.431372553110123,0.862745106220245,0.549019634723663);
#15880=CARTESIAN_POINT('',(4.19100000000001,-2.28600000000001,-7.6708));
#15881=CARTESIAN_POINT('',(4.19100000000001,-1.52400000000002,-7.6708));
#15882=VECTOR('',#18595,1.0);
#15883=CARTESIAN_POINT('',(4.19100000000001,-2.28600000000001,-10.2108));
#15884=VECTOR('',#18596,1.0);
#15885=COLOUR_RGB('',0.431372553110123,0.862745106220245,0.549019634723663);
#15886=CARTESIAN_POINT('',(4.08940000000003,-2.28600000000001,-7.6708));
#15887=CARTESIAN_POINT('',(4.08940000000003,-2.28600000000001,-7.6708));
#15888=VECTOR('',#18597,1.0);
#15889=CARTESIAN_POINT('',(4.08940000000003,-2.28600000000001,-10.2108));
#15890=VECTOR('',#18598,1.0);
#15891=COLOUR_RGB('',0.431372553110123,0.862745106220245,0.549019634723663);
#15892=CARTESIAN_POINT('',(4.08940000000003,-2.28600000000001,-7.6708));
#15893=VECTOR('',#18599,1.0);
#15894=COLOUR_RGB('',0.431372553110123,0.862745106220245,0.549019634723663);
#15895=COLOUR_RGB('',0.431372553110123,0.862745106220245,0.549019634723663);
#15896=CARTESIAN_POINT('',(5.33400000000001,-6.85799999999998,-3.81));
#15897=CARTESIAN_POINT('',(5.33400000000001,-5.39749999999999,-3.81));
#15898=VECTOR('',#18600,1.0);
#15899=CARTESIAN_POINT('',(5.33400000000001,-6.85799999999998,-10.414));
#15900=CARTESIAN_POINT('',(5.33400000000001,-6.85799999999998,-10.414));
#15901=VECTOR('',#18601,1.0);
#15902=CARTESIAN_POINT('',(5.33400000000001,-6.858,-10.414));
#15903=VECTOR('',#18602,1.0);
#15904=COLOUR_RGB('',0.431372553110123,0.862745106220245,0.549019634723663);
#15905=CARTESIAN_POINT('',(4.74980000000001,-6.85800000000002,-3.81));
#15906=CARTESIAN_POINT('',(20.80895,-6.85799999999998,-3.81));
#15907=VECTOR('',#18603,1.0);
#15908=CARTESIAN_POINT('',(4.74980000000001,-6.85800000000002,-10.414));
#15909=CARTESIAN_POINT('',(4.74980000000001,-6.85800000000002,-10.414));
#15910=VECTOR('',#18604,1.0);
#15911=CARTESIAN_POINT('',(4.74979999999994,-6.85799999999998,-10.414));
#15912=VECTOR('',#18605,1.0);
#15913=COLOUR_RGB('',0.431372553110123,0.862745106220245,0.549019634723663);
#15914=AXIS2_PLACEMENT_3D('',#18606,#18607,#18608);
#15915=AXIS2_PLACEMENT_3D('',#18609,#18610,#18611);
#15916=COLOUR_RGB('',0.431372553110123,0.862745106220245,0.549019634723663);
#15917=COLOUR_RGB('',0.431372553110123,0.862745106220245,0.549019634723663);
#15918=CARTESIAN_POINT('',(-1.52399999999997,-6.858,-3.81));
#15919=CARTESIAN_POINT('',(-0.939800000000013,-6.85799999999998,-3.81));
#15920=CARTESIAN_POINT('',(17.67205,-6.85799999999998,-3.81));
#15921=VECTOR('',#18612,1.0);
#15922=CARTESIAN_POINT('',(-1.52399999999997,-6.858,-10.414));
#15923=CARTESIAN_POINT('',(-1.52399999999997,-6.858,-10.414));
#15924=VECTOR('',#18613,1.0);
#15925=CARTESIAN_POINT('',(-0.939800000000013,-6.85799999999998,-10.414));
#15926=CARTESIAN_POINT('',(-1.52399999999997,-6.85799999999998,-10.414));
#15927=VECTOR('',#18614,1.0);
#15928=CARTESIAN_POINT('',(-0.939800000000013,-6.85799999999998,-10.414));
#15929=VECTOR('',#18615,1.0);
#15930=COLOUR_RGB('',0.431372553110123,0.862745106220245,0.549019634723663);
#15931=CARTESIAN_POINT('',(-1.52399999999997,-2.794,-3.81));
#15932=CARTESIAN_POINT('',(-1.52399999999997,-5.3975,-3.81));
#15933=VECTOR('',#18616,1.0);
#15934=CARTESIAN_POINT('',(-1.52399999999997,-2.794,-10.414));
#15935=CARTESIAN_POINT('',(-1.52399999999997,-2.794,-10.414));
#15936=VECTOR('',#18617,1.0);
#15937=CARTESIAN_POINT('',(-1.52399999999997,-6.858,-10.414));
#15938=VECTOR('',#18618,1.0);
#15939=COLOUR_RGB('',0.431372553110123,0.862745106220245,0.549019634723663);
#15940=CARTESIAN_POINT('',(1.52400000000001,-2.794,-3.81));
#15941=CARTESIAN_POINT('',(18.288,-2.794,-3.81));
#15942=VECTOR('',#18619,1.0);
#15943=CARTESIAN_POINT('',(1.52400000000001,-2.794,-10.414));
#15944=CARTESIAN_POINT('',(1.52400000000001,-2.794,-10.414));
#15945=VECTOR('',#18620,1.0);
#15946=CARTESIAN_POINT('',(-1.52399999999997,-2.794,-10.414));
#15947=VECTOR('',#18621,1.0);
#15948=CARTESIAN_POINT('',(-0.27939999999998,-2.794,-7.6708));
#15949=CARTESIAN_POINT('',(-0.27939999999998,-2.794,-10.2108));
#15950=CARTESIAN_POINT('',(-0.27939999999998,-2.794,-10.3124));
#15951=VECTOR('',#18622,1.0);
#15952=CARTESIAN_POINT('',(0.279400000000026,-2.794,-10.2108));
#15953=CARTESIAN_POINT('',(2.22044604925031E-14,-2.794,-10.2108));
#15954=VECTOR('',#18623,1.0);
#15955=CARTESIAN_POINT('',(0.279400000000026,-2.794,-7.6708));
#15956=CARTESIAN_POINT('',(0.279400000000026,-2.794,-10.3124));
#15957=VECTOR('',#18624,1.0);
#15958=CARTESIAN_POINT('',(2.22044604925031E-14,-2.794,-7.6708));
#15959=VECTOR('',#18625,1.0);
#15960=COLOUR_RGB('',0.431372553110123,0.862745106220245,0.549019634723663);
#15961=AXIS2_PLACEMENT_3D('',#18626,#18627,#18628);
#15962=AXIS2_PLACEMENT_3D('',#18629,#18630,#18631);
#15963=COLOUR_RGB('',0.431372553110123,0.862745106220245,0.549019634723663);
#15964=AXIS2_PLACEMENT_3D('',#18632,#18633,#18634);
#15965=COLOUR_RGB('',0.431372553110123,0.862745106220245,0.549019634723663);
#15966=AXIS2_PLACEMENT_3D('',#18635,#18636,#18637);
#15967=COLOUR_RGB('',0.431372553110123,0.862745106220245,0.549019634723663);
#15968=COLOUR_RGB('',0.431372553110123,0.862745106220245,0.549019634723663);
#15969=CARTESIAN_POINT('',(-0.27939999999998,-2.28600000000001,-10.2108));
#15970=CARTESIAN_POINT('',(-0.27939999999998,-2.28600000000001,-10.2108));
#15971=VECTOR('',#18638,1.0);
#15972=CARTESIAN_POINT('',(-0.380999999999969,-2.28600000000001,-10.2108));
#15973=CARTESIAN_POINT('',(-0.380999999999969,-2.28600000000001,-10.2108));
#15974=VECTOR('',#18639,1.0);
#15975=CARTESIAN_POINT('',(-0.380999999999969,-1.52400000000002,-10.2108));
#15976=CARTESIAN_POINT('',(-0.380999999999969,-1.52400000000002,-10.2108));
#15977=VECTOR('',#18640,1.0);
#15978=CARTESIAN_POINT('',(0.381000000000014,-1.52400000000002,-10.2108));
#15979=CARTESIAN_POINT('',(0.381000000000014,-1.52400000000002,-10.2108));
#15980=VECTOR('',#18641,1.0);
#15981=CARTESIAN_POINT('',(0.381000000000014,-2.28600000000001,-10.2108));
#15982=CARTESIAN_POINT('',(0.381000000000014,-1.52400000000002,-10.2108));
#15983=VECTOR('',#18642,1.0);
#15984=CARTESIAN_POINT('',(0.279400000000026,-2.28600000000001,-10.2108));
#15985=CARTESIAN_POINT('',(0.279400000000026,-2.28600000000001,-10.2108));
#15986=VECTOR('',#18643,1.0);
#15987=CARTESIAN_POINT('',(0.279400000000026,-2.28600000000001,-10.2108));
#15988=VECTOR('',#18644,1.0);
#15989=COLOUR_RGB('',0.431372553110123,0.862745106220245,0.549019634723663);
#15990=CARTESIAN_POINT('',(-0.27939999999998,-2.28600000000001,-7.6708));
#15991=CARTESIAN_POINT('',(-0.27939999999998,-2.28600000000001,-7.6708));
#15992=VECTOR('',#18645,1.0);
#15993=CARTESIAN_POINT('',(-0.27939999999998,-2.28600000000001,-10.2108));
#15994=VECTOR('',#18646,1.0);
#15995=COLOUR_RGB('',0.431372553110123,0.862745106220245,0.549019634723663);
#15996=CARTESIAN_POINT('',(-0.380999999999969,-2.28600000000001,-7.6708));
#15997=CARTESIAN_POINT('',(-0.380999999999969,-2.28600000000001,-7.6708));
#15998=VECTOR('',#18647,1.0);
#15999=CARTESIAN_POINT('',(-0.380999999999969,-2.28600000000001,-10.2108));
#16000=VECTOR('',#18648,1.0);
#16001=COLOUR_RGB('',0.431372553110123,0.862745106220245,0.549019634723663);
#16002=CARTESIAN_POINT('',(-0.380999999999969,-1.52400000000002,-7.6708));
#16003=CARTESIAN_POINT('',(-0.380999999999969,-1.52400000000002,-7.6708));
#16004=VECTOR('',#18649,1.0);
#16005=CARTESIAN_POINT('',(-0.380999999999969,-1.52400000000002,-10.2108));
#16006=VECTOR('',#18650,1.0);
#16007=COLOUR_RGB('',0.431372553110123,0.862745106220245,0.549019634723663);
#16008=CARTESIAN_POINT('',(0.381000000000014,-1.52400000000002,-7.6708));
#16009=CARTESIAN_POINT('',(0.381000000000014,-1.52400000000002,-7.6708));
#16010=VECTOR('',#18651,1.0);
#16011=CARTESIAN_POINT('',(0.381000000000014,-1.52400000000002,-10.2108));
#16012=VECTOR('',#18652,1.0);
#16013=COLOUR_RGB('',0.431372553110123,0.862745106220245,0.549019634723663);
#16014=CARTESIAN_POINT('',(0.381000000000014,-2.28600000000001,-7.6708));
#16015=CARTESIAN_POINT('',(0.381000000000014,-1.52400000000002,-7.6708));
#16016=VECTOR('',#18653,1.0);
#16017=CARTESIAN_POINT('',(0.381000000000014,-2.28600000000001,-10.2108));
#16018=VECTOR('',#18654,1.0);
#16019=COLOUR_RGB('',0.431372553110123,0.862745106220245,0.549019634723663);
#16020=CARTESIAN_POINT('',(0.279400000000026,-2.28600000000001,-7.6708));
#16021=CARTESIAN_POINT('',(0.279400000000026,-2.28600000000001,-7.6708));
#16022=VECTOR('',#18655,1.0);
#16023=CARTESIAN_POINT('',(0.279400000000026,-2.28600000000001,-10.2108));
#16024=VECTOR('',#18656,1.0);
#16025=COLOUR_RGB('',0.431372553110123,0.862745106220245,0.549019634723663);
#16026=CARTESIAN_POINT('',(0.279400000000026,-2.28600000000001,-7.6708));
#16027=VECTOR('',#18657,1.0);
#16028=COLOUR_RGB('',0.431372553110123,0.862745106220245,0.549019634723663);
#16029=COLOUR_RGB('',0.431372553110123,0.862745106220245,0.549019634723663);
#16030=CARTESIAN_POINT('',(1.52400000000001,-6.85799999999998,-3.81));
#16031=CARTESIAN_POINT('',(1.52400000000002,-5.39749999999999,-3.81));
#16032=VECTOR('',#18658,1.0);
#16033=CARTESIAN_POINT('',(1.52400000000001,-6.85799999999998,-10.414));
#16034=CARTESIAN_POINT('',(1.52400000000001,-6.85799999999998,-10.414));
#16035=VECTOR('',#18659,1.0);
#16036=CARTESIAN_POINT('',(1.52400000000001,-6.858,-10.414));
#16037=VECTOR('',#18660,1.0);
#16038=COLOUR_RGB('',0.431372553110123,0.862745106220245,0.549019634723663);
#16039=CARTESIAN_POINT('',(0.939800000000013,-6.85800000000002,-3.81));
#16040=CARTESIAN_POINT('',(18.90395,-6.85799999999998,-3.81));
#16041=VECTOR('',#18661,1.0);
#16042=CARTESIAN_POINT('',(0.939800000000013,-6.85800000000002,-10.414));
#16043=CARTESIAN_POINT('',(0.939800000000013,-6.85800000000002,-10.414));
#16044=VECTOR('',#18662,1.0);
#16045=CARTESIAN_POINT('',(0.939799999999937,-6.85799999999998,-10.414));
#16046=VECTOR('',#18663,1.0);
#16047=COLOUR_RGB('',0.431372553110123,0.862745106220245,0.549019634723663);
#16048=AXIS2_PLACEMENT_3D('',#18664,#18665,#18666);
#16049=AXIS2_PLACEMENT_3D('',#18667,#18668,#18669);
#16050=COLOUR_RGB('',0.431372553110123,0.862745106220245,0.549019634723663);
#16051=COLOUR_RGB('',0.431372553110123,0.862745106220245,0.549019634723663);
#16052=CARTESIAN_POINT('',(16.6376348557476,-1.4210854715202E-14,-1.26999999999987));
#16053=CARTESIAN_POINT('',(13.8423651442524,-1.4210854715202E-14,-1.26999999999987));
#16054=AXIS2_PLACEMENT_3D('',#18670,#18671,#18672);
#16055=CARTESIAN_POINT('',(16.6376348557476,-1.77799999999998,-1.26999999999987));
#16056=CARTESIAN_POINT('',(16.6376348557476,-0.788999999999996,-1.26999999999987));
#16057=VECTOR('',#18673,1.0);
#16058=CARTESIAN_POINT('',(13.8423651442524,-1.77799999999998,-1.26999999999987));
#16059=AXIS2_PLACEMENT_3D('',#18674,#18675,#18676);
#16060=CARTESIAN_POINT('',(13.8423651442524,-0.788999999999996,-1.26999999999987));
#16061=VECTOR('',#18677,1.0);
#16062=COLOUR_RGB('',0.431372553110123,0.862745106220245,0.549019634723663);
#16063=CARTESIAN_POINT('',(12.8276348557476,-1.4210854715202E-14,-1.26999999999987));
#16064=CARTESIAN_POINT('',(36.322,-1.4210854715202E-14,-1.26999999999987));
#16065=VECTOR('',#18678,1.0);
#16066=CARTESIAN_POINT('',(12.8276348557476,-1.77799999999998,-1.26999999999987));
#16067=CARTESIAN_POINT('',(36.068,-1.77799999999998,-1.26999999999987));
#16068=VECTOR('',#18679,1.0);
#16069=CARTESIAN_POINT('',(12.8276348557476,-0.788999999999996,-1.26999999999987));
#16070=VECTOR('',#18680,1.0);
#16071=COLOUR_RGB('',0.431372553110123,0.862745106220245,0.549019634723663);
#16072=CARTESIAN_POINT('',(10.0323651442524,-1.4210854715202E-14,-1.26999999999987));
#16073=AXIS2_PLACEMENT_3D('',#18681,#18682,#18683);
#16074=CARTESIAN_POINT('',(10.0323651442524,-1.77799999999998,-1.26999999999987));
#16075=AXIS2_PLACEMENT_3D('',#18684,#18685,#18686);
#16076=CARTESIAN_POINT('',(10.0323651442524,-0.788999999999996,-1.26999999999987));
#16077=VECTOR('',#18687,1.0);
#16078=COLOUR_RGB('',0.431372553110123,0.862745106220245,0.549019634723663);
#16079=CARTESIAN_POINT('',(9.01763485574757,-1.4210854715202E-14,-1.26999999999987));
#16080=CARTESIAN_POINT('',(36.322,-1.4210854715202E-14,-1.26999999999987));
#16081=VECTOR('',#18688,1.0);
#16082=CARTESIAN_POINT('',(9.01763485574757,-1.77799999999998,-1.26999999999987));
#16083=CARTESIAN_POINT('',(36.068,-1.77799999999998,-1.26999999999987));
#16084=VECTOR('',#18689,1.0);
#16085=CARTESIAN_POINT('',(9.01763485574757,-0.788999999999996,-1.26999999999987));
#16086=VECTOR('',#18690,1.0);
#16087=COLOUR_RGB('',0.431372553110123,0.862745106220245,0.549019634723663);
#16088=CARTESIAN_POINT('',(6.22236514425243,-1.4210854715202E-14,-1.26999999999987));
#16089=AXIS2_PLACEMENT_3D('',#18691,#18692,#18693);
#16090=CARTESIAN_POINT('',(6.22236514425243,-1.77799999999998,-1.26999999999987));
#16091=AXIS2_PLACEMENT_3D('',#18694,#18695,#18696);
#16092=CARTESIAN_POINT('',(6.22236514425243,-0.788999999999996,-1.26999999999987));
#16093=VECTOR('',#18697,1.0);
#16094=COLOUR_RGB('',0.431372553110123,0.862745106220245,0.549019634723663);
#16095=CARTESIAN_POINT('',(5.20763485574757,-1.4210854715202E-14,-1.26999999999987));
#16096=CARTESIAN_POINT('',(36.322,-1.4210854715202E-14,-1.26999999999987));
#16097=VECTOR('',#18698,1.0);
#16098=CARTESIAN_POINT('',(5.20763485574757,-1.77799999999998,-1.26999999999987));
#16099=CARTESIAN_POINT('',(36.068,-1.77799999999998,-1.26999999999987));
#16100=VECTOR('',#18699,1.0);
#16101=CARTESIAN_POINT('',(5.20763485574757,-0.788999999999996,-1.26999999999987));
#16102=VECTOR('',#18700,1.0);
#16103=COLOUR_RGB('',0.431372553110123,0.862745106220245,0.549019634723663);
#16104=CARTESIAN_POINT('',(2.41236514425242,-1.4210854715202E-14,-1.26999999999987));
#16105=AXIS2_PLACEMENT_3D('',#18701,#18702,#18703);
#16106=CARTESIAN_POINT('',(2.41236514425242,-1.77799999999998,-1.26999999999987));
#16107=AXIS2_PLACEMENT_3D('',#18704,#18705,#18706);
#16108=CARTESIAN_POINT('',(2.41236514425242,-0.788999999999996,-1.26999999999987));
#16109=VECTOR('',#18707,1.0);
#16110=COLOUR_RGB('',0.431372553110123,0.862745106220245,0.549019634723663);
#16111=CARTESIAN_POINT('',(1.39763485574757,-1.4210854715202E-14,-1.26999999999987));
#16112=CARTESIAN_POINT('',(36.322,-1.4210854715202E-14,-1.26999999999987));
#16113=VECTOR('',#18708,1.0);
#16114=CARTESIAN_POINT('',(1.39763485574757,-1.77799999999998,-1.26999999999987));
#16115=CARTESIAN_POINT('',(36.068,-1.77799999999998,-1.26999999999987));
#16116=VECTOR('',#18709,1.0);
#16117=CARTESIAN_POINT('',(1.39763485574757,-0.788999999999996,-1.26999999999987));
#16118=VECTOR('',#18710,1.0);
#16119=COLOUR_RGB('',0.431372553110123,0.862745106220245,0.549019634723663);
#16120=CARTESIAN_POINT('',(-1.39763485574757,-1.4210854715202E-14,-1.26999999999987));
#16121=AXIS2_PLACEMENT_3D('',#18711,#18712,#18713);
#16122=CARTESIAN_POINT('',(-1.39763485574757,-1.77799999999998,-1.26999999999987));
#16123=AXIS2_PLACEMENT_3D('',#18714,#18715,#18716);
#16124=CARTESIAN_POINT('',(-1.39763485574757,-0.788999999999996,-1.26999999999987));
#16125=VECTOR('',#18717,1.0);
#16126=COLOUR_RGB('',0.431372553110123,0.862745106220245,0.549019634723663);
#16127=CARTESIAN_POINT('',(-1.778,-1.4210854715202E-14,-1.26999999999987));
#16128=CARTESIAN_POINT('',(36.322,-1.4210854715202E-14,-1.26999999999987));
#16129=VECTOR('',#18718,1.0);
#16130=CARTESIAN_POINT('',(-1.778,-1.77799999999998,-1.26999999999987));
#16131=CARTESIAN_POINT('',(36.068,-1.77799999999998,-1.26999999999987));
#16132=VECTOR('',#18719,1.0);
#16133=CARTESIAN_POINT('',(-1.778,0.199999999999985,-1.26999999999987));
#16134=VECTOR('',#18720,1.0);
#16135=COLOUR_RGB('',0.431372553110123,0.862745106220245,0.549019634723663);
#16136=CARTESIAN_POINT('',(-1.778,-1.4210854715202E-14,-2.28599999999999));
#16137=CARTESIAN_POINT('',(-1.778,-1.4210854715202E-14,-0.740859594666953));
#16138=VECTOR('',#18721,1.0);
#16139=CARTESIAN_POINT('',(-1.778,-1.77799999999998,-2.286));
#16140=CARTESIAN_POINT('',(-1.778,-1.77799999999998,-2.286));
#16141=VECTOR('',#18722,1.0);
#16142=CARTESIAN_POINT('',(-1.778,-0.786913189637458,-2.28599999999999));
#16143=VECTOR('',#18723,1.0);
#16144=COLOUR_RGB('',0.431372553110123,0.862745106220245,0.549019634723663);
#16145=CARTESIAN_POINT('',(35.6876348557476,-1.4210854715202E-14,-1.26999999999987));
#16146=CARTESIAN_POINT('',(32.8923651442524,-1.4210854715202E-14,-1.26999999999987));
#16147=AXIS2_PLACEMENT_3D('',#18724,#18725,#18726);
#16148=CARTESIAN_POINT('',(35.6876348557476,-1.77799999999998,-1.26999999999987));
#16149=CARTESIAN_POINT('',(35.6876348557476,-0.788999999999996,-1.26999999999987));
#16150=VECTOR('',#18727,1.0);
#16151=CARTESIAN_POINT('',(32.8923651442524,-1.77799999999998,-1.26999999999987));
#16152=AXIS2_PLACEMENT_3D('',#18728,#18729,#18730);
#16153=CARTESIAN_POINT('',(32.8923651442524,-0.788999999999996,-1.26999999999987));
#16154=VECTOR('',#18731,1.0);
#16155=COLOUR_RGB('',0.431372553110123,0.862745106220245,0.549019634723663);
#16156=CARTESIAN_POINT('',(31.8776348557476,-1.4210854715202E-14,-1.26999999999987));
#16157=CARTESIAN_POINT('',(36.322,-1.4210854715202E-14,-1.26999999999987));
#16158=VECTOR('',#18732,1.0);
#16159=CARTESIAN_POINT('',(31.8776348557476,-1.77799999999998,-1.26999999999987));
#16160=CARTESIAN_POINT('',(36.068,-1.77799999999998,-1.26999999999987));
#16161=VECTOR('',#18733,1.0);
#16162=CARTESIAN_POINT('',(31.8776348557476,-0.788999999999996,-1.26999999999987));
#16163=VECTOR('',#18734,1.0);
#16164=COLOUR_RGB('',0.431372553110123,0.862745106220245,0.549019634723663);
#16165=CARTESIAN_POINT('',(29.0823651442524,-1.4210854715202E-14,-1.26999999999987));
#16166=AXIS2_PLACEMENT_3D('',#18735,#18736,#18737);
#16167=CARTESIAN_POINT('',(29.0823651442524,-1.77799999999998,-1.26999999999987));
#16168=AXIS2_PLACEMENT_3D('',#18738,#18739,#18740);
#16169=CARTESIAN_POINT('',(29.0823651442524,-0.788999999999996,-1.26999999999987));
#16170=VECTOR('',#18741,1.0);
#16171=COLOUR_RGB('',0.431372553110123,0.862745106220245,0.549019634723663);
#16172=CARTESIAN_POINT('',(28.0676348557476,-1.4210854715202E-14,-1.26999999999987));
#16173=CARTESIAN_POINT('',(36.322,-1.4210854715202E-14,-1.26999999999987));
#16174=VECTOR('',#18742,1.0);
#16175=CARTESIAN_POINT('',(28.0676348557476,-1.77799999999998,-1.26999999999987));
#16176=CARTESIAN_POINT('',(36.068,-1.77799999999998,-1.26999999999987));
#16177=VECTOR('',#18743,1.0);
#16178=CARTESIAN_POINT('',(28.0676348557476,-0.788999999999996,-1.26999999999987));
#16179=VECTOR('',#18744,1.0);
#16180=COLOUR_RGB('',0.431372553110123,0.862745106220245,0.549019634723663);
#16181=CARTESIAN_POINT('',(25.2723651442524,-1.4210854715202E-14,-1.26999999999987));
#16182=AXIS2_PLACEMENT_3D('',#18745,#18746,#18747);
#16183=CARTESIAN_POINT('',(25.2723651442524,-1.77799999999998,-1.26999999999987));
#16184=AXIS2_PLACEMENT_3D('',#18748,#18749,#18750);
#16185=CARTESIAN_POINT('',(25.2723651442524,-0.788999999999996,-1.26999999999987));
#16186=VECTOR('',#18751,1.0);
#16187=COLOUR_RGB('',0.431372553110123,0.862745106220245,0.549019634723663);
#16188=CARTESIAN_POINT('',(24.2576348557476,-1.4210854715202E-14,-1.26999999999987));
#16189=CARTESIAN_POINT('',(36.322,-1.4210854715202E-14,-1.26999999999987));
#16190=VECTOR('',#18752,1.0);
#16191=CARTESIAN_POINT('',(24.2576348557476,-1.77799999999998,-1.26999999999987));
#16192=CARTESIAN_POINT('',(36.068,-1.77799999999998,-1.26999999999987));
#16193=VECTOR('',#18753,1.0);
#16194=CARTESIAN_POINT('',(24.2576348557476,-0.788999999999996,-1.26999999999987));
#16195=VECTOR('',#18754,1.0);
#16196=COLOUR_RGB('',0.431372553110123,0.862745106220245,0.549019634723663);
#16197=CARTESIAN_POINT('',(21.4623651442524,-1.4210854715202E-14,-1.26999999999987));
#16198=AXIS2_PLACEMENT_3D('',#18755,#18756,#18757);
#16199=CARTESIAN_POINT('',(21.4623651442524,-1.77799999999998,-1.26999999999987));
#16200=AXIS2_PLACEMENT_3D('',#18758,#18759,#18760);
#16201=CARTESIAN_POINT('',(21.4623651442524,-0.788999999999996,-1.26999999999987));
#16202=VECTOR('',#18761,1.0);
#16203=COLOUR_RGB('',0.431372553110123,0.862745106220245,0.549019634723663);
#16204=CARTESIAN_POINT('',(20.4476348557476,-1.4210854715202E-14,-1.26999999999987));
#16205=CARTESIAN_POINT('',(36.322,-1.4210854715202E-14,-1.26999999999987));
#16206=VECTOR('',#18762,1.0);
#16207=CARTESIAN_POINT('',(20.4476348557476,-1.77799999999998,-1.26999999999987));
#16208=CARTESIAN_POINT('',(36.068,-1.77799999999998,-1.26999999999987));
#16209=VECTOR('',#18763,1.0);
#16210=CARTESIAN_POINT('',(20.4476348557476,-0.788999999999996,-1.26999999999987));
#16211=VECTOR('',#18764,1.0);
#16212=COLOUR_RGB('',0.431372553110123,0.862745106220245,0.549019634723663);
#16213=CARTESIAN_POINT('',(17.6523651442524,-1.4210854715202E-14,-1.26999999999987));
#16214=AXIS2_PLACEMENT_3D('',#18765,#18766,#18767);
#16215=CARTESIAN_POINT('',(17.6523651442524,-1.77799999999998,-1.26999999999987));
#16216=AXIS2_PLACEMENT_3D('',#18768,#18769,#18770);
#16217=CARTESIAN_POINT('',(17.6523651442524,-0.788999999999996,-1.26999999999987));
#16218=VECTOR('',#18771,1.0);
#16219=COLOUR_RGB('',0.431372553110123,0.862745106220245,0.549019634723663);
#16220=CARTESIAN_POINT('',(36.322,-1.4210854715202E-14,-1.26999999999987));
#16221=VECTOR('',#18772,1.0);
#16222=CARTESIAN_POINT('',(36.068,-1.77799999999998,-1.26999999999987));
#16223=VECTOR('',#18773,1.0);
#16224=COLOUR_RGB('',0.431372553110123,0.862745106220245,0.549019634723663);
#16225=CARTESIAN_POINT('',(36.068,-1.4210854715202E-14,-1.26999999999987));
#16226=CARTESIAN_POINT('',(36.322,-1.4210854715202E-14,-1.26999999999987));
#16227=VECTOR('',#18774,1.0);
#16228=CARTESIAN_POINT('',(36.068,-1.77799999999998,-1.26999999999987));
#16229=CARTESIAN_POINT('',(36.068,0.199999999999985,-1.26999999999987));
#16230=VECTOR('',#18775,1.0);
#16231=CARTESIAN_POINT('',(36.068,-1.77799999999998,-1.26999999999987));
#16232=VECTOR('',#18776,1.0);
#16233=COLOUR_RGB('',0.431372553110123,0.862745106220245,0.549019634723663);
#16234=CARTESIAN_POINT('',(36.068,-1.4210854715202E-14,-2.28599999999999));
#16235=CARTESIAN_POINT('',(36.068,-1.4210854715202E-14,-0.740859594666956));
#16236=VECTOR('',#18777,1.0);
#16237=CARTESIAN_POINT('',(36.068,-1.77799999999998,-2.286));
#16238=CARTESIAN_POINT('',(36.068,-0.786913189637458,-2.28599999999999));
#16239=VECTOR('',#18778,1.0);
#16240=CARTESIAN_POINT('',(36.068,-1.77799999999998,-2.286));
#16241=VECTOR('',#18779,1.0);
#16242=COLOUR_RGB('',0.431372553110123,0.862745106220245,0.549019634723663);
#16243=CARTESIAN_POINT('',(36.576,-1.4210854715202E-14,-2.28599999999999));
#16244=CARTESIAN_POINT('',(36.576,-1.4210854715202E-14,-2.28599999999999));
#16245=VECTOR('',#18780,1.0);
#16246=CARTESIAN_POINT('',(36.576,-1.77799999999998,-2.28599999999999));
#16247=CARTESIAN_POINT('',(36.576,-1.77799999999998,-2.28599999999999));
#16248=VECTOR('',#18781,1.0);
#16249=CARTESIAN_POINT('',(36.576,-1.77799999999998,-2.28599999999999));
#16250=VECTOR('',#18782,1.0);
#16251=COLOUR_RGB('',0.431372553110123,0.862745106220245,0.549019634723663);
#16252=CARTESIAN_POINT('',(-2.286,-1.77799999999998,-2.28599999999999));
#16253=CARTESIAN_POINT('',(36.576,-1.77799999999998,-2.28599999999999));
#16254=VECTOR('',#18783,1.0);
#16255=CARTESIAN_POINT('',(-2.286,-1.4210854715202E-14,-2.28599999999999));
#16256=CARTESIAN_POINT('',(-2.286,-1.77799999999998,-2.28599999999999));
#16257=VECTOR('',#18784,1.0);
#16258=CARTESIAN_POINT('',(36.576,-1.4210854715202E-14,-2.28599999999999));
#16259=VECTOR('',#18785,1.0);
#16260=COLOUR_RGB('',0.431372553110123,0.862745106220245,0.549019634723663);
#16261=CARTESIAN_POINT('',(35.179,-1.4210854715202E-14,2.413));
#16262=CARTESIAN_POINT('',(33.401,-1.4210854715202E-14,2.413));
#16263=CARTESIAN_POINT('',(35.433,-1.4210854715202E-14,2.413));
#16264=VECTOR('',#18786,1.0);
#16265=CARTESIAN_POINT('',(35.179,-1.27,2.413));
#16266=CARTESIAN_POINT('',(35.179,-0.27,2.413));
#16267=VECTOR('',#18787,1.0);
#16268=CARTESIAN_POINT('',(33.401,-1.27,2.413));
#16269=CARTESIAN_POINT('',(34.29,-1.27,2.413));
#16270=VECTOR('',#18788,1.0);
#16271=CARTESIAN_POINT('',(33.401,-0.27,2.413));
#16272=VECTOR('',#18789,1.0);
#16273=COLOUR_RGB('',0.431372553110123,0.862745106220245,0.549019634723663);
#16274=CARTESIAN_POINT('',(33.401,-1.4210854715202E-14,1.778));
#16275=CARTESIAN_POINT('',(33.401,-1.4210854715202E-14,1.30175));
#16276=VECTOR('',#18790,1.0);
#16277=CARTESIAN_POINT('',(33.401,-1.27,1.778));
#16278=CARTESIAN_POINT('',(33.401,-1.27,2.0955));
#16279=VECTOR('',#18791,1.0);
#16280=CARTESIAN_POINT('',(33.401,-0.27,1.778));
#16281=VECTOR('',#18792,1.0);
#16282=COLOUR_RGB('',0.431372553110123,0.862745106220245,0.549019634723663);
#16283=CARTESIAN_POINT('',(35.179,-1.4210854715202E-14,1.778));
#16284=CARTESIAN_POINT('',(35.433,-1.4210854715202E-14,1.778));
#16285=VECTOR('',#18793,1.0);
#16286=CARTESIAN_POINT('',(35.179,-1.27,1.778));
#16287=CARTESIAN_POINT('',(34.29,-1.27,1.778));
#16288=VECTOR('',#18794,1.0);
#16289=CARTESIAN_POINT('',(35.179,-0.27,1.778));
#16290=VECTOR('',#18795,1.0);
#16291=COLOUR_RGB('',0.431372553110123,0.862745106220245,0.549019634723663);
#16292=CARTESIAN_POINT('',(35.179,-1.27,2.0955));
#16293=VECTOR('',#18796,1.0);
#16294=COLOUR_RGB('',0.431372553110123,0.862745106220245,0.549019634723663);
#16295=CARTESIAN_POINT('',(35.179,-1.4210854715202E-14,1.30175));
#16296=VECTOR('',#18797,1.0);
#16297=COLOUR_RGB('',0.431372553110123,0.862745106220245,0.549019634723663);
#16298=CARTESIAN_POINT('',(31.369,-1.4210854715202E-14,2.413));
#16299=CARTESIAN_POINT('',(29.591,-1.4210854715202E-14,2.413));
#16300=CARTESIAN_POINT('',(33.528,-1.4210854715202E-14,2.413));
#16301=VECTOR('',#18798,1.0);
#16302=CARTESIAN_POINT('',(31.369,-1.27,2.413));
#16303=CARTESIAN_POINT('',(31.369,-0.27,2.413));
#16304=VECTOR('',#18799,1.0);
#16305=CARTESIAN_POINT('',(29.591,-1.27,2.413));
#16306=CARTESIAN_POINT('',(30.48,-1.27,2.413));
#16307=VECTOR('',#18800,1.0);
#16308=CARTESIAN_POINT('',(29.591,-0.27,2.413));
#16309=VECTOR('',#18801,1.0);
#16310=COLOUR_RGB('',0.431372553110123,0.862745106220245,0.549019634723663);
#16311=CARTESIAN_POINT('',(29.591,-1.4210854715202E-14,1.778));
#16312=CARTESIAN_POINT('',(29.591,-1.4210854715202E-14,1.30175));
#16313=VECTOR('',#18802,1.0);
#16314=CARTESIAN_POINT('',(29.591,-1.27,1.778));
#16315=CARTESIAN_POINT('',(29.591,-1.27,2.0955));
#16316=VECTOR('',#18803,1.0);
#16317=CARTESIAN_POINT('',(29.591,-0.27,1.778));
#16318=VECTOR('',#18804,1.0);
#16319=COLOUR_RGB('',0.431372553110123,0.862745106220245,0.549019634723663);
#16320=CARTESIAN_POINT('',(31.369,-1.4210854715202E-14,1.778));
#16321=CARTESIAN_POINT('',(33.528,-1.4210854715202E-14,1.778));
#16322=VECTOR('',#18805,1.0);
#16323=CARTESIAN_POINT('',(31.369,-1.27,1.778));
#16324=CARTESIAN_POINT('',(30.48,-1.27,1.778));
#16325=VECTOR('',#18806,1.0);
#16326=CARTESIAN_POINT('',(31.369,-0.27,1.778));
#16327=VECTOR('',#18807,1.0);
#16328=COLOUR_RGB('',0.431372553110123,0.862745106220245,0.549019634723663);
#16329=CARTESIAN_POINT('',(31.369,-1.27,2.0955));
#16330=VECTOR('',#18808,1.0);
#16331=COLOUR_RGB('',0.431372553110123,0.862745106220245,0.549019634723663);
#16332=CARTESIAN_POINT('',(31.369,-1.4210854715202E-14,1.30175));
#16333=VECTOR('',#18809,1.0);
#16334=COLOUR_RGB('',0.431372553110123,0.862745106220245,0.549019634723663);
#16335=CARTESIAN_POINT('',(27.559,-1.4210854715202E-14,2.413));
#16336=CARTESIAN_POINT('',(25.781,-1.4210854715202E-14,2.413));
#16337=CARTESIAN_POINT('',(31.623,-1.4210854715202E-14,2.413));
#16338=VECTOR('',#18810,1.0);
#16339=CARTESIAN_POINT('',(27.559,-1.27,2.413));
#16340=CARTESIAN_POINT('',(27.559,-0.27,2.413));
#16341=VECTOR('',#18811,1.0);
#16342=CARTESIAN_POINT('',(25.781,-1.27,2.413));
#16343=CARTESIAN_POINT('',(26.67,-1.27,2.413));
#16344=VECTOR('',#18812,1.0);
#16345=CARTESIAN_POINT('',(25.781,-0.27,2.413));
#16346=VECTOR('',#18813,1.0);
#16347=COLOUR_RGB('',0.431372553110123,0.862745106220245,0.549019634723663);
#16348=CARTESIAN_POINT('',(25.781,-1.4210854715202E-14,1.778));
#16349=CARTESIAN_POINT('',(25.781,-1.4210854715202E-14,1.30175));
#16350=VECTOR('',#18814,1.0);
#16351=CARTESIAN_POINT('',(25.781,-1.27,1.778));
#16352=CARTESIAN_POINT('',(25.781,-1.27,2.0955));
#16353=VECTOR('',#18815,1.0);
#16354=CARTESIAN_POINT('',(25.781,-0.27,1.778));
#16355=VECTOR('',#18816,1.0);
#16356=COLOUR_RGB('',0.431372553110123,0.862745106220245,0.549019634723663);
#16357=CARTESIAN_POINT('',(27.559,-1.4210854715202E-14,1.778));
#16358=CARTESIAN_POINT('',(31.623,-1.4210854715202E-14,1.778));
#16359=VECTOR('',#18817,1.0);
#16360=CARTESIAN_POINT('',(27.559,-1.27,1.778));
#16361=CARTESIAN_POINT('',(26.67,-1.27,1.778));
#16362=VECTOR('',#18818,1.0);
#16363=CARTESIAN_POINT('',(27.559,-0.27,1.778));
#16364=VECTOR('',#18819,1.0);
#16365=COLOUR_RGB('',0.431372553110123,0.862745106220245,0.549019634723663);
#16366=CARTESIAN_POINT('',(27.559,-1.27,2.0955));
#16367=VECTOR('',#18820,1.0);
#16368=COLOUR_RGB('',0.431372553110123,0.862745106220245,0.549019634723663);
#16369=CARTESIAN_POINT('',(27.559,-1.4210854715202E-14,1.30175));
#16370=VECTOR('',#18821,1.0);
#16371=COLOUR_RGB('',0.431372553110123,0.862745106220245,0.549019634723663);
#16372=CARTESIAN_POINT('',(23.749,-1.4210854715202E-14,2.413));
#16373=CARTESIAN_POINT('',(21.971,-1.4210854715202E-14,2.413));
#16374=CARTESIAN_POINT('',(29.718,-1.4210854715202E-14,2.413));
#16375=VECTOR('',#18822,1.0);
#16376=CARTESIAN_POINT('',(23.749,-1.27,2.413));
#16377=CARTESIAN_POINT('',(23.749,-0.27,2.413));
#16378=VECTOR('',#18823,1.0);
#16379=CARTESIAN_POINT('',(21.971,-1.27,2.413));
#16380=CARTESIAN_POINT('',(22.86,-1.27,2.413));
#16381=VECTOR('',#18824,1.0);
#16382=CARTESIAN_POINT('',(21.971,-0.27,2.413));
#16383=VECTOR('',#18825,1.0);
#16384=COLOUR_RGB('',0.431372553110123,0.862745106220245,0.549019634723663);
#16385=CARTESIAN_POINT('',(21.971,-1.4210854715202E-14,1.778));
#16386=CARTESIAN_POINT('',(21.971,-1.4210854715202E-14,1.30175));
#16387=VECTOR('',#18826,1.0);
#16388=CARTESIAN_POINT('',(21.971,-1.27,1.778));
#16389=CARTESIAN_POINT('',(21.971,-1.27,2.0955));
#16390=VECTOR('',#18827,1.0);
#16391=CARTESIAN_POINT('',(21.971,-0.27,1.778));
#16392=VECTOR('',#18828,1.0);
#16393=COLOUR_RGB('',0.431372553110123,0.862745106220245,0.549019634723663);
#16394=CARTESIAN_POINT('',(23.749,-1.4210854715202E-14,1.778));
#16395=CARTESIAN_POINT('',(29.718,-1.4210854715202E-14,1.778));
#16396=VECTOR('',#18829,1.0);
#16397=CARTESIAN_POINT('',(23.749,-1.27,1.778));
#16398=CARTESIAN_POINT('',(22.86,-1.27,1.778));
#16399=VECTOR('',#18830,1.0);
#16400=CARTESIAN_POINT('',(23.749,-0.27,1.778));
#16401=VECTOR('',#18831,1.0);
#16402=COLOUR_RGB('',0.431372553110123,0.862745106220245,0.549019634723663);
#16403=CARTESIAN_POINT('',(23.749,-1.27,2.0955));
#16404=VECTOR('',#18832,1.0);
#16405=COLOUR_RGB('',0.431372553110123,0.862745106220245,0.549019634723663);
#16406=CARTESIAN_POINT('',(23.749,-1.4210854715202E-14,1.30175));
#16407=VECTOR('',#18833,1.0);
#16408=COLOUR_RGB('',0.431372553110123,0.862745106220245,0.549019634723663);
#16409=CARTESIAN_POINT('',(19.939,-1.4210854715202E-14,2.413));
#16410=CARTESIAN_POINT('',(18.161,-1.4210854715202E-14,2.413));
#16411=CARTESIAN_POINT('',(27.813,-1.4210854715202E-14,2.413));
#16412=VECTOR('',#18834,1.0);
#16413=CARTESIAN_POINT('',(19.939,-1.27,2.413));
#16414=CARTESIAN_POINT('',(19.939,-0.27,2.413));
#16415=VECTOR('',#18835,1.0);
#16416=CARTESIAN_POINT('',(18.161,-1.27,2.413));
#16417=CARTESIAN_POINT('',(19.05,-1.27,2.413));
#16418=VECTOR('',#18836,1.0);
#16419=CARTESIAN_POINT('',(18.161,-0.27,2.413));
#16420=VECTOR('',#18837,1.0);
#16421=COLOUR_RGB('',0.431372553110123,0.862745106220245,0.549019634723663);
#16422=CARTESIAN_POINT('',(18.161,-1.4210854715202E-14,1.778));
#16423=CARTESIAN_POINT('',(18.161,-1.4210854715202E-14,1.30175));
#16424=VECTOR('',#18838,1.0);
#16425=CARTESIAN_POINT('',(18.161,-1.27,1.778));
#16426=CARTESIAN_POINT('',(18.161,-1.27,2.0955));
#16427=VECTOR('',#18839,1.0);
#16428=CARTESIAN_POINT('',(18.161,-0.27,1.778));
#16429=VECTOR('',#18840,1.0);
#16430=COLOUR_RGB('',0.431372553110123,0.862745106220245,0.549019634723663);
#16431=CARTESIAN_POINT('',(19.939,-1.4210854715202E-14,1.778));
#16432=CARTESIAN_POINT('',(27.813,-1.4210854715202E-14,1.778));
#16433=VECTOR('',#18841,1.0);
#16434=CARTESIAN_POINT('',(19.939,-1.27,1.778));
#16435=CARTESIAN_POINT('',(19.05,-1.27,1.778));
#16436=VECTOR('',#18842,1.0);
#16437=CARTESIAN_POINT('',(19.939,-0.27,1.778));
#16438=VECTOR('',#18843,1.0);
#16439=COLOUR_RGB('',0.431372553110123,0.862745106220245,0.549019634723663);
#16440=CARTESIAN_POINT('',(19.939,-1.27,2.0955));
#16441=VECTOR('',#18844,1.0);
#16442=COLOUR_RGB('',0.431372553110123,0.862745106220245,0.549019634723663);
#16443=CARTESIAN_POINT('',(19.939,-1.4210854715202E-14,1.30175));
#16444=VECTOR('',#18845,1.0);
#16445=COLOUR_RGB('',0.431372553110123,0.862745106220245,0.549019634723663);
#16446=CARTESIAN_POINT('',(16.129,-1.4210854715202E-14,2.413));
#16447=CARTESIAN_POINT('',(14.351,-1.4210854715202E-14,2.413));
#16448=CARTESIAN_POINT('',(25.908,-1.4210854715202E-14,2.413));
#16449=VECTOR('',#18846,1.0);
#16450=CARTESIAN_POINT('',(16.129,-1.27,2.413));
#16451=CARTESIAN_POINT('',(16.129,-0.27,2.413));
#16452=VECTOR('',#18847,1.0);
#16453=CARTESIAN_POINT('',(14.351,-1.27,2.413));
#16454=CARTESIAN_POINT('',(15.24,-1.27,2.413));
#16455=VECTOR('',#18848,1.0);
#16456=CARTESIAN_POINT('',(14.351,-0.27,2.413));
#16457=VECTOR('',#18849,1.0);
#16458=COLOUR_RGB('',0.431372553110123,0.862745106220245,0.549019634723663);
#16459=CARTESIAN_POINT('',(14.351,-1.4210854715202E-14,1.778));
#16460=CARTESIAN_POINT('',(14.351,-1.4210854715202E-14,1.30175));
#16461=VECTOR('',#18850,1.0);
#16462=CARTESIAN_POINT('',(14.351,-1.27,1.778));
#16463=CARTESIAN_POINT('',(14.351,-1.27,2.0955));
#16464=VECTOR('',#18851,1.0);
#16465=CARTESIAN_POINT('',(14.351,-0.27,1.778));
#16466=VECTOR('',#18852,1.0);
#16467=COLOUR_RGB('',0.431372553110123,0.862745106220245,0.549019634723663);
#16468=CARTESIAN_POINT('',(16.129,-1.4210854715202E-14,1.778));
#16469=CARTESIAN_POINT('',(25.908,-1.4210854715202E-14,1.778));
#16470=VECTOR('',#18853,1.0);
#16471=CARTESIAN_POINT('',(16.129,-1.27,1.778));
#16472=CARTESIAN_POINT('',(15.24,-1.27,1.778));
#16473=VECTOR('',#18854,1.0);
#16474=CARTESIAN_POINT('',(16.129,-0.27,1.778));
#16475=VECTOR('',#18855,1.0);
#16476=COLOUR_RGB('',0.431372553110123,0.862745106220245,0.549019634723663);
#16477=CARTESIAN_POINT('',(16.129,-1.27,2.0955));
#16478=VECTOR('',#18856,1.0);
#16479=COLOUR_RGB('',0.431372553110123,0.862745106220245,0.549019634723663);
#16480=CARTESIAN_POINT('',(16.129,-1.4210854715202E-14,1.30175));
#16481=VECTOR('',#18857,1.0);
#16482=COLOUR_RGB('',0.431372553110123,0.862745106220245,0.549019634723663);
#16483=CARTESIAN_POINT('',(12.319,-1.4210854715202E-14,2.413));
#16484=CARTESIAN_POINT('',(10.541,-1.4210854715202E-14,2.413));
#16485=CARTESIAN_POINT('',(24.003,-1.4210854715202E-14,2.413));
#16486=VECTOR('',#18858,1.0);
#16487=CARTESIAN_POINT('',(12.319,-1.27,2.413));
#16488=CARTESIAN_POINT('',(12.319,-0.27,2.413));
#16489=VECTOR('',#18859,1.0);
#16490=CARTESIAN_POINT('',(10.541,-1.27,2.413));
#16491=CARTESIAN_POINT('',(11.43,-1.27,2.413));
#16492=VECTOR('',#18860,1.0);
#16493=CARTESIAN_POINT('',(10.541,-0.27,2.413));
#16494=VECTOR('',#18861,1.0);
#16495=COLOUR_RGB('',0.431372553110123,0.862745106220245,0.549019634723663);
#16496=CARTESIAN_POINT('',(10.541,-1.4210854715202E-14,1.778));
#16497=CARTESIAN_POINT('',(10.541,-1.4210854715202E-14,1.30175));
#16498=VECTOR('',#18862,1.0);
#16499=CARTESIAN_POINT('',(10.541,-1.27,1.778));
#16500=CARTESIAN_POINT('',(10.541,-1.27,2.0955));
#16501=VECTOR('',#18863,1.0);
#16502=CARTESIAN_POINT('',(10.541,-0.27,1.778));
#16503=VECTOR('',#18864,1.0);
#16504=COLOUR_RGB('',0.431372553110123,0.862745106220245,0.549019634723663);
#16505=CARTESIAN_POINT('',(12.319,-1.4210854715202E-14,1.778));
#16506=CARTESIAN_POINT('',(24.003,-1.4210854715202E-14,1.778));
#16507=VECTOR('',#18865,1.0);
#16508=CARTESIAN_POINT('',(12.319,-1.27,1.778));
#16509=CARTESIAN_POINT('',(11.43,-1.27,1.778));
#16510=VECTOR('',#18866,1.0);
#16511=CARTESIAN_POINT('',(12.319,-0.27,1.778));
#16512=VECTOR('',#18867,1.0);
#16513=COLOUR_RGB('',0.431372553110123,0.862745106220245,0.549019634723663);
#16514=CARTESIAN_POINT('',(12.319,-1.27,2.0955));
#16515=VECTOR('',#18868,1.0);
#16516=COLOUR_RGB('',0.431372553110123,0.862745106220245,0.549019634723663);
#16517=CARTESIAN_POINT('',(12.319,-1.4210854715202E-14,1.30175));
#16518=VECTOR('',#18869,1.0);
#16519=COLOUR_RGB('',0.431372553110123,0.862745106220245,0.549019634723663);
#16520=CARTESIAN_POINT('',(8.509,-1.4210854715202E-14,2.413));
#16521=CARTESIAN_POINT('',(6.731,-1.4210854715202E-14,2.413));
#16522=CARTESIAN_POINT('',(22.098,-1.4210854715202E-14,2.413));
#16523=VECTOR('',#18870,1.0);
#16524=CARTESIAN_POINT('',(8.509,-1.27,2.413));
#16525=CARTESIAN_POINT('',(8.509,-0.27,2.413));
#16526=VECTOR('',#18871,1.0);
#16527=CARTESIAN_POINT('',(6.731,-1.27,2.413));
#16528=CARTESIAN_POINT('',(7.62,-1.27,2.413));
#16529=VECTOR('',#18872,1.0);
#16530=CARTESIAN_POINT('',(6.731,-0.27,2.413));
#16531=VECTOR('',#18873,1.0);
#16532=COLOUR_RGB('',0.431372553110123,0.862745106220245,0.549019634723663);
#16533=CARTESIAN_POINT('',(6.731,-1.4210854715202E-14,1.778));
#16534=CARTESIAN_POINT('',(6.731,-1.4210854715202E-14,1.30175));
#16535=VECTOR('',#18874,1.0);
#16536=CARTESIAN_POINT('',(6.731,-1.27,1.778));
#16537=CARTESIAN_POINT('',(6.731,-1.27,2.0955));
#16538=VECTOR('',#18875,1.0);
#16539=CARTESIAN_POINT('',(6.731,-0.27,1.778));
#16540=VECTOR('',#18876,1.0);
#16541=COLOUR_RGB('',0.431372553110123,0.862745106220245,0.549019634723663);
#16542=CARTESIAN_POINT('',(8.509,-1.4210854715202E-14,1.778));
#16543=CARTESIAN_POINT('',(22.098,-1.4210854715202E-14,1.778));
#16544=VECTOR('',#18877,1.0);
#16545=CARTESIAN_POINT('',(8.509,-1.27,1.778));
#16546=CARTESIAN_POINT('',(7.62,-1.27,1.778));
#16547=VECTOR('',#18878,1.0);
#16548=CARTESIAN_POINT('',(8.509,-0.27,1.778));
#16549=VECTOR('',#18879,1.0);
#16550=COLOUR_RGB('',0.431372553110123,0.862745106220245,0.549019634723663);
#16551=CARTESIAN_POINT('',(8.509,-1.27,2.0955));
#16552=VECTOR('',#18880,1.0);
#16553=COLOUR_RGB('',0.431372553110123,0.862745106220245,0.549019634723663);
#16554=CARTESIAN_POINT('',(8.509,-1.4210854715202E-14,1.30175));
#16555=VECTOR('',#18881,1.0);
#16556=COLOUR_RGB('',0.431372553110123,0.862745106220245,0.549019634723663);
#16557=CARTESIAN_POINT('',(4.699,-1.4210854715202E-14,2.413));
#16558=CARTESIAN_POINT('',(2.921,-1.4210854715202E-14,2.413));
#16559=CARTESIAN_POINT('',(20.193,-1.4210854715202E-14,2.413));
#16560=VECTOR('',#18882,1.0);
#16561=CARTESIAN_POINT('',(4.699,-1.27,2.413));
#16562=CARTESIAN_POINT('',(4.699,-0.27,2.413));
#16563=VECTOR('',#18883,1.0);
#16564=CARTESIAN_POINT('',(2.921,-1.27,2.413));
#16565=CARTESIAN_POINT('',(3.81,-1.27,2.413));
#16566=VECTOR('',#18884,1.0);
#16567=CARTESIAN_POINT('',(2.921,-0.27,2.413));
#16568=VECTOR('',#18885,1.0);
#16569=COLOUR_RGB('',0.431372553110123,0.862745106220245,0.549019634723663);
#16570=CARTESIAN_POINT('',(2.921,-1.4210854715202E-14,1.778));
#16571=CARTESIAN_POINT('',(2.921,-1.4210854715202E-14,1.30175));
#16572=VECTOR('',#18886,1.0);
#16573=CARTESIAN_POINT('',(2.921,-1.27,1.778));
#16574=CARTESIAN_POINT('',(2.921,-1.27,2.0955));
#16575=VECTOR('',#18887,1.0);
#16576=CARTESIAN_POINT('',(2.921,-0.27,1.778));
#16577=VECTOR('',#18888,1.0);
#16578=COLOUR_RGB('',0.431372553110123,0.862745106220245,0.549019634723663);
#16579=CARTESIAN_POINT('',(4.699,-1.4210854715202E-14,1.778));
#16580=CARTESIAN_POINT('',(20.193,-1.4210854715202E-14,1.778));
#16581=VECTOR('',#18889,1.0);
#16582=CARTESIAN_POINT('',(4.699,-1.27,1.778));
#16583=CARTESIAN_POINT('',(3.81,-1.27,1.778));
#16584=VECTOR('',#18890,1.0);
#16585=CARTESIAN_POINT('',(4.699,-0.27,1.778));
#16586=VECTOR('',#18891,1.0);
#16587=COLOUR_RGB('',0.431372553110123,0.862745106220245,0.549019634723663);
#16588=CARTESIAN_POINT('',(4.699,-1.27,2.0955));
#16589=VECTOR('',#18892,1.0);
#16590=COLOUR_RGB('',0.431372553110123,0.862745106220245,0.549019634723663);
#16591=CARTESIAN_POINT('',(4.699,-1.4210854715202E-14,1.30175));
#16592=VECTOR('',#18893,1.0);
#16593=COLOUR_RGB('',0.431372553110123,0.862745106220245,0.549019634723663);
#16594=CARTESIAN_POINT('',(0.889,-1.4210854715202E-14,2.413));
#16595=CARTESIAN_POINT('',(-0.889,-1.4210854715202E-14,2.413));
#16596=CARTESIAN_POINT('',(18.288,-1.4210854715202E-14,2.413));
#16597=VECTOR('',#18894,1.0);
#16598=CARTESIAN_POINT('',(0.889,-1.27,2.413));
#16599=CARTESIAN_POINT('',(0.889,-0.27,2.413));
#16600=VECTOR('',#18895,1.0);
#16601=CARTESIAN_POINT('',(-0.889,-1.27,2.413));
#16602=CARTESIAN_POINT('',(0.0,-1.27,2.413));
#16603=VECTOR('',#18896,1.0);
#16604=CARTESIAN_POINT('',(-0.889,-0.27,2.413));
#16605=VECTOR('',#18897,1.0);
#16606=COLOUR_RGB('',0.431372553110123,0.862745106220245,0.549019634723663);
#16607=CARTESIAN_POINT('',(-0.889,-1.4210854715202E-14,1.778));
#16608=CARTESIAN_POINT('',(-0.889000000000003,-1.4210854715202E-14,1.30175));
#16609=VECTOR('',#18898,1.0);
#16610=CARTESIAN_POINT('',(-0.889,-1.27,1.778));
#16611=CARTESIAN_POINT('',(-0.889,-1.27,2.0955));
#16612=VECTOR('',#18899,1.0);
#16613=CARTESIAN_POINT('',(-0.889,-0.27,1.778));
#16614=VECTOR('',#18900,1.0);
#16615=COLOUR_RGB('',0.431372553110123,0.862745106220245,0.549019634723663);
#16616=CARTESIAN_POINT('',(0.889,-1.4210854715202E-14,1.778));
#16617=CARTESIAN_POINT('',(18.288,-1.4210854715202E-14,1.778));
#16618=VECTOR('',#18901,1.0);
#16619=CARTESIAN_POINT('',(0.889,-1.27,1.778));
#16620=CARTESIAN_POINT('',(0.0,-1.27,1.778));
#16621=VECTOR('',#18902,1.0);
#16622=CARTESIAN_POINT('',(0.889,-0.27,1.778));
#16623=VECTOR('',#18903,1.0);
#16624=COLOUR_RGB('',0.431372553110123,0.862745106220245,0.549019634723663);
#16625=CARTESIAN_POINT('',(0.889,-1.27,2.0955));
#16626=VECTOR('',#18904,1.0);
#16627=COLOUR_RGB('',0.431372553110123,0.862745106220245,0.549019634723663);
#16628=CARTESIAN_POINT('',(0.889000000000003,-1.4210854715202E-14,1.30175));
#16629=VECTOR('',#18905,1.0);
#16630=COLOUR_RGB('',0.431372553110123,0.862745106220245,0.549019634723663);
#16631=CARTESIAN_POINT('',(33.274,-9.90600000000003,4.57200000000167));
#16632=CARTESIAN_POINT('',(32.7660000000003,-10.414,5.08000000000085));
#16633=CARTESIAN_POINT('',(33.3956666666679,-9.78433333333355,4.4503333333339));
#16634=VECTOR('',#18906,1.0);
#16635=CARTESIAN_POINT('',(33.274,-7.36599999999999,4.57200000000167));
#16636=CARTESIAN_POINT('',(33.274,-11.176,4.57200000000167));
#16637=VECTOR('',#18907,1.0);
#16638=CARTESIAN_POINT('',(32.7660000000003,-5.58799999999794,5.08000000000085));
#16639=CARTESIAN_POINT('',(33.7118070175455,-8.89832456140326,4.13419298245666));
#16640=VECTOR('',#18908,1.0);
#16641=CARTESIAN_POINT('',(32.7660000000003,-9.525,5.08000000000085));
#16642=VECTOR('',#18909,1.0);
#16643=COLOUR_RGB('',0.431372553110123,0.862745106220245,0.549019634723663);
#16644=CARTESIAN_POINT('',(33.274,-9.90600000000003,-2.53999999999962));
#16645=CARTESIAN_POINT('',(33.274,-9.90600000000003,0.966000000001013));
#16646=VECTOR('',#18910,1.0);
#16647=CARTESIAN_POINT('',(33.274,-7.36599999999999,-2.53999999999962));
#16648=CARTESIAN_POINT('',(33.274,-9.906,-2.53999999999962));
#16649=VECTOR('',#18911,1.0);
#16650=CARTESIAN_POINT('',(33.274,-7.36599999999999,0.966000000001013));
#16651=VECTOR('',#18912,1.0);
#16652=COLOUR_RGB('',0.431372553110123,0.862745106220245,0.549019634723663);
#16653=CARTESIAN_POINT('',(35.306,-7.36599999999999,-2.53999999999962));
#16654=CARTESIAN_POINT('',(35.306,-7.36599999999999,4.57200000000167));
#16655=CARTESIAN_POINT('',(35.306,-7.36599999999999,0.966000000001013));
#16656=VECTOR('',#18913,1.0);
#16657=CARTESIAN_POINT('',(35.306,-9.90600000000003,-2.53999999999962));
#16658=CARTESIAN_POINT('',(35.306,-9.906,-2.53999999999962));
#16659=VECTOR('',#18914,1.0);
#16660=CARTESIAN_POINT('',(35.306,-9.90600000000003,4.57200000000167));
#16661=CARTESIAN_POINT('',(35.306,-9.90600000000003,0.966000000001013));
#16662=VECTOR('',#18915,1.0);
#16663=CARTESIAN_POINT('',(35.306,-11.176,4.57200000000167));
#16664=VECTOR('',#18916,1.0);
#16665=COLOUR_RGB('',0.431372553110123,0.862745106220245,0.549019634723663);
#16666=CARTESIAN_POINT('',(35.8139999999997,-5.58799999999794,5.08000000000085));
#16667=CARTESIAN_POINT('',(35.0085438596477,-8.40709649122741,4.27454385964973));
#16668=VECTOR('',#18917,1.0);
#16669=CARTESIAN_POINT('',(35.8139999999997,-10.414,5.08000000000085));
#16670=CARTESIAN_POINT('',(35.8509999999997,-10.4510000000005,5.11700000000072));
#16671=VECTOR('',#18918,1.0);
#16672=CARTESIAN_POINT('',(35.8139999999997,-9.525,5.08000000000085));
#16673=VECTOR('',#18919,1.0);
#16674=COLOUR_RGB('',0.431372553110123,0.862745106220245,0.549019634723663);
#16675=CARTESIAN_POINT('',(36.29,-7.36599999999999,4.57200000000036));
#16676=VECTOR('',#18920,1.0);
#16677=CARTESIAN_POINT('',(36.433,-5.58799999999998,5.08000000000026));
#16678=VECTOR('',#18921,1.0);
#16679=COLOUR_RGB('',0.431372553110123,0.862745106220245,0.549019634723663);
#16680=CARTESIAN_POINT('',(36.29,-7.36599999999999,-2.53999999999962));
#16681=VECTOR('',#18922,1.0);
#16682=COLOUR_RGB('',0.431372553110123,0.862745106220245,0.549019634723663);
#16683=CARTESIAN_POINT('',(36.29,-9.90600000000003,-2.53999999999962));
#16684=VECTOR('',#18923,1.0);
#16685=COLOUR_RGB('',0.431372553110123,0.862745106220245,0.549019634723663);
#16686=CARTESIAN_POINT('',(36.29,-9.90600000000003,4.57200000000036));
#16687=VECTOR('',#18924,1.0);
#16688=COLOUR_RGB('',0.431372553110123,0.862745106220245,0.549019634723663);
#16689=CARTESIAN_POINT('',(36.433,-10.414,5.08000000000026));
#16690=VECTOR('',#18925,1.0);
#16691=COLOUR_RGB('',0.431372553110123,0.862745106220245,0.549019634723663);
#16692=CARTESIAN_POINT('',(29.464,-9.90600000000003,4.57200000000167));
#16693=CARTESIAN_POINT('',(28.9560000000003,-10.414,5.08000000000085));
#16694=CARTESIAN_POINT('',(29.5856666666679,-9.78433333333355,4.4503333333339));
#16695=VECTOR('',#18926,1.0);
#16696=CARTESIAN_POINT('',(29.464,-7.36599999999999,4.57200000000167));
#16697=CARTESIAN_POINT('',(29.464,-11.176,4.57200000000167));
#16698=VECTOR('',#18927,1.0);
#16699=CARTESIAN_POINT('',(28.9560000000003,-5.58799999999794,5.08000000000085));
#16700=CARTESIAN_POINT('',(29.9018070175455,-8.89832456140326,4.13419298245666));
#16701=VECTOR('',#18928,1.0);
#16702=CARTESIAN_POINT('',(28.9560000000003,-9.525,5.08000000000085));
#16703=VECTOR('',#18929,1.0);
#16704=COLOUR_RGB('',0.431372553110123,0.862745106220245,0.549019634723663);
#16705=CARTESIAN_POINT('',(29.464,-9.90600000000003,-2.53999999999962));
#16706=CARTESIAN_POINT('',(29.464,-9.90600000000003,0.966000000001013));
#16707=VECTOR('',#18930,1.0);
#16708=CARTESIAN_POINT('',(29.464,-7.36599999999999,-2.53999999999962));
#16709=CARTESIAN_POINT('',(29.464,-9.906,-2.53999999999962));
#16710=VECTOR('',#18931,1.0);
#16711=CARTESIAN_POINT('',(29.464,-7.36599999999999,0.966000000001013));
#16712=VECTOR('',#18932,1.0);
#16713=COLOUR_RGB('',0.431372553110123,0.862745106220245,0.549019634723663);
#16714=CARTESIAN_POINT('',(31.496,-7.36599999999999,-2.53999999999962));
#16715=CARTESIAN_POINT('',(31.496,-7.36599999999999,4.57200000000167));
#16716=CARTESIAN_POINT('',(31.496,-7.36599999999999,0.966000000001013));
#16717=VECTOR('',#18933,1.0);
#16718=CARTESIAN_POINT('',(31.496,-9.90600000000003,-2.53999999999962));
#16719=CARTESIAN_POINT('',(31.496,-9.906,-2.53999999999962));
#16720=VECTOR('',#18934,1.0);
#16721=CARTESIAN_POINT('',(31.496,-9.90600000000003,4.57200000000167));
#16722=CARTESIAN_POINT('',(31.496,-9.90600000000003,0.966000000001013));
#16723=VECTOR('',#18935,1.0);
#16724=CARTESIAN_POINT('',(31.496,-11.176,4.57200000000167));
#16725=VECTOR('',#18936,1.0);
#16726=COLOUR_RGB('',0.431372553110123,0.862745106220245,0.549019634723663);
#16727=CARTESIAN_POINT('',(32.0039999999997,-5.58799999999794,5.08000000000085));
#16728=CARTESIAN_POINT('',(31.1985438596477,-8.40709649122741,4.27454385964973));
#16729=VECTOR('',#18937,1.0);
#16730=CARTESIAN_POINT('',(32.0039999999997,-10.414,5.08000000000085));
#16731=CARTESIAN_POINT('',(32.0409999999996,-10.4510000000005,5.11700000000072));
#16732=VECTOR('',#18938,1.0);
#16733=CARTESIAN_POINT('',(32.0039999999997,-9.525,5.08000000000085));
#16734=VECTOR('',#18939,1.0);
#16735=COLOUR_RGB('',0.431372553110123,0.862745106220245,0.549019634723663);
#16736=CARTESIAN_POINT('',(32.48,-7.36599999999999,4.57200000000036));
#16737=VECTOR('',#18940,1.0);
#16738=CARTESIAN_POINT('',(34.528,-5.58799999999998,5.08000000000026));
#16739=VECTOR('',#18941,1.0);
#16740=COLOUR_RGB('',0.431372553110123,0.862745106220245,0.549019634723663);
#16741=CARTESIAN_POINT('',(32.48,-7.36599999999999,-2.53999999999962));
#16742=VECTOR('',#18942,1.0);
#16743=COLOUR_RGB('',0.431372553110123,0.862745106220245,0.549019634723663);
#16744=CARTESIAN_POINT('',(32.48,-9.90600000000003,-2.53999999999962));
#16745=VECTOR('',#18943,1.0);
#16746=COLOUR_RGB('',0.431372553110123,0.862745106220245,0.549019634723663);
#16747=CARTESIAN_POINT('',(32.48,-9.90600000000003,4.57200000000036));
#16748=VECTOR('',#18944,1.0);
#16749=COLOUR_RGB('',0.431372553110123,0.862745106220245,0.549019634723663);
#16750=CARTESIAN_POINT('',(34.528,-10.414,5.08000000000026));
#16751=VECTOR('',#18945,1.0);
#16752=COLOUR_RGB('',0.431372553110123,0.862745106220245,0.549019634723663);
#16753=CARTESIAN_POINT('',(25.654,-9.90600000000003,4.57200000000167));
#16754=CARTESIAN_POINT('',(25.1460000000003,-10.414,5.08000000000085));
#16755=CARTESIAN_POINT('',(25.7756666666679,-9.78433333333355,4.4503333333339));
#16756=VECTOR('',#18946,1.0);
#16757=CARTESIAN_POINT('',(25.654,-7.36599999999999,4.57200000000167));
#16758=CARTESIAN_POINT('',(25.654,-11.176,4.57200000000167));
#16759=VECTOR('',#18947,1.0);
#16760=CARTESIAN_POINT('',(25.1460000000003,-5.58799999999794,5.08000000000085));
#16761=CARTESIAN_POINT('',(26.0918070175455,-8.89832456140326,4.13419298245666));
#16762=VECTOR('',#18948,1.0);
#16763=CARTESIAN_POINT('',(25.1460000000003,-9.525,5.08000000000085));
#16764=VECTOR('',#18949,1.0);
#16765=COLOUR_RGB('',0.431372553110123,0.862745106220245,0.549019634723663);
#16766=CARTESIAN_POINT('',(25.654,-9.90600000000003,-2.53999999999962));
#16767=CARTESIAN_POINT('',(25.654,-9.90600000000003,0.966000000001013));
#16768=VECTOR('',#18950,1.0);
#16769=CARTESIAN_POINT('',(25.654,-7.36599999999999,-2.53999999999962));
#16770=CARTESIAN_POINT('',(25.654,-9.906,-2.53999999999962));
#16771=VECTOR('',#18951,1.0);
#16772=CARTESIAN_POINT('',(25.654,-7.36599999999999,0.966000000001013));
#16773=VECTOR('',#18952,1.0);
#16774=COLOUR_RGB('',0.431372553110123,0.862745106220245,0.549019634723663);
#16775=CARTESIAN_POINT('',(27.686,-7.36599999999999,-2.53999999999962));
#16776=CARTESIAN_POINT('',(27.686,-7.36599999999999,4.57200000000167));
#16777=CARTESIAN_POINT('',(27.686,-7.36599999999999,0.966000000001013));
#16778=VECTOR('',#18953,1.0);
#16779=CARTESIAN_POINT('',(27.686,-9.90600000000003,-2.53999999999962));
#16780=CARTESIAN_POINT('',(27.686,-9.906,-2.53999999999962));
#16781=VECTOR('',#18954,1.0);
#16782=CARTESIAN_POINT('',(27.686,-9.90600000000003,4.57200000000167));
#16783=CARTESIAN_POINT('',(27.686,-9.90600000000003,0.966000000001013));
#16784=VECTOR('',#18955,1.0);
#16785=CARTESIAN_POINT('',(27.686,-11.176,4.57200000000167));
#16786=VECTOR('',#18956,1.0);
#16787=COLOUR_RGB('',0.431372553110123,0.862745106220245,0.549019634723663);
#16788=CARTESIAN_POINT('',(28.1939999999997,-5.58799999999794,5.08000000000085));
#16789=CARTESIAN_POINT('',(27.3885438596477,-8.40709649122741,4.27454385964973));
#16790=VECTOR('',#18957,1.0);
#16791=CARTESIAN_POINT('',(28.1939999999997,-10.414,5.08000000000085));
#16792=CARTESIAN_POINT('',(28.2309999999997,-10.4510000000005,5.11700000000072));
#16793=VECTOR('',#18958,1.0);
#16794=CARTESIAN_POINT('',(28.1939999999997,-9.525,5.08000000000085));
#16795=VECTOR('',#18959,1.0);
#16796=COLOUR_RGB('',0.431372553110123,0.862745106220245,0.549019634723663);
#16797=CARTESIAN_POINT('',(28.67,-7.36599999999999,4.57200000000036));
#16798=VECTOR('',#18960,1.0);
#16799=CARTESIAN_POINT('',(32.623,-5.58799999999998,5.08000000000026));
#16800=VECTOR('',#18961,1.0);
#16801=COLOUR_RGB('',0.431372553110123,0.862745106220245,0.549019634723663);
#16802=CARTESIAN_POINT('',(28.67,-7.36599999999999,-2.53999999999962));
#16803=VECTOR('',#18962,1.0);
#16804=COLOUR_RGB('',0.431372553110123,0.862745106220245,0.549019634723663);
#16805=CARTESIAN_POINT('',(28.67,-9.90600000000003,-2.53999999999962));
#16806=VECTOR('',#18963,1.0);
#16807=COLOUR_RGB('',0.431372553110123,0.862745106220245,0.549019634723663);
#16808=CARTESIAN_POINT('',(28.67,-9.90600000000003,4.57200000000036));
#16809=VECTOR('',#18964,1.0);
#16810=COLOUR_RGB('',0.431372553110123,0.862745106220245,0.549019634723663);
#16811=CARTESIAN_POINT('',(32.623,-10.414,5.08000000000026));
#16812=VECTOR('',#18965,1.0);
#16813=COLOUR_RGB('',0.431372553110123,0.862745106220245,0.549019634723663);
#16814=CARTESIAN_POINT('',(21.844,-9.90600000000003,4.57200000000167));
#16815=CARTESIAN_POINT('',(21.3360000000003,-10.414,5.08000000000085));
#16816=CARTESIAN_POINT('',(21.9656666666679,-9.78433333333355,4.4503333333339));
#16817=VECTOR('',#18966,1.0);
#16818=CARTESIAN_POINT('',(21.844,-7.36599999999999,4.57200000000167));
#16819=CARTESIAN_POINT('',(21.844,-11.176,4.57200000000167));
#16820=VECTOR('',#18967,1.0);
#16821=CARTESIAN_POINT('',(21.3360000000003,-5.58799999999794,5.08000000000085));
#16822=CARTESIAN_POINT('',(22.2818070175455,-8.89832456140326,4.13419298245666));
#16823=VECTOR('',#18968,1.0);
#16824=CARTESIAN_POINT('',(21.3360000000003,-9.525,5.08000000000085));
#16825=VECTOR('',#18969,1.0);
#16826=COLOUR_RGB('',0.431372553110123,0.862745106220245,0.549019634723663);
#16827=CARTESIAN_POINT('',(21.844,-9.90600000000003,-2.53999999999962));
#16828=CARTESIAN_POINT('',(21.844,-9.90600000000003,0.966000000001013));
#16829=VECTOR('',#18970,1.0);
#16830=CARTESIAN_POINT('',(21.844,-7.36599999999999,-2.53999999999962));
#16831=CARTESIAN_POINT('',(21.844,-9.906,-2.53999999999962));
#16832=VECTOR('',#18971,1.0);
#16833=CARTESIAN_POINT('',(21.844,-7.36599999999999,0.966000000001013));
#16834=VECTOR('',#18972,1.0);
#16835=COLOUR_RGB('',0.431372553110123,0.862745106220245,0.549019634723663);
#16836=CARTESIAN_POINT('',(23.876,-7.36599999999999,-2.53999999999962));
#16837=CARTESIAN_POINT('',(23.876,-7.36599999999999,4.57200000000167));
#16838=CARTESIAN_POINT('',(23.876,-7.36599999999999,0.966000000001013));
#16839=VECTOR('',#18973,1.0);
#16840=CARTESIAN_POINT('',(23.876,-9.90600000000003,-2.53999999999962));
#16841=CARTESIAN_POINT('',(23.876,-9.906,-2.53999999999962));
#16842=VECTOR('',#18974,1.0);
#16843=CARTESIAN_POINT('',(23.876,-9.90600000000003,4.57200000000167));
#16844=CARTESIAN_POINT('',(23.876,-9.90600000000003,0.966000000001013));
#16845=VECTOR('',#18975,1.0);
#16846=CARTESIAN_POINT('',(23.876,-11.176,4.57200000000167));
#16847=VECTOR('',#18976,1.0);
#16848=COLOUR_RGB('',0.431372553110123,0.862745106220245,0.549019634723663);
#16849=CARTESIAN_POINT('',(24.3839999999997,-5.58799999999794,5.08000000000085));
#16850=CARTESIAN_POINT('',(23.5785438596477,-8.40709649122741,4.27454385964973));
#16851=VECTOR('',#18977,1.0);
#16852=CARTESIAN_POINT('',(24.3839999999997,-10.414,5.08000000000085));
#16853=CARTESIAN_POINT('',(24.4209999999997,-10.4510000000005,5.11700000000072));
#16854=VECTOR('',#18978,1.0);
#16855=CARTESIAN_POINT('',(24.3839999999997,-9.525,5.08000000000085));
#16856=VECTOR('',#18979,1.0);
#16857=COLOUR_RGB('',0.431372553110123,0.862745106220245,0.549019634723663);
#16858=CARTESIAN_POINT('',(24.86,-7.36599999999999,4.57200000000036));
#16859=VECTOR('',#18980,1.0);
#16860=CARTESIAN_POINT('',(30.718,-5.58799999999998,5.08000000000026));
#16861=VECTOR('',#18981,1.0);
#16862=COLOUR_RGB('',0.431372553110123,0.862745106220245,0.549019634723663);
#16863=CARTESIAN_POINT('',(24.86,-7.36599999999999,-2.53999999999962));
#16864=VECTOR('',#18982,1.0);
#16865=COLOUR_RGB('',0.431372553110123,0.862745106220245,0.549019634723663);
#16866=CARTESIAN_POINT('',(24.86,-9.90600000000003,-2.53999999999962));
#16867=VECTOR('',#18983,1.0);
#16868=COLOUR_RGB('',0.431372553110123,0.862745106220245,0.549019634723663);
#16869=CARTESIAN_POINT('',(24.86,-9.90600000000003,4.57200000000036));
#16870=VECTOR('',#18984,1.0);
#16871=COLOUR_RGB('',0.431372553110123,0.862745106220245,0.549019634723663);
#16872=CARTESIAN_POINT('',(30.718,-10.414,5.08000000000026));
#16873=VECTOR('',#18985,1.0);
#16874=COLOUR_RGB('',0.431372553110123,0.862745106220245,0.549019634723663);
#16875=CARTESIAN_POINT('',(18.034,-9.90600000000003,4.57200000000167));
#16876=CARTESIAN_POINT('',(17.5260000000003,-10.414,5.08000000000085));
#16877=CARTESIAN_POINT('',(18.1556666666679,-9.78433333333355,4.4503333333339));
#16878=VECTOR('',#18986,1.0);
#16879=CARTESIAN_POINT('',(18.034,-7.36599999999999,4.57200000000167));
#16880=CARTESIAN_POINT('',(18.034,-11.176,4.57200000000167));
#16881=VECTOR('',#18987,1.0);
#16882=CARTESIAN_POINT('',(17.5260000000003,-5.58799999999794,5.08000000000085));
#16883=CARTESIAN_POINT('',(18.4718070175455,-8.89832456140326,4.13419298245666));
#16884=VECTOR('',#18988,1.0);
#16885=CARTESIAN_POINT('',(17.5260000000003,-9.525,5.08000000000085));
#16886=VECTOR('',#18989,1.0);
#16887=COLOUR_RGB('',0.431372553110123,0.862745106220245,0.549019634723663);
#16888=CARTESIAN_POINT('',(18.034,-9.90600000000003,-2.53999999999962));
#16889=CARTESIAN_POINT('',(18.034,-9.90600000000003,0.966000000001013));
#16890=VECTOR('',#18990,1.0);
#16891=CARTESIAN_POINT('',(18.034,-7.36599999999999,-2.53999999999962));
#16892=CARTESIAN_POINT('',(18.034,-9.906,-2.53999999999962));
#16893=VECTOR('',#18991,1.0);
#16894=CARTESIAN_POINT('',(18.034,-7.36599999999999,0.966000000001013));
#16895=VECTOR('',#18992,1.0);
#16896=COLOUR_RGB('',0.431372553110123,0.862745106220245,0.549019634723663);
#16897=CARTESIAN_POINT('',(20.066,-7.36599999999999,-2.53999999999962));
#16898=CARTESIAN_POINT('',(20.066,-7.36599999999999,4.57200000000167));
#16899=CARTESIAN_POINT('',(20.066,-7.36599999999999,0.966000000001013));
#16900=VECTOR('',#18993,1.0);
#16901=CARTESIAN_POINT('',(20.066,-9.90600000000003,-2.53999999999962));
#16902=CARTESIAN_POINT('',(20.066,-9.906,-2.53999999999962));
#16903=VECTOR('',#18994,1.0);
#16904=CARTESIAN_POINT('',(20.066,-9.90600000000003,4.57200000000167));
#16905=CARTESIAN_POINT('',(20.066,-9.90600000000003,0.966000000001013));
#16906=VECTOR('',#18995,1.0);
#16907=CARTESIAN_POINT('',(20.066,-11.176,4.57200000000167));
#16908=VECTOR('',#18996,1.0);
#16909=COLOUR_RGB('',0.431372553110123,0.862745106220245,0.549019634723663);
#16910=CARTESIAN_POINT('',(20.5739999999997,-5.58799999999794,5.08000000000085));
#16911=CARTESIAN_POINT('',(19.7685438596477,-8.40709649122741,4.27454385964973));
#16912=VECTOR('',#18997,1.0);
#16913=CARTESIAN_POINT('',(20.5739999999997,-10.414,5.08000000000085));
#16914=CARTESIAN_POINT('',(20.6109999999997,-10.4510000000005,5.11700000000072));
#16915=VECTOR('',#18998,1.0);
#16916=CARTESIAN_POINT('',(20.5739999999997,-9.525,5.08000000000085));
#16917=VECTOR('',#18999,1.0);
#16918=COLOUR_RGB('',0.431372553110123,0.862745106220245,0.549019634723663);
#16919=CARTESIAN_POINT('',(21.05,-7.36599999999999,4.57200000000036));
#16920=VECTOR('',#19000,1.0);
#16921=CARTESIAN_POINT('',(28.813,-5.58799999999998,5.08000000000026));
#16922=VECTOR('',#19001,1.0);
#16923=COLOUR_RGB('',0.431372553110123,0.862745106220245,0.549019634723663);
#16924=CARTESIAN_POINT('',(21.05,-7.36599999999999,-2.53999999999962));
#16925=VECTOR('',#19002,1.0);
#16926=COLOUR_RGB('',0.431372553110123,0.862745106220245,0.549019634723663);
#16927=CARTESIAN_POINT('',(21.05,-9.90600000000003,-2.53999999999962));
#16928=VECTOR('',#19003,1.0);
#16929=COLOUR_RGB('',0.431372553110123,0.862745106220245,0.549019634723663);
#16930=CARTESIAN_POINT('',(21.05,-9.90600000000003,4.57200000000036));
#16931=VECTOR('',#19004,1.0);
#16932=COLOUR_RGB('',0.431372553110123,0.862745106220245,0.549019634723663);
#16933=CARTESIAN_POINT('',(28.813,-10.414,5.08000000000026));
#16934=VECTOR('',#19005,1.0);
#16935=COLOUR_RGB('',0.431372553110123,0.862745106220245,0.549019634723663);
#16936=CARTESIAN_POINT('',(14.224,-9.90600000000003,4.57200000000167));
#16937=CARTESIAN_POINT('',(13.7160000000003,-10.414,5.08000000000085));
#16938=CARTESIAN_POINT('',(14.3456666666679,-9.78433333333355,4.4503333333339));
#16939=VECTOR('',#19006,1.0);
#16940=CARTESIAN_POINT('',(14.224,-7.36599999999999,4.57200000000167));
#16941=CARTESIAN_POINT('',(14.224,-11.176,4.57200000000167));
#16942=VECTOR('',#19007,1.0);
#16943=CARTESIAN_POINT('',(13.7160000000003,-5.58799999999794,5.08000000000085));
#16944=CARTESIAN_POINT('',(14.6618070175455,-8.89832456140326,4.13419298245666));
#16945=VECTOR('',#19008,1.0);
#16946=CARTESIAN_POINT('',(13.7160000000003,-9.525,5.08000000000085));
#16947=VECTOR('',#19009,1.0);
#16948=COLOUR_RGB('',0.431372553110123,0.862745106220245,0.549019634723663);
#16949=CARTESIAN_POINT('',(14.224,-9.90600000000003,-2.53999999999962));
#16950=CARTESIAN_POINT('',(14.224,-9.90600000000003,0.966000000001013));
#16951=VECTOR('',#19010,1.0);
#16952=CARTESIAN_POINT('',(14.224,-7.36599999999999,-2.53999999999962));
#16953=CARTESIAN_POINT('',(14.224,-9.906,-2.53999999999962));
#16954=VECTOR('',#19011,1.0);
#16955=CARTESIAN_POINT('',(14.224,-7.36599999999999,0.966000000001013));
#16956=VECTOR('',#19012,1.0);
#16957=COLOUR_RGB('',0.431372553110123,0.862745106220245,0.549019634723663);
#16958=CARTESIAN_POINT('',(16.256,-7.36599999999999,-2.53999999999962));
#16959=CARTESIAN_POINT('',(16.256,-7.36599999999999,4.57200000000167));
#16960=CARTESIAN_POINT('',(16.256,-7.36599999999999,0.966000000001013));
#16961=VECTOR('',#19013,1.0);
#16962=CARTESIAN_POINT('',(16.256,-9.90600000000003,-2.53999999999962));
#16963=CARTESIAN_POINT('',(16.256,-9.906,-2.53999999999962));
#16964=VECTOR('',#19014,1.0);
#16965=CARTESIAN_POINT('',(16.256,-9.90600000000003,4.57200000000167));
#16966=CARTESIAN_POINT('',(16.256,-9.90600000000003,0.966000000001013));
#16967=VECTOR('',#19015,1.0);
#16968=CARTESIAN_POINT('',(16.256,-11.176,4.57200000000167));
#16969=VECTOR('',#19016,1.0);
#16970=COLOUR_RGB('',0.431372553110123,0.862745106220245,0.549019634723663);
#16971=CARTESIAN_POINT('',(16.7639999999997,-5.58799999999794,5.08000000000085));
#16972=CARTESIAN_POINT('',(15.9585438596477,-8.40709649122741,4.27454385964973));
#16973=VECTOR('',#19017,1.0);
#16974=CARTESIAN_POINT('',(16.7639999999997,-10.414,5.08000000000085));
#16975=CARTESIAN_POINT('',(16.8009999999997,-10.4510000000005,5.11700000000072));
#16976=VECTOR('',#19018,1.0);
#16977=CARTESIAN_POINT('',(16.7639999999997,-9.525,5.08000000000085));
#16978=VECTOR('',#19019,1.0);
#16979=COLOUR_RGB('',0.431372553110123,0.862745106220245,0.549019634723663);
#16980=CARTESIAN_POINT('',(17.24,-7.36599999999999,4.57200000000036));
#16981=VECTOR('',#19020,1.0);
#16982=CARTESIAN_POINT('',(26.908,-5.58799999999998,5.08000000000026));
#16983=VECTOR('',#19021,1.0);
#16984=COLOUR_RGB('',0.431372553110123,0.862745106220245,0.549019634723663);
#16985=CARTESIAN_POINT('',(17.24,-7.36599999999999,-2.53999999999962));
#16986=VECTOR('',#19022,1.0);
#16987=COLOUR_RGB('',0.431372553110123,0.862745106220245,0.549019634723663);
#16988=CARTESIAN_POINT('',(17.24,-9.90600000000003,-2.53999999999962));
#16989=VECTOR('',#19023,1.0);
#16990=COLOUR_RGB('',0.431372553110123,0.862745106220245,0.549019634723663);
#16991=CARTESIAN_POINT('',(17.24,-9.90600000000003,4.57200000000036));
#16992=VECTOR('',#19024,1.0);
#16993=COLOUR_RGB('',0.431372553110123,0.862745106220245,0.549019634723663);
#16994=CARTESIAN_POINT('',(26.908,-10.414,5.08000000000026));
#16995=VECTOR('',#19025,1.0);
#16996=COLOUR_RGB('',0.431372553110123,0.862745106220245,0.549019634723663);
#16997=CARTESIAN_POINT('',(10.414,-9.90600000000003,4.57200000000167));
#16998=CARTESIAN_POINT('',(9.9060000000003,-10.414,5.08000000000085));
#16999=CARTESIAN_POINT('',(10.5356666666679,-9.78433333333355,4.4503333333339));
#17000=VECTOR('',#19026,1.0);
#17001=CARTESIAN_POINT('',(10.414,-7.36599999999999,4.57200000000167));
#17002=CARTESIAN_POINT('',(10.414,-11.176,4.57200000000167));
#17003=VECTOR('',#19027,1.0);
#17004=CARTESIAN_POINT('',(9.9060000000003,-5.58799999999794,5.08000000000085));
#17005=CARTESIAN_POINT('',(10.8518070175455,-8.89832456140326,4.13419298245666));
#17006=VECTOR('',#19028,1.0);
#17007=CARTESIAN_POINT('',(9.9060000000003,-9.525,5.08000000000085));
#17008=VECTOR('',#19029,1.0);
#17009=COLOUR_RGB('',0.431372553110123,0.862745106220245,0.549019634723663);
#17010=CARTESIAN_POINT('',(10.414,-9.90600000000003,-2.53999999999962));
#17011=CARTESIAN_POINT('',(10.414,-9.90600000000003,0.966000000001013));
#17012=VECTOR('',#19030,1.0);
#17013=CARTESIAN_POINT('',(10.414,-7.36599999999999,-2.53999999999962));
#17014=CARTESIAN_POINT('',(10.414,-9.906,-2.53999999999962));
#17015=VECTOR('',#19031,1.0);
#17016=CARTESIAN_POINT('',(10.414,-7.36599999999999,0.966000000001013));
#17017=VECTOR('',#19032,1.0);
#17018=COLOUR_RGB('',0.431372553110123,0.862745106220245,0.549019634723663);
#17019=CARTESIAN_POINT('',(12.446,-7.36599999999999,-2.53999999999962));
#17020=CARTESIAN_POINT('',(12.446,-7.36599999999999,4.57200000000167));
#17021=CARTESIAN_POINT('',(12.446,-7.36599999999999,0.966000000001013));
#17022=VECTOR('',#19033,1.0);
#17023=CARTESIAN_POINT('',(12.446,-9.90600000000003,-2.53999999999962));
#17024=CARTESIAN_POINT('',(12.446,-9.906,-2.53999999999962));
#17025=VECTOR('',#19034,1.0);
#17026=CARTESIAN_POINT('',(12.446,-9.90600000000003,4.57200000000167));
#17027=CARTESIAN_POINT('',(12.446,-9.90600000000003,0.966000000001013));
#17028=VECTOR('',#19035,1.0);
#17029=CARTESIAN_POINT('',(12.446,-11.176,4.57200000000167));
#17030=VECTOR('',#19036,1.0);
#17031=COLOUR_RGB('',0.431372553110123,0.862745106220245,0.549019634723663);
#17032=CARTESIAN_POINT('',(12.9539999999997,-5.58799999999794,5.08000000000085));
#17033=CARTESIAN_POINT('',(12.1485438596477,-8.40709649122741,4.27454385964973));
#17034=VECTOR('',#19037,1.0);
#17035=CARTESIAN_POINT('',(12.9539999999997,-10.414,5.08000000000085));
#17036=CARTESIAN_POINT('',(12.9909999999997,-10.4510000000005,5.11700000000072));
#17037=VECTOR('',#19038,1.0);
#17038=CARTESIAN_POINT('',(12.9539999999997,-9.525,5.08000000000085));
#17039=VECTOR('',#19039,1.0);
#17040=COLOUR_RGB('',0.431372553110123,0.862745106220245,0.549019634723663);
#17041=CARTESIAN_POINT('',(13.43,-7.36599999999999,4.57200000000036));
#17042=VECTOR('',#19040,1.0);
#17043=CARTESIAN_POINT('',(25.003,-5.58799999999998,5.08000000000026));
#17044=VECTOR('',#19041,1.0);
#17045=COLOUR_RGB('',0.431372553110123,0.862745106220245,0.549019634723663);
#17046=CARTESIAN_POINT('',(13.43,-7.36599999999999,-2.53999999999962));
#17047=VECTOR('',#19042,1.0);
#17048=COLOUR_RGB('',0.431372553110123,0.862745106220245,0.549019634723663);
#17049=CARTESIAN_POINT('',(13.43,-9.90600000000003,-2.53999999999962));
#17050=VECTOR('',#19043,1.0);
#17051=COLOUR_RGB('',0.431372553110123,0.862745106220245,0.549019634723663);
#17052=CARTESIAN_POINT('',(13.43,-9.90600000000003,4.57200000000036));
#17053=VECTOR('',#19044,1.0);
#17054=COLOUR_RGB('',0.431372553110123,0.862745106220245,0.549019634723663);
#17055=CARTESIAN_POINT('',(25.003,-10.414,5.08000000000026));
#17056=VECTOR('',#19045,1.0);
#17057=COLOUR_RGB('',0.431372553110123,0.862745106220245,0.549019634723663);
#17058=CARTESIAN_POINT('',(6.60400000000002,-9.90600000000003,4.57200000000167));
#17059=CARTESIAN_POINT('',(6.09600000000031,-10.414,5.08000000000085));
#17060=CARTESIAN_POINT('',(6.72566666666792,-9.78433333333355,4.4503333333339));
#17061=VECTOR('',#19046,1.0);
#17062=CARTESIAN_POINT('',(6.60400000000002,-7.36599999999999,4.57200000000167));
#17063=CARTESIAN_POINT('',(6.60400000000002,-11.176,4.57200000000167));
#17064=VECTOR('',#19047,1.0);
#17065=CARTESIAN_POINT('',(6.09600000000031,-5.58799999999794,5.08000000000085));
#17066=CARTESIAN_POINT('',(7.0418070175455,-8.89832456140326,4.13419298245666));
#17067=VECTOR('',#19048,1.0);
#17068=CARTESIAN_POINT('',(6.09600000000031,-9.525,5.08000000000085));
#17069=VECTOR('',#19049,1.0);
#17070=COLOUR_RGB('',0.431372553110123,0.862745106220245,0.549019634723663);
#17071=CARTESIAN_POINT('',(6.60400000000002,-9.90600000000003,-2.53999999999962));
#17072=CARTESIAN_POINT('',(6.60400000000002,-9.90600000000003,0.966000000001013));
#17073=VECTOR('',#19050,1.0);
#17074=CARTESIAN_POINT('',(6.60400000000002,-7.36599999999999,-2.53999999999962));
#17075=CARTESIAN_POINT('',(6.60400000000002,-9.906,-2.53999999999962));
#17076=VECTOR('',#19051,1.0);
#17077=CARTESIAN_POINT('',(6.60400000000002,-7.36599999999999,0.966000000001013));
#17078=VECTOR('',#19052,1.0);
#17079=COLOUR_RGB('',0.431372553110123,0.862745106220245,0.549019634723663);
#17080=CARTESIAN_POINT('',(8.63599999999998,-7.36599999999999,-2.53999999999962));
#17081=CARTESIAN_POINT('',(8.63599999999998,-7.36599999999999,4.57200000000167));
#17082=CARTESIAN_POINT('',(8.63599999999998,-7.36599999999999,0.966000000001013));
#17083=VECTOR('',#19053,1.0);
#17084=CARTESIAN_POINT('',(8.63599999999998,-9.90600000000003,-2.53999999999962));
#17085=CARTESIAN_POINT('',(8.63599999999998,-9.906,-2.53999999999962));
#17086=VECTOR('',#19054,1.0);
#17087=CARTESIAN_POINT('',(8.63599999999998,-9.90600000000003,4.57200000000167));
#17088=CARTESIAN_POINT('',(8.63599999999998,-9.90600000000003,0.966000000001013));
#17089=VECTOR('',#19055,1.0);
#17090=CARTESIAN_POINT('',(8.63599999999998,-11.176,4.57200000000167));
#17091=VECTOR('',#19056,1.0);
#17092=COLOUR_RGB('',0.431372553110123,0.862745106220245,0.549019634723663);
#17093=CARTESIAN_POINT('',(9.14399999999974,-5.58799999999794,5.08000000000085));
#17094=CARTESIAN_POINT('',(8.33854385964769,-8.40709649122741,4.27454385964973));
#17095=VECTOR('',#19057,1.0);
#17096=CARTESIAN_POINT('',(9.14399999999974,-10.414,5.08000000000085));
#17097=CARTESIAN_POINT('',(9.18099999999965,-10.4510000000005,5.11700000000072));
#17098=VECTOR('',#19058,1.0);
#17099=CARTESIAN_POINT('',(9.14399999999974,-9.525,5.08000000000085));
#17100=VECTOR('',#19059,1.0);
#17101=COLOUR_RGB('',0.431372553110123,0.862745106220245,0.549019634723663);
#17102=CARTESIAN_POINT('',(9.62,-7.36599999999999,4.57200000000036));
#17103=VECTOR('',#19060,1.0);
#17104=CARTESIAN_POINT('',(23.098,-5.58799999999998,5.08000000000026));
#17105=VECTOR('',#19061,1.0);
#17106=COLOUR_RGB('',0.431372553110123,0.862745106220245,0.549019634723663);
#17107=CARTESIAN_POINT('',(9.62,-7.36599999999999,-2.53999999999962));
#17108=VECTOR('',#19062,1.0);
#17109=COLOUR_RGB('',0.431372553110123,0.862745106220245,0.549019634723663);
#17110=CARTESIAN_POINT('',(9.62,-9.90600000000003,-2.53999999999962));
#17111=VECTOR('',#19063,1.0);
#17112=COLOUR_RGB('',0.431372553110123,0.862745106220245,0.549019634723663);
#17113=CARTESIAN_POINT('',(9.62,-9.90600000000003,4.57200000000036));
#17114=VECTOR('',#19064,1.0);
#17115=COLOUR_RGB('',0.431372553110123,0.862745106220245,0.549019634723663);
#17116=CARTESIAN_POINT('',(23.098,-10.414,5.08000000000026));
#17117=VECTOR('',#19065,1.0);
#17118=COLOUR_RGB('',0.431372553110123,0.862745106220245,0.549019634723663);
#17119=CARTESIAN_POINT('',(2.79400000000002,-9.90600000000003,4.57200000000167));
#17120=CARTESIAN_POINT('',(2.28600000000031,-10.414,5.08000000000085));
#17121=CARTESIAN_POINT('',(2.91566666666792,-9.78433333333355,4.4503333333339));
#17122=VECTOR('',#19066,1.0);
#17123=CARTESIAN_POINT('',(2.79400000000002,-7.36599999999999,4.57200000000167));
#17124=CARTESIAN_POINT('',(2.79400000000002,-11.176,4.57200000000167));
#17125=VECTOR('',#19067,1.0);
#17126=CARTESIAN_POINT('',(2.28600000000031,-5.58799999999794,5.08000000000085));
#17127=CARTESIAN_POINT('',(3.2318070175455,-8.89832456140326,4.13419298245666));
#17128=VECTOR('',#19068,1.0);
#17129=CARTESIAN_POINT('',(2.28600000000031,-9.525,5.08000000000085));
#17130=VECTOR('',#19069,1.0);
#17131=COLOUR_RGB('',0.431372553110123,0.862745106220245,0.549019634723663);
#17132=CARTESIAN_POINT('',(2.79400000000002,-9.90600000000003,-2.53999999999962));
#17133=CARTESIAN_POINT('',(2.79400000000002,-9.90600000000003,0.966000000001013));
#17134=VECTOR('',#19070,1.0);
#17135=CARTESIAN_POINT('',(2.79400000000002,-7.36599999999999,-2.53999999999962));
#17136=CARTESIAN_POINT('',(2.79400000000002,-9.906,-2.53999999999962));
#17137=VECTOR('',#19071,1.0);
#17138=CARTESIAN_POINT('',(2.79400000000002,-7.36599999999999,0.966000000001013));
#17139=VECTOR('',#19072,1.0);
#17140=COLOUR_RGB('',0.431372553110123,0.862745106220245,0.549019634723663);
#17141=CARTESIAN_POINT('',(4.82599999999998,-7.36599999999999,-2.53999999999962));
#17142=CARTESIAN_POINT('',(4.82599999999998,-7.36599999999999,4.57200000000167));
#17143=CARTESIAN_POINT('',(4.82599999999998,-7.36599999999999,0.966000000001013));
#17144=VECTOR('',#19073,1.0);
#17145=CARTESIAN_POINT('',(4.82599999999998,-9.90600000000003,-2.53999999999962));
#17146=CARTESIAN_POINT('',(4.82599999999998,-9.906,-2.53999999999962));
#17147=VECTOR('',#19074,1.0);
#17148=CARTESIAN_POINT('',(4.82599999999998,-9.90600000000003,4.57200000000167));
#17149=CARTESIAN_POINT('',(4.82599999999998,-9.90600000000003,0.966000000001013));
#17150=VECTOR('',#19075,1.0);
#17151=CARTESIAN_POINT('',(4.82599999999998,-11.176,4.57200000000167));
#17152=VECTOR('',#19076,1.0);
#17153=COLOUR_RGB('',0.431372553110123,0.862745106220245,0.549019634723663);
#17154=CARTESIAN_POINT('',(5.33399999999974,-5.58799999999794,5.08000000000085));
#17155=CARTESIAN_POINT('',(4.5285438596477,-8.40709649122741,4.27454385964973));
#17156=VECTOR('',#19077,1.0);
#17157=CARTESIAN_POINT('',(5.33399999999974,-10.414,5.08000000000085));
#17158=CARTESIAN_POINT('',(5.37099999999965,-10.4510000000005,5.11700000000072));
#17159=VECTOR('',#19078,1.0);
#17160=CARTESIAN_POINT('',(5.33399999999974,-9.525,5.08000000000085));
#17161=VECTOR('',#19079,1.0);
#17162=COLOUR_RGB('',0.431372553110123,0.862745106220245,0.549019634723663);
#17163=CARTESIAN_POINT('',(5.81,-7.36599999999999,4.57200000000036));
#17164=VECTOR('',#19080,1.0);
#17165=CARTESIAN_POINT('',(21.193,-5.58799999999998,5.08000000000026));
#17166=VECTOR('',#19081,1.0);
#17167=COLOUR_RGB('',0.431372553110123,0.862745106220245,0.549019634723663);
#17168=CARTESIAN_POINT('',(5.81,-7.36599999999999,-2.53999999999962));
#17169=VECTOR('',#19082,1.0);
#17170=COLOUR_RGB('',0.431372553110123,0.862745106220245,0.549019634723663);
#17171=CARTESIAN_POINT('',(5.81,-9.90600000000003,-2.53999999999962));
#17172=VECTOR('',#19083,1.0);
#17173=COLOUR_RGB('',0.431372553110123,0.862745106220245,0.549019634723663);
#17174=CARTESIAN_POINT('',(5.81,-9.90600000000003,4.57200000000036));
#17175=VECTOR('',#19084,1.0);
#17176=COLOUR_RGB('',0.431372553110123,0.862745106220245,0.549019634723663);
#17177=CARTESIAN_POINT('',(21.193,-10.414,5.08000000000026));
#17178=VECTOR('',#19085,1.0);
#17179=COLOUR_RGB('',0.431372553110123,0.862745106220245,0.549019634723663);
#17180=CARTESIAN_POINT('',(-1.01599999999998,-9.90600000000003,4.57200000000167));
#17181=CARTESIAN_POINT('',(-1.52399999999969,-10.414,5.08000000000085));
#17182=CARTESIAN_POINT('',(-0.894333333332081,-9.78433333333355,4.4503333333339));
#17183=VECTOR('',#19086,1.0);
#17184=CARTESIAN_POINT('',(-1.01599999999998,-7.36599999999999,4.57200000000167));
#17185=CARTESIAN_POINT('',(-1.01599999999998,-11.176,4.57200000000167));
#17186=VECTOR('',#19087,1.0);
#17187=CARTESIAN_POINT('',(-1.52399999999969,-5.58799999999794,5.08000000000085));
#17188=CARTESIAN_POINT('',(-0.578192982454503,-8.89832456140326,4.13419298245666));
#17189=VECTOR('',#19088,1.0);
#17190=CARTESIAN_POINT('',(-1.52399999999969,-9.525,5.08000000000085));
#17191=VECTOR('',#19089,1.0);
#17192=COLOUR_RGB('',0.431372553110123,0.862745106220245,0.549019634723663);
#17193=CARTESIAN_POINT('',(-1.01599999999998,-9.90600000000003,-2.53999999999962));
#17194=CARTESIAN_POINT('',(-1.01599999999998,-9.90600000000003,0.966000000001013));
#17195=VECTOR('',#19090,1.0);
#17196=CARTESIAN_POINT('',(-1.01599999999998,-7.36599999999999,-2.53999999999962));
#17197=CARTESIAN_POINT('',(-1.01599999999998,-9.906,-2.53999999999962));
#17198=VECTOR('',#19091,1.0);
#17199=CARTESIAN_POINT('',(-1.01599999999998,-7.36599999999999,0.966000000001013));
#17200=VECTOR('',#19092,1.0);
#17201=COLOUR_RGB('',0.431372553110123,0.862745106220245,0.549019634723663);
#17202=CARTESIAN_POINT('',(1.01599999999998,-7.36599999999999,-2.53999999999962));
#17203=CARTESIAN_POINT('',(1.01599999999998,-7.36599999999999,4.57200000000167));
#17204=CARTESIAN_POINT('',(1.01599999999998,-7.36599999999999,0.966000000001013));
#17205=VECTOR('',#19093,1.0);
#17206=CARTESIAN_POINT('',(1.01599999999998,-9.90600000000003,-2.53999999999962));
#17207=CARTESIAN_POINT('',(1.01599999999998,-9.906,-2.53999999999962));
#17208=VECTOR('',#19094,1.0);
#17209=CARTESIAN_POINT('',(1.01599999999998,-9.90600000000003,4.57200000000167));
#17210=CARTESIAN_POINT('',(1.01599999999998,-9.90600000000003,0.966000000001013));
#17211=VECTOR('',#19095,1.0);
#17212=CARTESIAN_POINT('',(1.01599999999998,-11.176,4.57200000000167));
#17213=VECTOR('',#19096,1.0);
#17214=COLOUR_RGB('',0.431372553110123,0.862745106220245,0.549019634723663);
#17215=CARTESIAN_POINT('',(1.52399999999974,-5.58799999999794,5.08000000000085));
#17216=CARTESIAN_POINT('',(0.718543859647696,-8.40709649122741,4.27454385964973));
#17217=VECTOR('',#19097,1.0);
#17218=CARTESIAN_POINT('',(1.52399999999974,-10.414,5.08000000000085));
#17219=CARTESIAN_POINT('',(1.56099999999965,-10.4510000000005,5.11700000000072));
#17220=VECTOR('',#19098,1.0);
#17221=CARTESIAN_POINT('',(1.52399999999974,-9.525,5.08000000000085));
#17222=VECTOR('',#19099,1.0);
#17223=COLOUR_RGB('',0.431372553110123,0.862745106220245,0.549019634723663);
#17224=CARTESIAN_POINT('',(2.0,-7.36599999999999,4.57200000000036));
#17225=VECTOR('',#19100,1.0);
#17226=CARTESIAN_POINT('',(19.288,-5.58799999999998,5.08000000000026));
#17227=VECTOR('',#19101,1.0);
#17228=COLOUR_RGB('',0.431372553110123,0.862745106220245,0.549019634723663);
#17229=CARTESIAN_POINT('',(2.0,-7.36599999999999,-2.53999999999962));
#17230=VECTOR('',#19102,1.0);
#17231=COLOUR_RGB('',0.431372553110123,0.862745106220245,0.549019634723663);
#17232=CARTESIAN_POINT('',(2.0,-9.90600000000003,-2.53999999999962));
#17233=VECTOR('',#19103,1.0);
#17234=COLOUR_RGB('',0.431372553110123,0.862745106220245,0.549019634723663);
#17235=CARTESIAN_POINT('',(2.0,-9.90600000000003,4.57200000000036));
#17236=VECTOR('',#19104,1.0);
#17237=COLOUR_RGB('',0.431372553110123,0.862745106220245,0.549019634723663);
#17238=CARTESIAN_POINT('',(19.288,-10.414,5.08000000000026));
#17239=VECTOR('',#19105,1.0);
#17240=COLOUR_RGB('',0.431372553110123,0.862745106220245,0.549019634723663);
#17241=CARTESIAN_POINT('',(35.687,-4.06400000000002,5.58800000000025));
#17242=CARTESIAN_POINT('',(35.687,-4.06400000000006,5.08000000000004));
#17243=CARTESIAN_POINT('',(35.687,-4.06400000000002,5.44051832397629));
#17244=VECTOR('',#19106,1.0);
#17245=CARTESIAN_POINT('',(35.687,-4.57200000000001,5.58800000000025));
#17246=CARTESIAN_POINT('',(35.687,-4.31799999999997,5.58800000000025));
#17247=VECTOR('',#19107,1.0);
#17248=CARTESIAN_POINT('',(35.687,-4.57200000000005,5.08000000000026));
#17249=CARTESIAN_POINT('',(35.687,-4.57200000000001,5.44051832397635));
#17250=VECTOR('',#19108,1.0);
#17251=CARTESIAN_POINT('',(35.687,-4.06400000000006,5.08000000000004));
#17252=VECTOR('',#19109,1.0);
#17253=COLOUR_RGB('',0.431372553110123,0.862745106220245,0.549019634723663);
#17254=CARTESIAN_POINT('',(36.5506,-10.6680000000001,5.08000000000005));
#17255=CARTESIAN_POINT('',(36.5506,-4.06400000000006,5.08000000000004));
#17256=CARTESIAN_POINT('',(36.5506,-6.73100000000004,5.08000000000019));
#17257=VECTOR('',#19110,1.0);
#17258=CARTESIAN_POINT('',(36.5506,-10.6680000000001,2.54));
#17259=CARTESIAN_POINT('',(36.5506,-10.6680000000001,5.78000000000004));
#17260=VECTOR('',#19111,1.0);
#17261=CARTESIAN_POINT('',(36.5506,-0.508000000000047,2.54));
#17262=CARTESIAN_POINT('',(36.5506,-10.6680000000001,2.54));
#17263=VECTOR('',#19112,1.0);
#17264=CARTESIAN_POINT('',(36.5506,-0.508000000000047,3.30200000000004));
#17265=CARTESIAN_POINT('',(36.5506,-0.508000000000047,2.54));
#17266=VECTOR('',#19113,1.0);
#17267=CARTESIAN_POINT('',(36.5506,-4.06400000000002,4.572));
#17268=CARTESIAN_POINT('',(36.5506,-3.78555203619913,4.47255429864254));
#17269=VECTOR('',#19114,1.0);
#17270=CARTESIAN_POINT('',(36.5506,-4.06400000000002,4.74700000000008));
#17271=VECTOR('',#19115,1.0);
#17272=COLOUR_RGB('',0.431372553110123,0.862745106220245,0.549019634723663);
#17273=CARTESIAN_POINT('',(-1.397,-4.57200000000001,5.58800000000025));
#17274=CARTESIAN_POINT('',(36.576,-4.57200000000001,5.58800000000025));
#17275=VECTOR('',#19116,1.0);
#17276=CARTESIAN_POINT('',(-1.397,-4.57200000000005,5.08000000000026));
#17277=CARTESIAN_POINT('',(-1.397,-4.57200000000001,5.44051832397635));
#17278=VECTOR('',#19117,1.0);
#17279=CARTESIAN_POINT('',(36.576,-4.57200000000001,5.08000000000026));
#17280=VECTOR('',#19118,1.0);
#17281=COLOUR_RGB('',0.431372553110123,0.862745106220245,0.549019634723663);
#17282=CARTESIAN_POINT('',(-1.397,-4.06400000000006,5.08000000000004));
#17283=CARTESIAN_POINT('',(-1.397,-4.06400000000002,5.58800000000025));
#17284=CARTESIAN_POINT('',(-1.397,-4.06400000000002,5.4405183239763));
#17285=VECTOR('',#19119,1.0);
#17286=CARTESIAN_POINT('',(-1.397,-4.06400000000006,5.08000000000004));
#17287=VECTOR('',#19120,1.0);
#17288=CARTESIAN_POINT('',(-1.397,-4.31799999999997,5.58800000000025));
#17289=VECTOR('',#19121,1.0);
#17290=COLOUR_RGB('',0.431372553110123,0.862745106220245,0.549019634723663);
#17291=CARTESIAN_POINT('',(36.576,-4.06400000000002,5.58800000000025));
#17292=VECTOR('',#19122,1.0);
#17293=COLOUR_RGB('',0.431372553110123,0.862745106220245,0.549019634723663);
#17294=CARTESIAN_POINT('',(36.576,-0.508000000000003,3.30199999999998));
#17295=CARTESIAN_POINT('',(36.576,-0.508000000000003,3.30199999999998));
#17296=VECTOR('',#19123,1.0);
#17297=CARTESIAN_POINT('',(36.576,-0.508000000000047,2.54));
#17298=CARTESIAN_POINT('',(36.776,-0.508000000000047,2.54));
#17299=VECTOR('',#19124,1.0);
#17300=CARTESIAN_POINT('',(36.576,-0.508000000000045,2.39851275405854));
#17301=VECTOR('',#19125,1.0);
#17302=COLOUR_RGB('',0.431372553110123,0.862745106220245,0.549019634723663);
#17303=CARTESIAN_POINT('',(36.576,-10.6680000000001,2.54));
#17304=CARTESIAN_POINT('',(36.576,-5.70122332050208,2.54));
#17305=VECTOR('',#19126,1.0);
#17306=CARTESIAN_POINT('',(36.776,-10.6680000000001,2.54));
#17307=VECTOR('',#19127,1.0);
#17308=COLOUR_RGB('',0.431372553110123,0.862745106220245,0.549019634723663);
#17309=CARTESIAN_POINT('',(36.576,-10.6680000000001,5.08000000000005));
#17310=CARTESIAN_POINT('',(36.576,-10.6680000000001,2.39851275405854));
#17311=VECTOR('',#19128,1.0);
#17312=CARTESIAN_POINT('',(36.676,-10.6680000000001,5.08000000000005));
#17313=VECTOR('',#19129,1.0);
#17314=COLOUR_RGB('',0.431372553110123,0.862745106220245,0.549019634723663);
#17315=CARTESIAN_POINT('',(-2.2606,-0.508000000000047,3.30200000000005));
#17316=CARTESIAN_POINT('',(36.576,-0.508000000000003,3.30199999999998));
#17317=VECTOR('',#19130,1.0);
#17318=CARTESIAN_POINT('',(-2.2606,-4.06400000000002,4.572));
#17319=CARTESIAN_POINT('',(-2.2606,-3.78555203619913,4.47255429864255));
#17320=VECTOR('',#19131,1.0);
#17321=CARTESIAN_POINT('',(36.576,-4.06400000000002,4.572));
#17322=VECTOR('',#19132,1.0);
#17323=COLOUR_RGB('',0.431372553110123,0.862745106220245,0.549019634723663);
#17324=CARTESIAN_POINT('',(36.576,-11.176,5.08000000000004));
#17325=CARTESIAN_POINT('',(36.576,-4.57200000000001,5.08000000000026));
#17326=VECTOR('',#19133,1.0);
#17327=CARTESIAN_POINT('',(36.576,-11.176,-3.04800000000002));
#17328=CARTESIAN_POINT('',(36.576,-11.176,5.08000000000004));
#17329=VECTOR('',#19134,1.0);
#17330=CARTESIAN_POINT('',(36.576,-10.16,-3.04800000000002));
#17331=CARTESIAN_POINT('',(36.576,-11.176,-3.04800000000002));
#17332=VECTOR('',#19135,1.0);
#17333=CARTESIAN_POINT('',(36.576,-10.16,-3.81));
#17334=CARTESIAN_POINT('',(36.576,-10.16,-3.04800000000002));
#17335=VECTOR('',#19136,1.0);
#17336=CARTESIAN_POINT('',(36.576,-1.77799999999998,-3.81));
#17337=CARTESIAN_POINT('',(36.576,-10.16,-3.81));
#17338=VECTOR('',#19137,1.0);
#17339=CARTESIAN_POINT('',(36.576,-1.77799999999998,-3.81));
#17340=VECTOR('',#19138,1.0);
#17341=CARTESIAN_POINT('',(36.576,-1.4210854715202E-14,3.30199999999998));
#17342=CARTESIAN_POINT('',(36.576,-1.4210854715202E-14,-2.28599999999999));
#17343=VECTOR('',#19139,1.0);
#17344=CARTESIAN_POINT('',(36.576,-1.4210854715202E-14,3.30199999999998));
#17345=VECTOR('',#19140,1.0);
#17346=COLOUR_RGB('',0.431372553110123,0.862745106220245,0.549019634723663);
#17347=CARTESIAN_POINT('',(-2.2606,-4.06400000000006,5.08000000000004));
#17348=CARTESIAN_POINT('',(-2.2606,-10.6680000000001,5.08000000000006));
#17349=CARTESIAN_POINT('',(-2.2606,-6.73100000000004,5.08000000000019));
#17350=VECTOR('',#19141,1.0);
#17351=CARTESIAN_POINT('',(-2.2606,-4.06400000000002,4.74700000000008));
#17352=VECTOR('',#19142,1.0);
#17353=CARTESIAN_POINT('',(-2.2606,-0.508000000000047,2.54));
#17354=CARTESIAN_POINT('',(-2.2606,-0.508000000000047,2.54));
#17355=VECTOR('',#19143,1.0);
#17356=CARTESIAN_POINT('',(-2.2606,-10.6680000000001,2.54));
#17357=CARTESIAN_POINT('',(-2.2606,-10.6680000000001,2.54));
#17358=VECTOR('',#19144,1.0);
#17359=CARTESIAN_POINT('',(-2.2606,-10.6680000000001,5.78000000000004));
#17360=VECTOR('',#19145,1.0);
#17361=COLOUR_RGB('',0.431372553110123,0.862745106220245,0.549019634723663);
#17362=CARTESIAN_POINT('',(-2.286,-10.6680000000001,2.54));
#17363=CARTESIAN_POINT('',(-2.286,-0.508000000000047,2.54));
#17364=CARTESIAN_POINT('',(-2.286,-5.70122332050208,2.54));
#17365=VECTOR('',#19146,1.0);
#17366=CARTESIAN_POINT('',(-2.2606,-10.6680000000001,2.54));
#17367=VECTOR('',#19147,1.0);
#17368=CARTESIAN_POINT('',(-2.2606,-0.508000000000047,2.54));
#17369=VECTOR('',#19148,1.0);
#17370=COLOUR_RGB('',0.431372553110123,0.862745106220245,0.549019634723663);
#17371=CARTESIAN_POINT('',(-2.286,-0.508000000000003,3.30199999999999));
#17372=CARTESIAN_POINT('',(36.576,-0.508000000000003,3.30199999999998));
#17373=VECTOR('',#19149,1.0);
#17374=CARTESIAN_POINT('',(-2.286,-0.508000000000045,2.39851275405854));
#17375=VECTOR('',#19150,1.0);
#17376=COLOUR_RGB('',0.431372553110123,0.862745106220245,0.549019634723663);
#17377=CARTESIAN_POINT('',(-2.286,-10.6680000000001,5.08000000000006));
#17378=CARTESIAN_POINT('',(-2.286,-10.6680000000001,2.39851275405854));
#17379=VECTOR('',#19151,1.0);
#17380=CARTESIAN_POINT('',(17.1577,-10.6680000000001,5.08000000000006));
#17381=VECTOR('',#19152,1.0);
#17382=COLOUR_RGB('',0.431372553110123,0.862745106220245,0.549019634723663);
#17383=CARTESIAN_POINT('',(36.676,-4.06400000000006,5.08000000000004));
#17384=VECTOR('',#19153,1.0);
#17385=CARTESIAN_POINT('',(17.5895,-4.06400000000006,5.08000000000003));
#17386=VECTOR('',#19154,1.0);
#17387=COLOUR_RGB('',0.431372553110123,0.862745106220245,0.549019634723663);
#17388=CARTESIAN_POINT('',(-2.286,-11.176,5.08000000000004));
#17389=CARTESIAN_POINT('',(-2.286,-4.57200000000001,5.08000000000026));
#17390=VECTOR('',#19155,1.0);
#17391=CARTESIAN_POINT('',(36.576,-11.176,5.08000000000004));
#17392=VECTOR('',#19156,1.0);
#17393=COLOUR_RGB('',0.431372553110123,0.862745106220245,0.549019634723663);
#17394=CARTESIAN_POINT('',(-2.286,-11.176,-3.04800000000001));
#17395=CARTESIAN_POINT('',(-2.286,-11.176,5.08000000000004));
#17396=VECTOR('',#19157,1.0);
#17397=CARTESIAN_POINT('',(36.576,-11.176,-3.04800000000002));
#17398=VECTOR('',#19158,1.0);
#17399=COLOUR_RGB('',0.431372553110123,0.862745106220245,0.549019634723663);
#17400=CARTESIAN_POINT('',(-2.286,-10.16,-3.04800000000001));
#17401=CARTESIAN_POINT('',(-2.286,-11.176,-3.04800000000001));
#17402=VECTOR('',#19159,1.0);
#17403=CARTESIAN_POINT('',(36.576,-10.16,-3.04800000000002));
#17404=VECTOR('',#19160,1.0);
#17405=COLOUR_RGB('',0.431372553110123,0.862745106220245,0.549019634723663);
#17406=CARTESIAN_POINT('',(-2.286,-10.16,-3.81));
#17407=CARTESIAN_POINT('',(-2.286,-10.16,-3.04800000000001));
#17408=VECTOR('',#19161,1.0);
#17409=CARTESIAN_POINT('',(36.576,-10.16,-3.81));
#17410=VECTOR('',#19162,1.0);
#17411=COLOUR_RGB('',0.431372553110123,0.862745106220245,0.549019634723663);
#17412=CARTESIAN_POINT('',(-2.286,-1.77799999999998,-3.81));
#17413=CARTESIAN_POINT('',(-2.286,-10.16,-3.81));
#17414=VECTOR('',#19163,1.0);
#17415=CARTESIAN_POINT('',(36.576,-1.77799999999998,-3.81));
#17416=VECTOR('',#19164,1.0);
#17417=COLOUR_RGB('',0.431372553110123,0.862745106220245,0.549019634723663);
#17418=CARTESIAN_POINT('',(-2.286,-1.77799999999998,-3.81));
#17419=VECTOR('',#19165,1.0);
#17420=COLOUR_RGB('',0.431372553110123,0.862745106220245,0.549019634723663);
#17421=CARTESIAN_POINT('',(-2.286,-1.4210854715202E-14,3.30199999999999));
#17422=CARTESIAN_POINT('',(-2.286,-1.4210854715202E-14,-2.28599999999999));
#17423=VECTOR('',#19166,1.0);
#17424=CARTESIAN_POINT('',(36.576,-1.4210854715202E-14,3.30199999999998));
#17425=VECTOR('',#19167,1.0);
#17426=COLOUR_RGB('',0.431372553110123,0.862745106220245,0.549019634723663);
#17427=CARTESIAN_POINT('',(-2.286,-1.4210854715202E-14,3.30199999999999));
#17428=VECTOR('',#19168,1.0);
#17429=COLOUR_RGB('',0.431372553110123,0.862745106220245,0.549019634723663);
#17430=DIRECTION('',(-6.12323399573676E-17,-0.0,-1.0));
#17431=CARTESIAN_POINT('',(0.0,-4.826,-9.14399999999958));
#17432=DIRECTION('',(6.12323399573676E-17,-0.0,1.0));
#17433=DIRECTION('',(0.0,1.0,0.0));
#17434=DIRECTION('',(6.12323399573676E-17,-0.0,1.0));
#17435=CARTESIAN_POINT('',(0.0,-4.826,-9.39799999999962));
#17436=DIRECTION('',(6.12323399573676E-17,-0.0,1.0));
#17437=DIRECTION('',(0.0,1.0,0.0));
#17438=DIRECTION('',(4.32978028117593E-17,0.707106781186463,-0.707106781186632));
#17439=DIRECTION('',(1.29893408435319E-16,0.707106781186463,0.707106781186632));
#17440=CARTESIAN_POINT('',(0.0,-4.826,-9.58849999999962));
#17441=DIRECTION('',(6.12323399573676E-17,-0.0,1.0));
#17442=DIRECTION('',(0.0,1.0,0.0));
#17443=DIRECTION('',(-6.12323399573676E-17,-0.0,-1.0));
#17444=DIRECTION('',(6.12323399573676E-17,-0.0,1.0));
#17445=CARTESIAN_POINT('',(0.0,-4.826,-10.414));
#17446=DIRECTION('',(0.0,-0.0,1.0));
#17447=DIRECTION('',(0.0,1.0,0.0));
#17448=DIRECTION('',(-6.12323399573676E-17,-0.0,-1.0));
#17449=CARTESIAN_POINT('',(3.81,-4.826,-9.14399999999958));
#17450=DIRECTION('',(6.12323399573676E-17,-0.0,1.0));
#17451=DIRECTION('',(0.0,1.0,0.0));
#17452=DIRECTION('',(6.12323399573676E-17,-0.0,1.0));
#17453=CARTESIAN_POINT('',(3.81,-4.826,-9.39799999999962));
#17454=DIRECTION('',(6.12323399573676E-17,-0.0,1.0));
#17455=DIRECTION('',(0.0,1.0,0.0));
#17456=DIRECTION('',(-4.32978028117798E-17,0.707106781186463,-0.707106781186632));
#17457=DIRECTION('',(4.32978028117798E-17,0.707106781186463,0.707106781186632));
#17458=CARTESIAN_POINT('',(3.81,-4.826,-9.58849999999962));
#17459=DIRECTION('',(6.12323399573676E-17,-0.0,1.0));
#17460=DIRECTION('',(0.0,1.0,0.0));
#17461=DIRECTION('',(-6.12323399573676E-17,-0.0,-1.0));
#17462=DIRECTION('',(6.12323399573676E-17,-0.0,1.0));
#17463=CARTESIAN_POINT('',(3.81,-4.826,-10.414));
#17464=DIRECTION('',(0.0,-0.0,1.0));
#17465=DIRECTION('',(0.0,1.0,0.0));
#17466=DIRECTION('',(-6.12323399573676E-17,-0.0,-1.0));
#17467=CARTESIAN_POINT('',(7.62,-4.826,-9.14399999999958));
#17468=DIRECTION('',(6.12323399573676E-17,-0.0,1.0));
#17469=DIRECTION('',(0.0,1.0,0.0));
#17470=DIRECTION('',(6.12323399573676E-17,-0.0,1.0));
#17471=CARTESIAN_POINT('',(7.62,-4.826,-9.39799999999962));
#17472=DIRECTION('',(6.12323399573676E-17,-0.0,1.0));
#17473=DIRECTION('',(0.0,1.0,0.0));
#17474=DIRECTION('',(-4.32978028117798E-17,0.707106781186463,-0.707106781186632));
#17475=DIRECTION('',(4.32978028117798E-17,0.707106781186463,0.707106781186632));
#17476=CARTESIAN_POINT('',(7.62,-4.826,-9.58849999999962));
#17477=DIRECTION('',(6.12323399573676E-17,-0.0,1.0));
#17478=DIRECTION('',(0.0,1.0,0.0));
#17479=DIRECTION('',(-6.12323399573676E-17,-0.0,-1.0));
#17480=DIRECTION('',(6.12323399573676E-17,-0.0,1.0));
#17481=CARTESIAN_POINT('',(7.62,-4.826,-10.414));
#17482=DIRECTION('',(0.0,-0.0,1.0));
#17483=DIRECTION('',(0.0,1.0,0.0));
#17484=DIRECTION('',(-6.12323399573676E-17,-0.0,-1.0));
#17485=CARTESIAN_POINT('',(11.43,-4.826,-9.14399999999958));
#17486=DIRECTION('',(6.12323399573676E-17,-0.0,1.0));
#17487=DIRECTION('',(0.0,1.0,0.0));
#17488=DIRECTION('',(6.12323399573676E-17,-0.0,1.0));
#17489=CARTESIAN_POINT('',(11.43,-4.826,-9.39799999999962));
#17490=DIRECTION('',(6.12323399573676E-17,-0.0,1.0));
#17491=DIRECTION('',(0.0,1.0,0.0));
#17492=DIRECTION('',(-4.32978028117798E-17,0.707106781186463,-0.707106781186632));
#17493=DIRECTION('',(4.32978028117798E-17,0.707106781186463,0.707106781186632));
#17494=CARTESIAN_POINT('',(11.43,-4.826,-9.58849999999962));
#17495=DIRECTION('',(6.12323399573676E-17,-0.0,1.0));
#17496=DIRECTION('',(0.0,1.0,0.0));
#17497=DIRECTION('',(-6.12323399573676E-17,-0.0,-1.0));
#17498=DIRECTION('',(6.12323399573676E-17,-0.0,1.0));
#17499=CARTESIAN_POINT('',(11.43,-4.826,-10.414));
#17500=DIRECTION('',(0.0,-0.0,1.0));
#17501=DIRECTION('',(0.0,1.0,0.0));
#17502=DIRECTION('',(-6.12323399573676E-17,-0.0,-1.0));
#17503=CARTESIAN_POINT('',(15.24,-4.826,-9.14399999999958));
#17504=DIRECTION('',(6.12323399573676E-17,-0.0,1.0));
#17505=DIRECTION('',(0.0,1.0,0.0));
#17506=DIRECTION('',(6.12323399573676E-17,-0.0,1.0));
#17507=CARTESIAN_POINT('',(15.24,-4.826,-9.39799999999962));
#17508=DIRECTION('',(6.12323399573676E-17,-0.0,1.0));
#17509=DIRECTION('',(0.0,1.0,0.0));
#17510=DIRECTION('',(-4.32978028117798E-17,0.707106781186463,-0.707106781186632));
#17511=DIRECTION('',(4.32978028117798E-17,0.707106781186463,0.707106781186632));
#17512=CARTESIAN_POINT('',(15.24,-4.826,-9.58849999999962));
#17513=DIRECTION('',(6.12323399573676E-17,-0.0,1.0));
#17514=DIRECTION('',(0.0,1.0,0.0));
#17515=DIRECTION('',(-6.12323399573676E-17,-0.0,-1.0));
#17516=DIRECTION('',(6.12323399573676E-17,-0.0,1.0));
#17517=CARTESIAN_POINT('',(15.24,-4.826,-10.414));
#17518=DIRECTION('',(0.0,-0.0,1.0));
#17519=DIRECTION('',(0.0,1.0,0.0));
#17520=DIRECTION('',(-6.12323399573676E-17,-0.0,-1.0));
#17521=CARTESIAN_POINT('',(19.05,-4.826,-9.14399999999958));
#17522=DIRECTION('',(6.12323399573676E-17,-0.0,1.0));
#17523=DIRECTION('',(0.0,1.0,0.0));
#17524=DIRECTION('',(6.12323399573676E-17,-0.0,1.0));
#17525=CARTESIAN_POINT('',(19.05,-4.826,-9.39799999999962));
#17526=DIRECTION('',(6.12323399573676E-17,-0.0,1.0));
#17527=DIRECTION('',(0.0,1.0,0.0));
#17528=DIRECTION('',(-4.32978028117798E-17,0.707106781186463,-0.707106781186632));
#17529=DIRECTION('',(4.32978028117798E-17,0.707106781186463,0.707106781186632));
#17530=CARTESIAN_POINT('',(19.05,-4.826,-9.58849999999962));
#17531=DIRECTION('',(6.12323399573676E-17,-0.0,1.0));
#17532=DIRECTION('',(0.0,1.0,0.0));
#17533=DIRECTION('',(-6.12323399573676E-17,-0.0,-1.0));
#17534=DIRECTION('',(6.12323399573676E-17,-0.0,1.0));
#17535=CARTESIAN_POINT('',(19.05,-4.826,-10.414));
#17536=DIRECTION('',(0.0,-0.0,1.0));
#17537=DIRECTION('',(0.0,1.0,0.0));
#17538=DIRECTION('',(-6.12323399573676E-17,-0.0,-1.0));
#17539=CARTESIAN_POINT('',(22.86,-4.826,-9.14399999999958));
#17540=DIRECTION('',(6.12323399573676E-17,-0.0,1.0));
#17541=DIRECTION('',(0.0,1.0,0.0));
#17542=DIRECTION('',(6.12323399573676E-17,-0.0,1.0));
#17543=CARTESIAN_POINT('',(22.86,-4.826,-9.39799999999962));
#17544=DIRECTION('',(6.12323399573676E-17,-0.0,1.0));
#17545=DIRECTION('',(0.0,1.0,0.0));
#17546=DIRECTION('',(-4.32978028117798E-17,0.707106781186463,-0.707106781186632));
#17547=DIRECTION('',(4.32978028117798E-17,0.707106781186463,0.707106781186632));
#17548=CARTESIAN_POINT('',(22.86,-4.826,-9.58849999999962));
#17549=DIRECTION('',(6.12323399573676E-17,-0.0,1.0));
#17550=DIRECTION('',(0.0,1.0,0.0));
#17551=DIRECTION('',(-6.12323399573676E-17,-0.0,-1.0));
#17552=DIRECTION('',(6.12323399573676E-17,-0.0,1.0));
#17553=CARTESIAN_POINT('',(22.86,-4.826,-10.414));
#17554=DIRECTION('',(0.0,-0.0,1.0));
#17555=DIRECTION('',(0.0,1.0,0.0));
#17556=DIRECTION('',(-6.12323399573676E-17,-0.0,-1.0));
#17557=CARTESIAN_POINT('',(26.67,-4.826,-9.14399999999958));
#17558=DIRECTION('',(6.12323399573676E-17,-0.0,1.0));
#17559=DIRECTION('',(0.0,1.0,0.0));
#17560=DIRECTION('',(6.12323399573676E-17,-0.0,1.0));
#17561=CARTESIAN_POINT('',(26.67,-4.826,-9.39799999999962));
#17562=DIRECTION('',(6.12323399573676E-17,-0.0,1.0));
#17563=DIRECTION('',(0.0,1.0,0.0));
#17564=DIRECTION('',(-4.32978028117798E-17,0.707106781186463,-0.707106781186632));
#17565=DIRECTION('',(4.32978028117798E-17,0.707106781186463,0.707106781186632));
#17566=CARTESIAN_POINT('',(26.67,-4.826,-9.58849999999962));
#17567=DIRECTION('',(6.12323399573676E-17,-0.0,1.0));
#17568=DIRECTION('',(0.0,1.0,0.0));
#17569=DIRECTION('',(-6.12323399573676E-17,-0.0,-1.0));
#17570=DIRECTION('',(6.12323399573676E-17,-0.0,1.0));
#17571=CARTESIAN_POINT('',(26.67,-4.826,-10.414));
#17572=DIRECTION('',(0.0,-0.0,1.0));
#17573=DIRECTION('',(0.0,1.0,0.0));
#17574=DIRECTION('',(-6.12323399573676E-17,-0.0,-1.0));
#17575=CARTESIAN_POINT('',(30.48,-4.826,-9.14399999999958));
#17576=DIRECTION('',(6.12323399573676E-17,-0.0,1.0));
#17577=DIRECTION('',(0.0,1.0,0.0));
#17578=DIRECTION('',(6.12323399573676E-17,-0.0,1.0));
#17579=CARTESIAN_POINT('',(30.48,-4.826,-9.39799999999962));
#17580=DIRECTION('',(6.12323399573676E-17,-0.0,1.0));
#17581=DIRECTION('',(0.0,1.0,0.0));
#17582=DIRECTION('',(-4.32978028117798E-17,0.707106781186463,-0.707106781186632));
#17583=DIRECTION('',(4.32978028117798E-17,0.707106781186463,0.707106781186632));
#17584=CARTESIAN_POINT('',(30.48,-4.826,-9.58849999999962));
#17585=DIRECTION('',(6.12323399573676E-17,-0.0,1.0));
#17586=DIRECTION('',(0.0,1.0,0.0));
#17587=DIRECTION('',(-6.12323399573676E-17,-0.0,-1.0));
#17588=DIRECTION('',(6.12323399573676E-17,-0.0,1.0));
#17589=CARTESIAN_POINT('',(30.48,-4.826,-10.414));
#17590=DIRECTION('',(0.0,-0.0,1.0));
#17591=DIRECTION('',(0.0,1.0,0.0));
#17592=DIRECTION('',(-6.12323399573676E-17,-0.0,-1.0));
#17593=CARTESIAN_POINT('',(34.29,-4.826,-9.14399999999958));
#17594=DIRECTION('',(6.12323399573676E-17,-0.0,1.0));
#17595=DIRECTION('',(0.0,1.0,0.0));
#17596=DIRECTION('',(6.12323399573676E-17,-0.0,1.0));
#17597=CARTESIAN_POINT('',(34.29,-4.826,-9.39799999999962));
#17598=DIRECTION('',(6.12323399573676E-17,-0.0,1.0));
#17599=DIRECTION('',(0.0,1.0,0.0));
#17600=DIRECTION('',(-4.32978028117798E-17,0.707106781186463,-0.707106781186632));
#17601=DIRECTION('',(4.32978028117798E-17,0.707106781186463,0.707106781186632));
#17602=CARTESIAN_POINT('',(34.29,-4.826,-9.58849999999962));
#17603=DIRECTION('',(6.12323399573676E-17,-0.0,1.0));
#17604=DIRECTION('',(0.0,1.0,0.0));
#17605=DIRECTION('',(-6.12323399573676E-17,-0.0,-1.0));
#17606=DIRECTION('',(6.12323399573676E-17,-0.0,1.0));
#17607=CARTESIAN_POINT('',(34.29,-4.826,-10.414));
#17608=DIRECTION('',(0.0,-0.0,1.0));
#17609=DIRECTION('',(0.0,1.0,0.0));
#17610=DIRECTION('',(-0.0,-1.0,-0.0));
#17611=CARTESIAN_POINT('',(0.0,-1.4210854715202E-14,-4.44089209850063E-16));
#17612=DIRECTION('',(0.0,-1.0,0.0));
#17613=DIRECTION('',(1.0,0.0,0.0));
#17614=DIRECTION('',(-0.0,1.0,-0.0));
#17615=CARTESIAN_POINT('',(0.0,-1.77799999999996,-4.44089209850063E-16));
#17616=DIRECTION('',(-0.0,1.0,0.0));
#17617=DIRECTION('',(1.0,0.0,0.0));
#17618=DIRECTION('',(-0.0,-1.0,-0.0));
#17619=CARTESIAN_POINT('',(3.81,-1.4210854715202E-14,-4.44089209850063E-16));
#17620=DIRECTION('',(0.0,-1.0,0.0));
#17621=DIRECTION('',(1.0,0.0,0.0));
#17622=DIRECTION('',(-0.0,1.0,-0.0));
#17623=CARTESIAN_POINT('',(3.81,-1.77799999999996,-4.44089209850063E-16));
#17624=DIRECTION('',(-0.0,1.0,0.0));
#17625=DIRECTION('',(1.0,0.0,0.0));
#17626=DIRECTION('',(-0.0,-1.0,-0.0));
#17627=CARTESIAN_POINT('',(7.62,-1.4210854715202E-14,-4.44089209850063E-16));
#17628=DIRECTION('',(0.0,-1.0,0.0));
#17629=DIRECTION('',(1.0,0.0,0.0));
#17630=DIRECTION('',(-0.0,1.0,-0.0));
#17631=CARTESIAN_POINT('',(7.62,-1.77799999999996,-4.44089209850063E-16));
#17632=DIRECTION('',(-0.0,1.0,0.0));
#17633=DIRECTION('',(1.0,0.0,0.0));
#17634=DIRECTION('',(-0.0,-1.0,-0.0));
#17635=CARTESIAN_POINT('',(11.43,-1.4210854715202E-14,-4.44089209850063E-16));
#17636=DIRECTION('',(0.0,-1.0,0.0));
#17637=DIRECTION('',(1.0,0.0,0.0));
#17638=DIRECTION('',(-0.0,1.0,-0.0));
#17639=CARTESIAN_POINT('',(11.43,-1.77799999999996,-4.44089209850063E-16));
#17640=DIRECTION('',(-0.0,1.0,0.0));
#17641=DIRECTION('',(1.0,0.0,0.0));
#17642=DIRECTION('',(-0.0,-1.0,-0.0));
#17643=CARTESIAN_POINT('',(15.24,-1.4210854715202E-14,-4.44089209850063E-16));
#17644=DIRECTION('',(0.0,-1.0,0.0));
#17645=DIRECTION('',(1.0,0.0,0.0));
#17646=DIRECTION('',(-0.0,1.0,-0.0));
#17647=CARTESIAN_POINT('',(15.24,-1.77799999999996,-4.44089209850063E-16));
#17648=DIRECTION('',(-0.0,1.0,0.0));
#17649=DIRECTION('',(1.0,0.0,0.0));
#17650=DIRECTION('',(-0.0,-1.0,-0.0));
#17651=CARTESIAN_POINT('',(19.05,-1.4210854715202E-14,-4.44089209850063E-16));
#17652=DIRECTION('',(0.0,-1.0,0.0));
#17653=DIRECTION('',(1.0,0.0,0.0));
#17654=DIRECTION('',(-0.0,1.0,-0.0));
#17655=CARTESIAN_POINT('',(19.05,-1.77799999999996,-4.44089209850063E-16));
#17656=DIRECTION('',(-0.0,1.0,0.0));
#17657=DIRECTION('',(1.0,0.0,0.0));
#17658=DIRECTION('',(-0.0,-1.0,-0.0));
#17659=CARTESIAN_POINT('',(22.86,-1.4210854715202E-14,-4.44089209850063E-16));
#17660=DIRECTION('',(0.0,-1.0,0.0));
#17661=DIRECTION('',(1.0,0.0,0.0));
#17662=DIRECTION('',(-0.0,1.0,-0.0));
#17663=CARTESIAN_POINT('',(22.86,-1.77799999999996,-4.44089209850063E-16));
#17664=DIRECTION('',(-0.0,1.0,0.0));
#17665=DIRECTION('',(1.0,0.0,0.0));
#17666=DIRECTION('',(-0.0,-1.0,-0.0));
#17667=CARTESIAN_POINT('',(26.67,-1.4210854715202E-14,-4.44089209850063E-16));
#17668=DIRECTION('',(0.0,-1.0,0.0));
#17669=DIRECTION('',(1.0,0.0,0.0));
#17670=DIRECTION('',(-0.0,1.0,-0.0));
#17671=CARTESIAN_POINT('',(26.67,-1.77799999999996,-4.44089209850063E-16));
#17672=DIRECTION('',(-0.0,1.0,0.0));
#17673=DIRECTION('',(1.0,0.0,0.0));
#17674=DIRECTION('',(-0.0,-1.0,-0.0));
#17675=CARTESIAN_POINT('',(30.48,-1.4210854715202E-14,-4.44089209850063E-16));
#17676=DIRECTION('',(0.0,-1.0,0.0));
#17677=DIRECTION('',(1.0,0.0,0.0));
#17678=DIRECTION('',(-0.0,1.0,-0.0));
#17679=CARTESIAN_POINT('',(30.48,-1.77799999999996,-4.44089209850063E-16));
#17680=DIRECTION('',(-0.0,1.0,0.0));
#17681=DIRECTION('',(1.0,0.0,0.0));
#17682=DIRECTION('',(-0.0,-1.0,-0.0));
#17683=CARTESIAN_POINT('',(34.29,-1.4210854715202E-14,-4.44089209850063E-16));
#17684=DIRECTION('',(0.0,-1.0,0.0));
#17685=DIRECTION('',(1.0,0.0,0.0));
#17686=DIRECTION('',(-0.0,1.0,-0.0));
#17687=CARTESIAN_POINT('',(34.29,-1.77799999999996,-4.44089209850063E-16));
#17688=DIRECTION('',(-0.0,1.0,0.0));
#17689=DIRECTION('',(1.0,0.0,0.0));
#17690=DIRECTION('',(0.0,-1.0,0.0));
#17691=CARTESIAN_POINT('',(0.0,-1.4478,-4.44089209850063E-16));
#17692=DIRECTION('',(0.0,-1.0,0.0));
#17693=DIRECTION('',(1.0,0.0,0.0));
#17694=DIRECTION('',(0.0,1.0,0.0));
#17695=CARTESIAN_POINT('',(0.0,-1.143,-4.44089209850063E-16));
#17696=DIRECTION('',(-0.0,1.0,0.0));
#17697=DIRECTION('',(1.0,0.0,0.0));
#17698=DIRECTION('',(0.0,-1.0,0.0));
#17699=CARTESIAN_POINT('',(0.0,-1.4478,-4.44089209850063E-16));
#17700=DIRECTION('',(0.0,-1.0,0.0));
#17701=DIRECTION('',(1.0,0.0,0.0));
#17702=DIRECTION('',(-0.0,1.0,-0.0));
#17703=CARTESIAN_POINT('',(0.0,-1.77799999999996,-4.44089209850063E-16));
#17704=DIRECTION('',(0.0,-1.0,0.0));
#17705=DIRECTION('',(1.0,0.0,0.0));
#17706=DIRECTION('',(0.0,-1.0,0.0));
#17707=CARTESIAN_POINT('',(3.81,-1.4478,-4.44089209850063E-16));
#17708=DIRECTION('',(0.0,-1.0,0.0));
#17709=DIRECTION('',(1.0,0.0,0.0));
#17710=DIRECTION('',(0.0,1.0,0.0));
#17711=CARTESIAN_POINT('',(3.81,-1.143,-4.44089209850063E-16));
#17712=DIRECTION('',(-0.0,1.0,0.0));
#17713=DIRECTION('',(1.0,0.0,0.0));
#17714=DIRECTION('',(0.0,-1.0,0.0));
#17715=CARTESIAN_POINT('',(3.81,-1.4478,-4.44089209850063E-16));
#17716=DIRECTION('',(0.0,-1.0,0.0));
#17717=DIRECTION('',(1.0,0.0,0.0));
#17718=DIRECTION('',(-0.0,1.0,-0.0));
#17719=CARTESIAN_POINT('',(3.81,-1.77799999999996,-4.44089209850063E-16));
#17720=DIRECTION('',(0.0,-1.0,0.0));
#17721=DIRECTION('',(1.0,0.0,0.0));
#17722=DIRECTION('',(0.0,-1.0,0.0));
#17723=CARTESIAN_POINT('',(7.62,-1.4478,-4.44089209850063E-16));
#17724=DIRECTION('',(0.0,-1.0,0.0));
#17725=DIRECTION('',(1.0,0.0,0.0));
#17726=DIRECTION('',(0.0,1.0,0.0));
#17727=CARTESIAN_POINT('',(7.62,-1.143,-4.44089209850063E-16));
#17728=DIRECTION('',(-0.0,1.0,0.0));
#17729=DIRECTION('',(1.0,0.0,0.0));
#17730=DIRECTION('',(0.0,-1.0,0.0));
#17731=CARTESIAN_POINT('',(7.62,-1.4478,-4.44089209850063E-16));
#17732=DIRECTION('',(0.0,-1.0,0.0));
#17733=DIRECTION('',(1.0,0.0,0.0));
#17734=DIRECTION('',(-0.0,1.0,-0.0));
#17735=CARTESIAN_POINT('',(7.62,-1.77799999999996,-4.44089209850063E-16));
#17736=DIRECTION('',(0.0,-1.0,0.0));
#17737=DIRECTION('',(1.0,0.0,0.0));
#17738=DIRECTION('',(0.0,-1.0,0.0));
#17739=CARTESIAN_POINT('',(11.43,-1.4478,-4.44089209850063E-16));
#17740=DIRECTION('',(0.0,-1.0,0.0));
#17741=DIRECTION('',(1.0,0.0,0.0));
#17742=DIRECTION('',(0.0,1.0,0.0));
#17743=CARTESIAN_POINT('',(11.43,-1.143,-4.44089209850063E-16));
#17744=DIRECTION('',(-0.0,1.0,0.0));
#17745=DIRECTION('',(1.0,0.0,0.0));
#17746=DIRECTION('',(0.0,-1.0,0.0));
#17747=CARTESIAN_POINT('',(11.43,-1.4478,-4.44089209850063E-16));
#17748=DIRECTION('',(0.0,-1.0,0.0));
#17749=DIRECTION('',(1.0,0.0,0.0));
#17750=DIRECTION('',(-0.0,1.0,-0.0));
#17751=CARTESIAN_POINT('',(11.43,-1.77799999999996,-4.44089209850063E-16));
#17752=DIRECTION('',(0.0,-1.0,0.0));
#17753=DIRECTION('',(1.0,0.0,0.0));
#17754=DIRECTION('',(0.0,-1.0,0.0));
#17755=CARTESIAN_POINT('',(15.24,-1.4478,-4.44089209850063E-16));
#17756=DIRECTION('',(0.0,-1.0,0.0));
#17757=DIRECTION('',(1.0,0.0,0.0));
#17758=DIRECTION('',(0.0,1.0,0.0));
#17759=CARTESIAN_POINT('',(15.24,-1.143,-4.44089209850063E-16));
#17760=DIRECTION('',(-0.0,1.0,0.0));
#17761=DIRECTION('',(1.0,0.0,0.0));
#17762=DIRECTION('',(0.0,-1.0,0.0));
#17763=CARTESIAN_POINT('',(15.24,-1.4478,-4.44089209850063E-16));
#17764=DIRECTION('',(0.0,-1.0,0.0));
#17765=DIRECTION('',(1.0,0.0,0.0));
#17766=DIRECTION('',(-0.0,1.0,-0.0));
#17767=CARTESIAN_POINT('',(15.24,-1.77799999999996,-4.44089209850063E-16));
#17768=DIRECTION('',(0.0,-1.0,0.0));
#17769=DIRECTION('',(1.0,0.0,0.0));
#17770=DIRECTION('',(0.0,-1.0,0.0));
#17771=CARTESIAN_POINT('',(19.05,-1.4478,-4.44089209850063E-16));
#17772=DIRECTION('',(0.0,-1.0,0.0));
#17773=DIRECTION('',(1.0,0.0,0.0));
#17774=DIRECTION('',(0.0,1.0,0.0));
#17775=CARTESIAN_POINT('',(19.05,-1.143,-4.44089209850063E-16));
#17776=DIRECTION('',(-0.0,1.0,0.0));
#17777=DIRECTION('',(1.0,0.0,0.0));
#17778=DIRECTION('',(0.0,-1.0,0.0));
#17779=CARTESIAN_POINT('',(19.05,-1.4478,-4.44089209850063E-16));
#17780=DIRECTION('',(0.0,-1.0,0.0));
#17781=DIRECTION('',(1.0,0.0,0.0));
#17782=DIRECTION('',(-0.0,1.0,-0.0));
#17783=CARTESIAN_POINT('',(19.05,-1.77799999999996,-4.44089209850063E-16));
#17784=DIRECTION('',(0.0,-1.0,0.0));
#17785=DIRECTION('',(1.0,0.0,0.0));
#17786=DIRECTION('',(0.0,-1.0,0.0));
#17787=CARTESIAN_POINT('',(22.86,-1.4478,-4.44089209850063E-16));
#17788=DIRECTION('',(0.0,-1.0,0.0));
#17789=DIRECTION('',(1.0,0.0,0.0));
#17790=DIRECTION('',(0.0,1.0,0.0));
#17791=CARTESIAN_POINT('',(22.86,-1.143,-4.44089209850063E-16));
#17792=DIRECTION('',(-0.0,1.0,0.0));
#17793=DIRECTION('',(1.0,0.0,0.0));
#17794=DIRECTION('',(0.0,-1.0,0.0));
#17795=CARTESIAN_POINT('',(22.86,-1.4478,-4.44089209850063E-16));
#17796=DIRECTION('',(0.0,-1.0,0.0));
#17797=DIRECTION('',(1.0,0.0,0.0));
#17798=DIRECTION('',(-0.0,1.0,-0.0));
#17799=CARTESIAN_POINT('',(22.86,-1.77799999999996,-4.44089209850063E-16));
#17800=DIRECTION('',(0.0,-1.0,0.0));
#17801=DIRECTION('',(1.0,0.0,0.0));
#17802=DIRECTION('',(0.0,-1.0,0.0));
#17803=CARTESIAN_POINT('',(26.67,-1.4478,-4.44089209850063E-16));
#17804=DIRECTION('',(0.0,-1.0,0.0));
#17805=DIRECTION('',(1.0,0.0,0.0));
#17806=DIRECTION('',(0.0,1.0,0.0));
#17807=CARTESIAN_POINT('',(26.67,-1.143,-4.44089209850063E-16));
#17808=DIRECTION('',(-0.0,1.0,0.0));
#17809=DIRECTION('',(1.0,0.0,0.0));
#17810=DIRECTION('',(0.0,-1.0,0.0));
#17811=CARTESIAN_POINT('',(26.67,-1.4478,-4.44089209850063E-16));
#17812=DIRECTION('',(0.0,-1.0,0.0));
#17813=DIRECTION('',(1.0,0.0,0.0));
#17814=DIRECTION('',(-0.0,1.0,-0.0));
#17815=CARTESIAN_POINT('',(26.67,-1.77799999999996,-4.44089209850063E-16));
#17816=DIRECTION('',(0.0,-1.0,0.0));
#17817=DIRECTION('',(1.0,0.0,0.0));
#17818=DIRECTION('',(0.0,-1.0,0.0));
#17819=CARTESIAN_POINT('',(30.48,-1.4478,-4.44089209850063E-16));
#17820=DIRECTION('',(0.0,-1.0,0.0));
#17821=DIRECTION('',(1.0,0.0,0.0));
#17822=DIRECTION('',(0.0,1.0,0.0));
#17823=CARTESIAN_POINT('',(30.48,-1.143,-4.44089209850063E-16));
#17824=DIRECTION('',(-0.0,1.0,0.0));
#17825=DIRECTION('',(1.0,0.0,0.0));
#17826=DIRECTION('',(0.0,-1.0,0.0));
#17827=CARTESIAN_POINT('',(30.48,-1.4478,-4.44089209850063E-16));
#17828=DIRECTION('',(0.0,-1.0,0.0));
#17829=DIRECTION('',(1.0,0.0,0.0));
#17830=DIRECTION('',(-0.0,1.0,-0.0));
#17831=CARTESIAN_POINT('',(30.48,-1.77799999999996,-4.44089209850063E-16));
#17832=DIRECTION('',(0.0,-1.0,0.0));
#17833=DIRECTION('',(1.0,0.0,0.0));
#17834=DIRECTION('',(0.0,-1.0,0.0));
#17835=CARTESIAN_POINT('',(34.29,-1.4478,-4.44089209850063E-16));
#17836=DIRECTION('',(0.0,-1.0,0.0));
#17837=DIRECTION('',(1.0,0.0,0.0));
#17838=DIRECTION('',(0.0,1.0,0.0));
#17839=CARTESIAN_POINT('',(34.29,-1.143,-4.44089209850063E-16));
#17840=DIRECTION('',(-0.0,1.0,0.0));
#17841=DIRECTION('',(1.0,0.0,0.0));
#17842=DIRECTION('',(0.0,-1.0,0.0));
#17843=CARTESIAN_POINT('',(34.29,-1.4478,-4.44089209850063E-16));
#17844=DIRECTION('',(0.0,-1.0,0.0));
#17845=DIRECTION('',(1.0,0.0,0.0));
#17846=DIRECTION('',(-0.0,1.0,-0.0));
#17847=CARTESIAN_POINT('',(34.29,-1.77799999999996,-4.44089209850063E-16));
#17848=DIRECTION('',(0.0,-1.0,0.0));
#17849=DIRECTION('',(1.0,0.0,0.0));
#17850=CARTESIAN_POINT('',(34.29,-1.77799999999996,-4.44089209850063E-16));
#17851=DIRECTION('',(0.0,-1.0,0.0));
#17852=DIRECTION('',(1.0,0.0,0.0));
#17853=CARTESIAN_POINT('',(34.29,-1.4478,-4.44089209850063E-16));
#17854=DIRECTION('',(0.0,-1.0,0.0));
#17855=DIRECTION('',(1.0,0.0,0.0));
#17856=DIRECTION('',(0.0,1.0,0.0));
#17857=CARTESIAN_POINT('',(34.29,-1.143,-4.44089209850063E-16));
#17858=DIRECTION('',(-0.0,1.0,0.0));
#17859=DIRECTION('',(1.0,0.0,0.0));
#17860=DIRECTION('',(0.0,-1.0,0.0));
#17861=CARTESIAN_POINT('',(34.29,-1.4478,-4.44089209850063E-16));
#17862=DIRECTION('',(0.0,-1.0,0.0));
#17863=DIRECTION('',(1.0,0.0,0.0));
#17864=DIRECTION('',(1.0,0.0,0.0));
#17865=DIRECTION('',(-1.0,0.0,0.0));
#17866=DIRECTION('',(1.0,0.0,0.0));
#17867=DIRECTION('',(-1.0,0.0,0.0));
#17868=CARTESIAN_POINT('',(30.48,-1.77799999999996,-4.44089209850063E-16));
#17869=DIRECTION('',(0.0,-1.0,0.0));
#17870=DIRECTION('',(1.0,0.0,0.0));
#17871=CARTESIAN_POINT('',(30.48,-1.4478,-4.44089209850063E-16));
#17872=DIRECTION('',(0.0,-1.0,0.0));
#17873=DIRECTION('',(1.0,0.0,0.0));
#17874=DIRECTION('',(0.0,1.0,0.0));
#17875=CARTESIAN_POINT('',(30.48,-1.143,-4.44089209850063E-16));
#17876=DIRECTION('',(-0.0,1.0,0.0));
#17877=DIRECTION('',(1.0,0.0,0.0));
#17878=DIRECTION('',(0.0,-1.0,0.0));
#17879=CARTESIAN_POINT('',(30.48,-1.4478,-4.44089209850063E-16));
#17880=DIRECTION('',(0.0,-1.0,0.0));
#17881=DIRECTION('',(1.0,0.0,0.0));
#17882=DIRECTION('',(1.0,0.0,0.0));
#17883=DIRECTION('',(-1.0,0.0,0.0));
#17884=DIRECTION('',(1.0,0.0,0.0));
#17885=DIRECTION('',(-1.0,0.0,0.0));
#17886=CARTESIAN_POINT('',(26.67,-1.77799999999996,-4.44089209850063E-16));
#17887=DIRECTION('',(0.0,-1.0,0.0));
#17888=DIRECTION('',(1.0,0.0,0.0));
#17889=CARTESIAN_POINT('',(26.67,-1.4478,-4.44089209850063E-16));
#17890=DIRECTION('',(0.0,-1.0,0.0));
#17891=DIRECTION('',(1.0,0.0,0.0));
#17892=DIRECTION('',(0.0,1.0,0.0));
#17893=CARTESIAN_POINT('',(26.67,-1.143,-4.44089209850063E-16));
#17894=DIRECTION('',(-0.0,1.0,0.0));
#17895=DIRECTION('',(1.0,0.0,0.0));
#17896=DIRECTION('',(0.0,-1.0,0.0));
#17897=CARTESIAN_POINT('',(26.67,-1.4478,-4.44089209850063E-16));
#17898=DIRECTION('',(0.0,-1.0,0.0));
#17899=DIRECTION('',(1.0,0.0,0.0));
#17900=DIRECTION('',(1.0,0.0,0.0));
#17901=DIRECTION('',(-1.0,0.0,0.0));
#17902=DIRECTION('',(1.0,0.0,0.0));
#17903=DIRECTION('',(-1.0,0.0,0.0));
#17904=CARTESIAN_POINT('',(22.86,-1.77799999999996,-4.44089209850063E-16));
#17905=DIRECTION('',(0.0,-1.0,0.0));
#17906=DIRECTION('',(1.0,0.0,0.0));
#17907=CARTESIAN_POINT('',(22.86,-1.4478,-4.44089209850063E-16));
#17908=DIRECTION('',(0.0,-1.0,0.0));
#17909=DIRECTION('',(1.0,0.0,0.0));
#17910=DIRECTION('',(0.0,1.0,0.0));
#17911=CARTESIAN_POINT('',(22.86,-1.143,-4.44089209850063E-16));
#17912=DIRECTION('',(-0.0,1.0,0.0));
#17913=DIRECTION('',(1.0,0.0,0.0));
#17914=DIRECTION('',(0.0,-1.0,0.0));
#17915=CARTESIAN_POINT('',(22.86,-1.4478,-4.44089209850063E-16));
#17916=DIRECTION('',(0.0,-1.0,0.0));
#17917=DIRECTION('',(1.0,0.0,0.0));
#17918=DIRECTION('',(1.0,0.0,0.0));
#17919=DIRECTION('',(-1.0,0.0,0.0));
#17920=DIRECTION('',(1.0,0.0,0.0));
#17921=DIRECTION('',(-1.0,0.0,0.0));
#17922=CARTESIAN_POINT('',(19.05,-1.77799999999996,-4.44089209850063E-16));
#17923=DIRECTION('',(0.0,-1.0,0.0));
#17924=DIRECTION('',(1.0,0.0,0.0));
#17925=CARTESIAN_POINT('',(19.05,-1.4478,-4.44089209850063E-16));
#17926=DIRECTION('',(0.0,-1.0,0.0));
#17927=DIRECTION('',(1.0,0.0,0.0));
#17928=DIRECTION('',(0.0,1.0,0.0));
#17929=CARTESIAN_POINT('',(19.05,-1.143,-4.44089209850063E-16));
#17930=DIRECTION('',(-0.0,1.0,0.0));
#17931=DIRECTION('',(1.0,0.0,0.0));
#17932=DIRECTION('',(0.0,-1.0,0.0));
#17933=CARTESIAN_POINT('',(19.05,-1.4478,-4.44089209850063E-16));
#17934=DIRECTION('',(0.0,-1.0,0.0));
#17935=DIRECTION('',(1.0,0.0,0.0));
#17936=DIRECTION('',(1.0,0.0,0.0));
#17937=DIRECTION('',(-1.0,0.0,0.0));
#17938=DIRECTION('',(1.0,0.0,0.0));
#17939=DIRECTION('',(-1.0,0.0,0.0));
#17940=CARTESIAN_POINT('',(15.24,-1.77799999999996,-4.44089209850063E-16));
#17941=DIRECTION('',(0.0,-1.0,0.0));
#17942=DIRECTION('',(1.0,0.0,0.0));
#17943=CARTESIAN_POINT('',(15.24,-1.4478,-4.44089209850063E-16));
#17944=DIRECTION('',(0.0,-1.0,0.0));
#17945=DIRECTION('',(1.0,0.0,0.0));
#17946=DIRECTION('',(0.0,1.0,0.0));
#17947=CARTESIAN_POINT('',(15.24,-1.143,-4.44089209850063E-16));
#17948=DIRECTION('',(-0.0,1.0,0.0));
#17949=DIRECTION('',(1.0,0.0,0.0));
#17950=DIRECTION('',(0.0,-1.0,0.0));
#17951=CARTESIAN_POINT('',(15.24,-1.4478,-4.44089209850063E-16));
#17952=DIRECTION('',(0.0,-1.0,0.0));
#17953=DIRECTION('',(1.0,0.0,0.0));
#17954=DIRECTION('',(1.0,0.0,0.0));
#17955=DIRECTION('',(-1.0,0.0,0.0));
#17956=DIRECTION('',(1.0,0.0,0.0));
#17957=DIRECTION('',(-1.0,0.0,0.0));
#17958=CARTESIAN_POINT('',(11.43,-1.77799999999996,-4.44089209850063E-16));
#17959=DIRECTION('',(0.0,-1.0,0.0));
#17960=DIRECTION('',(1.0,0.0,0.0));
#17961=CARTESIAN_POINT('',(11.43,-1.4478,-4.44089209850063E-16));
#17962=DIRECTION('',(0.0,-1.0,0.0));
#17963=DIRECTION('',(1.0,0.0,0.0));
#17964=DIRECTION('',(0.0,1.0,0.0));
#17965=CARTESIAN_POINT('',(11.43,-1.143,-4.44089209850063E-16));
#17966=DIRECTION('',(-0.0,1.0,0.0));
#17967=DIRECTION('',(1.0,0.0,0.0));
#17968=DIRECTION('',(0.0,-1.0,0.0));
#17969=CARTESIAN_POINT('',(11.43,-1.4478,-4.44089209850063E-16));
#17970=DIRECTION('',(0.0,-1.0,0.0));
#17971=DIRECTION('',(1.0,0.0,0.0));
#17972=DIRECTION('',(1.0,0.0,0.0));
#17973=DIRECTION('',(-1.0,0.0,0.0));
#17974=DIRECTION('',(1.0,0.0,0.0));
#17975=DIRECTION('',(-1.0,0.0,0.0));
#17976=CARTESIAN_POINT('',(7.62,-1.77799999999996,-4.44089209850063E-16));
#17977=DIRECTION('',(0.0,-1.0,0.0));
#17978=DIRECTION('',(1.0,0.0,0.0));
#17979=CARTESIAN_POINT('',(7.62,-1.4478,-4.44089209850063E-16));
#17980=DIRECTION('',(0.0,-1.0,0.0));
#17981=DIRECTION('',(1.0,0.0,0.0));
#17982=DIRECTION('',(0.0,1.0,0.0));
#17983=CARTESIAN_POINT('',(7.62,-1.143,-4.44089209850063E-16));
#17984=DIRECTION('',(-0.0,1.0,0.0));
#17985=DIRECTION('',(1.0,0.0,0.0));
#17986=DIRECTION('',(0.0,-1.0,0.0));
#17987=CARTESIAN_POINT('',(7.62,-1.4478,-4.44089209850063E-16));
#17988=DIRECTION('',(0.0,-1.0,0.0));
#17989=DIRECTION('',(1.0,0.0,0.0));
#17990=DIRECTION('',(1.0,0.0,0.0));
#17991=DIRECTION('',(-1.0,0.0,0.0));
#17992=DIRECTION('',(1.0,0.0,0.0));
#17993=DIRECTION('',(-1.0,0.0,0.0));
#17994=CARTESIAN_POINT('',(3.81,-1.77799999999996,-4.44089209850063E-16));
#17995=DIRECTION('',(0.0,-1.0,0.0));
#17996=DIRECTION('',(1.0,0.0,0.0));
#17997=CARTESIAN_POINT('',(3.81,-1.4478,-4.44089209850063E-16));
#17998=DIRECTION('',(0.0,-1.0,0.0));
#17999=DIRECTION('',(1.0,0.0,0.0));
#18000=DIRECTION('',(0.0,1.0,0.0));
#18001=CARTESIAN_POINT('',(3.81,-1.143,-4.44089209850063E-16));
#18002=DIRECTION('',(-0.0,1.0,0.0));
#18003=DIRECTION('',(1.0,0.0,0.0));
#18004=DIRECTION('',(0.0,-1.0,0.0));
#18005=CARTESIAN_POINT('',(3.81,-1.4478,-4.44089209850063E-16));
#18006=DIRECTION('',(0.0,-1.0,0.0));
#18007=DIRECTION('',(1.0,0.0,0.0));
#18008=DIRECTION('',(1.0,0.0,0.0));
#18009=DIRECTION('',(-1.0,0.0,0.0));
#18010=DIRECTION('',(1.0,0.0,0.0));
#18011=DIRECTION('',(-1.0,0.0,0.0));
#18012=CARTESIAN_POINT('',(0.0,-1.77799999999996,-4.44089209850063E-16));
#18013=DIRECTION('',(0.0,-1.0,0.0));
#18014=DIRECTION('',(1.0,0.0,0.0));
#18015=CARTESIAN_POINT('',(0.0,-1.4478,-4.44089209850063E-16));
#18016=DIRECTION('',(0.0,-1.0,0.0));
#18017=DIRECTION('',(1.0,0.0,0.0));
#18018=DIRECTION('',(0.0,1.0,0.0));
#18019=CARTESIAN_POINT('',(0.0,-1.143,-4.44089209850063E-16));
#18020=DIRECTION('',(-0.0,1.0,0.0));
#18021=DIRECTION('',(1.0,0.0,0.0));
#18022=DIRECTION('',(0.0,-1.0,0.0));
#18023=CARTESIAN_POINT('',(0.0,-1.4478,-4.44089209850063E-16));
#18024=DIRECTION('',(0.0,-1.0,0.0));
#18025=DIRECTION('',(1.0,0.0,0.0));
#18026=DIRECTION('',(1.0,0.0,0.0));
#18027=DIRECTION('',(-1.0,0.0,0.0));
#18028=DIRECTION('',(1.0,0.0,0.0));
#18029=DIRECTION('',(-1.0,0.0,0.0));
#18030=CARTESIAN_POINT('',(34.29,-1.77799999999996,-4.44089209850063E-16));
#18031=DIRECTION('',(-0.0,1.0,0.0));
#18032=DIRECTION('',(1.0,0.0,0.0));
#18033=CARTESIAN_POINT('',(34.29,-1.4210854715202E-14,-4.44089209850063E-16));
#18034=DIRECTION('',(0.0,-1.0,0.0));
#18035=DIRECTION('',(1.0,0.0,0.0));
#18036=CARTESIAN_POINT('',(30.48,-1.77799999999996,-4.44089209850063E-16));
#18037=DIRECTION('',(-0.0,1.0,0.0));
#18038=DIRECTION('',(1.0,0.0,0.0));
#18039=CARTESIAN_POINT('',(30.48,-1.4210854715202E-14,-4.44089209850063E-16));
#18040=DIRECTION('',(0.0,-1.0,0.0));
#18041=DIRECTION('',(1.0,0.0,0.0));
#18042=CARTESIAN_POINT('',(26.67,-1.77799999999996,-4.44089209850063E-16));
#18043=DIRECTION('',(-0.0,1.0,0.0));
#18044=DIRECTION('',(1.0,0.0,0.0));
#18045=CARTESIAN_POINT('',(26.67,-1.4210854715202E-14,-4.44089209850063E-16));
#18046=DIRECTION('',(0.0,-1.0,0.0));
#18047=DIRECTION('',(1.0,0.0,0.0));
#18048=CARTESIAN_POINT('',(22.86,-1.77799999999996,-4.44089209850063E-16));
#18049=DIRECTION('',(-0.0,1.0,0.0));
#18050=DIRECTION('',(1.0,0.0,0.0));
#18051=CARTESIAN_POINT('',(22.86,-1.4210854715202E-14,-4.44089209850063E-16));
#18052=DIRECTION('',(0.0,-1.0,0.0));
#18053=DIRECTION('',(1.0,0.0,0.0));
#18054=CARTESIAN_POINT('',(19.05,-1.77799999999996,-4.44089209850063E-16));
#18055=DIRECTION('',(-0.0,1.0,0.0));
#18056=DIRECTION('',(1.0,0.0,0.0));
#18057=CARTESIAN_POINT('',(19.05,-1.4210854715202E-14,-4.44089209850063E-16));
#18058=DIRECTION('',(0.0,-1.0,0.0));
#18059=DIRECTION('',(1.0,0.0,0.0));
#18060=CARTESIAN_POINT('',(15.24,-1.77799999999996,-4.44089209850063E-16));
#18061=DIRECTION('',(-0.0,1.0,0.0));
#18062=DIRECTION('',(1.0,0.0,0.0));
#18063=CARTESIAN_POINT('',(15.24,-1.4210854715202E-14,-4.44089209850063E-16));
#18064=DIRECTION('',(0.0,-1.0,0.0));
#18065=DIRECTION('',(1.0,0.0,0.0));
#18066=CARTESIAN_POINT('',(11.43,-1.77799999999996,-4.44089209850063E-16));
#18067=DIRECTION('',(-0.0,1.0,0.0));
#18068=DIRECTION('',(1.0,0.0,0.0));
#18069=CARTESIAN_POINT('',(11.43,-1.4210854715202E-14,-4.44089209850063E-16));
#18070=DIRECTION('',(0.0,-1.0,0.0));
#18071=DIRECTION('',(1.0,0.0,0.0));
#18072=CARTESIAN_POINT('',(7.62,-1.77799999999996,-4.44089209850063E-16));
#18073=DIRECTION('',(-0.0,1.0,0.0));
#18074=DIRECTION('',(1.0,0.0,0.0));
#18075=CARTESIAN_POINT('',(7.62,-1.4210854715202E-14,-4.44089209850063E-16));
#18076=DIRECTION('',(0.0,-1.0,0.0));
#18077=DIRECTION('',(1.0,0.0,0.0));
#18078=CARTESIAN_POINT('',(3.81,-1.77799999999996,-4.44089209850063E-16));
#18079=DIRECTION('',(-0.0,1.0,0.0));
#18080=DIRECTION('',(1.0,0.0,0.0));
#18081=CARTESIAN_POINT('',(3.81,-1.4210854715202E-14,-4.44089209850063E-16));
#18082=DIRECTION('',(0.0,-1.0,0.0));
#18083=DIRECTION('',(1.0,0.0,0.0));
#18084=CARTESIAN_POINT('',(0.0,-1.77799999999996,-4.44089209850063E-16));
#18085=DIRECTION('',(-0.0,1.0,0.0));
#18086=DIRECTION('',(1.0,0.0,0.0));
#18087=CARTESIAN_POINT('',(0.0,-1.4210854715202E-14,-4.44089209850063E-16));
#18088=DIRECTION('',(0.0,-1.0,0.0));
#18089=DIRECTION('',(1.0,0.0,0.0));
#18090=DIRECTION('',(1.0,0.0,-6.12323399573676E-17));
#18091=DIRECTION('',(0.0,0.0,1.0));
#18092=DIRECTION('',(1.0,0.0,0.0));
#18093=DIRECTION('',(0.0,0.0,1.0));
#18094=DIRECTION('',(-5.46369598732852E-17,-1.0,3.34554890119806E-33));
#18095=DIRECTION('',(0.0,0.0,1.0));
#18096=DIRECTION('',(5.46369598732852E-17,1.0,0.0));
#18097=DIRECTION('',(-1.0,0.0,6.12323399573676E-17));
#18098=DIRECTION('',(0.0,0.0,1.0));
#18099=DIRECTION('',(1.0,0.0,0.0));
#18100=DIRECTION('',(0.0,0.0,-1.0));
#18101=DIRECTION('',(1.0,0.0,0.0));
#18102=DIRECTION('',(0.0,0.0,1.0));
#18103=DIRECTION('',(-1.0,0.0,0.0));
#18104=CARTESIAN_POINT('',(34.29,-4.826,-10.414));
#18105=DIRECTION('',(0.0,-0.0,1.0));
#18106=DIRECTION('',(0.0,1.0,0.0));
#18107=CARTESIAN_POINT('',(34.29,-4.826,-9.58849999999962));
#18108=DIRECTION('',(6.12323399573676E-17,-0.0,1.0));
#18109=DIRECTION('',(0.0,1.0,0.0));
#18110=CARTESIAN_POINT('',(34.29,-4.826,-9.39799999999962));
#18111=DIRECTION('',(6.12323399573676E-17,-0.0,1.0));
#18112=DIRECTION('',(0.0,1.0,0.0));
#18113=CARTESIAN_POINT('',(34.29,-4.826,-9.14399999999958));
#18114=DIRECTION('',(6.12323399573676E-17,-0.0,1.0));
#18115=DIRECTION('',(0.0,1.0,0.0));
#18116=DIRECTION('',(0.0,-1.0,0.0));
#18117=DIRECTION('',(1.0,0.0,0.0));
#18118=DIRECTION('',(0.0,-1.0,0.0));
#18119=DIRECTION('',(-1.0,0.0,0.0));
#18120=DIRECTION('',(0.0,-1.0,0.0));
#18121=DIRECTION('',(1.0,0.0,0.0));
#18122=DIRECTION('',(7.84055808351111E-17,-1.0,0.0));
#18123=DIRECTION('',(0.0,1.0,0.0));
#18124=DIRECTION('',(0.0,0.0,1.0));
#18125=DIRECTION('',(-1.0,-0.0,-0.0));
#18126=DIRECTION('',(0.0,0.0,1.0));
#18127=DIRECTION('',(0.0,1.0,0.0));
#18128=DIRECTION('',(0.0,0.0,1.0));
#18129=DIRECTION('',(1.0,0.0,0.0));
#18130=DIRECTION('',(0.0,0.0,1.0));
#18131=DIRECTION('',(0.0,-1.0,0.0));
#18132=DIRECTION('',(0.0,0.0,1.0));
#18133=DIRECTION('',(-1.0,-0.0,-0.0));
#18134=DIRECTION('',(0.0,0.0,1.0));
#18135=DIRECTION('',(7.84055808351111E-17,-1.0,0.0));
#18136=DIRECTION('',(-5.46369598732852E-17,1.0,3.34554890119806E-33));
#18137=DIRECTION('',(0.0,0.0,1.0));
#18138=DIRECTION('',(-5.46369598732852E-17,1.0,0.0));
#18139=DIRECTION('',(1.0,0.0,-6.12323399573676E-17));
#18140=DIRECTION('',(0.0,0.0,1.0));
#18141=DIRECTION('',(1.0,0.0,0.0));
#18142=CARTESIAN_POINT('',(34.29,-8.46963000000002,-3.81));
#18143=DIRECTION('',(-6.12323399573676E-17,0.0,-1.0));
#18144=DIRECTION('',(1.0,0.0,-6.12323399573676E-17));
#18145=CARTESIAN_POINT('',(34.29,-8.46963000000002,-10.414));
#18146=DIRECTION('',(0.0,0.0,1.0));
#18147=DIRECTION('',(1.0,0.0,0.0));
#18148=DIRECTION('',(1.0,0.0,-6.12323399573676E-17));
#18149=DIRECTION('',(0.0,0.0,1.0));
#18150=DIRECTION('',(1.0,0.0,0.0));
#18151=DIRECTION('',(0.0,0.0,1.0));
#18152=DIRECTION('',(-5.46369598732852E-17,-1.0,3.34554890119806E-33));
#18153=DIRECTION('',(0.0,0.0,1.0));
#18154=DIRECTION('',(5.46369598732852E-17,1.0,0.0));
#18155=DIRECTION('',(-1.0,0.0,6.12323399573676E-17));
#18156=DIRECTION('',(0.0,0.0,1.0));
#18157=DIRECTION('',(1.0,0.0,0.0));
#18158=DIRECTION('',(0.0,0.0,-1.0));
#18159=DIRECTION('',(1.0,0.0,0.0));
#18160=DIRECTION('',(0.0,0.0,1.0));
#18161=DIRECTION('',(-1.0,0.0,0.0));
#18162=CARTESIAN_POINT('',(30.48,-4.826,-10.414));
#18163=DIRECTION('',(0.0,-0.0,1.0));
#18164=DIRECTION('',(0.0,1.0,0.0));
#18165=CARTESIAN_POINT('',(30.48,-4.826,-9.58849999999962));
#18166=DIRECTION('',(6.12323399573676E-17,-0.0,1.0));
#18167=DIRECTION('',(0.0,1.0,0.0));
#18168=CARTESIAN_POINT('',(30.48,-4.826,-9.39799999999962));
#18169=DIRECTION('',(6.12323399573676E-17,-0.0,1.0));
#18170=DIRECTION('',(0.0,1.0,0.0));
#18171=CARTESIAN_POINT('',(30.48,-4.826,-9.14399999999958));
#18172=DIRECTION('',(6.12323399573676E-17,-0.0,1.0));
#18173=DIRECTION('',(0.0,1.0,0.0));
#18174=DIRECTION('',(0.0,-1.0,0.0));
#18175=DIRECTION('',(1.0,0.0,0.0));
#18176=DIRECTION('',(0.0,-1.0,0.0));
#18177=DIRECTION('',(-1.0,0.0,0.0));
#18178=DIRECTION('',(0.0,-1.0,0.0));
#18179=DIRECTION('',(1.0,0.0,0.0));
#18180=DIRECTION('',(7.84055808351111E-17,-1.0,0.0));
#18181=DIRECTION('',(0.0,1.0,0.0));
#18182=DIRECTION('',(0.0,0.0,1.0));
#18183=DIRECTION('',(-1.0,-0.0,-0.0));
#18184=DIRECTION('',(0.0,0.0,1.0));
#18185=DIRECTION('',(0.0,1.0,0.0));
#18186=DIRECTION('',(0.0,0.0,1.0));
#18187=DIRECTION('',(1.0,0.0,0.0));
#18188=DIRECTION('',(0.0,0.0,1.0));
#18189=DIRECTION('',(0.0,-1.0,0.0));
#18190=DIRECTION('',(0.0,0.0,1.0));
#18191=DIRECTION('',(-1.0,-0.0,-0.0));
#18192=DIRECTION('',(0.0,0.0,1.0));
#18193=DIRECTION('',(7.84055808351111E-17,-1.0,0.0));
#18194=DIRECTION('',(-5.46369598732852E-17,1.0,3.34554890119806E-33));
#18195=DIRECTION('',(0.0,0.0,1.0));
#18196=DIRECTION('',(-5.46369598732852E-17,1.0,0.0));
#18197=DIRECTION('',(1.0,0.0,-6.12323399573676E-17));
#18198=DIRECTION('',(0.0,0.0,1.0));
#18199=DIRECTION('',(1.0,0.0,0.0));
#18200=CARTESIAN_POINT('',(30.48,-8.46963000000002,-3.81));
#18201=DIRECTION('',(-6.12323399573676E-17,0.0,-1.0));
#18202=DIRECTION('',(1.0,0.0,-6.12323399573676E-17));
#18203=CARTESIAN_POINT('',(30.48,-8.46963000000002,-10.414));
#18204=DIRECTION('',(0.0,0.0,1.0));
#18205=DIRECTION('',(1.0,0.0,0.0));
#18206=DIRECTION('',(1.0,0.0,-6.12323399573676E-17));
#18207=DIRECTION('',(0.0,0.0,1.0));
#18208=DIRECTION('',(1.0,0.0,0.0));
#18209=DIRECTION('',(0.0,0.0,1.0));
#18210=DIRECTION('',(-5.46369598732852E-17,-1.0,3.34554890119806E-33));
#18211=DIRECTION('',(0.0,0.0,1.0));
#18212=DIRECTION('',(5.46369598732852E-17,1.0,0.0));
#18213=DIRECTION('',(-1.0,0.0,6.12323399573676E-17));
#18214=DIRECTION('',(0.0,0.0,1.0));
#18215=DIRECTION('',(1.0,0.0,0.0));
#18216=DIRECTION('',(0.0,0.0,-1.0));
#18217=DIRECTION('',(1.0,0.0,0.0));
#18218=DIRECTION('',(0.0,0.0,1.0));
#18219=DIRECTION('',(-1.0,0.0,0.0));
#18220=CARTESIAN_POINT('',(26.67,-4.826,-10.414));
#18221=DIRECTION('',(0.0,-0.0,1.0));
#18222=DIRECTION('',(0.0,1.0,0.0));
#18223=CARTESIAN_POINT('',(26.67,-4.826,-9.58849999999962));
#18224=DIRECTION('',(6.12323399573676E-17,-0.0,1.0));
#18225=DIRECTION('',(0.0,1.0,0.0));
#18226=CARTESIAN_POINT('',(26.67,-4.826,-9.39799999999962));
#18227=DIRECTION('',(6.12323399573676E-17,-0.0,1.0));
#18228=DIRECTION('',(0.0,1.0,0.0));
#18229=CARTESIAN_POINT('',(26.67,-4.826,-9.14399999999958));
#18230=DIRECTION('',(6.12323399573676E-17,-0.0,1.0));
#18231=DIRECTION('',(0.0,1.0,0.0));
#18232=DIRECTION('',(0.0,-1.0,0.0));
#18233=DIRECTION('',(1.0,0.0,0.0));
#18234=DIRECTION('',(0.0,-1.0,0.0));
#18235=DIRECTION('',(-1.0,0.0,0.0));
#18236=DIRECTION('',(0.0,-1.0,0.0));
#18237=DIRECTION('',(1.0,0.0,0.0));
#18238=DIRECTION('',(7.84055808351111E-17,-1.0,0.0));
#18239=DIRECTION('',(0.0,1.0,0.0));
#18240=DIRECTION('',(0.0,0.0,1.0));
#18241=DIRECTION('',(-1.0,-0.0,-0.0));
#18242=DIRECTION('',(0.0,0.0,1.0));
#18243=DIRECTION('',(0.0,1.0,0.0));
#18244=DIRECTION('',(0.0,0.0,1.0));
#18245=DIRECTION('',(1.0,0.0,0.0));
#18246=DIRECTION('',(0.0,0.0,1.0));
#18247=DIRECTION('',(0.0,-1.0,0.0));
#18248=DIRECTION('',(0.0,0.0,1.0));
#18249=DIRECTION('',(-1.0,-0.0,-0.0));
#18250=DIRECTION('',(0.0,0.0,1.0));
#18251=DIRECTION('',(7.84055808351111E-17,-1.0,0.0));
#18252=DIRECTION('',(-5.46369598732852E-17,1.0,3.34554890119806E-33));
#18253=DIRECTION('',(0.0,0.0,1.0));
#18254=DIRECTION('',(-5.46369598732852E-17,1.0,0.0));
#18255=DIRECTION('',(1.0,0.0,-6.12323399573676E-17));
#18256=DIRECTION('',(0.0,0.0,1.0));
#18257=DIRECTION('',(1.0,0.0,0.0));
#18258=CARTESIAN_POINT('',(26.67,-8.46963000000002,-3.81));
#18259=DIRECTION('',(-6.12323399573676E-17,0.0,-1.0));
#18260=DIRECTION('',(1.0,0.0,-6.12323399573676E-17));
#18261=CARTESIAN_POINT('',(26.67,-8.46963000000002,-10.414));
#18262=DIRECTION('',(0.0,0.0,1.0));
#18263=DIRECTION('',(1.0,0.0,0.0));
#18264=DIRECTION('',(1.0,0.0,-6.12323399573676E-17));
#18265=DIRECTION('',(0.0,0.0,1.0));
#18266=DIRECTION('',(1.0,0.0,0.0));
#18267=DIRECTION('',(0.0,0.0,1.0));
#18268=DIRECTION('',(-5.46369598732852E-17,-1.0,3.34554890119806E-33));
#18269=DIRECTION('',(0.0,0.0,1.0));
#18270=DIRECTION('',(5.46369598732852E-17,1.0,0.0));
#18271=DIRECTION('',(-1.0,0.0,6.12323399573676E-17));
#18272=DIRECTION('',(0.0,0.0,1.0));
#18273=DIRECTION('',(1.0,0.0,0.0));
#18274=DIRECTION('',(0.0,0.0,-1.0));
#18275=DIRECTION('',(1.0,0.0,0.0));
#18276=DIRECTION('',(0.0,0.0,1.0));
#18277=DIRECTION('',(-1.0,0.0,0.0));
#18278=CARTESIAN_POINT('',(22.86,-4.826,-10.414));
#18279=DIRECTION('',(0.0,-0.0,1.0));
#18280=DIRECTION('',(0.0,1.0,0.0));
#18281=CARTESIAN_POINT('',(22.86,-4.826,-9.58849999999962));
#18282=DIRECTION('',(6.12323399573676E-17,-0.0,1.0));
#18283=DIRECTION('',(0.0,1.0,0.0));
#18284=CARTESIAN_POINT('',(22.86,-4.826,-9.39799999999962));
#18285=DIRECTION('',(6.12323399573676E-17,-0.0,1.0));
#18286=DIRECTION('',(0.0,1.0,0.0));
#18287=CARTESIAN_POINT('',(22.86,-4.826,-9.14399999999958));
#18288=DIRECTION('',(6.12323399573676E-17,-0.0,1.0));
#18289=DIRECTION('',(0.0,1.0,0.0));
#18290=DIRECTION('',(0.0,-1.0,0.0));
#18291=DIRECTION('',(1.0,0.0,0.0));
#18292=DIRECTION('',(0.0,-1.0,0.0));
#18293=DIRECTION('',(-1.0,0.0,0.0));
#18294=DIRECTION('',(0.0,-1.0,0.0));
#18295=DIRECTION('',(1.0,0.0,0.0));
#18296=DIRECTION('',(7.84055808351111E-17,-1.0,0.0));
#18297=DIRECTION('',(0.0,1.0,0.0));
#18298=DIRECTION('',(0.0,0.0,1.0));
#18299=DIRECTION('',(-1.0,-0.0,-0.0));
#18300=DIRECTION('',(0.0,0.0,1.0));
#18301=DIRECTION('',(0.0,1.0,0.0));
#18302=DIRECTION('',(0.0,0.0,1.0));
#18303=DIRECTION('',(1.0,0.0,0.0));
#18304=DIRECTION('',(0.0,0.0,1.0));
#18305=DIRECTION('',(0.0,-1.0,0.0));
#18306=DIRECTION('',(0.0,0.0,1.0));
#18307=DIRECTION('',(-1.0,-0.0,-0.0));
#18308=DIRECTION('',(0.0,0.0,1.0));
#18309=DIRECTION('',(7.84055808351111E-17,-1.0,0.0));
#18310=DIRECTION('',(-5.46369598732852E-17,1.0,3.34554890119806E-33));
#18311=DIRECTION('',(0.0,0.0,1.0));
#18312=DIRECTION('',(-5.46369598732852E-17,1.0,0.0));
#18313=DIRECTION('',(1.0,0.0,-6.12323399573676E-17));
#18314=DIRECTION('',(0.0,0.0,1.0));
#18315=DIRECTION('',(1.0,0.0,0.0));
#18316=CARTESIAN_POINT('',(22.86,-8.46963000000002,-3.81));
#18317=DIRECTION('',(-6.12323399573676E-17,0.0,-1.0));
#18318=DIRECTION('',(1.0,0.0,-6.12323399573676E-17));
#18319=CARTESIAN_POINT('',(22.86,-8.46963000000002,-10.414));
#18320=DIRECTION('',(0.0,0.0,1.0));
#18321=DIRECTION('',(1.0,0.0,0.0));
#18322=DIRECTION('',(1.0,0.0,-6.12323399573676E-17));
#18323=DIRECTION('',(0.0,0.0,1.0));
#18324=DIRECTION('',(1.0,0.0,0.0));
#18325=DIRECTION('',(0.0,0.0,1.0));
#18326=DIRECTION('',(-5.46369598732852E-17,-1.0,3.34554890119806E-33));
#18327=DIRECTION('',(0.0,0.0,1.0));
#18328=DIRECTION('',(5.46369598732852E-17,1.0,0.0));
#18329=DIRECTION('',(-1.0,0.0,6.12323399573676E-17));
#18330=DIRECTION('',(0.0,0.0,1.0));
#18331=DIRECTION('',(1.0,0.0,0.0));
#18332=DIRECTION('',(0.0,0.0,-1.0));
#18333=DIRECTION('',(1.0,0.0,0.0));
#18334=DIRECTION('',(0.0,0.0,1.0));
#18335=DIRECTION('',(-1.0,0.0,0.0));
#18336=CARTESIAN_POINT('',(19.05,-4.826,-10.414));
#18337=DIRECTION('',(0.0,-0.0,1.0));
#18338=DIRECTION('',(0.0,1.0,0.0));
#18339=CARTESIAN_POINT('',(19.05,-4.826,-9.58849999999962));
#18340=DIRECTION('',(6.12323399573676E-17,-0.0,1.0));
#18341=DIRECTION('',(0.0,1.0,0.0));
#18342=CARTESIAN_POINT('',(19.05,-4.826,-9.39799999999962));
#18343=DIRECTION('',(6.12323399573676E-17,-0.0,1.0));
#18344=DIRECTION('',(0.0,1.0,0.0));
#18345=CARTESIAN_POINT('',(19.05,-4.826,-9.14399999999958));
#18346=DIRECTION('',(6.12323399573676E-17,-0.0,1.0));
#18347=DIRECTION('',(0.0,1.0,0.0));
#18348=DIRECTION('',(0.0,-1.0,0.0));
#18349=DIRECTION('',(1.0,0.0,0.0));
#18350=DIRECTION('',(0.0,-1.0,0.0));
#18351=DIRECTION('',(-1.0,0.0,0.0));
#18352=DIRECTION('',(0.0,-1.0,0.0));
#18353=DIRECTION('',(1.0,0.0,0.0));
#18354=DIRECTION('',(7.84055808351111E-17,-1.0,0.0));
#18355=DIRECTION('',(0.0,1.0,0.0));
#18356=DIRECTION('',(0.0,0.0,1.0));
#18357=DIRECTION('',(-1.0,-0.0,-0.0));
#18358=DIRECTION('',(0.0,0.0,1.0));
#18359=DIRECTION('',(0.0,1.0,0.0));
#18360=DIRECTION('',(0.0,0.0,1.0));
#18361=DIRECTION('',(1.0,0.0,0.0));
#18362=DIRECTION('',(0.0,0.0,1.0));
#18363=DIRECTION('',(0.0,-1.0,0.0));
#18364=DIRECTION('',(0.0,0.0,1.0));
#18365=DIRECTION('',(-1.0,-0.0,-0.0));
#18366=DIRECTION('',(0.0,0.0,1.0));
#18367=DIRECTION('',(7.84055808351111E-17,-1.0,0.0));
#18368=DIRECTION('',(-5.46369598732852E-17,1.0,3.34554890119806E-33));
#18369=DIRECTION('',(0.0,0.0,1.0));
#18370=DIRECTION('',(-5.46369598732852E-17,1.0,0.0));
#18371=DIRECTION('',(1.0,0.0,-6.12323399573676E-17));
#18372=DIRECTION('',(0.0,0.0,1.0));
#18373=DIRECTION('',(1.0,0.0,0.0));
#18374=CARTESIAN_POINT('',(19.05,-8.46963000000002,-3.81));
#18375=DIRECTION('',(-6.12323399573676E-17,0.0,-1.0));
#18376=DIRECTION('',(1.0,0.0,-6.12323399573676E-17));
#18377=CARTESIAN_POINT('',(19.05,-8.46963000000002,-10.414));
#18378=DIRECTION('',(0.0,0.0,1.0));
#18379=DIRECTION('',(1.0,0.0,0.0));
#18380=DIRECTION('',(1.0,0.0,-6.12323399573676E-17));
#18381=DIRECTION('',(0.0,0.0,1.0));
#18382=DIRECTION('',(1.0,0.0,0.0));
#18383=DIRECTION('',(0.0,0.0,1.0));
#18384=DIRECTION('',(-5.46369598732852E-17,-1.0,3.34554890119806E-33));
#18385=DIRECTION('',(0.0,0.0,1.0));
#18386=DIRECTION('',(5.46369598732852E-17,1.0,0.0));
#18387=DIRECTION('',(-1.0,0.0,6.12323399573676E-17));
#18388=DIRECTION('',(0.0,0.0,1.0));
#18389=DIRECTION('',(1.0,0.0,0.0));
#18390=DIRECTION('',(0.0,0.0,-1.0));
#18391=DIRECTION('',(1.0,0.0,0.0));
#18392=DIRECTION('',(0.0,0.0,1.0));
#18393=DIRECTION('',(-1.0,0.0,0.0));
#18394=CARTESIAN_POINT('',(15.24,-4.826,-10.414));
#18395=DIRECTION('',(0.0,-0.0,1.0));
#18396=DIRECTION('',(0.0,1.0,0.0));
#18397=CARTESIAN_POINT('',(15.24,-4.826,-9.58849999999962));
#18398=DIRECTION('',(6.12323399573676E-17,-0.0,1.0));
#18399=DIRECTION('',(0.0,1.0,0.0));
#18400=CARTESIAN_POINT('',(15.24,-4.826,-9.39799999999962));
#18401=DIRECTION('',(6.12323399573676E-17,-0.0,1.0));
#18402=DIRECTION('',(0.0,1.0,0.0));
#18403=CARTESIAN_POINT('',(15.24,-4.826,-9.14399999999958));
#18404=DIRECTION('',(6.12323399573676E-17,-0.0,1.0));
#18405=DIRECTION('',(0.0,1.0,0.0));
#18406=DIRECTION('',(0.0,-1.0,0.0));
#18407=DIRECTION('',(1.0,0.0,0.0));
#18408=DIRECTION('',(0.0,-1.0,0.0));
#18409=DIRECTION('',(-1.0,0.0,0.0));
#18410=DIRECTION('',(0.0,-1.0,0.0));
#18411=DIRECTION('',(1.0,0.0,0.0));
#18412=DIRECTION('',(7.84055808351111E-17,-1.0,0.0));
#18413=DIRECTION('',(0.0,1.0,0.0));
#18414=DIRECTION('',(0.0,0.0,1.0));
#18415=DIRECTION('',(-1.0,-0.0,-0.0));
#18416=DIRECTION('',(0.0,0.0,1.0));
#18417=DIRECTION('',(0.0,1.0,0.0));
#18418=DIRECTION('',(0.0,0.0,1.0));
#18419=DIRECTION('',(1.0,0.0,0.0));
#18420=DIRECTION('',(0.0,0.0,1.0));
#18421=DIRECTION('',(0.0,-1.0,0.0));
#18422=DIRECTION('',(0.0,0.0,1.0));
#18423=DIRECTION('',(-1.0,-0.0,-0.0));
#18424=DIRECTION('',(0.0,0.0,1.0));
#18425=DIRECTION('',(7.84055808351111E-17,-1.0,0.0));
#18426=DIRECTION('',(-5.46369598732852E-17,1.0,3.34554890119806E-33));
#18427=DIRECTION('',(0.0,0.0,1.0));
#18428=DIRECTION('',(-5.46369598732852E-17,1.0,0.0));
#18429=DIRECTION('',(1.0,0.0,-6.12323399573676E-17));
#18430=DIRECTION('',(0.0,0.0,1.0));
#18431=DIRECTION('',(1.0,0.0,0.0));
#18432=CARTESIAN_POINT('',(15.24,-8.46963000000002,-3.81));
#18433=DIRECTION('',(-6.12323399573676E-17,0.0,-1.0));
#18434=DIRECTION('',(1.0,0.0,-6.12323399573676E-17));
#18435=CARTESIAN_POINT('',(15.24,-8.46963000000002,-10.414));
#18436=DIRECTION('',(0.0,0.0,1.0));
#18437=DIRECTION('',(1.0,0.0,0.0));
#18438=DIRECTION('',(1.0,0.0,-6.12323399573676E-17));
#18439=DIRECTION('',(0.0,0.0,1.0));
#18440=DIRECTION('',(1.0,0.0,0.0));
#18441=DIRECTION('',(0.0,0.0,1.0));
#18442=DIRECTION('',(-5.46369598732852E-17,-1.0,3.34554890119806E-33));
#18443=DIRECTION('',(0.0,0.0,1.0));
#18444=DIRECTION('',(5.46369598732852E-17,1.0,0.0));
#18445=DIRECTION('',(-1.0,0.0,6.12323399573676E-17));
#18446=DIRECTION('',(0.0,0.0,1.0));
#18447=DIRECTION('',(1.0,0.0,0.0));
#18448=DIRECTION('',(0.0,0.0,-1.0));
#18449=DIRECTION('',(1.0,0.0,0.0));
#18450=DIRECTION('',(0.0,0.0,1.0));
#18451=DIRECTION('',(-1.0,0.0,0.0));
#18452=CARTESIAN_POINT('',(11.43,-4.826,-10.414));
#18453=DIRECTION('',(0.0,-0.0,1.0));
#18454=DIRECTION('',(0.0,1.0,0.0));
#18455=CARTESIAN_POINT('',(11.43,-4.826,-9.58849999999962));
#18456=DIRECTION('',(6.12323399573676E-17,-0.0,1.0));
#18457=DIRECTION('',(0.0,1.0,0.0));
#18458=CARTESIAN_POINT('',(11.43,-4.826,-9.39799999999962));
#18459=DIRECTION('',(6.12323399573676E-17,-0.0,1.0));
#18460=DIRECTION('',(0.0,1.0,0.0));
#18461=CARTESIAN_POINT('',(11.43,-4.826,-9.14399999999958));
#18462=DIRECTION('',(6.12323399573676E-17,-0.0,1.0));
#18463=DIRECTION('',(0.0,1.0,0.0));
#18464=DIRECTION('',(0.0,-1.0,0.0));
#18465=DIRECTION('',(1.0,0.0,0.0));
#18466=DIRECTION('',(0.0,-1.0,0.0));
#18467=DIRECTION('',(-1.0,0.0,0.0));
#18468=DIRECTION('',(0.0,-1.0,0.0));
#18469=DIRECTION('',(1.0,0.0,0.0));
#18470=DIRECTION('',(7.84055808351111E-17,-1.0,0.0));
#18471=DIRECTION('',(0.0,1.0,0.0));
#18472=DIRECTION('',(0.0,0.0,1.0));
#18473=DIRECTION('',(-1.0,-0.0,-0.0));
#18474=DIRECTION('',(0.0,0.0,1.0));
#18475=DIRECTION('',(0.0,1.0,0.0));
#18476=DIRECTION('',(0.0,0.0,1.0));
#18477=DIRECTION('',(1.0,0.0,0.0));
#18478=DIRECTION('',(0.0,0.0,1.0));
#18479=DIRECTION('',(0.0,-1.0,0.0));
#18480=DIRECTION('',(0.0,0.0,1.0));
#18481=DIRECTION('',(-1.0,-0.0,-0.0));
#18482=DIRECTION('',(0.0,0.0,1.0));
#18483=DIRECTION('',(7.84055808351111E-17,-1.0,0.0));
#18484=DIRECTION('',(-5.46369598732852E-17,1.0,3.34554890119806E-33));
#18485=DIRECTION('',(0.0,0.0,1.0));
#18486=DIRECTION('',(-5.46369598732852E-17,1.0,0.0));
#18487=DIRECTION('',(1.0,0.0,-6.12323399573676E-17));
#18488=DIRECTION('',(0.0,0.0,1.0));
#18489=DIRECTION('',(1.0,0.0,0.0));
#18490=CARTESIAN_POINT('',(11.43,-8.46963000000002,-3.81));
#18491=DIRECTION('',(-6.12323399573676E-17,0.0,-1.0));
#18492=DIRECTION('',(1.0,0.0,-6.12323399573676E-17));
#18493=CARTESIAN_POINT('',(11.43,-8.46963000000002,-10.414));
#18494=DIRECTION('',(0.0,0.0,1.0));
#18495=DIRECTION('',(1.0,0.0,0.0));
#18496=DIRECTION('',(1.0,0.0,-6.12323399573676E-17));
#18497=DIRECTION('',(0.0,0.0,1.0));
#18498=DIRECTION('',(1.0,0.0,0.0));
#18499=DIRECTION('',(0.0,0.0,1.0));
#18500=DIRECTION('',(-5.46369598732852E-17,-1.0,3.34554890119806E-33));
#18501=DIRECTION('',(0.0,0.0,1.0));
#18502=DIRECTION('',(5.46369598732852E-17,1.0,0.0));
#18503=DIRECTION('',(-1.0,0.0,6.12323399573676E-17));
#18504=DIRECTION('',(0.0,0.0,1.0));
#18505=DIRECTION('',(1.0,0.0,0.0));
#18506=DIRECTION('',(0.0,0.0,-1.0));
#18507=DIRECTION('',(1.0,0.0,0.0));
#18508=DIRECTION('',(0.0,0.0,1.0));
#18509=DIRECTION('',(-1.0,0.0,0.0));
#18510=CARTESIAN_POINT('',(7.62,-4.826,-10.414));
#18511=DIRECTION('',(0.0,-0.0,1.0));
#18512=DIRECTION('',(0.0,1.0,0.0));
#18513=CARTESIAN_POINT('',(7.62,-4.826,-9.58849999999962));
#18514=DIRECTION('',(6.12323399573676E-17,-0.0,1.0));
#18515=DIRECTION('',(0.0,1.0,0.0));
#18516=CARTESIAN_POINT('',(7.62,-4.826,-9.39799999999962));
#18517=DIRECTION('',(6.12323399573676E-17,-0.0,1.0));
#18518=DIRECTION('',(0.0,1.0,0.0));
#18519=CARTESIAN_POINT('',(7.62,-4.826,-9.14399999999958));
#18520=DIRECTION('',(6.12323399573676E-17,-0.0,1.0));
#18521=DIRECTION('',(0.0,1.0,0.0));
#18522=DIRECTION('',(0.0,-1.0,0.0));
#18523=DIRECTION('',(1.0,0.0,0.0));
#18524=DIRECTION('',(0.0,-1.0,0.0));
#18525=DIRECTION('',(-1.0,0.0,0.0));
#18526=DIRECTION('',(0.0,-1.0,0.0));
#18527=DIRECTION('',(1.0,0.0,0.0));
#18528=DIRECTION('',(7.84055808351111E-17,-1.0,0.0));
#18529=DIRECTION('',(0.0,1.0,0.0));
#18530=DIRECTION('',(0.0,0.0,1.0));
#18531=DIRECTION('',(-1.0,-0.0,-0.0));
#18532=DIRECTION('',(0.0,0.0,1.0));
#18533=DIRECTION('',(0.0,1.0,0.0));
#18534=DIRECTION('',(0.0,0.0,1.0));
#18535=DIRECTION('',(1.0,0.0,0.0));
#18536=DIRECTION('',(0.0,0.0,1.0));
#18537=DIRECTION('',(0.0,-1.0,0.0));
#18538=DIRECTION('',(0.0,0.0,1.0));
#18539=DIRECTION('',(-1.0,-0.0,-0.0));
#18540=DIRECTION('',(0.0,0.0,1.0));
#18541=DIRECTION('',(7.84055808351111E-17,-1.0,0.0));
#18542=DIRECTION('',(-5.46369598732852E-17,1.0,3.34554890119806E-33));
#18543=DIRECTION('',(0.0,0.0,1.0));
#18544=DIRECTION('',(-5.46369598732852E-17,1.0,0.0));
#18545=DIRECTION('',(1.0,0.0,-6.12323399573676E-17));
#18546=DIRECTION('',(0.0,0.0,1.0));
#18547=DIRECTION('',(1.0,0.0,0.0));
#18548=CARTESIAN_POINT('',(7.62000000000001,-8.46963000000002,-3.81));
#18549=DIRECTION('',(-6.12323399573676E-17,0.0,-1.0));
#18550=DIRECTION('',(1.0,0.0,-6.12323399573676E-17));
#18551=CARTESIAN_POINT('',(7.62000000000001,-8.46963000000002,-10.414));
#18552=DIRECTION('',(0.0,0.0,1.0));
#18553=DIRECTION('',(1.0,0.0,0.0));
#18554=DIRECTION('',(1.0,0.0,-6.12323399573676E-17));
#18555=DIRECTION('',(0.0,0.0,1.0));
#18556=DIRECTION('',(1.0,0.0,0.0));
#18557=DIRECTION('',(0.0,0.0,1.0));
#18558=DIRECTION('',(-5.46369598732852E-17,-1.0,3.34554890119806E-33));
#18559=DIRECTION('',(0.0,0.0,1.0));
#18560=DIRECTION('',(5.46369598732852E-17,1.0,0.0));
#18561=DIRECTION('',(-1.0,0.0,6.12323399573676E-17));
#18562=DIRECTION('',(0.0,0.0,1.0));
#18563=DIRECTION('',(1.0,0.0,0.0));
#18564=DIRECTION('',(0.0,0.0,-1.0));
#18565=DIRECTION('',(1.0,0.0,0.0));
#18566=DIRECTION('',(0.0,0.0,1.0));
#18567=DIRECTION('',(-1.0,0.0,0.0));
#18568=CARTESIAN_POINT('',(3.81,-4.826,-10.414));
#18569=DIRECTION('',(0.0,-0.0,1.0));
#18570=DIRECTION('',(0.0,1.0,0.0));
#18571=CARTESIAN_POINT('',(3.81,-4.826,-9.58849999999962));
#18572=DIRECTION('',(6.12323399573676E-17,-0.0,1.0));
#18573=DIRECTION('',(0.0,1.0,0.0));
#18574=CARTESIAN_POINT('',(3.81,-4.826,-9.39799999999962));
#18575=DIRECTION('',(6.12323399573676E-17,-0.0,1.0));
#18576=DIRECTION('',(0.0,1.0,0.0));
#18577=CARTESIAN_POINT('',(3.81,-4.826,-9.14399999999958));
#18578=DIRECTION('',(6.12323399573676E-17,-0.0,1.0));
#18579=DIRECTION('',(0.0,1.0,0.0));
#18580=DIRECTION('',(0.0,-1.0,0.0));
#18581=DIRECTION('',(1.0,0.0,0.0));
#18582=DIRECTION('',(0.0,-1.0,0.0));
#18583=DIRECTION('',(-1.0,0.0,0.0));
#18584=DIRECTION('',(0.0,-1.0,0.0));
#18585=DIRECTION('',(1.0,0.0,0.0));
#18586=DIRECTION('',(7.84055808351111E-17,-1.0,0.0));
#18587=DIRECTION('',(0.0,1.0,0.0));
#18588=DIRECTION('',(0.0,0.0,1.0));
#18589=DIRECTION('',(-1.0,-0.0,-0.0));
#18590=DIRECTION('',(0.0,0.0,1.0));
#18591=DIRECTION('',(0.0,1.0,0.0));
#18592=DIRECTION('',(0.0,0.0,1.0));
#18593=DIRECTION('',(1.0,0.0,0.0));
#18594=DIRECTION('',(0.0,0.0,1.0));
#18595=DIRECTION('',(0.0,-1.0,0.0));
#18596=DIRECTION('',(0.0,0.0,1.0));
#18597=DIRECTION('',(-1.0,-0.0,-0.0));
#18598=DIRECTION('',(0.0,0.0,1.0));
#18599=DIRECTION('',(7.84055808351111E-17,-1.0,0.0));
#18600=DIRECTION('',(-5.46369598732852E-17,1.0,3.34554890119806E-33));
#18601=DIRECTION('',(0.0,0.0,1.0));
#18602=DIRECTION('',(-5.46369598732852E-17,1.0,0.0));
#18603=DIRECTION('',(1.0,0.0,-6.12323399573676E-17));
#18604=DIRECTION('',(0.0,0.0,1.0));
#18605=DIRECTION('',(1.0,0.0,0.0));
#18606=CARTESIAN_POINT('',(3.81000000000001,-8.46963000000002,-3.81));
#18607=DIRECTION('',(-6.12323399573676E-17,0.0,-1.0));
#18608=DIRECTION('',(1.0,0.0,-6.12323399573676E-17));
#18609=CARTESIAN_POINT('',(3.81000000000001,-8.46963000000002,-10.414));
#18610=DIRECTION('',(0.0,0.0,1.0));
#18611=DIRECTION('',(1.0,0.0,0.0));
#18612=DIRECTION('',(1.0,0.0,-6.12323399573676E-17));
#18613=DIRECTION('',(0.0,0.0,1.0));
#18614=DIRECTION('',(1.0,0.0,0.0));
#18615=DIRECTION('',(0.0,0.0,1.0));
#18616=DIRECTION('',(-5.46369598732852E-17,-1.0,3.34554890119806E-33));
#18617=DIRECTION('',(0.0,0.0,1.0));
#18618=DIRECTION('',(5.46369598732852E-17,1.0,0.0));
#18619=DIRECTION('',(-1.0,0.0,6.12323399573676E-17));
#18620=DIRECTION('',(0.0,0.0,1.0));
#18621=DIRECTION('',(1.0,0.0,0.0));
#18622=DIRECTION('',(0.0,0.0,-1.0));
#18623=DIRECTION('',(1.0,0.0,0.0));
#18624=DIRECTION('',(0.0,0.0,1.0));
#18625=DIRECTION('',(-1.0,0.0,0.0));
#18626=CARTESIAN_POINT('',(0.0,-4.826,-10.414));
#18627=DIRECTION('',(0.0,-0.0,1.0));
#18628=DIRECTION('',(0.0,1.0,0.0));
#18629=CARTESIAN_POINT('',(0.0,-4.826,-9.58849999999962));
#18630=DIRECTION('',(6.12323399573676E-17,-0.0,1.0));
#18631=DIRECTION('',(0.0,1.0,0.0));
#18632=CARTESIAN_POINT('',(0.0,-4.826,-9.39799999999962));
#18633=DIRECTION('',(6.12323399573676E-17,-0.0,1.0));
#18634=DIRECTION('',(0.0,1.0,0.0));
#18635=CARTESIAN_POINT('',(0.0,-4.826,-9.14399999999958));
#18636=DIRECTION('',(6.12323399573676E-17,-0.0,1.0));
#18637=DIRECTION('',(0.0,1.0,0.0));
#18638=DIRECTION('',(0.0,-1.0,0.0));
#18639=DIRECTION('',(1.0,0.0,0.0));
#18640=DIRECTION('',(0.0,-1.0,0.0));
#18641=DIRECTION('',(-1.0,0.0,0.0));
#18642=DIRECTION('',(0.0,-1.0,0.0));
#18643=DIRECTION('',(1.0,0.0,0.0));
#18644=DIRECTION('',(7.84055808351111E-17,-1.0,0.0));
#18645=DIRECTION('',(0.0,1.0,0.0));
#18646=DIRECTION('',(0.0,0.0,1.0));
#18647=DIRECTION('',(-1.0,-0.0,-0.0));
#18648=DIRECTION('',(0.0,0.0,1.0));
#18649=DIRECTION('',(0.0,1.0,0.0));
#18650=DIRECTION('',(0.0,0.0,1.0));
#18651=DIRECTION('',(1.0,0.0,0.0));
#18652=DIRECTION('',(0.0,0.0,1.0));
#18653=DIRECTION('',(0.0,-1.0,0.0));
#18654=DIRECTION('',(0.0,0.0,1.0));
#18655=DIRECTION('',(-1.0,-0.0,-0.0));
#18656=DIRECTION('',(0.0,0.0,1.0));
#18657=DIRECTION('',(7.84055808351111E-17,-1.0,0.0));
#18658=DIRECTION('',(-5.46369598732852E-17,1.0,3.34554890119806E-33));
#18659=DIRECTION('',(0.0,0.0,1.0));
#18660=DIRECTION('',(-5.46369598732852E-17,1.0,0.0));
#18661=DIRECTION('',(1.0,0.0,-6.12323399573676E-17));
#18662=DIRECTION('',(0.0,0.0,1.0));
#18663=DIRECTION('',(1.0,0.0,0.0));
#18664=CARTESIAN_POINT('',(7.105427357601E-15,-8.46963000000002,-3.81));
#18665=DIRECTION('',(-6.12323399573676E-17,0.0,-1.0));
#18666=DIRECTION('',(1.0,0.0,-6.12323399573676E-17));
#18667=CARTESIAN_POINT('',(7.105427357601E-15,-8.46963000000002,-10.414));
#18668=DIRECTION('',(0.0,0.0,1.0));
#18669=DIRECTION('',(1.0,0.0,0.0));
#18670=CARTESIAN_POINT('',(15.24,-1.4210854715202E-14,0.8509));
#18671=DIRECTION('',(-0.0,1.0,0.0));
#18672=DIRECTION('',(1.0,0.0,0.0));
#18673=DIRECTION('',(-0.0,-1.0,-0.0));
#18674=CARTESIAN_POINT('',(15.24,-1.77799999999998,0.8509));
#18675=DIRECTION('',(-1.07057564838325E-31,1.0,-1.74838271594491E-15));
#18676=DIRECTION('',(1.0,1.07057564838325E-31,-1.87177595974478E-46));
#18677=DIRECTION('',(0.0,1.0,0.0));
#18678=DIRECTION('',(-1.0,0.0,6.12323399573676E-17));
#18679=DIRECTION('',(-1.0,0.0,6.12323399573676E-17));
#18680=DIRECTION('',(-0.0,-1.0,-0.0));
#18681=CARTESIAN_POINT('',(11.43,-1.4210854715202E-14,0.8509));
#18682=DIRECTION('',(-0.0,1.0,0.0));
#18683=DIRECTION('',(1.0,0.0,0.0));
#18684=CARTESIAN_POINT('',(11.43,-1.77799999999998,0.8509));
#18685=DIRECTION('',(-1.07057564838325E-31,1.0,-1.74838271594491E-15));
#18686=DIRECTION('',(1.0,1.07057564838325E-31,-1.87177595974478E-46));
#18687=DIRECTION('',(0.0,1.0,0.0));
#18688=DIRECTION('',(-1.0,0.0,6.12323399573676E-17));
#18689=DIRECTION('',(-1.0,0.0,6.12323399573676E-17));
#18690=DIRECTION('',(-0.0,-1.0,-0.0));
#18691=CARTESIAN_POINT('',(7.62,-1.4210854715202E-14,0.8509));
#18692=DIRECTION('',(-0.0,1.0,0.0));
#18693=DIRECTION('',(1.0,0.0,0.0));
#18694=CARTESIAN_POINT('',(7.62,-1.77799999999998,0.8509));
#18695=DIRECTION('',(-1.07057564838325E-31,1.0,-1.74838271594491E-15));
#18696=DIRECTION('',(1.0,1.07057564838325E-31,-1.87177595974478E-46));
#18697=DIRECTION('',(0.0,1.0,0.0));
#18698=DIRECTION('',(-1.0,0.0,6.12323399573676E-17));
#18699=DIRECTION('',(-1.0,0.0,6.12323399573676E-17));
#18700=DIRECTION('',(-0.0,-1.0,-0.0));
#18701=CARTESIAN_POINT('',(3.81,-1.4210854715202E-14,0.8509));
#18702=DIRECTION('',(-0.0,1.0,0.0));
#18703=DIRECTION('',(1.0,0.0,0.0));
#18704=CARTESIAN_POINT('',(3.81,-1.77799999999998,0.8509));
#18705=DIRECTION('',(-1.07057564838325E-31,1.0,-1.74838271594491E-15));
#18706=DIRECTION('',(1.0,1.07057564838325E-31,-1.87177595974478E-46));
#18707=DIRECTION('',(0.0,1.0,0.0));
#18708=DIRECTION('',(-1.0,0.0,6.12323399573676E-17));
#18709=DIRECTION('',(-1.0,0.0,6.12323399573676E-17));
#18710=DIRECTION('',(-0.0,-1.0,-0.0));
#18711=CARTESIAN_POINT('',(0.0,-1.4210854715202E-14,0.8509));
#18712=DIRECTION('',(-0.0,1.0,0.0));
#18713=DIRECTION('',(1.0,0.0,0.0));
#18714=CARTESIAN_POINT('',(0.0,-1.77799999999998,0.8509));
#18715=DIRECTION('',(-1.07057564838325E-31,1.0,-1.74838271594491E-15));
#18716=DIRECTION('',(1.0,1.07057564838325E-31,-1.87177595974478E-46));
#18717=DIRECTION('',(0.0,1.0,0.0));
#18718=DIRECTION('',(-1.0,0.0,6.12323399573676E-17));
#18719=DIRECTION('',(-1.0,0.0,6.12323399573676E-17));
#18720=DIRECTION('',(0.0,-1.0,0.0));
#18721=DIRECTION('',(-6.12323399573676E-17,0.0,-1.0));
#18722=DIRECTION('',(-6.12323399573676E-17,-1.74838271594491E-15,-1.0));
#18723=DIRECTION('',(0.0,-1.0,0.0));
#18724=CARTESIAN_POINT('',(34.29,-1.4210854715202E-14,0.8509));
#18725=DIRECTION('',(-0.0,1.0,0.0));
#18726=DIRECTION('',(1.0,0.0,0.0));
#18727=DIRECTION('',(-0.0,-1.0,-0.0));
#18728=CARTESIAN_POINT('',(34.29,-1.77799999999998,0.8509));
#18729=DIRECTION('',(-1.07057564838325E-31,1.0,-1.74838271594491E-15));
#18730=DIRECTION('',(1.0,1.07057564838325E-31,-1.87177595974478E-46));
#18731=DIRECTION('',(0.0,1.0,0.0));
#18732=DIRECTION('',(-1.0,0.0,6.12323399573676E-17));
#18733=DIRECTION('',(-1.0,0.0,6.12323399573676E-17));
#18734=DIRECTION('',(-0.0,-1.0,-0.0));
#18735=CARTESIAN_POINT('',(30.48,-1.4210854715202E-14,0.8509));
#18736=DIRECTION('',(-0.0,1.0,0.0));
#18737=DIRECTION('',(1.0,0.0,0.0));
#18738=CARTESIAN_POINT('',(30.48,-1.77799999999998,0.8509));
#18739=DIRECTION('',(-1.07057564838325E-31,1.0,-1.74838271594491E-15));
#18740=DIRECTION('',(1.0,1.07057564838325E-31,-1.87177595974478E-46));
#18741=DIRECTION('',(0.0,1.0,0.0));
#18742=DIRECTION('',(-1.0,0.0,6.12323399573676E-17));
#18743=DIRECTION('',(-1.0,0.0,6.12323399573676E-17));
#18744=DIRECTION('',(-0.0,-1.0,-0.0));
#18745=CARTESIAN_POINT('',(26.67,-1.4210854715202E-14,0.8509));
#18746=DIRECTION('',(-0.0,1.0,0.0));
#18747=DIRECTION('',(1.0,0.0,0.0));
#18748=CARTESIAN_POINT('',(26.67,-1.77799999999998,0.8509));
#18749=DIRECTION('',(-1.07057564838325E-31,1.0,-1.74838271594491E-15));
#18750=DIRECTION('',(1.0,1.07057564838325E-31,-1.87177595974478E-46));
#18751=DIRECTION('',(0.0,1.0,0.0));
#18752=DIRECTION('',(-1.0,0.0,6.12323399573676E-17));
#18753=DIRECTION('',(-1.0,0.0,6.12323399573676E-17));
#18754=DIRECTION('',(-0.0,-1.0,-0.0));
#18755=CARTESIAN_POINT('',(22.86,-1.4210854715202E-14,0.8509));
#18756=DIRECTION('',(-0.0,1.0,0.0));
#18757=DIRECTION('',(1.0,0.0,0.0));
#18758=CARTESIAN_POINT('',(22.86,-1.77799999999998,0.8509));
#18759=DIRECTION('',(-1.07057564838325E-31,1.0,-1.74838271594491E-15));
#18760=DIRECTION('',(1.0,1.07057564838325E-31,-1.87177595974478E-46));
#18761=DIRECTION('',(0.0,1.0,0.0));
#18762=DIRECTION('',(-1.0,0.0,6.12323399573676E-17));
#18763=DIRECTION('',(-1.0,0.0,6.12323399573676E-17));
#18764=DIRECTION('',(-0.0,-1.0,-0.0));
#18765=CARTESIAN_POINT('',(19.05,-1.4210854715202E-14,0.8509));
#18766=DIRECTION('',(-0.0,1.0,0.0));
#18767=DIRECTION('',(1.0,0.0,0.0));
#18768=CARTESIAN_POINT('',(19.05,-1.77799999999998,0.8509));
#18769=DIRECTION('',(-1.07057564838325E-31,1.0,-1.74838271594491E-15));
#18770=DIRECTION('',(1.0,1.07057564838325E-31,-1.87177595974478E-46));
#18771=DIRECTION('',(0.0,1.0,0.0));
#18772=DIRECTION('',(-1.0,0.0,6.12323399573676E-17));
#18773=DIRECTION('',(-1.0,0.0,6.12323399573676E-17));
#18774=DIRECTION('',(-1.0,0.0,6.12323399573676E-17));
#18775=DIRECTION('',(0.0,-1.0,0.0));
#18776=DIRECTION('',(-1.0,0.0,6.12323399573676E-17));
#18777=DIRECTION('',(6.12323399573676E-17,0.0,1.0));
#18778=DIRECTION('',(0.0,1.0,0.0));
#18779=DIRECTION('',(6.12323399573676E-17,1.74838271594491E-15,1.0));
#18780=DIRECTION('',(-1.0,0.0,6.12323399573676E-17));
#18781=DIRECTION('',(0.0,1.0,0.0));
#18782=DIRECTION('',(-1.0,0.0,6.12323399573676E-17));
#18783=DIRECTION('',(-1.0,0.0,6.12323399573676E-17));
#18784=DIRECTION('',(0.0,1.0,0.0));
#18785=DIRECTION('',(-1.0,0.0,6.12323399573676E-17));
#18786=DIRECTION('',(-1.0,0.0,0.0));
#18787=DIRECTION('',(0.0,1.0,0.0));
#18788=DIRECTION('',(1.0,0.0,0.0));
#18789=DIRECTION('',(0.0,-1.0,0.0));
#18790=DIRECTION('',(0.0,0.0,-1.0));
#18791=DIRECTION('',(0.0,0.0,-1.0));
#18792=DIRECTION('',(0.0,1.0,0.0));
#18793=DIRECTION('',(1.0,0.0,0.0));
#18794=DIRECTION('',(-1.0,0.0,0.0));
#18795=DIRECTION('',(0.0,-1.0,0.0));
#18796=DIRECTION('',(0.0,0.0,-1.0));
#18797=DIRECTION('',(0.0,0.0,1.0));
#18798=DIRECTION('',(-1.0,0.0,0.0));
#18799=DIRECTION('',(0.0,1.0,0.0));
#18800=DIRECTION('',(1.0,0.0,0.0));
#18801=DIRECTION('',(0.0,-1.0,0.0));
#18802=DIRECTION('',(0.0,0.0,-1.0));
#18803=DIRECTION('',(0.0,0.0,-1.0));
#18804=DIRECTION('',(0.0,1.0,0.0));
#18805=DIRECTION('',(1.0,0.0,0.0));
#18806=DIRECTION('',(-1.0,0.0,0.0));
#18807=DIRECTION('',(0.0,-1.0,0.0));
#18808=DIRECTION('',(0.0,0.0,-1.0));
#18809=DIRECTION('',(0.0,0.0,1.0));
#18810=DIRECTION('',(-1.0,0.0,0.0));
#18811=DIRECTION('',(0.0,1.0,0.0));
#18812=DIRECTION('',(1.0,0.0,0.0));
#18813=DIRECTION('',(0.0,-1.0,0.0));
#18814=DIRECTION('',(0.0,0.0,-1.0));
#18815=DIRECTION('',(0.0,0.0,-1.0));
#18816=DIRECTION('',(0.0,1.0,0.0));
#18817=DIRECTION('',(1.0,0.0,0.0));
#18818=DIRECTION('',(-1.0,0.0,0.0));
#18819=DIRECTION('',(0.0,-1.0,0.0));
#18820=DIRECTION('',(0.0,0.0,-1.0));
#18821=DIRECTION('',(0.0,0.0,1.0));
#18822=DIRECTION('',(-1.0,0.0,0.0));
#18823=DIRECTION('',(0.0,1.0,0.0));
#18824=DIRECTION('',(1.0,0.0,0.0));
#18825=DIRECTION('',(0.0,-1.0,0.0));
#18826=DIRECTION('',(0.0,0.0,-1.0));
#18827=DIRECTION('',(0.0,0.0,-1.0));
#18828=DIRECTION('',(0.0,1.0,0.0));
#18829=DIRECTION('',(1.0,0.0,0.0));
#18830=DIRECTION('',(-1.0,0.0,0.0));
#18831=DIRECTION('',(0.0,-1.0,0.0));
#18832=DIRECTION('',(0.0,0.0,-1.0));
#18833=DIRECTION('',(0.0,0.0,1.0));
#18834=DIRECTION('',(-1.0,0.0,0.0));
#18835=DIRECTION('',(0.0,1.0,0.0));
#18836=DIRECTION('',(1.0,0.0,0.0));
#18837=DIRECTION('',(0.0,-1.0,0.0));
#18838=DIRECTION('',(0.0,0.0,-1.0));
#18839=DIRECTION('',(0.0,0.0,-1.0));
#18840=DIRECTION('',(0.0,1.0,0.0));
#18841=DIRECTION('',(1.0,0.0,0.0));
#18842=DIRECTION('',(-1.0,0.0,0.0));
#18843=DIRECTION('',(0.0,-1.0,0.0));
#18844=DIRECTION('',(0.0,0.0,-1.0));
#18845=DIRECTION('',(0.0,0.0,1.0));
#18846=DIRECTION('',(-1.0,0.0,0.0));
#18847=DIRECTION('',(0.0,1.0,0.0));
#18848=DIRECTION('',(1.0,0.0,0.0));
#18849=DIRECTION('',(0.0,-1.0,0.0));
#18850=DIRECTION('',(0.0,0.0,-1.0));
#18851=DIRECTION('',(0.0,0.0,-1.0));
#18852=DIRECTION('',(0.0,1.0,0.0));
#18853=DIRECTION('',(1.0,0.0,0.0));
#18854=DIRECTION('',(-1.0,0.0,0.0));
#18855=DIRECTION('',(0.0,-1.0,0.0));
#18856=DIRECTION('',(0.0,0.0,-1.0));
#18857=DIRECTION('',(0.0,0.0,1.0));
#18858=DIRECTION('',(-1.0,0.0,0.0));
#18859=DIRECTION('',(0.0,1.0,0.0));
#18860=DIRECTION('',(1.0,0.0,0.0));
#18861=DIRECTION('',(0.0,-1.0,0.0));
#18862=DIRECTION('',(0.0,0.0,-1.0));
#18863=DIRECTION('',(0.0,0.0,-1.0));
#18864=DIRECTION('',(0.0,1.0,0.0));
#18865=DIRECTION('',(1.0,0.0,0.0));
#18866=DIRECTION('',(-1.0,0.0,0.0));
#18867=DIRECTION('',(0.0,-1.0,0.0));
#18868=DIRECTION('',(0.0,0.0,-1.0));
#18869=DIRECTION('',(0.0,0.0,1.0));
#18870=DIRECTION('',(-1.0,0.0,0.0));
#18871=DIRECTION('',(0.0,1.0,0.0));
#18872=DIRECTION('',(1.0,0.0,0.0));
#18873=DIRECTION('',(0.0,-1.0,0.0));
#18874=DIRECTION('',(0.0,0.0,-1.0));
#18875=DIRECTION('',(0.0,0.0,-1.0));
#18876=DIRECTION('',(0.0,1.0,0.0));
#18877=DIRECTION('',(1.0,0.0,0.0));
#18878=DIRECTION('',(-1.0,0.0,0.0));
#18879=DIRECTION('',(0.0,-1.0,0.0));
#18880=DIRECTION('',(0.0,0.0,-1.0));
#18881=DIRECTION('',(0.0,0.0,1.0));
#18882=DIRECTION('',(-1.0,0.0,0.0));
#18883=DIRECTION('',(0.0,1.0,0.0));
#18884=DIRECTION('',(1.0,0.0,0.0));
#18885=DIRECTION('',(0.0,-1.0,0.0));
#18886=DIRECTION('',(0.0,0.0,-1.0));
#18887=DIRECTION('',(0.0,0.0,-1.0));
#18888=DIRECTION('',(0.0,1.0,0.0));
#18889=DIRECTION('',(1.0,0.0,0.0));
#18890=DIRECTION('',(-1.0,0.0,0.0));
#18891=DIRECTION('',(0.0,-1.0,0.0));
#18892=DIRECTION('',(0.0,0.0,-1.0));
#18893=DIRECTION('',(0.0,0.0,1.0));
#18894=DIRECTION('',(-1.0,0.0,0.0));
#18895=DIRECTION('',(0.0,1.0,0.0));
#18896=DIRECTION('',(1.0,0.0,0.0));
#18897=DIRECTION('',(0.0,-1.0,0.0));
#18898=DIRECTION('',(0.0,0.0,-1.0));
#18899=DIRECTION('',(0.0,0.0,-1.0));
#18900=DIRECTION('',(0.0,1.0,0.0));
#18901=DIRECTION('',(1.0,0.0,0.0));
#18902=DIRECTION('',(-1.0,0.0,0.0));
#18903=DIRECTION('',(0.0,-1.0,0.0));
#18904=DIRECTION('',(0.0,0.0,-1.0));
#18905=DIRECTION('',(0.0,0.0,1.0));
#18906=DIRECTION('',(-0.577350269190002,-0.577350269189489,0.577350269189387));
#18907=DIRECTION('',(0.0,1.0,6.12323399573676E-17));
#18908=DIRECTION('',(0.264906471413225,-0.927172649945488,-0.264906471412943));
#18909=DIRECTION('',(0.0,1.0,3.41607084500048E-14));
#18910=DIRECTION('',(0.0,0.0,1.0));
#18911=DIRECTION('',(0.0,-1.0,0.0));
#18912=DIRECTION('',(0.0,0.0,-1.0));
#18913=DIRECTION('',(0.0,0.0,1.0));
#18914=DIRECTION('',(0.0,1.0,0.0));
#18915=DIRECTION('',(0.0,0.0,-1.0));
#18916=DIRECTION('',(0.0,1.0,6.12323399573676E-17));
#18917=DIRECTION('',(0.264906471413247,0.927172649945482,0.264906471412941));
#18918=DIRECTION('',(-0.577350269190036,0.577350269189471,-0.57735026918937));
#18919=DIRECTION('',(0.0,-1.0,-3.41607084500048E-14));
#18920=DIRECTION('',(-1.0,0.0,6.12323399573676E-17));
#18921=DIRECTION('',(1.0,0.0,-6.12323399573676E-17));
#18922=DIRECTION('',(-1.0,0.0,6.12323399573676E-17));
#18923=DIRECTION('',(-1.0,0.0,6.12323399573676E-17));
#18924=DIRECTION('',(-1.0,0.0,6.12323399573676E-17));
#18925=DIRECTION('',(-1.0,0.0,6.12323399573676E-17));
#18926=DIRECTION('',(-0.577350269190002,-0.577350269189489,0.577350269189387));
#18927=DIRECTION('',(0.0,1.0,6.12323399573676E-17));
#18928=DIRECTION('',(0.264906471413225,-0.927172649945488,-0.264906471412943));
#18929=DIRECTION('',(0.0,1.0,3.41607084500048E-14));
#18930=DIRECTION('',(0.0,0.0,1.0));
#18931=DIRECTION('',(0.0,-1.0,0.0));
#18932=DIRECTION('',(0.0,0.0,-1.0));
#18933=DIRECTION('',(0.0,0.0,1.0));
#18934=DIRECTION('',(0.0,1.0,0.0));
#18935=DIRECTION('',(0.0,0.0,-1.0));
#18936=DIRECTION('',(0.0,1.0,6.12323399573676E-17));
#18937=DIRECTION('',(0.264906471413247,0.927172649945482,0.264906471412941));
#18938=DIRECTION('',(-0.577350269190036,0.577350269189471,-0.57735026918937));
#18939=DIRECTION('',(0.0,-1.0,-3.41607084500048E-14));
#18940=DIRECTION('',(-1.0,0.0,6.12323399573676E-17));
#18941=DIRECTION('',(1.0,0.0,-6.12323399573676E-17));
#18942=DIRECTION('',(-1.0,0.0,6.12323399573676E-17));
#18943=DIRECTION('',(-1.0,0.0,6.12323399573676E-17));
#18944=DIRECTION('',(-1.0,0.0,6.12323399573676E-17));
#18945=DIRECTION('',(-1.0,0.0,6.12323399573676E-17));
#18946=DIRECTION('',(-0.577350269190002,-0.577350269189489,0.577350269189387));
#18947=DIRECTION('',(0.0,1.0,6.12323399573676E-17));
#18948=DIRECTION('',(0.264906471413225,-0.927172649945488,-0.264906471412943));
#18949=DIRECTION('',(0.0,1.0,3.41607084500048E-14));
#18950=DIRECTION('',(0.0,0.0,1.0));
#18951=DIRECTION('',(0.0,-1.0,0.0));
#18952=DIRECTION('',(0.0,0.0,-1.0));
#18953=DIRECTION('',(0.0,0.0,1.0));
#18954=DIRECTION('',(0.0,1.0,0.0));
#18955=DIRECTION('',(0.0,0.0,-1.0));
#18956=DIRECTION('',(0.0,1.0,6.12323399573676E-17));
#18957=DIRECTION('',(0.264906471413247,0.927172649945482,0.264906471412941));
#18958=DIRECTION('',(-0.577350269190036,0.577350269189471,-0.57735026918937));
#18959=DIRECTION('',(0.0,-1.0,-3.41607084500048E-14));
#18960=DIRECTION('',(-1.0,0.0,6.12323399573676E-17));
#18961=DIRECTION('',(1.0,0.0,-6.12323399573676E-17));
#18962=DIRECTION('',(-1.0,0.0,6.12323399573676E-17));
#18963=DIRECTION('',(-1.0,0.0,6.12323399573676E-17));
#18964=DIRECTION('',(-1.0,0.0,6.12323399573676E-17));
#18965=DIRECTION('',(-1.0,0.0,6.12323399573676E-17));
#18966=DIRECTION('',(-0.577350269190002,-0.577350269189489,0.577350269189387));
#18967=DIRECTION('',(0.0,1.0,6.12323399573676E-17));
#18968=DIRECTION('',(0.264906471413225,-0.927172649945488,-0.264906471412943));
#18969=DIRECTION('',(0.0,1.0,3.41607084500048E-14));
#18970=DIRECTION('',(0.0,0.0,1.0));
#18971=DIRECTION('',(0.0,-1.0,0.0));
#18972=DIRECTION('',(0.0,0.0,-1.0));
#18973=DIRECTION('',(0.0,0.0,1.0));
#18974=DIRECTION('',(0.0,1.0,0.0));
#18975=DIRECTION('',(0.0,0.0,-1.0));
#18976=DIRECTION('',(0.0,1.0,6.12323399573676E-17));
#18977=DIRECTION('',(0.264906471413247,0.927172649945482,0.264906471412941));
#18978=DIRECTION('',(-0.577350269190036,0.577350269189471,-0.57735026918937));
#18979=DIRECTION('',(0.0,-1.0,-3.41607084500048E-14));
#18980=DIRECTION('',(-1.0,0.0,6.12323399573676E-17));
#18981=DIRECTION('',(1.0,0.0,-6.12323399573676E-17));
#18982=DIRECTION('',(-1.0,0.0,6.12323399573676E-17));
#18983=DIRECTION('',(-1.0,0.0,6.12323399573676E-17));
#18984=DIRECTION('',(-1.0,0.0,6.12323399573676E-17));
#18985=DIRECTION('',(-1.0,0.0,6.12323399573676E-17));
#18986=DIRECTION('',(-0.577350269190002,-0.577350269189489,0.577350269189387));
#18987=DIRECTION('',(0.0,1.0,6.12323399573676E-17));
#18988=DIRECTION('',(0.264906471413225,-0.927172649945488,-0.264906471412943));
#18989=DIRECTION('',(0.0,1.0,3.41607084500048E-14));
#18990=DIRECTION('',(0.0,0.0,1.0));
#18991=DIRECTION('',(0.0,-1.0,0.0));
#18992=DIRECTION('',(0.0,0.0,-1.0));
#18993=DIRECTION('',(0.0,0.0,1.0));
#18994=DIRECTION('',(0.0,1.0,0.0));
#18995=DIRECTION('',(0.0,0.0,-1.0));
#18996=DIRECTION('',(0.0,1.0,6.12323399573676E-17));
#18997=DIRECTION('',(0.264906471413247,0.927172649945482,0.264906471412941));
#18998=DIRECTION('',(-0.577350269190036,0.577350269189471,-0.57735026918937));
#18999=DIRECTION('',(0.0,-1.0,-3.41607084500048E-14));
#19000=DIRECTION('',(-1.0,0.0,6.12323399573676E-17));
#19001=DIRECTION('',(1.0,0.0,-6.12323399573676E-17));
#19002=DIRECTION('',(-1.0,0.0,6.12323399573676E-17));
#19003=DIRECTION('',(-1.0,0.0,6.12323399573676E-17));
#19004=DIRECTION('',(-1.0,0.0,6.12323399573676E-17));
#19005=DIRECTION('',(-1.0,0.0,6.12323399573676E-17));
#19006=DIRECTION('',(-0.577350269190002,-0.577350269189489,0.577350269189387));
#19007=DIRECTION('',(0.0,1.0,6.12323399573676E-17));
#19008=DIRECTION('',(0.264906471413225,-0.927172649945488,-0.264906471412943));
#19009=DIRECTION('',(0.0,1.0,3.41607084500048E-14));
#19010=DIRECTION('',(0.0,0.0,1.0));
#19011=DIRECTION('',(0.0,-1.0,0.0));
#19012=DIRECTION('',(0.0,0.0,-1.0));
#19013=DIRECTION('',(0.0,0.0,1.0));
#19014=DIRECTION('',(0.0,1.0,0.0));
#19015=DIRECTION('',(0.0,0.0,-1.0));
#19016=DIRECTION('',(0.0,1.0,6.12323399573676E-17));
#19017=DIRECTION('',(0.264906471413247,0.927172649945482,0.264906471412941));
#19018=DIRECTION('',(-0.577350269190036,0.577350269189471,-0.57735026918937));
#19019=DIRECTION('',(0.0,-1.0,-3.41607084500048E-14));
#19020=DIRECTION('',(-1.0,0.0,6.12323399573676E-17));
#19021=DIRECTION('',(1.0,0.0,-6.12323399573676E-17));
#19022=DIRECTION('',(-1.0,0.0,6.12323399573676E-17));
#19023=DIRECTION('',(-1.0,0.0,6.12323399573676E-17));
#19024=DIRECTION('',(-1.0,0.0,6.12323399573676E-17));
#19025=DIRECTION('',(-1.0,0.0,6.12323399573676E-17));
#19026=DIRECTION('',(-0.577350269190002,-0.577350269189489,0.577350269189387));
#19027=DIRECTION('',(0.0,1.0,6.12323399573676E-17));
#19028=DIRECTION('',(0.264906471413225,-0.927172649945488,-0.264906471412943));
#19029=DIRECTION('',(0.0,1.0,3.41607084500048E-14));
#19030=DIRECTION('',(0.0,0.0,1.0));
#19031=DIRECTION('',(0.0,-1.0,0.0));
#19032=DIRECTION('',(0.0,0.0,-1.0));
#19033=DIRECTION('',(0.0,0.0,1.0));
#19034=DIRECTION('',(0.0,1.0,0.0));
#19035=DIRECTION('',(0.0,0.0,-1.0));
#19036=DIRECTION('',(0.0,1.0,6.12323399573676E-17));
#19037=DIRECTION('',(0.264906471413247,0.927172649945482,0.264906471412941));
#19038=DIRECTION('',(-0.577350269190036,0.577350269189471,-0.57735026918937));
#19039=DIRECTION('',(0.0,-1.0,-3.41607084500048E-14));
#19040=DIRECTION('',(-1.0,0.0,6.12323399573676E-17));
#19041=DIRECTION('',(1.0,0.0,-6.12323399573676E-17));
#19042=DIRECTION('',(-1.0,0.0,6.12323399573676E-17));
#19043=DIRECTION('',(-1.0,0.0,6.12323399573676E-17));
#19044=DIRECTION('',(-1.0,0.0,6.12323399573676E-17));
#19045=DIRECTION('',(-1.0,0.0,6.12323399573676E-17));
#19046=DIRECTION('',(-0.577350269190002,-0.577350269189489,0.577350269189387));
#19047=DIRECTION('',(0.0,1.0,6.12323399573676E-17));
#19048=DIRECTION('',(0.264906471413225,-0.927172649945488,-0.264906471412943));
#19049=DIRECTION('',(0.0,1.0,3.41607084500048E-14));
#19050=DIRECTION('',(0.0,0.0,1.0));
#19051=DIRECTION('',(0.0,-1.0,0.0));
#19052=DIRECTION('',(0.0,0.0,-1.0));
#19053=DIRECTION('',(0.0,0.0,1.0));
#19054=DIRECTION('',(0.0,1.0,0.0));
#19055=DIRECTION('',(0.0,0.0,-1.0));
#19056=DIRECTION('',(0.0,1.0,6.12323399573676E-17));
#19057=DIRECTION('',(0.264906471413247,0.927172649945482,0.264906471412941));
#19058=DIRECTION('',(-0.577350269190036,0.577350269189471,-0.57735026918937));
#19059=DIRECTION('',(0.0,-1.0,-3.41607084500048E-14));
#19060=DIRECTION('',(-1.0,0.0,6.12323399573676E-17));
#19061=DIRECTION('',(1.0,0.0,-6.12323399573676E-17));
#19062=DIRECTION('',(-1.0,0.0,6.12323399573676E-17));
#19063=DIRECTION('',(-1.0,0.0,6.12323399573676E-17));
#19064=DIRECTION('',(-1.0,0.0,6.12323399573676E-17));
#19065=DIRECTION('',(-1.0,0.0,6.12323399573676E-17));
#19066=DIRECTION('',(-0.577350269190002,-0.577350269189489,0.577350269189387));
#19067=DIRECTION('',(0.0,1.0,6.12323399573676E-17));
#19068=DIRECTION('',(0.264906471413225,-0.927172649945488,-0.264906471412943));
#19069=DIRECTION('',(0.0,1.0,3.41607084500048E-14));
#19070=DIRECTION('',(0.0,0.0,1.0));
#19071=DIRECTION('',(0.0,-1.0,0.0));
#19072=DIRECTION('',(0.0,0.0,-1.0));
#19073=DIRECTION('',(0.0,0.0,1.0));
#19074=DIRECTION('',(0.0,1.0,0.0));
#19075=DIRECTION('',(0.0,0.0,-1.0));
#19076=DIRECTION('',(0.0,1.0,6.12323399573676E-17));
#19077=DIRECTION('',(0.264906471413247,0.927172649945482,0.264906471412941));
#19078=DIRECTION('',(-0.577350269190036,0.577350269189471,-0.57735026918937));
#19079=DIRECTION('',(0.0,-1.0,-3.41607084500048E-14));
#19080=DIRECTION('',(-1.0,0.0,6.12323399573676E-17));
#19081=DIRECTION('',(1.0,0.0,-6.12323399573676E-17));
#19082=DIRECTION('',(-1.0,0.0,6.12323399573676E-17));
#19083=DIRECTION('',(-1.0,0.0,6.12323399573676E-17));
#19084=DIRECTION('',(-1.0,0.0,6.12323399573676E-17));
#19085=DIRECTION('',(-1.0,0.0,6.12323399573676E-17));
#19086=DIRECTION('',(-0.577350269190002,-0.577350269189489,0.577350269189387));
#19087=DIRECTION('',(0.0,1.0,6.12323399573676E-17));
#19088=DIRECTION('',(0.264906471413225,-0.927172649945488,-0.264906471412943));
#19089=DIRECTION('',(0.0,1.0,3.41607084500048E-14));
#19090=DIRECTION('',(0.0,0.0,1.0));
#19091=DIRECTION('',(0.0,-1.0,0.0));
#19092=DIRECTION('',(0.0,0.0,-1.0));
#19093=DIRECTION('',(0.0,0.0,1.0));
#19094=DIRECTION('',(0.0,1.0,0.0));
#19095=DIRECTION('',(0.0,0.0,-1.0));
#19096=DIRECTION('',(0.0,1.0,6.12323399573676E-17));
#19097=DIRECTION('',(0.264906471413247,0.927172649945482,0.264906471412941));
#19098=DIRECTION('',(-0.577350269190036,0.577350269189471,-0.57735026918937));
#19099=DIRECTION('',(0.0,-1.0,-3.41607084500048E-14));
#19100=DIRECTION('',(-1.0,0.0,6.12323399573676E-17));
#19101=DIRECTION('',(1.0,0.0,-6.12323399573676E-17));
#19102=DIRECTION('',(-1.0,0.0,6.12323399573676E-17));
#19103=DIRECTION('',(-1.0,0.0,6.12323399573676E-17));
#19104=DIRECTION('',(-1.0,0.0,6.12323399573676E-17));
#19105=DIRECTION('',(-1.0,0.0,6.12323399573676E-17));
#19106=DIRECTION('',(-6.12323399573676E-17,0.0,-1.0));
#19107=DIRECTION('',(0.0,1.0,0.0));
#19108=DIRECTION('',(6.12323399573676E-17,0.0,1.0));
#19109=DIRECTION('',(-2.69785063392618E-29,1.0,-4.40592444418183E-13));
#19110=DIRECTION('',(2.09174011299522E-30,1.0,3.41607084500048E-14));
#19111=DIRECTION('',(-6.12323399573676E-17,0.0,-1.0));
#19112=DIRECTION('',(0.0,1.0,0.0));
#19113=DIRECTION('',(6.12323399573676E-17,-5.48258283765503E-16,1.0));
#19114=DIRECTION('',(-2.05946646010268E-17,0.94174191159484,-0.336336396998149));
#19115=DIRECTION('',(-6.12323399573676E-17,0.0,-1.0));
#19116=DIRECTION('',(-1.0,0.0,6.12323399573676E-17));
#19117=DIRECTION('',(-6.12323399573676E-17,-0.0,-1.0));
#19118=DIRECTION('',(-1.0,0.0,6.12323399573676E-17));
#19119=DIRECTION('',(6.12323399573676E-17,0.0,1.0));
#19120=DIRECTION('',(2.69785063392618E-29,-1.0,4.40592444418183E-13));
#19121=DIRECTION('',(0.0,-1.0,0.0));
#19122=DIRECTION('',(-1.0,0.0,6.12323399573676E-17));
#19123=DIRECTION('',(-1.0,0.0,6.12323399573676E-17));
#19124=DIRECTION('',(-1.0,0.0,6.12323399573676E-17));
#19125=DIRECTION('',(-6.12323399573676E-17,5.48258283765503E-16,-1.0));
#19126=DIRECTION('',(0.0,-1.0,0.0));
#19127=DIRECTION('',(-1.0,0.0,6.12323399573676E-17));
#19128=DIRECTION('',(6.12323399573676E-17,0.0,1.0));
#19129=DIRECTION('',(-1.0,0.0,6.12323399573676E-17));
#19130=DIRECTION('',(-1.0,0.0,6.12323399573676E-17));
#19131=DIRECTION('',(2.05946646010268E-17,-0.94174191159484,0.336336396998149));
#19132=DIRECTION('',(-1.0,0.0,6.12323399573676E-17));
#19133=DIRECTION('',(-2.09174011299522E-30,-1.0,-3.41607084500048E-14));
#19134=DIRECTION('',(-6.12323399573676E-17,0.0,-1.0));
#19135=DIRECTION('',(0.0,1.0,0.0));
#19136=DIRECTION('',(-6.12323399573676E-17,0.0,-1.0));
#19137=DIRECTION('',(0.0,1.0,0.0));
#19138=DIRECTION('',(6.12323399573676E-17,0.0,1.0));
#19139=DIRECTION('',(6.12323399573676E-17,0.0,1.0));
#19140=DIRECTION('',(0.0,-1.0,0.0));
#19141=DIRECTION('',(-2.09174011299522E-30,-1.0,-3.41607084500048E-14));
#19142=DIRECTION('',(6.12323399573676E-17,0.0,1.0));
#19143=DIRECTION('',(6.12323399573676E-17,-5.48258283765503E-16,1.0));
#19144=DIRECTION('',(0.0,1.0,0.0));
#19145=DIRECTION('',(-6.12323399573676E-17,0.0,-1.0));
#19146=DIRECTION('',(0.0,1.0,0.0));
#19147=DIRECTION('',(-1.0,0.0,6.12323399573676E-17));
#19148=DIRECTION('',(-1.0,0.0,6.12323399573676E-17));
#19149=DIRECTION('',(-1.0,0.0,6.12323399573676E-17));
#19150=DIRECTION('',(6.12323399573676E-17,-5.48258283765503E-16,1.0));
#19151=DIRECTION('',(-6.12323399573676E-17,-0.0,-1.0));
#19152=DIRECTION('',(-1.0,0.0,6.12323399573676E-17));
#19153=DIRECTION('',(1.0,0.0,-6.12323399573676E-17));
#19154=DIRECTION('',(1.0,0.0,-6.12323399573676E-17));
#19155=DIRECTION('',(-2.09174011299522E-30,-1.0,-3.41607084500048E-14));
#19156=DIRECTION('',(-1.0,0.0,6.12323399573676E-17));
#19157=DIRECTION('',(-6.12323399573676E-17,0.0,-1.0));
#19158=DIRECTION('',(-1.0,0.0,6.12323399573676E-17));
#19159=DIRECTION('',(0.0,1.0,0.0));
#19160=DIRECTION('',(-1.0,0.0,6.12323399573676E-17));
#19161=DIRECTION('',(-6.12323399573676E-17,0.0,-1.0));
#19162=DIRECTION('',(-1.0,0.0,6.12323399573676E-17));
#19163=DIRECTION('',(0.0,1.0,0.0));
#19164=DIRECTION('',(-1.0,0.0,6.12323399573676E-17));
#19165=DIRECTION('',(6.12323399573676E-17,0.0,1.0));
#19166=DIRECTION('',(6.12323399573676E-17,0.0,1.0));
#19167=DIRECTION('',(-1.0,0.0,6.12323399573676E-17));
#19168=DIRECTION('',(0.0,-1.0,0.0));
ENDSEC;
END-ISO-10303-21;
