ISO-10303-21;
HEADER;
FILE_DESCRIPTION(('STEP AP242'),'1');
FILE_NAME('395126010.stp','2026-09-11T10:38:01',('TraceParts'),('TraceParts S.A.S.'),'Spatial InterOp 3D',' ',' ');
FILE_SCHEMA(('AP242_MANAGED_MODEL_BASED_3D_ENGINEERING_MIM_LF  {1 0 10303 442 1 1 4}'));
ENDSEC;
DATA;
#1=MECHANICAL_DESIGN_GEOMETRIC_PRESENTATION_REPRESENTATION(' ',(#10,#11,#12,#13,#14,#15,#16,#17,#18,#19,#20,#21,#22,#23,#24,#25,#26,#27,#28,#29,#30,#31,#32,#33,#34,#35,#36,#37,#38,#39,#40,#41,#42,#43,#44,#45,#46,#47,#48,#49,#50,#51,#52,#53,#54,#55,#56,#57,#58,#59,#60,#61,#62,#63,#64,#65,#66,#67,#68,#69,#70,#71,#72,#73,#74,#75,#76,#77,#78,#79,#80,#81,#82,#83,#84,#85,#86,#87,#88,#89,#90,#91,#92,#93,#94,#95,#96,#97,#98,#99,#100,#101,#102,#103,#104,#105,#106,#107,#108,#109,#110,#111,#112,#113,#114,#115,#116,#117,#118,#119,#120,#121,#122,#123,#124,#125,#126,#127,#128,#129,#130,#131,#132,#133,#134,#135,#136,#137,#138,#139,#140,#141,#142,#143,#144,#145,#146,#147,#148,#149,#150,#151,#152,#153,#154,#155,#156,#157,#158,#159,#160,#161,#162,#163,#164,#165,#166,#167,#168,#169,#170,#171,#172,#173,#174,#175,#176,#177,#178,#179,#180,#181,#182,#183,#184,#185,#186,#187,#188,#189,#190,#191,#192,#193,#194,#195,#196,#197,#198,#199,#200,#201,#202,#203,#204,#205,#206,#207,#208,#209,#210,#211,#212,#213,#214,#215,#216,#217,#218,#219,#220,#221,#222,#223,#224,#225,#226,#227,#228,#229,#230,#231,#232,#233,#234,#235,#236,#237,#238,#239,#240,#241,#242,#243,#244,#245,#246,#247,#248,#249,#250,#251,#252,#253,#254,#255,#256,#257,#258,#259,#260,#261,#262,#263,#264,#265,#266,#267,#268,#269,#270,#271,#272,#273,#274,#275,#276,#277,#278,#279,#280,#281,#282,#283,#284,#285,#286,#287,#288,#289,#290,#291,#292,#293,#294,#295,#296,#297,#298,#299,#300,#301,#302,#303,#304,#305,#306,#307,#308,#309,#310,#311,#312,#313,#314,#315,#316,#317,#318,#319,#320,#321,#322,#323,#324,#325,#326,#327,#328,#329,#330,#331,#332,#333,#334,#335,#336,#337,#338,#339,#340,#341,#342,#343,#344,#345,#346,#347,#348,#349,#350,#351,#352,#353,#354,#355,#356,#357,#358,#359,#360,#361,#362,#363,#364,#365,#366,#367,#368,#369,#370,#371,#372,#373,#374,#375,#376,#377,#378,#379,#380,#381,#382,#383,#384,#385,#386,#387,#388,#389,#390,#391,#392,#393,#394,#395,#396,#397,#398,#399,#400,#401,#402,#403,#404,#405,#406,#407,#408,#409,#410,#411,#412,#413,#414,#415,#416,#417,#418,#419,#420,#421,#422,#423,#424,#425,#426,#427,#428,#429,#430,#431,#432,#433,#434,#435,#436,#437,#438,#439,#440,#441,#442,#443,#444,#445,#446,#447,#448,#449,#450,#451,#452,#453,#454,#455,#456,#457,#458,#459,#460,#461,#462,#463,#464,#465,#466,#467,#468,#469,#470,#471,#472,#473,#474,#475,#476,#477,#478,#479,#480,#481,#482,#483,#484,#485,#486,#487,#488,#489,#490,#491,#492,#493,#494,#495),#6);
#2=PRODUCT_DEFINITION_CONTEXT('',#496,'design');
#3=APPLICATION_PROTOCOL_DEFINITION('INTERNATIONAL STANDARD','ap242_managed_model_based_3d_engineering',2014,#496);
#4=PRODUCT_CATEGORY_RELATIONSHIP('NONE','NONE',#497,#498);
#5=SHAPE_DEFINITION_REPRESENTATION(#499,#500);
#6= (GEOMETRIC_REPRESENTATION_CONTEXT(3)GLOBAL_UNCERTAINTY_ASSIGNED_CONTEXT((#503))GLOBAL_UNIT_ASSIGNED_CONTEXT((#505,#506,#507))REPRESENTATION_CONTEXT('NONE','WORKSPACE'));
#10=STYLED_ITEM('',(#509),#510);
#11=STYLED_ITEM('',(#511),#512);
#12=STYLED_ITEM('',(#513),#514);
#13=STYLED_ITEM('',(#515),#516);
#14=STYLED_ITEM('',(#517),#518);
#15=STYLED_ITEM('',(#519),#520);
#16=STYLED_ITEM('',(#521),#522);
#17=STYLED_ITEM('',(#523),#524);
#18=STYLED_ITEM('',(#525),#526);
#19=STYLED_ITEM('',(#527),#528);
#20=STYLED_ITEM('',(#529),#530);
#21=STYLED_ITEM('',(#531),#532);
#22=STYLED_ITEM('',(#533),#534);
#23=STYLED_ITEM('',(#535),#536);
#24=STYLED_ITEM('',(#537),#538);
#25=STYLED_ITEM('',(#539),#540);
#26=STYLED_ITEM('',(#541),#542);
#27=STYLED_ITEM('',(#543),#544);
#28=STYLED_ITEM('',(#545),#546);
#29=STYLED_ITEM('',(#547),#548);
#30=STYLED_ITEM('',(#549),#550);
#31=STYLED_ITEM('',(#551),#552);
#32=STYLED_ITEM('',(#553),#554);
#33=STYLED_ITEM('',(#555),#556);
#34=STYLED_ITEM('',(#557),#558);
#35=STYLED_ITEM('',(#559),#560);
#36=STYLED_ITEM('',(#561),#562);
#37=STYLED_ITEM('',(#563),#564);
#38=STYLED_ITEM('',(#565),#566);
#39=STYLED_ITEM('',(#567),#568);
#40=STYLED_ITEM('',(#569),#570);
#41=STYLED_ITEM('',(#571),#572);
#42=STYLED_ITEM('',(#573),#574);
#43=STYLED_ITEM('',(#575),#576);
#44=STYLED_ITEM('',(#577),#578);
#45=STYLED_ITEM('',(#579),#580);
#46=STYLED_ITEM('',(#581),#582);
#47=STYLED_ITEM('',(#583),#584);
#48=STYLED_ITEM('',(#585),#586);
#49=STYLED_ITEM('',(#587),#588);
#50=STYLED_ITEM('',(#589),#590);
#51=STYLED_ITEM('',(#591),#592);
#52=STYLED_ITEM('',(#593),#594);
#53=STYLED_ITEM('',(#595),#596);
#54=STYLED_ITEM('',(#597),#598);
#55=STYLED_ITEM('',(#599),#600);
#56=STYLED_ITEM('',(#601),#602);
#57=STYLED_ITEM('',(#603),#604);
#58=STYLED_ITEM('',(#605),#606);
#59=STYLED_ITEM('',(#607),#608);
#60=STYLED_ITEM('',(#609),#610);
#61=STYLED_ITEM('',(#611),#612);
#62=STYLED_ITEM('',(#613),#614);
#63=STYLED_ITEM('',(#615),#616);
#64=STYLED_ITEM('',(#617),#618);
#65=STYLED_ITEM('',(#619),#620);
#66=STYLED_ITEM('',(#621),#622);
#67=STYLED_ITEM('',(#623),#624);
#68=STYLED_ITEM('',(#625),#626);
#69=STYLED_ITEM('',(#627),#628);
#70=STYLED_ITEM('',(#629),#630);
#71=STYLED_ITEM('',(#631),#632);
#72=STYLED_ITEM('',(#633),#634);
#73=STYLED_ITEM('',(#635),#636);
#74=STYLED_ITEM('',(#637),#638);
#75=STYLED_ITEM('',(#639),#640);
#76=STYLED_ITEM('',(#641),#642);
#77=STYLED_ITEM('',(#643),#644);
#78=STYLED_ITEM('',(#645),#646);
#79=STYLED_ITEM('',(#647),#648);
#80=STYLED_ITEM('',(#649),#650);
#81=STYLED_ITEM('',(#651),#652);
#82=STYLED_ITEM('',(#653),#654);
#83=STYLED_ITEM('',(#655),#656);
#84=STYLED_ITEM('',(#657),#658);
#85=STYLED_ITEM('',(#659),#660);
#86=STYLED_ITEM('',(#661),#662);
#87=STYLED_ITEM('',(#663),#664);
#88=STYLED_ITEM('',(#665),#666);
#89=STYLED_ITEM('',(#667),#668);
#90=STYLED_ITEM('',(#669),#670);
#91=STYLED_ITEM('',(#671),#672);
#92=STYLED_ITEM('',(#673),#674);
#93=STYLED_ITEM('',(#675),#676);
#94=STYLED_ITEM('',(#677),#678);
#95=STYLED_ITEM('',(#679),#680);
#96=STYLED_ITEM('',(#681),#682);
#97=STYLED_ITEM('',(#683),#684);
#98=STYLED_ITEM('',(#685),#686);
#99=STYLED_ITEM('',(#687),#688);
#100=STYLED_ITEM('',(#689),#690);
#101=STYLED_ITEM('',(#691),#692);
#102=STYLED_ITEM('',(#693),#694);
#103=STYLED_ITEM('',(#695),#696);
#104=STYLED_ITEM('',(#697),#698);
#105=STYLED_ITEM('',(#699),#700);
#106=STYLED_ITEM('',(#701),#702);
#107=STYLED_ITEM('',(#703),#704);
#108=STYLED_ITEM('',(#705),#706);
#109=STYLED_ITEM('',(#707),#708);
#110=STYLED_ITEM('',(#709),#710);
#111=STYLED_ITEM('',(#711),#712);
#112=STYLED_ITEM('',(#713),#714);
#113=STYLED_ITEM('',(#715),#716);
#114=STYLED_ITEM('',(#717),#718);
#115=STYLED_ITEM('',(#719),#720);
#116=STYLED_ITEM('',(#721),#722);
#117=STYLED_ITEM('',(#723),#724);
#118=STYLED_ITEM('',(#725),#726);
#119=STYLED_ITEM('',(#727),#728);
#120=STYLED_ITEM('',(#729),#730);
#121=STYLED_ITEM('',(#731),#732);
#122=STYLED_ITEM('',(#733),#734);
#123=STYLED_ITEM('',(#735),#736);
#124=STYLED_ITEM('',(#737),#738);
#125=STYLED_ITEM('',(#739),#740);
#126=STYLED_ITEM('',(#741),#742);
#127=STYLED_ITEM('',(#743),#744);
#128=STYLED_ITEM('',(#745),#746);
#129=STYLED_ITEM('',(#747),#748);
#130=STYLED_ITEM('',(#749),#750);
#131=STYLED_ITEM('',(#751),#752);
#132=STYLED_ITEM('',(#753),#754);
#133=STYLED_ITEM('',(#755),#756);
#134=STYLED_ITEM('',(#757),#758);
#135=STYLED_ITEM('',(#759),#760);
#136=STYLED_ITEM('',(#761),#762);
#137=STYLED_ITEM('',(#763),#764);
#138=STYLED_ITEM('',(#765),#766);
#139=STYLED_ITEM('',(#767),#768);
#140=STYLED_ITEM('',(#769),#770);
#141=STYLED_ITEM('',(#771),#772);
#142=STYLED_ITEM('',(#773),#774);
#143=STYLED_ITEM('',(#775),#776);
#144=STYLED_ITEM('',(#777),#778);
#145=STYLED_ITEM('',(#779),#780);
#146=STYLED_ITEM('',(#781),#782);
#147=STYLED_ITEM('',(#783),#784);
#148=STYLED_ITEM('',(#785),#786);
#149=STYLED_ITEM('',(#787),#788);
#150=STYLED_ITEM('',(#789),#790);
#151=STYLED_ITEM('',(#791),#792);
#152=STYLED_ITEM('',(#793),#794);
#153=STYLED_ITEM('',(#795),#796);
#154=STYLED_ITEM('',(#797),#798);
#155=STYLED_ITEM('',(#799),#800);
#156=STYLED_ITEM('',(#801),#802);
#157=STYLED_ITEM('',(#803),#804);
#158=STYLED_ITEM('',(#805),#806);
#159=STYLED_ITEM('',(#807),#808);
#160=STYLED_ITEM('',(#809),#810);
#161=STYLED_ITEM('',(#811),#812);
#162=STYLED_ITEM('',(#813),#814);
#163=STYLED_ITEM('',(#815),#816);
#164=STYLED_ITEM('',(#817),#818);
#165=STYLED_ITEM('',(#819),#820);
#166=STYLED_ITEM('',(#821),#822);
#167=STYLED_ITEM('',(#823),#824);
#168=STYLED_ITEM('',(#825),#826);
#169=STYLED_ITEM('',(#827),#828);
#170=STYLED_ITEM('',(#829),#830);
#171=STYLED_ITEM('',(#831),#832);
#172=STYLED_ITEM('',(#833),#834);
#173=STYLED_ITEM('',(#835),#836);
#174=STYLED_ITEM('',(#837),#838);
#175=STYLED_ITEM('',(#839),#840);
#176=STYLED_ITEM('',(#841),#842);
#177=STYLED_ITEM('',(#843),#844);
#178=STYLED_ITEM('',(#845),#846);
#179=STYLED_ITEM('',(#847),#848);
#180=STYLED_ITEM('',(#849),#850);
#181=STYLED_ITEM('',(#851),#852);
#182=STYLED_ITEM('',(#853),#854);
#183=STYLED_ITEM('',(#855),#856);
#184=STYLED_ITEM('',(#857),#858);
#185=STYLED_ITEM('',(#859),#860);
#186=STYLED_ITEM('',(#861),#862);
#187=STYLED_ITEM('',(#863),#864);
#188=STYLED_ITEM('',(#865),#866);
#189=STYLED_ITEM('',(#867),#868);
#190=STYLED_ITEM('',(#869),#870);
#191=STYLED_ITEM('',(#871),#872);
#192=STYLED_ITEM('',(#873),#874);
#193=STYLED_ITEM('',(#875),#876);
#194=STYLED_ITEM('',(#877),#878);
#195=STYLED_ITEM('',(#879),#880);
#196=STYLED_ITEM('',(#881),#882);
#197=STYLED_ITEM('',(#883),#884);
#198=STYLED_ITEM('',(#885),#886);
#199=STYLED_ITEM('',(#887),#888);
#200=STYLED_ITEM('',(#889),#890);
#201=STYLED_ITEM('',(#891),#892);
#202=STYLED_ITEM('',(#893),#894);
#203=STYLED_ITEM('',(#895),#896);
#204=STYLED_ITEM('',(#897),#898);
#205=STYLED_ITEM('',(#899),#900);
#206=STYLED_ITEM('',(#901),#902);
#207=STYLED_ITEM('',(#903),#904);
#208=STYLED_ITEM('',(#905),#906);
#209=STYLED_ITEM('',(#907),#908);
#210=STYLED_ITEM('',(#909),#910);
#211=STYLED_ITEM('',(#911),#912);
#212=STYLED_ITEM('',(#913),#914);
#213=STYLED_ITEM('',(#915),#916);
#214=STYLED_ITEM('',(#917),#918);
#215=STYLED_ITEM('',(#919),#920);
#216=STYLED_ITEM('',(#921),#922);
#217=STYLED_ITEM('',(#923),#924);
#218=STYLED_ITEM('',(#925),#926);
#219=STYLED_ITEM('',(#927),#928);
#220=STYLED_ITEM('',(#929),#930);
#221=STYLED_ITEM('',(#931),#932);
#222=STYLED_ITEM('',(#933),#934);
#223=STYLED_ITEM('',(#935),#936);
#224=STYLED_ITEM('',(#937),#938);
#225=STYLED_ITEM('',(#939),#940);
#226=STYLED_ITEM('',(#941),#942);
#227=STYLED_ITEM('',(#943),#944);
#228=STYLED_ITEM('',(#945),#946);
#229=STYLED_ITEM('',(#947),#948);
#230=STYLED_ITEM('',(#949),#950);
#231=STYLED_ITEM('',(#951),#952);
#232=STYLED_ITEM('',(#953),#954);
#233=STYLED_ITEM('',(#955),#956);
#234=STYLED_ITEM('',(#957),#958);
#235=STYLED_ITEM('',(#959),#960);
#236=STYLED_ITEM('',(#961),#962);
#237=STYLED_ITEM('',(#963),#964);
#238=STYLED_ITEM('',(#965),#966);
#239=STYLED_ITEM('',(#967),#968);
#240=STYLED_ITEM('',(#969),#970);
#241=STYLED_ITEM('',(#971),#972);
#242=STYLED_ITEM('',(#973),#974);
#243=STYLED_ITEM('',(#975),#976);
#244=STYLED_ITEM('',(#977),#978);
#245=STYLED_ITEM('',(#979),#980);
#246=STYLED_ITEM('',(#981),#982);
#247=STYLED_ITEM('',(#983),#984);
#248=STYLED_ITEM('',(#985),#986);
#249=STYLED_ITEM('',(#987),#988);
#250=STYLED_ITEM('',(#989),#990);
#251=STYLED_ITEM('',(#991),#992);
#252=STYLED_ITEM('',(#993),#994);
#253=STYLED_ITEM('',(#995),#996);
#254=STYLED_ITEM('',(#997),#998);
#255=STYLED_ITEM('',(#999),#1000);
#256=STYLED_ITEM('',(#1001),#1002);
#257=STYLED_ITEM('',(#1003),#1004);
#258=STYLED_ITEM('',(#1005),#1006);
#259=STYLED_ITEM('',(#1007),#1008);
#260=STYLED_ITEM('',(#1009),#1010);
#261=STYLED_ITEM('',(#1011),#1012);
#262=STYLED_ITEM('',(#1013),#1014);
#263=STYLED_ITEM('',(#1015),#1016);
#264=STYLED_ITEM('',(#1017),#1018);
#265=STYLED_ITEM('',(#1019),#1020);
#266=STYLED_ITEM('',(#1021),#1022);
#267=STYLED_ITEM('',(#1023),#1024);
#268=STYLED_ITEM('',(#1025),#1026);
#269=STYLED_ITEM('',(#1027),#1028);
#270=STYLED_ITEM('',(#1029),#1030);
#271=STYLED_ITEM('',(#1031),#1032);
#272=STYLED_ITEM('',(#1033),#1034);
#273=STYLED_ITEM('',(#1035),#1036);
#274=STYLED_ITEM('',(#1037),#1038);
#275=STYLED_ITEM('',(#1039),#1040);
#276=STYLED_ITEM('',(#1041),#1042);
#277=STYLED_ITEM('',(#1043),#1044);
#278=STYLED_ITEM('',(#1045),#1046);
#279=STYLED_ITEM('',(#1047),#1048);
#280=STYLED_ITEM('',(#1049),#1050);
#281=STYLED_ITEM('',(#1051),#1052);
#282=STYLED_ITEM('',(#1053),#1054);
#283=STYLED_ITEM('',(#1055),#1056);
#284=STYLED_ITEM('',(#1057),#1058);
#285=STYLED_ITEM('',(#1059),#1060);
#286=STYLED_ITEM('',(#1061),#1062);
#287=STYLED_ITEM('',(#1063),#1064);
#288=STYLED_ITEM('',(#1065),#1066);
#289=STYLED_ITEM('',(#1067),#1068);
#290=STYLED_ITEM('',(#1069),#1070);
#291=STYLED_ITEM('',(#1071),#1072);
#292=STYLED_ITEM('',(#1073),#1074);
#293=STYLED_ITEM('',(#1075),#1076);
#294=STYLED_ITEM('',(#1077),#1078);
#295=STYLED_ITEM('',(#1079),#1080);
#296=STYLED_ITEM('',(#1081),#1082);
#297=STYLED_ITEM('',(#1083),#1084);
#298=STYLED_ITEM('',(#1085),#1086);
#299=STYLED_ITEM('',(#1087),#1088);
#300=STYLED_ITEM('',(#1089),#1090);
#301=STYLED_ITEM('',(#1091),#1092);
#302=STYLED_ITEM('',(#1093),#1094);
#303=STYLED_ITEM('',(#1095),#1096);
#304=STYLED_ITEM('',(#1097),#1098);
#305=STYLED_ITEM('',(#1099),#1100);
#306=STYLED_ITEM('',(#1101),#1102);
#307=STYLED_ITEM('',(#1103),#1104);
#308=STYLED_ITEM('',(#1105),#1106);
#309=STYLED_ITEM('',(#1107),#1108);
#310=STYLED_ITEM('',(#1109),#1110);
#311=STYLED_ITEM('',(#1111),#1112);
#312=STYLED_ITEM('',(#1113),#1114);
#313=STYLED_ITEM('',(#1115),#1116);
#314=STYLED_ITEM('',(#1117),#1118);
#315=STYLED_ITEM('',(#1119),#1120);
#316=STYLED_ITEM('',(#1121),#1122);
#317=STYLED_ITEM('',(#1123),#1124);
#318=STYLED_ITEM('',(#1125),#1126);
#319=STYLED_ITEM('',(#1127),#1128);
#320=STYLED_ITEM('',(#1129),#1130);
#321=STYLED_ITEM('',(#1131),#1132);
#322=STYLED_ITEM('',(#1133),#1134);
#323=STYLED_ITEM('',(#1135),#1136);
#324=STYLED_ITEM('',(#1137),#1138);
#325=STYLED_ITEM('',(#1139),#1140);
#326=STYLED_ITEM('',(#1141),#1142);
#327=STYLED_ITEM('',(#1143),#1144);
#328=STYLED_ITEM('',(#1145),#1146);
#329=STYLED_ITEM('',(#1147),#1148);
#330=STYLED_ITEM('',(#1149),#1150);
#331=STYLED_ITEM('',(#1151),#1152);
#332=STYLED_ITEM('',(#1153),#1154);
#333=STYLED_ITEM('',(#1155),#1156);
#334=STYLED_ITEM('',(#1157),#1158);
#335=STYLED_ITEM('',(#1159),#1160);
#336=STYLED_ITEM('',(#1161),#1162);
#337=STYLED_ITEM('',(#1163),#1164);
#338=STYLED_ITEM('',(#1165),#1166);
#339=STYLED_ITEM('',(#1167),#1168);
#340=STYLED_ITEM('',(#1169),#1170);
#341=STYLED_ITEM('',(#1171),#1172);
#342=STYLED_ITEM('',(#1173),#1174);
#343=STYLED_ITEM('',(#1175),#1176);
#344=STYLED_ITEM('',(#1177),#1178);
#345=STYLED_ITEM('',(#1179),#1180);
#346=STYLED_ITEM('',(#1181),#1182);
#347=STYLED_ITEM('',(#1183),#1184);
#348=STYLED_ITEM('',(#1185),#1186);
#349=STYLED_ITEM('',(#1187),#1188);
#350=STYLED_ITEM('',(#1189),#1190);
#351=STYLED_ITEM('',(#1191),#1192);
#352=STYLED_ITEM('',(#1193),#1194);
#353=STYLED_ITEM('',(#1195),#1196);
#354=STYLED_ITEM('',(#1197),#1198);
#355=STYLED_ITEM('',(#1199),#1200);
#356=STYLED_ITEM('',(#1201),#1202);
#357=STYLED_ITEM('',(#1203),#1204);
#358=STYLED_ITEM('',(#1205),#1206);
#359=STYLED_ITEM('',(#1207),#1208);
#360=STYLED_ITEM('',(#1209),#1210);
#361=STYLED_ITEM('',(#1211),#1212);
#362=STYLED_ITEM('',(#1213),#1214);
#363=STYLED_ITEM('',(#1215),#1216);
#364=STYLED_ITEM('',(#1217),#1218);
#365=STYLED_ITEM('',(#1219),#1220);
#366=STYLED_ITEM('',(#1221),#1222);
#367=STYLED_ITEM('',(#1223),#1224);
#368=STYLED_ITEM('',(#1225),#1226);
#369=STYLED_ITEM('',(#1227),#1228);
#370=STYLED_ITEM('',(#1229),#1230);
#371=STYLED_ITEM('',(#1231),#1232);
#372=STYLED_ITEM('',(#1233),#1234);
#373=STYLED_ITEM('',(#1235),#1236);
#374=STYLED_ITEM('',(#1237),#1238);
#375=STYLED_ITEM('',(#1239),#1240);
#376=STYLED_ITEM('',(#1241),#1242);
#377=STYLED_ITEM('',(#1243),#1244);
#378=STYLED_ITEM('',(#1245),#1246);
#379=STYLED_ITEM('',(#1247),#1248);
#380=STYLED_ITEM('',(#1249),#1250);
#381=STYLED_ITEM('',(#1251),#1252);
#382=STYLED_ITEM('',(#1253),#1254);
#383=STYLED_ITEM('',(#1255),#1256);
#384=STYLED_ITEM('',(#1257),#1258);
#385=STYLED_ITEM('',(#1259),#1260);
#386=STYLED_ITEM('',(#1261),#1262);
#387=STYLED_ITEM('',(#1263),#1264);
#388=STYLED_ITEM('',(#1265),#1266);
#389=STYLED_ITEM('',(#1267),#1268);
#390=STYLED_ITEM('',(#1269),#1270);
#391=STYLED_ITEM('',(#1271),#1272);
#392=STYLED_ITEM('',(#1273),#1274);
#393=STYLED_ITEM('',(#1275),#1276);
#394=STYLED_ITEM('',(#1277),#1278);
#395=STYLED_ITEM('',(#1279),#1280);
#396=STYLED_ITEM('',(#1281),#1282);
#397=STYLED_ITEM('',(#1283),#1284);
#398=STYLED_ITEM('',(#1285),#1286);
#399=STYLED_ITEM('',(#1287),#1288);
#400=STYLED_ITEM('',(#1289),#1290);
#401=STYLED_ITEM('',(#1291),#1292);
#402=STYLED_ITEM('',(#1293),#1294);
#403=STYLED_ITEM('',(#1295),#1296);
#404=STYLED_ITEM('',(#1297),#1298);
#405=STYLED_ITEM('',(#1299),#1300);
#406=STYLED_ITEM('',(#1301),#1302);
#407=STYLED_ITEM('',(#1303),#1304);
#408=STYLED_ITEM('',(#1305),#1306);
#409=STYLED_ITEM('',(#1307),#1308);
#410=STYLED_ITEM('',(#1309),#1310);
#411=STYLED_ITEM('',(#1311),#1312);
#412=STYLED_ITEM('',(#1313),#1314);
#413=STYLED_ITEM('',(#1315),#1316);
#414=STYLED_ITEM('',(#1317),#1318);
#415=STYLED_ITEM('',(#1319),#1320);
#416=STYLED_ITEM('',(#1321),#1322);
#417=STYLED_ITEM('',(#1323),#1324);
#418=STYLED_ITEM('',(#1325),#1326);
#419=STYLED_ITEM('',(#1327),#1328);
#420=STYLED_ITEM('',(#1329),#1330);
#421=STYLED_ITEM('',(#1331),#1332);
#422=STYLED_ITEM('',(#1333),#1334);
#423=STYLED_ITEM('',(#1335),#1336);
#424=STYLED_ITEM('',(#1337),#1338);
#425=STYLED_ITEM('',(#1339),#1340);
#426=STYLED_ITEM('',(#1341),#1342);
#427=STYLED_ITEM('',(#1343),#1344);
#428=STYLED_ITEM('',(#1345),#1346);
#429=STYLED_ITEM('',(#1347),#1348);
#430=STYLED_ITEM('',(#1349),#1350);
#431=STYLED_ITEM('',(#1351),#1352);
#432=STYLED_ITEM('',(#1353),#1354);
#433=STYLED_ITEM('',(#1355),#1356);
#434=STYLED_ITEM('',(#1357),#1358);
#435=STYLED_ITEM('',(#1359),#1360);
#436=STYLED_ITEM('',(#1361),#1362);
#437=STYLED_ITEM('',(#1363),#1364);
#438=STYLED_ITEM('',(#1365),#1366);
#439=STYLED_ITEM('',(#1367),#1368);
#440=STYLED_ITEM('',(#1369),#1370);
#441=STYLED_ITEM('',(#1371),#1372);
#442=STYLED_ITEM('',(#1373),#1374);
#443=STYLED_ITEM('',(#1375),#1376);
#444=STYLED_ITEM('',(#1377),#1378);
#445=STYLED_ITEM('',(#1379),#1380);
#446=STYLED_ITEM('',(#1381),#1382);
#447=STYLED_ITEM('',(#1383),#1384);
#448=STYLED_ITEM('',(#1385),#1386);
#449=STYLED_ITEM('',(#1387),#1388);
#450=STYLED_ITEM('',(#1389),#1390);
#451=STYLED_ITEM('',(#1391),#1392);
#452=STYLED_ITEM('',(#1393),#1394);
#453=STYLED_ITEM('',(#1395),#1396);
#454=STYLED_ITEM('',(#1397),#1398);
#455=STYLED_ITEM('',(#1399),#1400);
#456=STYLED_ITEM('',(#1401),#1402);
#457=STYLED_ITEM('',(#1403),#1404);
#458=STYLED_ITEM('',(#1405),#1406);
#459=STYLED_ITEM('',(#1407),#1408);
#460=STYLED_ITEM('',(#1409),#1410);
#461=STYLED_ITEM('',(#1411),#1412);
#462=STYLED_ITEM('',(#1413),#1414);
#463=STYLED_ITEM('',(#1415),#1416);
#464=STYLED_ITEM('',(#1417),#1418);
#465=STYLED_ITEM('',(#1419),#1420);
#466=STYLED_ITEM('',(#1421),#1422);
#467=STYLED_ITEM('',(#1423),#1424);
#468=STYLED_ITEM('',(#1425),#1426);
#469=STYLED_ITEM('',(#1427),#1428);
#470=STYLED_ITEM('',(#1429),#1430);
#471=STYLED_ITEM('',(#1431),#1432);
#472=STYLED_ITEM('',(#1433),#1434);
#473=STYLED_ITEM('',(#1435),#1436);
#474=STYLED_ITEM('',(#1437),#1438);
#475=STYLED_ITEM('',(#1439),#1440);
#476=STYLED_ITEM('',(#1441),#1442);
#477=STYLED_ITEM('',(#1443),#1444);
#478=STYLED_ITEM('',(#1445),#1446);
#479=STYLED_ITEM('',(#1447),#1448);
#480=STYLED_ITEM('',(#1449),#1450);
#481=STYLED_ITEM('',(#1451),#1452);
#482=STYLED_ITEM('',(#1453),#1454);
#483=STYLED_ITEM('',(#1455),#1456);
#484=STYLED_ITEM('',(#1457),#1458);
#485=STYLED_ITEM('',(#1459),#1460);
#486=STYLED_ITEM('',(#1461),#1462);
#487=STYLED_ITEM('',(#1463),#1464);
#488=STYLED_ITEM('',(#1465),#1466);
#489=STYLED_ITEM('',(#1467),#1468);
#490=STYLED_ITEM('',(#1469),#1470);
#491=STYLED_ITEM('',(#1471),#1472);
#492=STYLED_ITEM('',(#1473),#1474);
#493=STYLED_ITEM('',(#1475),#1476);
#494=STYLED_ITEM('',(#1477),#1478);
#495=STYLED_ITEM('',(#1479),#1480);
#496=APPLICATION_CONTEXT('managed model based 3d engineering');
#497=PRODUCT_CATEGORY('part','NONE');
#498=PRODUCT_RELATED_PRODUCT_CATEGORY('detail',' ',(#1481));
#499=PRODUCT_DEFINITION_SHAPE('NONE','NONE',#1482);
#500=ADVANCED_BREP_SHAPE_REPRESENTATION('1',(#1483,#1484),#6);
#503=UNCERTAINTY_MEASURE_WITH_UNIT(LENGTH_MEASURE(1.0E-06),#505,'','');
#505= (CONVERSION_BASED_UNIT('MILLIMETRE',#1487)LENGTH_UNIT()NAMED_UNIT(#1490));
#506= (NAMED_UNIT(#1492)PLANE_ANGLE_UNIT()SI_UNIT($,.RADIAN.));
#507= (NAMED_UNIT(#1492)SOLID_ANGLE_UNIT()SI_UNIT($,.STERADIAN.));
#509=PRESENTATION_STYLE_ASSIGNMENT((#1498));
#510=ADVANCED_FACE('',(#1499),#1500,.T.);
#511=PRESENTATION_STYLE_ASSIGNMENT((#1501));
#512=ADVANCED_FACE('',(#1502),#1503,.T.);
#513=PRESENTATION_STYLE_ASSIGNMENT((#1504));
#514=ADVANCED_FACE('',(#1505),#1506,.T.);
#515=PRESENTATION_STYLE_ASSIGNMENT((#1507));
#516=ADVANCED_FACE('',(#1508),#1509,.T.);
#517=PRESENTATION_STYLE_ASSIGNMENT((#1510));
#518=ADVANCED_FACE('',(#1511),#1512,.T.);
#519=PRESENTATION_STYLE_ASSIGNMENT((#1513));
#520=ADVANCED_FACE('',(#1514),#1515,.T.);
#521=PRESENTATION_STYLE_ASSIGNMENT((#1516));
#522=ADVANCED_FACE('',(#1517),#1518,.T.);
#523=PRESENTATION_STYLE_ASSIGNMENT((#1519));
#524=ADVANCED_FACE('',(#1520),#1521,.T.);
#525=PRESENTATION_STYLE_ASSIGNMENT((#1522));
#526=ADVANCED_FACE('',(#1523),#1524,.T.);
#527=PRESENTATION_STYLE_ASSIGNMENT((#1525));
#528=ADVANCED_FACE('',(#1526),#1527,.T.);
#529=PRESENTATION_STYLE_ASSIGNMENT((#1528));
#530=ADVANCED_FACE('',(#1529),#1530,.F.);
#531=PRESENTATION_STYLE_ASSIGNMENT((#1531));
#532=ADVANCED_FACE('',(#1532),#1533,.F.);
#533=PRESENTATION_STYLE_ASSIGNMENT((#1534));
#534=ADVANCED_FACE('',(#1535),#1536,.F.);
#535=PRESENTATION_STYLE_ASSIGNMENT((#1537));
#536=ADVANCED_FACE('',(#1538),#1539,.F.);
#537=PRESENTATION_STYLE_ASSIGNMENT((#1540));
#538=ADVANCED_FACE('',(#1541),#1542,.F.);
#539=PRESENTATION_STYLE_ASSIGNMENT((#1543));
#540=ADVANCED_FACE('',(#1544),#1545,.F.);
#541=PRESENTATION_STYLE_ASSIGNMENT((#1546));
#542=ADVANCED_FACE('',(#1547),#1548,.F.);
#543=PRESENTATION_STYLE_ASSIGNMENT((#1549));
#544=ADVANCED_FACE('',(#1550),#1551,.F.);
#545=PRESENTATION_STYLE_ASSIGNMENT((#1552));
#546=ADVANCED_FACE('',(#1553),#1554,.F.);
#547=PRESENTATION_STYLE_ASSIGNMENT((#1555));
#548=ADVANCED_FACE('',(#1556),#1557,.F.);
#549=PRESENTATION_STYLE_ASSIGNMENT((#1558));
#550=ADVANCED_FACE('',(#1559),#1560,.T.);
#551=PRESENTATION_STYLE_ASSIGNMENT((#1561));
#552=ADVANCED_FACE('',(#1562),#1563,.T.);
#553=PRESENTATION_STYLE_ASSIGNMENT((#1564));
#554=ADVANCED_FACE('',(#1565),#1566,.T.);
#555=PRESENTATION_STYLE_ASSIGNMENT((#1567));
#556=ADVANCED_FACE('',(#1568),#1569,.F.);
#557=PRESENTATION_STYLE_ASSIGNMENT((#1570));
#558=ADVANCED_FACE('',(#1571),#1572,.F.);
#559=PRESENTATION_STYLE_ASSIGNMENT((#1573));
#560=ADVANCED_FACE('',(#1574),#1575,.F.);
#561=PRESENTATION_STYLE_ASSIGNMENT((#1576));
#562=ADVANCED_FACE('',(#1577),#1578,.F.);
#563=PRESENTATION_STYLE_ASSIGNMENT((#1579));
#564=ADVANCED_FACE('',(#1580),#1581,.T.);
#565=PRESENTATION_STYLE_ASSIGNMENT((#1582));
#566=ADVANCED_FACE('',(#1583),#1584,.T.);
#567=PRESENTATION_STYLE_ASSIGNMENT((#1585));
#568=ADVANCED_FACE('',(#1586),#1587,.F.);
#569=PRESENTATION_STYLE_ASSIGNMENT((#1588));
#570=ADVANCED_FACE('',(#1589),#1590,.F.);
#571=PRESENTATION_STYLE_ASSIGNMENT((#1591));
#572=ADVANCED_FACE('',(#1592),#1593,.T.);
#573=PRESENTATION_STYLE_ASSIGNMENT((#1594));
#574=ADVANCED_FACE('',(#1595),#1596,.T.);
#575=PRESENTATION_STYLE_ASSIGNMENT((#1597));
#576=ADVANCED_FACE('',(#1598),#1599,.T.);
#577=PRESENTATION_STYLE_ASSIGNMENT((#1600));
#578=ADVANCED_FACE('',(#1601),#1602,.T.);
#579=PRESENTATION_STYLE_ASSIGNMENT((#1603));
#580=ADVANCED_FACE('',(#1604),#1605,.T.);
#581=PRESENTATION_STYLE_ASSIGNMENT((#1606));
#582=ADVANCED_FACE('',(#1607),#1608,.T.);
#583=PRESENTATION_STYLE_ASSIGNMENT((#1609));
#584=ADVANCED_FACE('',(#1610),#1611,.T.);
#585=PRESENTATION_STYLE_ASSIGNMENT((#1612));
#586=ADVANCED_FACE('',(#1613),#1614,.T.);
#587=PRESENTATION_STYLE_ASSIGNMENT((#1615));
#588=ADVANCED_FACE('',(#1616),#1617,.T.);
#589=PRESENTATION_STYLE_ASSIGNMENT((#1618));
#590=ADVANCED_FACE('',(#1619),#1620,.T.);
#591=PRESENTATION_STYLE_ASSIGNMENT((#1621));
#592=ADVANCED_FACE('',(#1622),#1623,.T.);
#593=PRESENTATION_STYLE_ASSIGNMENT((#1624));
#594=ADVANCED_FACE('',(#1625),#1626,.T.);
#595=PRESENTATION_STYLE_ASSIGNMENT((#1627));
#596=ADVANCED_FACE('',(#1628),#1629,.F.);
#597=PRESENTATION_STYLE_ASSIGNMENT((#1630));
#598=ADVANCED_FACE('',(#1631),#1632,.F.);
#599=PRESENTATION_STYLE_ASSIGNMENT((#1633));
#600=ADVANCED_FACE('',(#1634),#1635,.F.);
#601=PRESENTATION_STYLE_ASSIGNMENT((#1636));
#602=ADVANCED_FACE('',(#1637),#1638,.F.);
#603=PRESENTATION_STYLE_ASSIGNMENT((#1639));
#604=ADVANCED_FACE('',(#1640),#1641,.T.);
#605=PRESENTATION_STYLE_ASSIGNMENT((#1642));
#606=ADVANCED_FACE('',(#1643),#1644,.T.);
#607=PRESENTATION_STYLE_ASSIGNMENT((#1645));
#608=ADVANCED_FACE('',(#1646),#1647,.F.);
#609=PRESENTATION_STYLE_ASSIGNMENT((#1648));
#610=ADVANCED_FACE('',(#1649),#1650,.F.);
#611=PRESENTATION_STYLE_ASSIGNMENT((#1651));
#612=ADVANCED_FACE('',(#1652),#1653,.T.);
#613=PRESENTATION_STYLE_ASSIGNMENT((#1654));
#614=ADVANCED_FACE('',(#1655),#1656,.T.);
#615=PRESENTATION_STYLE_ASSIGNMENT((#1657));
#616=ADVANCED_FACE('',(#1658),#1659,.T.);
#617=PRESENTATION_STYLE_ASSIGNMENT((#1660));
#618=ADVANCED_FACE('',(#1661),#1662,.T.);
#619=PRESENTATION_STYLE_ASSIGNMENT((#1663));
#620=ADVANCED_FACE('',(#1664),#1665,.T.);
#621=PRESENTATION_STYLE_ASSIGNMENT((#1666));
#622=ADVANCED_FACE('',(#1667),#1668,.T.);
#623=PRESENTATION_STYLE_ASSIGNMENT((#1669));
#624=ADVANCED_FACE('',(#1670),#1671,.T.);
#625=PRESENTATION_STYLE_ASSIGNMENT((#1672));
#626=ADVANCED_FACE('',(#1673),#1674,.T.);
#627=PRESENTATION_STYLE_ASSIGNMENT((#1675));
#628=ADVANCED_FACE('',(#1676),#1677,.T.);
#629=PRESENTATION_STYLE_ASSIGNMENT((#1678));
#630=ADVANCED_FACE('',(#1679),#1680,.T.);
#631=PRESENTATION_STYLE_ASSIGNMENT((#1681));
#632=ADVANCED_FACE('',(#1682),#1683,.T.);
#633=PRESENTATION_STYLE_ASSIGNMENT((#1684));
#634=ADVANCED_FACE('',(#1685),#1686,.F.);
#635=PRESENTATION_STYLE_ASSIGNMENT((#1687));
#636=ADVANCED_FACE('',(#1688),#1689,.F.);
#637=PRESENTATION_STYLE_ASSIGNMENT((#1690));
#638=ADVANCED_FACE('',(#1691),#1692,.F.);
#639=PRESENTATION_STYLE_ASSIGNMENT((#1693));
#640=ADVANCED_FACE('',(#1694),#1695,.F.);
#641=PRESENTATION_STYLE_ASSIGNMENT((#1696));
#642=ADVANCED_FACE('',(#1697),#1698,.T.);
#643=PRESENTATION_STYLE_ASSIGNMENT((#1699));
#644=ADVANCED_FACE('',(#1700),#1701,.T.);
#645=PRESENTATION_STYLE_ASSIGNMENT((#1702));
#646=ADVANCED_FACE('',(#1703),#1704,.F.);
#647=PRESENTATION_STYLE_ASSIGNMENT((#1705));
#648=ADVANCED_FACE('',(#1706),#1707,.F.);
#649=PRESENTATION_STYLE_ASSIGNMENT((#1708));
#650=ADVANCED_FACE('',(#1709),#1710,.T.);
#651=PRESENTATION_STYLE_ASSIGNMENT((#1711));
#652=ADVANCED_FACE('',(#1712),#1713,.T.);
#653=PRESENTATION_STYLE_ASSIGNMENT((#1714));
#654=ADVANCED_FACE('',(#1715),#1716,.T.);
#655=PRESENTATION_STYLE_ASSIGNMENT((#1717));
#656=ADVANCED_FACE('',(#1718),#1719,.T.);
#657=PRESENTATION_STYLE_ASSIGNMENT((#1720));
#658=ADVANCED_FACE('',(#1721),#1722,.T.);
#659=PRESENTATION_STYLE_ASSIGNMENT((#1723));
#660=ADVANCED_FACE('',(#1724),#1725,.T.);
#661=PRESENTATION_STYLE_ASSIGNMENT((#1726));
#662=ADVANCED_FACE('',(#1727),#1728,.T.);
#663=PRESENTATION_STYLE_ASSIGNMENT((#1729));
#664=ADVANCED_FACE('',(#1730),#1731,.T.);
#665=PRESENTATION_STYLE_ASSIGNMENT((#1732));
#666=ADVANCED_FACE('',(#1733),#1734,.T.);
#667=PRESENTATION_STYLE_ASSIGNMENT((#1735));
#668=ADVANCED_FACE('',(#1736),#1737,.T.);
#669=PRESENTATION_STYLE_ASSIGNMENT((#1738));
#670=ADVANCED_FACE('',(#1739),#1740,.T.);
#671=PRESENTATION_STYLE_ASSIGNMENT((#1741));
#672=ADVANCED_FACE('',(#1742),#1743,.F.);
#673=PRESENTATION_STYLE_ASSIGNMENT((#1744));
#674=ADVANCED_FACE('',(#1745),#1746,.F.);
#675=PRESENTATION_STYLE_ASSIGNMENT((#1747));
#676=ADVANCED_FACE('',(#1748),#1749,.F.);
#677=PRESENTATION_STYLE_ASSIGNMENT((#1750));
#678=ADVANCED_FACE('',(#1751),#1752,.F.);
#679=PRESENTATION_STYLE_ASSIGNMENT((#1753));
#680=ADVANCED_FACE('',(#1754),#1755,.T.);
#681=PRESENTATION_STYLE_ASSIGNMENT((#1756));
#682=ADVANCED_FACE('',(#1757),#1758,.T.);
#683=PRESENTATION_STYLE_ASSIGNMENT((#1759));
#684=ADVANCED_FACE('',(#1760),#1761,.F.);
#685=PRESENTATION_STYLE_ASSIGNMENT((#1762));
#686=ADVANCED_FACE('',(#1763),#1764,.F.);
#687=PRESENTATION_STYLE_ASSIGNMENT((#1765));
#688=ADVANCED_FACE('',(#1766),#1767,.T.);
#689=PRESENTATION_STYLE_ASSIGNMENT((#1768));
#690=ADVANCED_FACE('',(#1769),#1770,.T.);
#691=PRESENTATION_STYLE_ASSIGNMENT((#1771));
#692=ADVANCED_FACE('',(#1772),#1773,.T.);
#693=PRESENTATION_STYLE_ASSIGNMENT((#1774));
#694=ADVANCED_FACE('',(#1775),#1776,.T.);
#695=PRESENTATION_STYLE_ASSIGNMENT((#1777));
#696=ADVANCED_FACE('',(#1778),#1779,.T.);
#697=PRESENTATION_STYLE_ASSIGNMENT((#1780));
#698=ADVANCED_FACE('',(#1781),#1782,.T.);
#699=PRESENTATION_STYLE_ASSIGNMENT((#1783));
#700=ADVANCED_FACE('',(#1784),#1785,.T.);
#701=PRESENTATION_STYLE_ASSIGNMENT((#1786));
#702=ADVANCED_FACE('',(#1787),#1788,.T.);
#703=PRESENTATION_STYLE_ASSIGNMENT((#1789));
#704=ADVANCED_FACE('',(#1790),#1791,.T.);
#705=PRESENTATION_STYLE_ASSIGNMENT((#1792));
#706=ADVANCED_FACE('',(#1793),#1794,.T.);
#707=PRESENTATION_STYLE_ASSIGNMENT((#1795));
#708=ADVANCED_FACE('',(#1796),#1797,.T.);
#709=PRESENTATION_STYLE_ASSIGNMENT((#1798));
#710=ADVANCED_FACE('',(#1799),#1800,.F.);
#711=PRESENTATION_STYLE_ASSIGNMENT((#1801));
#712=ADVANCED_FACE('',(#1802),#1803,.F.);
#713=PRESENTATION_STYLE_ASSIGNMENT((#1804));
#714=ADVANCED_FACE('',(#1805),#1806,.F.);
#715=PRESENTATION_STYLE_ASSIGNMENT((#1807));
#716=ADVANCED_FACE('',(#1808),#1809,.F.);
#717=PRESENTATION_STYLE_ASSIGNMENT((#1810));
#718=ADVANCED_FACE('',(#1811),#1812,.T.);
#719=PRESENTATION_STYLE_ASSIGNMENT((#1813));
#720=ADVANCED_FACE('',(#1814),#1815,.T.);
#721=PRESENTATION_STYLE_ASSIGNMENT((#1816));
#722=ADVANCED_FACE('',(#1817),#1818,.F.);
#723=PRESENTATION_STYLE_ASSIGNMENT((#1819));
#724=ADVANCED_FACE('',(#1820),#1821,.F.);
#725=PRESENTATION_STYLE_ASSIGNMENT((#1822));
#726=ADVANCED_FACE('',(#1823),#1824,.T.);
#727=PRESENTATION_STYLE_ASSIGNMENT((#1825));
#728=ADVANCED_FACE('',(#1826),#1827,.T.);
#729=PRESENTATION_STYLE_ASSIGNMENT((#1828));
#730=ADVANCED_FACE('',(#1829),#1830,.T.);
#731=PRESENTATION_STYLE_ASSIGNMENT((#1831));
#732=ADVANCED_FACE('',(#1832),#1833,.T.);
#733=PRESENTATION_STYLE_ASSIGNMENT((#1834));
#734=ADVANCED_FACE('',(#1835),#1836,.T.);
#735=PRESENTATION_STYLE_ASSIGNMENT((#1837));
#736=ADVANCED_FACE('',(#1838),#1839,.T.);
#737=PRESENTATION_STYLE_ASSIGNMENT((#1840));
#738=ADVANCED_FACE('',(#1841),#1842,.T.);
#739=PRESENTATION_STYLE_ASSIGNMENT((#1843));
#740=ADVANCED_FACE('',(#1844),#1845,.T.);
#741=PRESENTATION_STYLE_ASSIGNMENT((#1846));
#742=ADVANCED_FACE('',(#1847),#1848,.T.);
#743=PRESENTATION_STYLE_ASSIGNMENT((#1849));
#744=ADVANCED_FACE('',(#1850),#1851,.T.);
#745=PRESENTATION_STYLE_ASSIGNMENT((#1852));
#746=ADVANCED_FACE('',(#1853),#1854,.T.);
#747=PRESENTATION_STYLE_ASSIGNMENT((#1855));
#748=ADVANCED_FACE('',(#1856),#1857,.F.);
#749=PRESENTATION_STYLE_ASSIGNMENT((#1858));
#750=ADVANCED_FACE('',(#1859),#1860,.F.);
#751=PRESENTATION_STYLE_ASSIGNMENT((#1861));
#752=ADVANCED_FACE('',(#1862),#1863,.F.);
#753=PRESENTATION_STYLE_ASSIGNMENT((#1864));
#754=ADVANCED_FACE('',(#1865),#1866,.F.);
#755=PRESENTATION_STYLE_ASSIGNMENT((#1867));
#756=ADVANCED_FACE('',(#1868),#1869,.T.);
#757=PRESENTATION_STYLE_ASSIGNMENT((#1870));
#758=ADVANCED_FACE('',(#1871),#1872,.T.);
#759=PRESENTATION_STYLE_ASSIGNMENT((#1873));
#760=ADVANCED_FACE('',(#1874),#1875,.F.);
#761=PRESENTATION_STYLE_ASSIGNMENT((#1876));
#762=ADVANCED_FACE('',(#1877),#1878,.F.);
#763=PRESENTATION_STYLE_ASSIGNMENT((#1879));
#764=ADVANCED_FACE('',(#1880),#1881,.T.);
#765=PRESENTATION_STYLE_ASSIGNMENT((#1882));
#766=ADVANCED_FACE('',(#1883),#1884,.T.);
#767=PRESENTATION_STYLE_ASSIGNMENT((#1885));
#768=ADVANCED_FACE('',(#1886),#1887,.T.);
#769=PRESENTATION_STYLE_ASSIGNMENT((#1888));
#770=ADVANCED_FACE('',(#1889),#1890,.T.);
#771=PRESENTATION_STYLE_ASSIGNMENT((#1891));
#772=ADVANCED_FACE('',(#1892),#1893,.T.);
#773=PRESENTATION_STYLE_ASSIGNMENT((#1894));
#774=ADVANCED_FACE('',(#1895),#1896,.T.);
#775=PRESENTATION_STYLE_ASSIGNMENT((#1897));
#776=ADVANCED_FACE('',(#1898),#1899,.T.);
#777=PRESENTATION_STYLE_ASSIGNMENT((#1900));
#778=ADVANCED_FACE('',(#1901),#1902,.T.);
#779=PRESENTATION_STYLE_ASSIGNMENT((#1903));
#780=ADVANCED_FACE('',(#1904),#1905,.T.);
#781=PRESENTATION_STYLE_ASSIGNMENT((#1906));
#782=ADVANCED_FACE('',(#1907),#1908,.T.);
#783=PRESENTATION_STYLE_ASSIGNMENT((#1909));
#784=ADVANCED_FACE('',(#1910),#1911,.T.);
#785=PRESENTATION_STYLE_ASSIGNMENT((#1912));
#786=ADVANCED_FACE('',(#1913),#1914,.F.);
#787=PRESENTATION_STYLE_ASSIGNMENT((#1915));
#788=ADVANCED_FACE('',(#1916),#1917,.F.);
#789=PRESENTATION_STYLE_ASSIGNMENT((#1918));
#790=ADVANCED_FACE('',(#1919),#1920,.F.);
#791=PRESENTATION_STYLE_ASSIGNMENT((#1921));
#792=ADVANCED_FACE('',(#1922),#1923,.F.);
#793=PRESENTATION_STYLE_ASSIGNMENT((#1924));
#794=ADVANCED_FACE('',(#1925),#1926,.T.);
#795=PRESENTATION_STYLE_ASSIGNMENT((#1927));
#796=ADVANCED_FACE('',(#1928),#1929,.T.);
#797=PRESENTATION_STYLE_ASSIGNMENT((#1930));
#798=ADVANCED_FACE('',(#1931),#1932,.F.);
#799=PRESENTATION_STYLE_ASSIGNMENT((#1933));
#800=ADVANCED_FACE('',(#1934),#1935,.F.);
#801=PRESENTATION_STYLE_ASSIGNMENT((#1936));
#802=ADVANCED_FACE('',(#1937),#1938,.T.);
#803=PRESENTATION_STYLE_ASSIGNMENT((#1939));
#804=ADVANCED_FACE('',(#1940),#1941,.T.);
#805=PRESENTATION_STYLE_ASSIGNMENT((#1942));
#806=ADVANCED_FACE('',(#1943),#1944,.T.);
#807=PRESENTATION_STYLE_ASSIGNMENT((#1945));
#808=ADVANCED_FACE('',(#1946),#1947,.T.);
#809=PRESENTATION_STYLE_ASSIGNMENT((#1948));
#810=ADVANCED_FACE('',(#1949),#1950,.T.);
#811=PRESENTATION_STYLE_ASSIGNMENT((#1951));
#812=ADVANCED_FACE('',(#1952),#1953,.T.);
#813=PRESENTATION_STYLE_ASSIGNMENT((#1954));
#814=ADVANCED_FACE('',(#1955),#1956,.T.);
#815=PRESENTATION_STYLE_ASSIGNMENT((#1957));
#816=ADVANCED_FACE('',(#1958),#1959,.T.);
#817=PRESENTATION_STYLE_ASSIGNMENT((#1960));
#818=ADVANCED_FACE('',(#1961),#1962,.T.);
#819=PRESENTATION_STYLE_ASSIGNMENT((#1963));
#820=ADVANCED_FACE('',(#1964),#1965,.T.);
#821=PRESENTATION_STYLE_ASSIGNMENT((#1966));
#822=ADVANCED_FACE('',(#1967),#1968,.T.);
#823=PRESENTATION_STYLE_ASSIGNMENT((#1969));
#824=ADVANCED_FACE('',(#1970),#1971,.F.);
#825=PRESENTATION_STYLE_ASSIGNMENT((#1972));
#826=ADVANCED_FACE('',(#1973),#1974,.F.);
#827=PRESENTATION_STYLE_ASSIGNMENT((#1975));
#828=ADVANCED_FACE('',(#1976),#1977,.F.);
#829=PRESENTATION_STYLE_ASSIGNMENT((#1978));
#830=ADVANCED_FACE('',(#1979),#1980,.F.);
#831=PRESENTATION_STYLE_ASSIGNMENT((#1981));
#832=ADVANCED_FACE('',(#1982),#1983,.T.);
#833=PRESENTATION_STYLE_ASSIGNMENT((#1984));
#834=ADVANCED_FACE('',(#1985),#1986,.T.);
#835=PRESENTATION_STYLE_ASSIGNMENT((#1987));
#836=ADVANCED_FACE('',(#1988),#1989,.F.);
#837=PRESENTATION_STYLE_ASSIGNMENT((#1990));
#838=ADVANCED_FACE('',(#1991),#1992,.F.);
#839=PRESENTATION_STYLE_ASSIGNMENT((#1993));
#840=ADVANCED_FACE('',(#1994),#1995,.T.);
#841=PRESENTATION_STYLE_ASSIGNMENT((#1996));
#842=ADVANCED_FACE('',(#1997),#1998,.T.);
#843=PRESENTATION_STYLE_ASSIGNMENT((#1999));
#844=ADVANCED_FACE('',(#2000),#2001,.T.);
#845=PRESENTATION_STYLE_ASSIGNMENT((#2002));
#846=ADVANCED_FACE('',(#2003),#2004,.T.);
#847=PRESENTATION_STYLE_ASSIGNMENT((#2005));
#848=ADVANCED_FACE('',(#2006),#2007,.T.);
#849=PRESENTATION_STYLE_ASSIGNMENT((#2008));
#850=ADVANCED_FACE('',(#2009),#2010,.T.);
#851=PRESENTATION_STYLE_ASSIGNMENT((#2011));
#852=ADVANCED_FACE('',(#2012),#2013,.T.);
#853=PRESENTATION_STYLE_ASSIGNMENT((#2014));
#854=ADVANCED_FACE('',(#2015),#2016,.T.);
#855=PRESENTATION_STYLE_ASSIGNMENT((#2017));
#856=ADVANCED_FACE('',(#2018),#2019,.T.);
#857=PRESENTATION_STYLE_ASSIGNMENT((#2020));
#858=ADVANCED_FACE('',(#2021),#2022,.T.);
#859=PRESENTATION_STYLE_ASSIGNMENT((#2023));
#860=ADVANCED_FACE('',(#2024),#2025,.T.);
#861=PRESENTATION_STYLE_ASSIGNMENT((#2026));
#862=ADVANCED_FACE('',(#2027),#2028,.F.);
#863=PRESENTATION_STYLE_ASSIGNMENT((#2029));
#864=ADVANCED_FACE('',(#2030),#2031,.F.);
#865=PRESENTATION_STYLE_ASSIGNMENT((#2032));
#866=ADVANCED_FACE('',(#2033),#2034,.F.);
#867=PRESENTATION_STYLE_ASSIGNMENT((#2035));
#868=ADVANCED_FACE('',(#2036),#2037,.F.);
#869=PRESENTATION_STYLE_ASSIGNMENT((#2038));
#870=ADVANCED_FACE('',(#2039),#2040,.T.);
#871=PRESENTATION_STYLE_ASSIGNMENT((#2041));
#872=ADVANCED_FACE('',(#2042),#2043,.T.);
#873=PRESENTATION_STYLE_ASSIGNMENT((#2044));
#874=ADVANCED_FACE('',(#2045),#2046,.F.);
#875=PRESENTATION_STYLE_ASSIGNMENT((#2047));
#876=ADVANCED_FACE('',(#2048),#2049,.F.);
#877=PRESENTATION_STYLE_ASSIGNMENT((#2050));
#878=ADVANCED_FACE('',(#2051),#2052,.T.);
#879=PRESENTATION_STYLE_ASSIGNMENT((#2053));
#880=ADVANCED_FACE('',(#2054),#2055,.T.);
#881=PRESENTATION_STYLE_ASSIGNMENT((#2056));
#882=ADVANCED_FACE('',(#2057),#2058,.T.);
#883=PRESENTATION_STYLE_ASSIGNMENT((#2059));
#884=ADVANCED_FACE('',(#2060),#2061,.T.);
#885=PRESENTATION_STYLE_ASSIGNMENT((#2062));
#886=ADVANCED_FACE('',(#2063),#2064,.T.);
#887=PRESENTATION_STYLE_ASSIGNMENT((#2065));
#888=ADVANCED_FACE('',(#2066),#2067,.T.);
#889=PRESENTATION_STYLE_ASSIGNMENT((#2068));
#890=ADVANCED_FACE('',(#2069),#2070,.T.);
#891=PRESENTATION_STYLE_ASSIGNMENT((#2071));
#892=ADVANCED_FACE('',(#2072),#2073,.T.);
#893=PRESENTATION_STYLE_ASSIGNMENT((#2074));
#894=ADVANCED_FACE('',(#2075),#2076,.T.);
#895=PRESENTATION_STYLE_ASSIGNMENT((#2077));
#896=ADVANCED_FACE('',(#2078),#2079,.T.);
#897=PRESENTATION_STYLE_ASSIGNMENT((#2080));
#898=ADVANCED_FACE('',(#2081),#2082,.T.);
#899=PRESENTATION_STYLE_ASSIGNMENT((#2083));
#900=ADVANCED_FACE('',(#2084),#2085,.F.);
#901=PRESENTATION_STYLE_ASSIGNMENT((#2086));
#902=ADVANCED_FACE('',(#2087),#2088,.F.);
#903=PRESENTATION_STYLE_ASSIGNMENT((#2089));
#904=ADVANCED_FACE('',(#2090),#2091,.F.);
#905=PRESENTATION_STYLE_ASSIGNMENT((#2092));
#906=ADVANCED_FACE('',(#2093),#2094,.F.);
#907=PRESENTATION_STYLE_ASSIGNMENT((#2095));
#908=ADVANCED_FACE('',(#2096),#2097,.T.);
#909=PRESENTATION_STYLE_ASSIGNMENT((#2098));
#910=ADVANCED_FACE('',(#2099),#2100,.T.);
#911=PRESENTATION_STYLE_ASSIGNMENT((#2101));
#912=ADVANCED_FACE('',(#2102),#2103,.F.);
#913=PRESENTATION_STYLE_ASSIGNMENT((#2104));
#914=ADVANCED_FACE('',(#2105),#2106,.F.);
#915=PRESENTATION_STYLE_ASSIGNMENT((#2107));
#916=ADVANCED_FACE('',(#2108),#2109,.T.);
#917=PRESENTATION_STYLE_ASSIGNMENT((#2110));
#918=ADVANCED_FACE('',(#2111),#2112,.T.);
#919=PRESENTATION_STYLE_ASSIGNMENT((#2113));
#920=ADVANCED_FACE('',(#2114),#2115,.T.);
#921=PRESENTATION_STYLE_ASSIGNMENT((#2116));
#922=ADVANCED_FACE('',(#2117),#2118,.T.);
#923=PRESENTATION_STYLE_ASSIGNMENT((#2119));
#924=ADVANCED_FACE('',(#2120),#2121,.T.);
#925=PRESENTATION_STYLE_ASSIGNMENT((#2122));
#926=ADVANCED_FACE('',(#2123),#2124,.T.);
#927=PRESENTATION_STYLE_ASSIGNMENT((#2125));
#928=ADVANCED_FACE('',(#2126),#2127,.T.);
#929=PRESENTATION_STYLE_ASSIGNMENT((#2128));
#930=ADVANCED_FACE('',(#2129),#2130,.T.);
#931=PRESENTATION_STYLE_ASSIGNMENT((#2131));
#932=ADVANCED_FACE('',(#2132),#2133,.F.);
#933=PRESENTATION_STYLE_ASSIGNMENT((#2134));
#934=ADVANCED_FACE('',(#2135),#2136,.F.);
#935=PRESENTATION_STYLE_ASSIGNMENT((#2137));
#936=ADVANCED_FACE('',(#2138),#2139,.F.);
#937=PRESENTATION_STYLE_ASSIGNMENT((#2140));
#938=ADVANCED_FACE('',(#2141),#2142,.F.);
#939=PRESENTATION_STYLE_ASSIGNMENT((#2143));
#940=ADVANCED_FACE('',(#2144),#2145,.F.);
#941=PRESENTATION_STYLE_ASSIGNMENT((#2146));
#942=ADVANCED_FACE('',(#2147),#2148,.F.);
#943=PRESENTATION_STYLE_ASSIGNMENT((#2149));
#944=ADVANCED_FACE('',(#2150),#2151,.F.);
#945=PRESENTATION_STYLE_ASSIGNMENT((#2152));
#946=ADVANCED_FACE('',(#2153),#2154,.F.);
#947=PRESENTATION_STYLE_ASSIGNMENT((#2155));
#948=ADVANCED_FACE('',(#2156),#2157,.F.);
#949=PRESENTATION_STYLE_ASSIGNMENT((#2158));
#950=ADVANCED_FACE('',(#2159),#2160,.F.);
#951=PRESENTATION_STYLE_ASSIGNMENT((#2161));
#952=ADVANCED_FACE('',(#2162),#2163,.F.);
#953=PRESENTATION_STYLE_ASSIGNMENT((#2164));
#954=ADVANCED_FACE('',(#2165),#2166,.F.);
#955=PRESENTATION_STYLE_ASSIGNMENT((#2167));
#956=ADVANCED_FACE('',(#2168),#2169,.F.);
#957=PRESENTATION_STYLE_ASSIGNMENT((#2170));
#958=ADVANCED_FACE('',(#2171),#2172,.F.);
#959=PRESENTATION_STYLE_ASSIGNMENT((#2173));
#960=ADVANCED_FACE('',(#2174),#2175,.F.);
#961=PRESENTATION_STYLE_ASSIGNMENT((#2176));
#962=ADVANCED_FACE('',(#2177),#2178,.F.);
#963=PRESENTATION_STYLE_ASSIGNMENT((#2179));
#964=ADVANCED_FACE('',(#2180),#2181,.F.);
#965=PRESENTATION_STYLE_ASSIGNMENT((#2182));
#966=ADVANCED_FACE('',(#2183),#2184,.F.);
#967=PRESENTATION_STYLE_ASSIGNMENT((#2185));
#968=ADVANCED_FACE('',(#2186),#2187,.F.);
#969=PRESENTATION_STYLE_ASSIGNMENT((#2188));
#970=ADVANCED_FACE('',(#2189),#2190,.F.);
#971=PRESENTATION_STYLE_ASSIGNMENT((#2191));
#972=ADVANCED_FACE('',(#2192),#2193,.T.);
#973=PRESENTATION_STYLE_ASSIGNMENT((#2194));
#974=ADVANCED_FACE('',(#2195),#2196,.T.);
#975=PRESENTATION_STYLE_ASSIGNMENT((#2197));
#976=ADVANCED_FACE('',(#2198),#2199,.T.);
#977=PRESENTATION_STYLE_ASSIGNMENT((#2200));
#978=ADVANCED_FACE('',(#2201),#2202,.T.);
#979=PRESENTATION_STYLE_ASSIGNMENT((#2203));
#980=ADVANCED_FACE('',(#2204),#2205,.T.);
#981=PRESENTATION_STYLE_ASSIGNMENT((#2206));
#982=ADVANCED_FACE('',(#2207),#2208,.T.);
#983=PRESENTATION_STYLE_ASSIGNMENT((#2209));
#984=ADVANCED_FACE('',(#2210),#2211,.T.);
#985=PRESENTATION_STYLE_ASSIGNMENT((#2212));
#986=ADVANCED_FACE('',(#2213),#2214,.T.);
#987=PRESENTATION_STYLE_ASSIGNMENT((#2215));
#988=ADVANCED_FACE('',(#2216,#2217,#2218,#2219,#2220,#2221,#2222,#2223,#2224,#2225,#2226),#2227,.F.);
#989=PRESENTATION_STYLE_ASSIGNMENT((#2228));
#990=ADVANCED_FACE('',(#2229),#2230,.T.);
#991=PRESENTATION_STYLE_ASSIGNMENT((#2231));
#992=ADVANCED_FACE('',(#2232),#2233,.T.);
#993=PRESENTATION_STYLE_ASSIGNMENT((#2234));
#994=ADVANCED_FACE('',(#2235),#2236,.T.);
#995=PRESENTATION_STYLE_ASSIGNMENT((#2237));
#996=ADVANCED_FACE('',(#2238),#2239,.T.);
#997=PRESENTATION_STYLE_ASSIGNMENT((#2240));
#998=ADVANCED_FACE('',(#2241),#2242,.T.);
#999=PRESENTATION_STYLE_ASSIGNMENT((#2243));
#1000=ADVANCED_FACE('',(#2244),#2245,.T.);
#1001=PRESENTATION_STYLE_ASSIGNMENT((#2246));
#1002=ADVANCED_FACE('',(#2247),#2248,.T.);
#1003=PRESENTATION_STYLE_ASSIGNMENT((#2249));
#1004=ADVANCED_FACE('',(#2250),#2251,.T.);
#1005=PRESENTATION_STYLE_ASSIGNMENT((#2252));
#1006=ADVANCED_FACE('',(#2253),#2254,.T.);
#1007=PRESENTATION_STYLE_ASSIGNMENT((#2255));
#1008=ADVANCED_FACE('',(#2256),#2257,.T.);
#1009=PRESENTATION_STYLE_ASSIGNMENT((#2258));
#1010=ADVANCED_FACE('',(#2259),#2260,.T.);
#1011=PRESENTATION_STYLE_ASSIGNMENT((#2261));
#1012=ADVANCED_FACE('',(#2262),#2263,.T.);
#1013=PRESENTATION_STYLE_ASSIGNMENT((#2264));
#1014=ADVANCED_FACE('',(#2265),#2266,.T.);
#1015=PRESENTATION_STYLE_ASSIGNMENT((#2267));
#1016=ADVANCED_FACE('',(#2268),#2269,.T.);
#1017=PRESENTATION_STYLE_ASSIGNMENT((#2270));
#1018=ADVANCED_FACE('',(#2271),#2272,.T.);
#1019=PRESENTATION_STYLE_ASSIGNMENT((#2273));
#1020=ADVANCED_FACE('',(#2274),#2275,.T.);
#1021=PRESENTATION_STYLE_ASSIGNMENT((#2276));
#1022=ADVANCED_FACE('',(#2277),#2278,.T.);
#1023=PRESENTATION_STYLE_ASSIGNMENT((#2279));
#1024=ADVANCED_FACE('',(#2280),#2281,.T.);
#1025=PRESENTATION_STYLE_ASSIGNMENT((#2282));
#1026=ADVANCED_FACE('',(#2283),#2284,.T.);
#1027=PRESENTATION_STYLE_ASSIGNMENT((#2285));
#1028=ADVANCED_FACE('',(#2286),#2287,.T.);
#1029=PRESENTATION_STYLE_ASSIGNMENT((#2288));
#1030=ADVANCED_FACE('',(#2289),#2290,.T.);
#1031=PRESENTATION_STYLE_ASSIGNMENT((#2291));
#1032=ADVANCED_FACE('',(#2292),#2293,.T.);
#1033=PRESENTATION_STYLE_ASSIGNMENT((#2294));
#1034=ADVANCED_FACE('',(#2295),#2296,.T.);
#1035=PRESENTATION_STYLE_ASSIGNMENT((#2297));
#1036=ADVANCED_FACE('',(#2298),#2299,.T.);
#1037=PRESENTATION_STYLE_ASSIGNMENT((#2300));
#1038=ADVANCED_FACE('',(#2301),#2302,.T.);
#1039=PRESENTATION_STYLE_ASSIGNMENT((#2303));
#1040=ADVANCED_FACE('',(#2304),#2305,.T.);
#1041=PRESENTATION_STYLE_ASSIGNMENT((#2306));
#1042=ADVANCED_FACE('',(#2307),#2308,.T.);
#1043=PRESENTATION_STYLE_ASSIGNMENT((#2309));
#1044=ADVANCED_FACE('',(#2310),#2311,.T.);
#1045=PRESENTATION_STYLE_ASSIGNMENT((#2312));
#1046=ADVANCED_FACE('',(#2313),#2314,.T.);
#1047=PRESENTATION_STYLE_ASSIGNMENT((#2315));
#1048=ADVANCED_FACE('',(#2316),#2317,.T.);
#1049=PRESENTATION_STYLE_ASSIGNMENT((#2318));
#1050=ADVANCED_FACE('',(#2319),#2320,.T.);
#1051=PRESENTATION_STYLE_ASSIGNMENT((#2321));
#1052=ADVANCED_FACE('',(#2322),#2323,.T.);
#1053=PRESENTATION_STYLE_ASSIGNMENT((#2324));
#1054=ADVANCED_FACE('',(#2325),#2326,.T.);
#1055=PRESENTATION_STYLE_ASSIGNMENT((#2327));
#1056=ADVANCED_FACE('',(#2328),#2329,.F.);
#1057=PRESENTATION_STYLE_ASSIGNMENT((#2330));
#1058=ADVANCED_FACE('',(#2331),#2332,.F.);
#1059=PRESENTATION_STYLE_ASSIGNMENT((#2333));
#1060=ADVANCED_FACE('',(#2334),#2335,.F.);
#1061=PRESENTATION_STYLE_ASSIGNMENT((#2336));
#1062=ADVANCED_FACE('',(#2337),#2338,.F.);
#1063=PRESENTATION_STYLE_ASSIGNMENT((#2339));
#1064=ADVANCED_FACE('',(#2340),#2341,.F.);
#1065=PRESENTATION_STYLE_ASSIGNMENT((#2342));
#1066=ADVANCED_FACE('',(#2343),#2344,.T.);
#1067=PRESENTATION_STYLE_ASSIGNMENT((#2345));
#1068=ADVANCED_FACE('',(#2346,#2347),#2348,.T.);
#1069=PRESENTATION_STYLE_ASSIGNMENT((#2349));
#1070=ADVANCED_FACE('',(#2350),#2351,.F.);
#1071=PRESENTATION_STYLE_ASSIGNMENT((#2352));
#1072=ADVANCED_FACE('',(#2353,#2354),#2355,.F.);
#1073=PRESENTATION_STYLE_ASSIGNMENT((#2356));
#1074=ADVANCED_FACE('',(#2357),#2358,.F.);
#1075=PRESENTATION_STYLE_ASSIGNMENT((#2359));
#1076=ADVANCED_FACE('',(#2360),#2361,.F.);
#1077=PRESENTATION_STYLE_ASSIGNMENT((#2362));
#1078=ADVANCED_FACE('',(#2363),#2364,.T.);
#1079=PRESENTATION_STYLE_ASSIGNMENT((#2365));
#1080=ADVANCED_FACE('',(#2366),#2367,.T.);
#1081=PRESENTATION_STYLE_ASSIGNMENT((#2368));
#1082=ADVANCED_FACE('',(#2369),#2370,.F.);
#1083=PRESENTATION_STYLE_ASSIGNMENT((#2371));
#1084=ADVANCED_FACE('',(#2372),#2373,.F.);
#1085=PRESENTATION_STYLE_ASSIGNMENT((#2374));
#1086=ADVANCED_FACE('',(#2375),#2376,.F.);
#1087=PRESENTATION_STYLE_ASSIGNMENT((#2377));
#1088=ADVANCED_FACE('',(#2378),#2379,.F.);
#1089=PRESENTATION_STYLE_ASSIGNMENT((#2380));
#1090=ADVANCED_FACE('',(#2381),#2382,.F.);
#1091=PRESENTATION_STYLE_ASSIGNMENT((#2383));
#1092=ADVANCED_FACE('',(#2384),#2385,.F.);
#1093=PRESENTATION_STYLE_ASSIGNMENT((#2386));
#1094=ADVANCED_FACE('',(#2387),#2388,.T.);
#1095=PRESENTATION_STYLE_ASSIGNMENT((#2389));
#1096=ADVANCED_FACE('',(#2390),#2391,.T.);
#1097=PRESENTATION_STYLE_ASSIGNMENT((#2392));
#1098=ADVANCED_FACE('',(#2393),#2394,.F.);
#1099=PRESENTATION_STYLE_ASSIGNMENT((#2395));
#1100=ADVANCED_FACE('',(#2396),#2397,.F.);
#1101=PRESENTATION_STYLE_ASSIGNMENT((#2398));
#1102=ADVANCED_FACE('',(#2399),#2400,.F.);
#1103=PRESENTATION_STYLE_ASSIGNMENT((#2401));
#1104=ADVANCED_FACE('',(#2402),#2403,.F.);
#1105=PRESENTATION_STYLE_ASSIGNMENT((#2404));
#1106=ADVANCED_FACE('',(#2405),#2406,.F.);
#1107=PRESENTATION_STYLE_ASSIGNMENT((#2407));
#1108=ADVANCED_FACE('',(#2408),#2409,.T.);
#1109=PRESENTATION_STYLE_ASSIGNMENT((#2410));
#1110=ADVANCED_FACE('',(#2411,#2412),#2413,.T.);
#1111=PRESENTATION_STYLE_ASSIGNMENT((#2414));
#1112=ADVANCED_FACE('',(#2415),#2416,.F.);
#1113=PRESENTATION_STYLE_ASSIGNMENT((#2417));
#1114=ADVANCED_FACE('',(#2418,#2419),#2420,.F.);
#1115=PRESENTATION_STYLE_ASSIGNMENT((#2421));
#1116=ADVANCED_FACE('',(#2422),#2423,.F.);
#1117=PRESENTATION_STYLE_ASSIGNMENT((#2424));
#1118=ADVANCED_FACE('',(#2425),#2426,.F.);
#1119=PRESENTATION_STYLE_ASSIGNMENT((#2427));
#1120=ADVANCED_FACE('',(#2428),#2429,.T.);
#1121=PRESENTATION_STYLE_ASSIGNMENT((#2430));
#1122=ADVANCED_FACE('',(#2431),#2432,.T.);
#1123=PRESENTATION_STYLE_ASSIGNMENT((#2433));
#1124=ADVANCED_FACE('',(#2434),#2435,.F.);
#1125=PRESENTATION_STYLE_ASSIGNMENT((#2436));
#1126=ADVANCED_FACE('',(#2437),#2438,.F.);
#1127=PRESENTATION_STYLE_ASSIGNMENT((#2439));
#1128=ADVANCED_FACE('',(#2440),#2441,.F.);
#1129=PRESENTATION_STYLE_ASSIGNMENT((#2442));
#1130=ADVANCED_FACE('',(#2443),#2444,.F.);
#1131=PRESENTATION_STYLE_ASSIGNMENT((#2445));
#1132=ADVANCED_FACE('',(#2446),#2447,.F.);
#1133=PRESENTATION_STYLE_ASSIGNMENT((#2448));
#1134=ADVANCED_FACE('',(#2449),#2450,.F.);
#1135=PRESENTATION_STYLE_ASSIGNMENT((#2451));
#1136=ADVANCED_FACE('',(#2452),#2453,.T.);
#1137=PRESENTATION_STYLE_ASSIGNMENT((#2454));
#1138=ADVANCED_FACE('',(#2455),#2456,.T.);
#1139=PRESENTATION_STYLE_ASSIGNMENT((#2457));
#1140=ADVANCED_FACE('',(#2458),#2459,.F.);
#1141=PRESENTATION_STYLE_ASSIGNMENT((#2460));
#1142=ADVANCED_FACE('',(#2461),#2462,.F.);
#1143=PRESENTATION_STYLE_ASSIGNMENT((#2463));
#1144=ADVANCED_FACE('',(#2464),#2465,.F.);
#1145=PRESENTATION_STYLE_ASSIGNMENT((#2466));
#1146=ADVANCED_FACE('',(#2467),#2468,.F.);
#1147=PRESENTATION_STYLE_ASSIGNMENT((#2469));
#1148=ADVANCED_FACE('',(#2470),#2471,.F.);
#1149=PRESENTATION_STYLE_ASSIGNMENT((#2472));
#1150=ADVANCED_FACE('',(#2473),#2474,.T.);
#1151=PRESENTATION_STYLE_ASSIGNMENT((#2475));
#1152=ADVANCED_FACE('',(#2476,#2477),#2478,.T.);
#1153=PRESENTATION_STYLE_ASSIGNMENT((#2479));
#1154=ADVANCED_FACE('',(#2480),#2481,.F.);
#1155=PRESENTATION_STYLE_ASSIGNMENT((#2482));
#1156=ADVANCED_FACE('',(#2483,#2484),#2485,.F.);
#1157=PRESENTATION_STYLE_ASSIGNMENT((#2486));
#1158=ADVANCED_FACE('',(#2487),#2488,.F.);
#1159=PRESENTATION_STYLE_ASSIGNMENT((#2489));
#1160=ADVANCED_FACE('',(#2490),#2491,.F.);
#1161=PRESENTATION_STYLE_ASSIGNMENT((#2492));
#1162=ADVANCED_FACE('',(#2493),#2494,.T.);
#1163=PRESENTATION_STYLE_ASSIGNMENT((#2495));
#1164=ADVANCED_FACE('',(#2496),#2497,.T.);
#1165=PRESENTATION_STYLE_ASSIGNMENT((#2498));
#1166=ADVANCED_FACE('',(#2499),#2500,.F.);
#1167=PRESENTATION_STYLE_ASSIGNMENT((#2501));
#1168=ADVANCED_FACE('',(#2502),#2503,.F.);
#1169=PRESENTATION_STYLE_ASSIGNMENT((#2504));
#1170=ADVANCED_FACE('',(#2505),#2506,.F.);
#1171=PRESENTATION_STYLE_ASSIGNMENT((#2507));
#1172=ADVANCED_FACE('',(#2508),#2509,.F.);
#1173=PRESENTATION_STYLE_ASSIGNMENT((#2510));
#1174=ADVANCED_FACE('',(#2511),#2512,.F.);
#1175=PRESENTATION_STYLE_ASSIGNMENT((#2513));
#1176=ADVANCED_FACE('',(#2514),#2515,.F.);
#1177=PRESENTATION_STYLE_ASSIGNMENT((#2516));
#1178=ADVANCED_FACE('',(#2517),#2518,.T.);
#1179=PRESENTATION_STYLE_ASSIGNMENT((#2519));
#1180=ADVANCED_FACE('',(#2520),#2521,.T.);
#1181=PRESENTATION_STYLE_ASSIGNMENT((#2522));
#1182=ADVANCED_FACE('',(#2523),#2524,.F.);
#1183=PRESENTATION_STYLE_ASSIGNMENT((#2525));
#1184=ADVANCED_FACE('',(#2526),#2527,.F.);
#1185=PRESENTATION_STYLE_ASSIGNMENT((#2528));
#1186=ADVANCED_FACE('',(#2529),#2530,.F.);
#1187=PRESENTATION_STYLE_ASSIGNMENT((#2531));
#1188=ADVANCED_FACE('',(#2532),#2533,.F.);
#1189=PRESENTATION_STYLE_ASSIGNMENT((#2534));
#1190=ADVANCED_FACE('',(#2535),#2536,.F.);
#1191=PRESENTATION_STYLE_ASSIGNMENT((#2537));
#1192=ADVANCED_FACE('',(#2538),#2539,.T.);
#1193=PRESENTATION_STYLE_ASSIGNMENT((#2540));
#1194=ADVANCED_FACE('',(#2541,#2542),#2543,.T.);
#1195=PRESENTATION_STYLE_ASSIGNMENT((#2544));
#1196=ADVANCED_FACE('',(#2545),#2546,.F.);
#1197=PRESENTATION_STYLE_ASSIGNMENT((#2547));
#1198=ADVANCED_FACE('',(#2548,#2549),#2550,.F.);
#1199=PRESENTATION_STYLE_ASSIGNMENT((#2551));
#1200=ADVANCED_FACE('',(#2552),#2553,.F.);
#1201=PRESENTATION_STYLE_ASSIGNMENT((#2554));
#1202=ADVANCED_FACE('',(#2555),#2556,.F.);
#1203=PRESENTATION_STYLE_ASSIGNMENT((#2557));
#1204=ADVANCED_FACE('',(#2558),#2559,.T.);
#1205=PRESENTATION_STYLE_ASSIGNMENT((#2560));
#1206=ADVANCED_FACE('',(#2561),#2562,.T.);
#1207=PRESENTATION_STYLE_ASSIGNMENT((#2563));
#1208=ADVANCED_FACE('',(#2564),#2565,.F.);
#1209=PRESENTATION_STYLE_ASSIGNMENT((#2566));
#1210=ADVANCED_FACE('',(#2567),#2568,.F.);
#1211=PRESENTATION_STYLE_ASSIGNMENT((#2569));
#1212=ADVANCED_FACE('',(#2570),#2571,.F.);
#1213=PRESENTATION_STYLE_ASSIGNMENT((#2572));
#1214=ADVANCED_FACE('',(#2573),#2574,.F.);
#1215=PRESENTATION_STYLE_ASSIGNMENT((#2575));
#1216=ADVANCED_FACE('',(#2576),#2577,.F.);
#1217=PRESENTATION_STYLE_ASSIGNMENT((#2578));
#1218=ADVANCED_FACE('',(#2579),#2580,.F.);
#1219=PRESENTATION_STYLE_ASSIGNMENT((#2581));
#1220=ADVANCED_FACE('',(#2582),#2583,.T.);
#1221=PRESENTATION_STYLE_ASSIGNMENT((#2584));
#1222=ADVANCED_FACE('',(#2585),#2586,.T.);
#1223=PRESENTATION_STYLE_ASSIGNMENT((#2587));
#1224=ADVANCED_FACE('',(#2588),#2589,.F.);
#1225=PRESENTATION_STYLE_ASSIGNMENT((#2590));
#1226=ADVANCED_FACE('',(#2591),#2592,.F.);
#1227=PRESENTATION_STYLE_ASSIGNMENT((#2593));
#1228=ADVANCED_FACE('',(#2594),#2595,.F.);
#1229=PRESENTATION_STYLE_ASSIGNMENT((#2596));
#1230=ADVANCED_FACE('',(#2597),#2598,.F.);
#1231=PRESENTATION_STYLE_ASSIGNMENT((#2599));
#1232=ADVANCED_FACE('',(#2600),#2601,.F.);
#1233=PRESENTATION_STYLE_ASSIGNMENT((#2602));
#1234=ADVANCED_FACE('',(#2603),#2604,.T.);
#1235=PRESENTATION_STYLE_ASSIGNMENT((#2605));
#1236=ADVANCED_FACE('',(#2606,#2607),#2608,.T.);
#1237=PRESENTATION_STYLE_ASSIGNMENT((#2609));
#1238=ADVANCED_FACE('',(#2610),#2611,.F.);
#1239=PRESENTATION_STYLE_ASSIGNMENT((#2612));
#1240=ADVANCED_FACE('',(#2613,#2614),#2615,.F.);
#1241=PRESENTATION_STYLE_ASSIGNMENT((#2616));
#1242=ADVANCED_FACE('',(#2617),#2618,.F.);
#1243=PRESENTATION_STYLE_ASSIGNMENT((#2619));
#1244=ADVANCED_FACE('',(#2620),#2621,.F.);
#1245=PRESENTATION_STYLE_ASSIGNMENT((#2622));
#1246=ADVANCED_FACE('',(#2623),#2624,.T.);
#1247=PRESENTATION_STYLE_ASSIGNMENT((#2625));
#1248=ADVANCED_FACE('',(#2626),#2627,.T.);
#1249=PRESENTATION_STYLE_ASSIGNMENT((#2628));
#1250=ADVANCED_FACE('',(#2629),#2630,.F.);
#1251=PRESENTATION_STYLE_ASSIGNMENT((#2631));
#1252=ADVANCED_FACE('',(#2632),#2633,.F.);
#1253=PRESENTATION_STYLE_ASSIGNMENT((#2634));
#1254=ADVANCED_FACE('',(#2635),#2636,.F.);
#1255=PRESENTATION_STYLE_ASSIGNMENT((#2637));
#1256=ADVANCED_FACE('',(#2638),#2639,.F.);
#1257=PRESENTATION_STYLE_ASSIGNMENT((#2640));
#1258=ADVANCED_FACE('',(#2641),#2642,.F.);
#1259=PRESENTATION_STYLE_ASSIGNMENT((#2643));
#1260=ADVANCED_FACE('',(#2644),#2645,.F.);
#1261=PRESENTATION_STYLE_ASSIGNMENT((#2646));
#1262=ADVANCED_FACE('',(#2647),#2648,.T.);
#1263=PRESENTATION_STYLE_ASSIGNMENT((#2649));
#1264=ADVANCED_FACE('',(#2650),#2651,.T.);
#1265=PRESENTATION_STYLE_ASSIGNMENT((#2652));
#1266=ADVANCED_FACE('',(#2653),#2654,.F.);
#1267=PRESENTATION_STYLE_ASSIGNMENT((#2655));
#1268=ADVANCED_FACE('',(#2656),#2657,.F.);
#1269=PRESENTATION_STYLE_ASSIGNMENT((#2658));
#1270=ADVANCED_FACE('',(#2659),#2660,.F.);
#1271=PRESENTATION_STYLE_ASSIGNMENT((#2661));
#1272=ADVANCED_FACE('',(#2662),#2663,.F.);
#1273=PRESENTATION_STYLE_ASSIGNMENT((#2664));
#1274=ADVANCED_FACE('',(#2665),#2666,.F.);
#1275=PRESENTATION_STYLE_ASSIGNMENT((#2667));
#1276=ADVANCED_FACE('',(#2668),#2669,.T.);
#1277=PRESENTATION_STYLE_ASSIGNMENT((#2670));
#1278=ADVANCED_FACE('',(#2671,#2672),#2673,.T.);
#1279=PRESENTATION_STYLE_ASSIGNMENT((#2674));
#1280=ADVANCED_FACE('',(#2675),#2676,.F.);
#1281=PRESENTATION_STYLE_ASSIGNMENT((#2677));
#1282=ADVANCED_FACE('',(#2678,#2679),#2680,.F.);
#1283=PRESENTATION_STYLE_ASSIGNMENT((#2681));
#1284=ADVANCED_FACE('',(#2682),#2683,.F.);
#1285=PRESENTATION_STYLE_ASSIGNMENT((#2684));
#1286=ADVANCED_FACE('',(#2685),#2686,.F.);
#1287=PRESENTATION_STYLE_ASSIGNMENT((#2687));
#1288=ADVANCED_FACE('',(#2688),#2689,.T.);
#1289=PRESENTATION_STYLE_ASSIGNMENT((#2690));
#1290=ADVANCED_FACE('',(#2691),#2692,.T.);
#1291=PRESENTATION_STYLE_ASSIGNMENT((#2693));
#1292=ADVANCED_FACE('',(#2694),#2695,.F.);
#1293=PRESENTATION_STYLE_ASSIGNMENT((#2696));
#1294=ADVANCED_FACE('',(#2697),#2698,.F.);
#1295=PRESENTATION_STYLE_ASSIGNMENT((#2699));
#1296=ADVANCED_FACE('',(#2700),#2701,.F.);
#1297=PRESENTATION_STYLE_ASSIGNMENT((#2702));
#1298=ADVANCED_FACE('',(#2703),#2704,.F.);
#1299=PRESENTATION_STYLE_ASSIGNMENT((#2705));
#1300=ADVANCED_FACE('',(#2706),#2707,.F.);
#1301=PRESENTATION_STYLE_ASSIGNMENT((#2708));
#1302=ADVANCED_FACE('',(#2709),#2710,.F.);
#1303=PRESENTATION_STYLE_ASSIGNMENT((#2711));
#1304=ADVANCED_FACE('',(#2712),#2713,.T.);
#1305=PRESENTATION_STYLE_ASSIGNMENT((#2714));
#1306=ADVANCED_FACE('',(#2715),#2716,.T.);
#1307=PRESENTATION_STYLE_ASSIGNMENT((#2717));
#1308=ADVANCED_FACE('',(#2718),#2719,.F.);
#1309=PRESENTATION_STYLE_ASSIGNMENT((#2720));
#1310=ADVANCED_FACE('',(#2721),#2722,.F.);
#1311=PRESENTATION_STYLE_ASSIGNMENT((#2723));
#1312=ADVANCED_FACE('',(#2724),#2725,.F.);
#1313=PRESENTATION_STYLE_ASSIGNMENT((#2726));
#1314=ADVANCED_FACE('',(#2727),#2728,.F.);
#1315=PRESENTATION_STYLE_ASSIGNMENT((#2729));
#1316=ADVANCED_FACE('',(#2730),#2731,.F.);
#1317=PRESENTATION_STYLE_ASSIGNMENT((#2732));
#1318=ADVANCED_FACE('',(#2733),#2734,.T.);
#1319=PRESENTATION_STYLE_ASSIGNMENT((#2735));
#1320=ADVANCED_FACE('',(#2736,#2737),#2738,.T.);
#1321=PRESENTATION_STYLE_ASSIGNMENT((#2739));
#1322=ADVANCED_FACE('',(#2740),#2741,.F.);
#1323=PRESENTATION_STYLE_ASSIGNMENT((#2742));
#1324=ADVANCED_FACE('',(#2743,#2744),#2745,.F.);
#1325=PRESENTATION_STYLE_ASSIGNMENT((#2746));
#1326=ADVANCED_FACE('',(#2747),#2748,.F.);
#1327=PRESENTATION_STYLE_ASSIGNMENT((#2749));
#1328=ADVANCED_FACE('',(#2750),#2751,.F.);
#1329=PRESENTATION_STYLE_ASSIGNMENT((#2752));
#1330=ADVANCED_FACE('',(#2753),#2754,.T.);
#1331=PRESENTATION_STYLE_ASSIGNMENT((#2755));
#1332=ADVANCED_FACE('',(#2756),#2757,.T.);
#1333=PRESENTATION_STYLE_ASSIGNMENT((#2758));
#1334=ADVANCED_FACE('',(#2759),#2760,.F.);
#1335=PRESENTATION_STYLE_ASSIGNMENT((#2761));
#1336=ADVANCED_FACE('',(#2762),#2763,.F.);
#1337=PRESENTATION_STYLE_ASSIGNMENT((#2764));
#1338=ADVANCED_FACE('',(#2765),#2766,.F.);
#1339=PRESENTATION_STYLE_ASSIGNMENT((#2767));
#1340=ADVANCED_FACE('',(#2768),#2769,.F.);
#1341=PRESENTATION_STYLE_ASSIGNMENT((#2770));
#1342=ADVANCED_FACE('',(#2771),#2772,.F.);
#1343=PRESENTATION_STYLE_ASSIGNMENT((#2773));
#1344=ADVANCED_FACE('',(#2774),#2775,.F.);
#1345=PRESENTATION_STYLE_ASSIGNMENT((#2776));
#1346=ADVANCED_FACE('',(#2777),#2778,.T.);
#1347=PRESENTATION_STYLE_ASSIGNMENT((#2779));
#1348=ADVANCED_FACE('',(#2780),#2781,.T.);
#1349=PRESENTATION_STYLE_ASSIGNMENT((#2782));
#1350=ADVANCED_FACE('',(#2783),#2784,.F.);
#1351=PRESENTATION_STYLE_ASSIGNMENT((#2785));
#1352=ADVANCED_FACE('',(#2786),#2787,.F.);
#1353=PRESENTATION_STYLE_ASSIGNMENT((#2788));
#1354=ADVANCED_FACE('',(#2789),#2790,.F.);
#1355=PRESENTATION_STYLE_ASSIGNMENT((#2791));
#1356=ADVANCED_FACE('',(#2792),#2793,.F.);
#1357=PRESENTATION_STYLE_ASSIGNMENT((#2794));
#1358=ADVANCED_FACE('',(#2795),#2796,.F.);
#1359=PRESENTATION_STYLE_ASSIGNMENT((#2797));
#1360=ADVANCED_FACE('',(#2798),#2799,.T.);
#1361=PRESENTATION_STYLE_ASSIGNMENT((#2800));
#1362=ADVANCED_FACE('',(#2801,#2802),#2803,.T.);
#1363=PRESENTATION_STYLE_ASSIGNMENT((#2804));
#1364=ADVANCED_FACE('',(#2805),#2806,.F.);
#1365=PRESENTATION_STYLE_ASSIGNMENT((#2807));
#1366=ADVANCED_FACE('',(#2808,#2809),#2810,.F.);
#1367=PRESENTATION_STYLE_ASSIGNMENT((#2811));
#1368=ADVANCED_FACE('',(#2812),#2813,.F.);
#1369=PRESENTATION_STYLE_ASSIGNMENT((#2814));
#1370=ADVANCED_FACE('',(#2815),#2816,.F.);
#1371=PRESENTATION_STYLE_ASSIGNMENT((#2817));
#1372=ADVANCED_FACE('',(#2818),#2819,.T.);
#1373=PRESENTATION_STYLE_ASSIGNMENT((#2820));
#1374=ADVANCED_FACE('',(#2821),#2822,.T.);
#1375=PRESENTATION_STYLE_ASSIGNMENT((#2823));
#1376=ADVANCED_FACE('',(#2824),#2825,.F.);
#1377=PRESENTATION_STYLE_ASSIGNMENT((#2826));
#1378=ADVANCED_FACE('',(#2827),#2828,.F.);
#1379=PRESENTATION_STYLE_ASSIGNMENT((#2829));
#1380=ADVANCED_FACE('',(#2830),#2831,.F.);
#1381=PRESENTATION_STYLE_ASSIGNMENT((#2832));
#1382=ADVANCED_FACE('',(#2833),#2834,.F.);
#1383=PRESENTATION_STYLE_ASSIGNMENT((#2835));
#1384=ADVANCED_FACE('',(#2836),#2837,.F.);
#1385=PRESENTATION_STYLE_ASSIGNMENT((#2838));
#1386=ADVANCED_FACE('',(#2839),#2840,.F.);
#1387=PRESENTATION_STYLE_ASSIGNMENT((#2841));
#1388=ADVANCED_FACE('',(#2842),#2843,.T.);
#1389=PRESENTATION_STYLE_ASSIGNMENT((#2844));
#1390=ADVANCED_FACE('',(#2845),#2846,.T.);
#1391=PRESENTATION_STYLE_ASSIGNMENT((#2847));
#1392=ADVANCED_FACE('',(#2848),#2849,.F.);
#1393=PRESENTATION_STYLE_ASSIGNMENT((#2850));
#1394=ADVANCED_FACE('',(#2851),#2852,.F.);
#1395=PRESENTATION_STYLE_ASSIGNMENT((#2853));
#1396=ADVANCED_FACE('',(#2854),#2855,.F.);
#1397=PRESENTATION_STYLE_ASSIGNMENT((#2856));
#1398=ADVANCED_FACE('',(#2857),#2858,.F.);
#1399=PRESENTATION_STYLE_ASSIGNMENT((#2859));
#1400=ADVANCED_FACE('',(#2860),#2861,.F.);
#1401=PRESENTATION_STYLE_ASSIGNMENT((#2862));
#1402=ADVANCED_FACE('',(#2863),#2864,.T.);
#1403=PRESENTATION_STYLE_ASSIGNMENT((#2865));
#1404=ADVANCED_FACE('',(#2866,#2867),#2868,.T.);
#1405=PRESENTATION_STYLE_ASSIGNMENT((#2869));
#1406=ADVANCED_FACE('',(#2870),#2871,.F.);
#1407=PRESENTATION_STYLE_ASSIGNMENT((#2872));
#1408=ADVANCED_FACE('',(#2873,#2874),#2875,.F.);
#1409=PRESENTATION_STYLE_ASSIGNMENT((#2876));
#1410=ADVANCED_FACE('',(#2877),#2878,.F.);
#1411=PRESENTATION_STYLE_ASSIGNMENT((#2879));
#1412=ADVANCED_FACE('',(#2880),#2881,.F.);
#1413=PRESENTATION_STYLE_ASSIGNMENT((#2882));
#1414=ADVANCED_FACE('',(#2883),#2884,.T.);
#1415=PRESENTATION_STYLE_ASSIGNMENT((#2885));
#1416=ADVANCED_FACE('',(#2886),#2887,.T.);
#1417=PRESENTATION_STYLE_ASSIGNMENT((#2888));
#1418=ADVANCED_FACE('',(#2889),#2890,.F.);
#1419=PRESENTATION_STYLE_ASSIGNMENT((#2891));
#1420=ADVANCED_FACE('',(#2892),#2893,.F.);
#1421=PRESENTATION_STYLE_ASSIGNMENT((#2894));
#1422=ADVANCED_FACE('',(#2895),#2896,.F.);
#1423=PRESENTATION_STYLE_ASSIGNMENT((#2897));
#1424=ADVANCED_FACE('',(#2898),#2899,.F.);
#1425=PRESENTATION_STYLE_ASSIGNMENT((#2900));
#1426=ADVANCED_FACE('',(#2901),#2902,.F.);
#1427=PRESENTATION_STYLE_ASSIGNMENT((#2903));
#1428=ADVANCED_FACE('',(#2904),#2905,.F.);
#1429=PRESENTATION_STYLE_ASSIGNMENT((#2906));
#1430=ADVANCED_FACE('',(#2907),#2908,.T.);
#1431=PRESENTATION_STYLE_ASSIGNMENT((#2909));
#1432=ADVANCED_FACE('',(#2910),#2911,.T.);
#1433=PRESENTATION_STYLE_ASSIGNMENT((#2912));
#1434=ADVANCED_FACE('',(#2913),#2914,.F.);
#1435=PRESENTATION_STYLE_ASSIGNMENT((#2915));
#1436=ADVANCED_FACE('',(#2916),#2917,.F.);
#1437=PRESENTATION_STYLE_ASSIGNMENT((#2918));
#1438=ADVANCED_FACE('',(#2919),#2920,.F.);
#1439=PRESENTATION_STYLE_ASSIGNMENT((#2921));
#1440=ADVANCED_FACE('',(#2922),#2923,.F.);
#1441=PRESENTATION_STYLE_ASSIGNMENT((#2924));
#1442=ADVANCED_FACE('',(#2925),#2926,.F.);
#1443=PRESENTATION_STYLE_ASSIGNMENT((#2927));
#1444=ADVANCED_FACE('',(#2928),#2929,.T.);
#1445=PRESENTATION_STYLE_ASSIGNMENT((#2930));
#1446=ADVANCED_FACE('',(#2931,#2932),#2933,.T.);
#1447=PRESENTATION_STYLE_ASSIGNMENT((#2934));
#1448=ADVANCED_FACE('',(#2935),#2936,.F.);
#1449=PRESENTATION_STYLE_ASSIGNMENT((#2937));
#1450=ADVANCED_FACE('',(#2938,#2939),#2940,.F.);
#1451=PRESENTATION_STYLE_ASSIGNMENT((#2941));
#1452=ADVANCED_FACE('',(#2942),#2943,.F.);
#1453=PRESENTATION_STYLE_ASSIGNMENT((#2944));
#1454=ADVANCED_FACE('',(#2945),#2946,.F.);
#1455=PRESENTATION_STYLE_ASSIGNMENT((#2947));
#1456=ADVANCED_FACE('',(#2948),#2949,.T.);
#1457=PRESENTATION_STYLE_ASSIGNMENT((#2950));
#1458=ADVANCED_FACE('',(#2951),#2952,.T.);
#1459=PRESENTATION_STYLE_ASSIGNMENT((#2953));
#1460=ADVANCED_FACE('',(#2954),#2955,.F.);
#1461=PRESENTATION_STYLE_ASSIGNMENT((#2956));
#1462=ADVANCED_FACE('',(#2957),#2958,.F.);
#1463=PRESENTATION_STYLE_ASSIGNMENT((#2959));
#1464=ADVANCED_FACE('',(#2960),#2961,.F.);
#1465=PRESENTATION_STYLE_ASSIGNMENT((#2962));
#1466=ADVANCED_FACE('',(#2963),#2964,.F.);
#1467=PRESENTATION_STYLE_ASSIGNMENT((#2965));
#1468=ADVANCED_FACE('',(#2966),#2967,.F.);
#1469=PRESENTATION_STYLE_ASSIGNMENT((#2968));
#1470=ADVANCED_FACE('',(#2969),#2970,.F.);
#1471=PRESENTATION_STYLE_ASSIGNMENT((#2971));
#1472=ADVANCED_FACE('',(#2972),#2973,.T.);
#1473=PRESENTATION_STYLE_ASSIGNMENT((#2974));
#1474=ADVANCED_FACE('',(#2975),#2976,.F.);
#1475=PRESENTATION_STYLE_ASSIGNMENT((#2977));
#1476=ADVANCED_FACE('',(#2978),#2979,.F.);
#1477=PRESENTATION_STYLE_ASSIGNMENT((#2980));
#1478=ADVANCED_FACE('',(#2981,#2982,#2983,#2984,#2985,#2986,#2987,#2988,#2989,#2990,#2991),#2992,.F.);
#1479=PRESENTATION_STYLE_ASSIGNMENT((#2993));
#1480=ADVANCED_FACE('',(#2994),#2995,.F.);
#1481=PRODUCT('1','','PART--DESC',(#2996));
#1482=PRODUCT_DEFINITION('','NONE',#2997,#2);
#1483=MANIFOLD_SOLID_BREP('1',#2998);
#1484=AXIS2_PLACEMENT_3D('',#2999,#3000,#3001);
#1487=LENGTH_MEASURE_WITH_UNIT(LENGTH_MEASURE(1.0),#3002);
#1490=DIMENSIONAL_EXPONENTS(1.0,0.0,0.0,0.0,0.0,0.0,0.0);
#1492=DIMENSIONAL_EXPONENTS(0.0,0.0,0.0,0.0,0.0,0.0,0.0);
#1498=SURFACE_STYLE_USAGE(.BOTH.,#3003);
#1499=FACE_OUTER_BOUND('',#3004,.T.);
#1500=CYLINDRICAL_SURFACE('',#3005,1.015);
#1501=SURFACE_STYLE_USAGE(.BOTH.,#3006);
#1502=FACE_OUTER_BOUND('',#3007,.T.);
#1503=CYLINDRICAL_SURFACE('',#3008,1.015);
#1504=SURFACE_STYLE_USAGE(.BOTH.,#3009);
#1505=FACE_OUTER_BOUND('',#3010,.T.);
#1506=CYLINDRICAL_SURFACE('',#3011,1.015);
#1507=SURFACE_STYLE_USAGE(.BOTH.,#3012);
#1508=FACE_OUTER_BOUND('',#3013,.T.);
#1509=CYLINDRICAL_SURFACE('',#3014,1.015);
#1510=SURFACE_STYLE_USAGE(.BOTH.,#3015);
#1511=FACE_OUTER_BOUND('',#3016,.T.);
#1512=CYLINDRICAL_SURFACE('',#3017,1.015);
#1513=SURFACE_STYLE_USAGE(.BOTH.,#3018);
#1514=FACE_OUTER_BOUND('',#3019,.T.);
#1515=CYLINDRICAL_SURFACE('',#3020,1.015);
#1516=SURFACE_STYLE_USAGE(.BOTH.,#3021);
#1517=FACE_OUTER_BOUND('',#3022,.T.);
#1518=CYLINDRICAL_SURFACE('',#3023,1.015);
#1519=SURFACE_STYLE_USAGE(.BOTH.,#3024);
#1520=FACE_OUTER_BOUND('',#3025,.T.);
#1521=CYLINDRICAL_SURFACE('',#3026,1.015);
#1522=SURFACE_STYLE_USAGE(.BOTH.,#3027);
#1523=FACE_OUTER_BOUND('',#3028,.T.);
#1524=CYLINDRICAL_SURFACE('',#3029,1.015);
#1525=SURFACE_STYLE_USAGE(.BOTH.,#3030);
#1526=FACE_OUTER_BOUND('',#3031,.T.);
#1527=CYLINDRICAL_SURFACE('',#3032,1.015);
#1528=SURFACE_STYLE_USAGE(.BOTH.,#3033);
#1529=FACE_OUTER_BOUND('',#3034,.T.);
#1530=CYLINDRICAL_SURFACE('',#3035,0.508);
#1531=SURFACE_STYLE_USAGE(.BOTH.,#3036);
#1532=FACE_OUTER_BOUND('',#3037,.T.);
#1533=CYLINDRICAL_SURFACE('',#3038,0.508);
#1534=SURFACE_STYLE_USAGE(.BOTH.,#3039);
#1535=FACE_OUTER_BOUND('',#3040,.T.);
#1536=CYLINDRICAL_SURFACE('',#3041,0.508);
#1537=SURFACE_STYLE_USAGE(.BOTH.,#3042);
#1538=FACE_OUTER_BOUND('',#3043,.T.);
#1539=CYLINDRICAL_SURFACE('',#3044,0.508);
#1540=SURFACE_STYLE_USAGE(.BOTH.,#3045);
#1541=FACE_OUTER_BOUND('',#3046,.T.);
#1542=CYLINDRICAL_SURFACE('',#3047,0.508);
#1543=SURFACE_STYLE_USAGE(.BOTH.,#3048);
#1544=FACE_OUTER_BOUND('',#3049,.T.);
#1545=CYLINDRICAL_SURFACE('',#3050,0.508);
#1546=SURFACE_STYLE_USAGE(.BOTH.,#3051);
#1547=FACE_OUTER_BOUND('',#3052,.T.);
#1548=CYLINDRICAL_SURFACE('',#3053,0.508);
#1549=SURFACE_STYLE_USAGE(.BOTH.,#3054);
#1550=FACE_OUTER_BOUND('',#3055,.T.);
#1551=CYLINDRICAL_SURFACE('',#3056,0.508);
#1552=SURFACE_STYLE_USAGE(.BOTH.,#3057);
#1553=FACE_OUTER_BOUND('',#3058,.T.);
#1554=CYLINDRICAL_SURFACE('',#3059,0.508);
#1555=SURFACE_STYLE_USAGE(.BOTH.,#3060);
#1556=FACE_OUTER_BOUND('',#3061,.T.);
#1557=CYLINDRICAL_SURFACE('',#3062,0.508);
#1558=SURFACE_STYLE_USAGE(.BOTH.,#3063);
#1559=FACE_OUTER_BOUND('',#3064,.T.);
#1560=CYLINDRICAL_SURFACE('',#3065,1.016);
#1561=SURFACE_STYLE_USAGE(.BOTH.,#3066);
#1562=FACE_OUTER_BOUND('',#3067,.T.);
#1563=PLANE('',#3068);
#1564=SURFACE_STYLE_USAGE(.BOTH.,#3069);
#1565=FACE_OUTER_BOUND('',#3070,.T.);
#1566=PLANE('',#3071);
#1567=SURFACE_STYLE_USAGE(.BOTH.,#3072);
#1568=FACE_OUTER_BOUND('',#3073,.T.);
#1569=PLANE('',#3074);
#1570=SURFACE_STYLE_USAGE(.BOTH.,#3075);
#1571=FACE_OUTER_BOUND('',#3076,.T.);
#1572=PLANE('',#3077);
#1573=SURFACE_STYLE_USAGE(.BOTH.,#3078);
#1574=FACE_OUTER_BOUND('',#3079,.T.);
#1575=PLANE('',#3080);
#1576=SURFACE_STYLE_USAGE(.BOTH.,#3081);
#1577=FACE_OUTER_BOUND('',#3082,.T.);
#1578=PLANE('',#3083);
#1579=SURFACE_STYLE_USAGE(.BOTH.,#3084);
#1580=FACE_OUTER_BOUND('',#3085,.T.);
#1581=PLANE('',#3086);
#1582=SURFACE_STYLE_USAGE(.BOTH.,#3087);
#1583=FACE_OUTER_BOUND('',#3088,.T.);
#1584=PLANE('',#3089);
#1585=SURFACE_STYLE_USAGE(.BOTH.,#3090);
#1586=FACE_OUTER_BOUND('',#3091,.T.);
#1587=PLANE('',#3092);
#1588=SURFACE_STYLE_USAGE(.BOTH.,#3093);
#1589=FACE_OUTER_BOUND('',#3094,.T.);
#1590=PLANE('',#3095);
#1591=SURFACE_STYLE_USAGE(.BOTH.,#3096);
#1592=FACE_OUTER_BOUND('',#3097,.T.);
#1593=PLANE('',#3098);
#1594=SURFACE_STYLE_USAGE(.BOTH.,#3099);
#1595=FACE_OUTER_BOUND('',#3100,.T.);
#1596=PLANE('',#3101);
#1597=SURFACE_STYLE_USAGE(.BOTH.,#3102);
#1598=FACE_OUTER_BOUND('',#3103,.T.);
#1599=PLANE('',#3104);
#1600=SURFACE_STYLE_USAGE(.BOTH.,#3105);
#1601=FACE_OUTER_BOUND('',#3106,.T.);
#1602=PLANE('',#3107);
#1603=SURFACE_STYLE_USAGE(.BOTH.,#3108);
#1604=FACE_OUTER_BOUND('',#3109,.T.);
#1605=PLANE('',#3110);
#1606=SURFACE_STYLE_USAGE(.BOTH.,#3111);
#1607=FACE_OUTER_BOUND('',#3112,.T.);
#1608=PLANE('',#3113);
#1609=SURFACE_STYLE_USAGE(.BOTH.,#3114);
#1610=FACE_OUTER_BOUND('',#3115,.T.);
#1611=PLANE('',#3116);
#1612=SURFACE_STYLE_USAGE(.BOTH.,#3117);
#1613=FACE_OUTER_BOUND('',#3118,.T.);
#1614=PLANE('',#3119);
#1615=SURFACE_STYLE_USAGE(.BOTH.,#3120);
#1616=FACE_OUTER_BOUND('',#3121,.T.);
#1617=PLANE('',#3122);
#1618=SURFACE_STYLE_USAGE(.BOTH.,#3123);
#1619=FACE_OUTER_BOUND('',#3124,.T.);
#1620=CYLINDRICAL_SURFACE('',#3125,1.016);
#1621=SURFACE_STYLE_USAGE(.BOTH.,#3126);
#1622=FACE_OUTER_BOUND('',#3127,.T.);
#1623=PLANE('',#3128);
#1624=SURFACE_STYLE_USAGE(.BOTH.,#3129);
#1625=FACE_OUTER_BOUND('',#3130,.T.);
#1626=PLANE('',#3131);
#1627=SURFACE_STYLE_USAGE(.BOTH.,#3132);
#1628=FACE_OUTER_BOUND('',#3133,.T.);
#1629=PLANE('',#3134);
#1630=SURFACE_STYLE_USAGE(.BOTH.,#3135);
#1631=FACE_OUTER_BOUND('',#3136,.T.);
#1632=PLANE('',#3137);
#1633=SURFACE_STYLE_USAGE(.BOTH.,#3138);
#1634=FACE_OUTER_BOUND('',#3139,.T.);
#1635=PLANE('',#3140);
#1636=SURFACE_STYLE_USAGE(.BOTH.,#3141);
#1637=FACE_OUTER_BOUND('',#3142,.T.);
#1638=PLANE('',#3143);
#1639=SURFACE_STYLE_USAGE(.BOTH.,#3144);
#1640=FACE_OUTER_BOUND('',#3145,.T.);
#1641=PLANE('',#3146);
#1642=SURFACE_STYLE_USAGE(.BOTH.,#3147);
#1643=FACE_OUTER_BOUND('',#3148,.T.);
#1644=PLANE('',#3149);
#1645=SURFACE_STYLE_USAGE(.BOTH.,#3150);
#1646=FACE_OUTER_BOUND('',#3151,.T.);
#1647=PLANE('',#3152);
#1648=SURFACE_STYLE_USAGE(.BOTH.,#3153);
#1649=FACE_OUTER_BOUND('',#3154,.T.);
#1650=PLANE('',#3155);
#1651=SURFACE_STYLE_USAGE(.BOTH.,#3156);
#1652=FACE_OUTER_BOUND('',#3157,.T.);
#1653=PLANE('',#3158);
#1654=SURFACE_STYLE_USAGE(.BOTH.,#3159);
#1655=FACE_OUTER_BOUND('',#3160,.T.);
#1656=PLANE('',#3161);
#1657=SURFACE_STYLE_USAGE(.BOTH.,#3162);
#1658=FACE_OUTER_BOUND('',#3163,.T.);
#1659=PLANE('',#3164);
#1660=SURFACE_STYLE_USAGE(.BOTH.,#3165);
#1661=FACE_OUTER_BOUND('',#3166,.T.);
#1662=PLANE('',#3167);
#1663=SURFACE_STYLE_USAGE(.BOTH.,#3168);
#1664=FACE_OUTER_BOUND('',#3169,.T.);
#1665=PLANE('',#3170);
#1666=SURFACE_STYLE_USAGE(.BOTH.,#3171);
#1667=FACE_OUTER_BOUND('',#3172,.T.);
#1668=PLANE('',#3173);
#1669=SURFACE_STYLE_USAGE(.BOTH.,#3174);
#1670=FACE_OUTER_BOUND('',#3175,.T.);
#1671=PLANE('',#3176);
#1672=SURFACE_STYLE_USAGE(.BOTH.,#3177);
#1673=FACE_OUTER_BOUND('',#3178,.T.);
#1674=PLANE('',#3179);
#1675=SURFACE_STYLE_USAGE(.BOTH.,#3180);
#1676=FACE_OUTER_BOUND('',#3181,.T.);
#1677=CYLINDRICAL_SURFACE('',#3182,1.016);
#1678=SURFACE_STYLE_USAGE(.BOTH.,#3183);
#1679=FACE_OUTER_BOUND('',#3184,.T.);
#1680=PLANE('',#3185);
#1681=SURFACE_STYLE_USAGE(.BOTH.,#3186);
#1682=FACE_OUTER_BOUND('',#3187,.T.);
#1683=PLANE('',#3188);
#1684=SURFACE_STYLE_USAGE(.BOTH.,#3189);
#1685=FACE_OUTER_BOUND('',#3190,.T.);
#1686=PLANE('',#3191);
#1687=SURFACE_STYLE_USAGE(.BOTH.,#3192);
#1688=FACE_OUTER_BOUND('',#3193,.T.);
#1689=PLANE('',#3194);
#1690=SURFACE_STYLE_USAGE(.BOTH.,#3195);
#1691=FACE_OUTER_BOUND('',#3196,.T.);
#1692=PLANE('',#3197);
#1693=SURFACE_STYLE_USAGE(.BOTH.,#3198);
#1694=FACE_OUTER_BOUND('',#3199,.T.);
#1695=PLANE('',#3200);
#1696=SURFACE_STYLE_USAGE(.BOTH.,#3201);
#1697=FACE_OUTER_BOUND('',#3202,.T.);
#1698=PLANE('',#3203);
#1699=SURFACE_STYLE_USAGE(.BOTH.,#3204);
#1700=FACE_OUTER_BOUND('',#3205,.T.);
#1701=PLANE('',#3206);
#1702=SURFACE_STYLE_USAGE(.BOTH.,#3207);
#1703=FACE_OUTER_BOUND('',#3208,.T.);
#1704=PLANE('',#3209);
#1705=SURFACE_STYLE_USAGE(.BOTH.,#3210);
#1706=FACE_OUTER_BOUND('',#3211,.T.);
#1707=PLANE('',#3212);
#1708=SURFACE_STYLE_USAGE(.BOTH.,#3213);
#1709=FACE_OUTER_BOUND('',#3214,.T.);
#1710=PLANE('',#3215);
#1711=SURFACE_STYLE_USAGE(.BOTH.,#3216);
#1712=FACE_OUTER_BOUND('',#3217,.T.);
#1713=PLANE('',#3218);
#1714=SURFACE_STYLE_USAGE(.BOTH.,#3219);
#1715=FACE_OUTER_BOUND('',#3220,.T.);
#1716=PLANE('',#3221);
#1717=SURFACE_STYLE_USAGE(.BOTH.,#3222);
#1718=FACE_OUTER_BOUND('',#3223,.T.);
#1719=PLANE('',#3224);
#1720=SURFACE_STYLE_USAGE(.BOTH.,#3225);
#1721=FACE_OUTER_BOUND('',#3226,.T.);
#1722=PLANE('',#3227);
#1723=SURFACE_STYLE_USAGE(.BOTH.,#3228);
#1724=FACE_OUTER_BOUND('',#3229,.T.);
#1725=PLANE('',#3230);
#1726=SURFACE_STYLE_USAGE(.BOTH.,#3231);
#1727=FACE_OUTER_BOUND('',#3232,.T.);
#1728=PLANE('',#3233);
#1729=SURFACE_STYLE_USAGE(.BOTH.,#3234);
#1730=FACE_OUTER_BOUND('',#3235,.T.);
#1731=PLANE('',#3236);
#1732=SURFACE_STYLE_USAGE(.BOTH.,#3237);
#1733=FACE_OUTER_BOUND('',#3238,.T.);
#1734=CYLINDRICAL_SURFACE('',#3239,1.016);
#1735=SURFACE_STYLE_USAGE(.BOTH.,#3240);
#1736=FACE_OUTER_BOUND('',#3241,.T.);
#1737=PLANE('',#3242);
#1738=SURFACE_STYLE_USAGE(.BOTH.,#3243);
#1739=FACE_OUTER_BOUND('',#3244,.T.);
#1740=PLANE('',#3245);
#1741=SURFACE_STYLE_USAGE(.BOTH.,#3246);
#1742=FACE_OUTER_BOUND('',#3247,.T.);
#1743=PLANE('',#3248);
#1744=SURFACE_STYLE_USAGE(.BOTH.,#3249);
#1745=FACE_OUTER_BOUND('',#3250,.T.);
#1746=PLANE('',#3251);
#1747=SURFACE_STYLE_USAGE(.BOTH.,#3252);
#1748=FACE_OUTER_BOUND('',#3253,.T.);
#1749=PLANE('',#3254);
#1750=SURFACE_STYLE_USAGE(.BOTH.,#3255);
#1751=FACE_OUTER_BOUND('',#3256,.T.);
#1752=PLANE('',#3257);
#1753=SURFACE_STYLE_USAGE(.BOTH.,#3258);
#1754=FACE_OUTER_BOUND('',#3259,.T.);
#1755=PLANE('',#3260);
#1756=SURFACE_STYLE_USAGE(.BOTH.,#3261);
#1757=FACE_OUTER_BOUND('',#3262,.T.);
#1758=PLANE('',#3263);
#1759=SURFACE_STYLE_USAGE(.BOTH.,#3264);
#1760=FACE_OUTER_BOUND('',#3265,.T.);
#1761=PLANE('',#3266);
#1762=SURFACE_STYLE_USAGE(.BOTH.,#3267);
#1763=FACE_OUTER_BOUND('',#3268,.T.);
#1764=PLANE('',#3269);
#1765=SURFACE_STYLE_USAGE(.BOTH.,#3270);
#1766=FACE_OUTER_BOUND('',#3271,.T.);
#1767=PLANE('',#3272);
#1768=SURFACE_STYLE_USAGE(.BOTH.,#3273);
#1769=FACE_OUTER_BOUND('',#3274,.T.);
#1770=PLANE('',#3275);
#1771=SURFACE_STYLE_USAGE(.BOTH.,#3276);
#1772=FACE_OUTER_BOUND('',#3277,.T.);
#1773=PLANE('',#3278);
#1774=SURFACE_STYLE_USAGE(.BOTH.,#3279);
#1775=FACE_OUTER_BOUND('',#3280,.T.);
#1776=PLANE('',#3281);
#1777=SURFACE_STYLE_USAGE(.BOTH.,#3282);
#1778=FACE_OUTER_BOUND('',#3283,.T.);
#1779=PLANE('',#3284);
#1780=SURFACE_STYLE_USAGE(.BOTH.,#3285);
#1781=FACE_OUTER_BOUND('',#3286,.T.);
#1782=PLANE('',#3287);
#1783=SURFACE_STYLE_USAGE(.BOTH.,#3288);
#1784=FACE_OUTER_BOUND('',#3289,.T.);
#1785=PLANE('',#3290);
#1786=SURFACE_STYLE_USAGE(.BOTH.,#3291);
#1787=FACE_OUTER_BOUND('',#3292,.T.);
#1788=PLANE('',#3293);
#1789=SURFACE_STYLE_USAGE(.BOTH.,#3294);
#1790=FACE_OUTER_BOUND('',#3295,.T.);
#1791=CYLINDRICAL_SURFACE('',#3296,1.016);
#1792=SURFACE_STYLE_USAGE(.BOTH.,#3297);
#1793=FACE_OUTER_BOUND('',#3298,.T.);
#1794=PLANE('',#3299);
#1795=SURFACE_STYLE_USAGE(.BOTH.,#3300);
#1796=FACE_OUTER_BOUND('',#3301,.T.);
#1797=PLANE('',#3302);
#1798=SURFACE_STYLE_USAGE(.BOTH.,#3303);
#1799=FACE_OUTER_BOUND('',#3304,.T.);
#1800=PLANE('',#3305);
#1801=SURFACE_STYLE_USAGE(.BOTH.,#3306);
#1802=FACE_OUTER_BOUND('',#3307,.T.);
#1803=PLANE('',#3308);
#1804=SURFACE_STYLE_USAGE(.BOTH.,#3309);
#1805=FACE_OUTER_BOUND('',#3310,.T.);
#1806=PLANE('',#3311);
#1807=SURFACE_STYLE_USAGE(.BOTH.,#3312);
#1808=FACE_OUTER_BOUND('',#3313,.T.);
#1809=PLANE('',#3314);
#1810=SURFACE_STYLE_USAGE(.BOTH.,#3315);
#1811=FACE_OUTER_BOUND('',#3316,.T.);
#1812=PLANE('',#3317);
#1813=SURFACE_STYLE_USAGE(.BOTH.,#3318);
#1814=FACE_OUTER_BOUND('',#3319,.T.);
#1815=PLANE('',#3320);
#1816=SURFACE_STYLE_USAGE(.BOTH.,#3321);
#1817=FACE_OUTER_BOUND('',#3322,.T.);
#1818=PLANE('',#3323);
#1819=SURFACE_STYLE_USAGE(.BOTH.,#3324);
#1820=FACE_OUTER_BOUND('',#3325,.T.);
#1821=PLANE('',#3326);
#1822=SURFACE_STYLE_USAGE(.BOTH.,#3327);
#1823=FACE_OUTER_BOUND('',#3328,.T.);
#1824=PLANE('',#3329);
#1825=SURFACE_STYLE_USAGE(.BOTH.,#3330);
#1826=FACE_OUTER_BOUND('',#3331,.T.);
#1827=PLANE('',#3332);
#1828=SURFACE_STYLE_USAGE(.BOTH.,#3333);
#1829=FACE_OUTER_BOUND('',#3334,.T.);
#1830=PLANE('',#3335);
#1831=SURFACE_STYLE_USAGE(.BOTH.,#3336);
#1832=FACE_OUTER_BOUND('',#3337,.T.);
#1833=PLANE('',#3338);
#1834=SURFACE_STYLE_USAGE(.BOTH.,#3339);
#1835=FACE_OUTER_BOUND('',#3340,.T.);
#1836=PLANE('',#3341);
#1837=SURFACE_STYLE_USAGE(.BOTH.,#3342);
#1838=FACE_OUTER_BOUND('',#3343,.T.);
#1839=PLANE('',#3344);
#1840=SURFACE_STYLE_USAGE(.BOTH.,#3345);
#1841=FACE_OUTER_BOUND('',#3346,.T.);
#1842=PLANE('',#3347);
#1843=SURFACE_STYLE_USAGE(.BOTH.,#3348);
#1844=FACE_OUTER_BOUND('',#3349,.T.);
#1845=PLANE('',#3350);
#1846=SURFACE_STYLE_USAGE(.BOTH.,#3351);
#1847=FACE_OUTER_BOUND('',#3352,.T.);
#1848=CYLINDRICAL_SURFACE('',#3353,1.016);
#1849=SURFACE_STYLE_USAGE(.BOTH.,#3354);
#1850=FACE_OUTER_BOUND('',#3355,.T.);
#1851=PLANE('',#3356);
#1852=SURFACE_STYLE_USAGE(.BOTH.,#3357);
#1853=FACE_OUTER_BOUND('',#3358,.T.);
#1854=PLANE('',#3359);
#1855=SURFACE_STYLE_USAGE(.BOTH.,#3360);
#1856=FACE_OUTER_BOUND('',#3361,.T.);
#1857=PLANE('',#3362);
#1858=SURFACE_STYLE_USAGE(.BOTH.,#3363);
#1859=FACE_OUTER_BOUND('',#3364,.T.);
#1860=PLANE('',#3365);
#1861=SURFACE_STYLE_USAGE(.BOTH.,#3366);
#1862=FACE_OUTER_BOUND('',#3367,.T.);
#1863=PLANE('',#3368);
#1864=SURFACE_STYLE_USAGE(.BOTH.,#3369);
#1865=FACE_OUTER_BOUND('',#3370,.T.);
#1866=PLANE('',#3371);
#1867=SURFACE_STYLE_USAGE(.BOTH.,#3372);
#1868=FACE_OUTER_BOUND('',#3373,.T.);
#1869=PLANE('',#3374);
#1870=SURFACE_STYLE_USAGE(.BOTH.,#3375);
#1871=FACE_OUTER_BOUND('',#3376,.T.);
#1872=PLANE('',#3377);
#1873=SURFACE_STYLE_USAGE(.BOTH.,#3378);
#1874=FACE_OUTER_BOUND('',#3379,.T.);
#1875=PLANE('',#3380);
#1876=SURFACE_STYLE_USAGE(.BOTH.,#3381);
#1877=FACE_OUTER_BOUND('',#3382,.T.);
#1878=PLANE('',#3383);
#1879=SURFACE_STYLE_USAGE(.BOTH.,#3384);
#1880=FACE_OUTER_BOUND('',#3385,.T.);
#1881=PLANE('',#3386);
#1882=SURFACE_STYLE_USAGE(.BOTH.,#3387);
#1883=FACE_OUTER_BOUND('',#3388,.T.);
#1884=PLANE('',#3389);
#1885=SURFACE_STYLE_USAGE(.BOTH.,#3390);
#1886=FACE_OUTER_BOUND('',#3391,.T.);
#1887=PLANE('',#3392);
#1888=SURFACE_STYLE_USAGE(.BOTH.,#3393);
#1889=FACE_OUTER_BOUND('',#3394,.T.);
#1890=PLANE('',#3395);
#1891=SURFACE_STYLE_USAGE(.BOTH.,#3396);
#1892=FACE_OUTER_BOUND('',#3397,.T.);
#1893=PLANE('',#3398);
#1894=SURFACE_STYLE_USAGE(.BOTH.,#3399);
#1895=FACE_OUTER_BOUND('',#3400,.T.);
#1896=PLANE('',#3401);
#1897=SURFACE_STYLE_USAGE(.BOTH.,#3402);
#1898=FACE_OUTER_BOUND('',#3403,.T.);
#1899=PLANE('',#3404);
#1900=SURFACE_STYLE_USAGE(.BOTH.,#3405);
#1901=FACE_OUTER_BOUND('',#3406,.T.);
#1902=PLANE('',#3407);
#1903=SURFACE_STYLE_USAGE(.BOTH.,#3408);
#1904=FACE_OUTER_BOUND('',#3409,.T.);
#1905=CYLINDRICAL_SURFACE('',#3410,1.016);
#1906=SURFACE_STYLE_USAGE(.BOTH.,#3411);
#1907=FACE_OUTER_BOUND('',#3412,.T.);
#1908=PLANE('',#3413);
#1909=SURFACE_STYLE_USAGE(.BOTH.,#3414);
#1910=FACE_OUTER_BOUND('',#3415,.T.);
#1911=PLANE('',#3416);
#1912=SURFACE_STYLE_USAGE(.BOTH.,#3417);
#1913=FACE_OUTER_BOUND('',#3418,.T.);
#1914=PLANE('',#3419);
#1915=SURFACE_STYLE_USAGE(.BOTH.,#3420);
#1916=FACE_OUTER_BOUND('',#3421,.T.);
#1917=PLANE('',#3422);
#1918=SURFACE_STYLE_USAGE(.BOTH.,#3423);
#1919=FACE_OUTER_BOUND('',#3424,.T.);
#1920=PLANE('',#3425);
#1921=SURFACE_STYLE_USAGE(.BOTH.,#3426);
#1922=FACE_OUTER_BOUND('',#3427,.T.);
#1923=PLANE('',#3428);
#1924=SURFACE_STYLE_USAGE(.BOTH.,#3429);
#1925=FACE_OUTER_BOUND('',#3430,.T.);
#1926=PLANE('',#3431);
#1927=SURFACE_STYLE_USAGE(.BOTH.,#3432);
#1928=FACE_OUTER_BOUND('',#3433,.T.);
#1929=PLANE('',#3434);
#1930=SURFACE_STYLE_USAGE(.BOTH.,#3435);
#1931=FACE_OUTER_BOUND('',#3436,.T.);
#1932=PLANE('',#3437);
#1933=SURFACE_STYLE_USAGE(.BOTH.,#3438);
#1934=FACE_OUTER_BOUND('',#3439,.T.);
#1935=PLANE('',#3440);
#1936=SURFACE_STYLE_USAGE(.BOTH.,#3441);
#1937=FACE_OUTER_BOUND('',#3442,.T.);
#1938=PLANE('',#3443);
#1939=SURFACE_STYLE_USAGE(.BOTH.,#3444);
#1940=FACE_OUTER_BOUND('',#3445,.T.);
#1941=PLANE('',#3446);
#1942=SURFACE_STYLE_USAGE(.BOTH.,#3447);
#1943=FACE_OUTER_BOUND('',#3448,.T.);
#1944=PLANE('',#3449);
#1945=SURFACE_STYLE_USAGE(.BOTH.,#3450);
#1946=FACE_OUTER_BOUND('',#3451,.T.);
#1947=PLANE('',#3452);
#1948=SURFACE_STYLE_USAGE(.BOTH.,#3453);
#1949=FACE_OUTER_BOUND('',#3454,.T.);
#1950=PLANE('',#3455);
#1951=SURFACE_STYLE_USAGE(.BOTH.,#3456);
#1952=FACE_OUTER_BOUND('',#3457,.T.);
#1953=PLANE('',#3458);
#1954=SURFACE_STYLE_USAGE(.BOTH.,#3459);
#1955=FACE_OUTER_BOUND('',#3460,.T.);
#1956=PLANE('',#3461);
#1957=SURFACE_STYLE_USAGE(.BOTH.,#3462);
#1958=FACE_OUTER_BOUND('',#3463,.T.);
#1959=PLANE('',#3464);
#1960=SURFACE_STYLE_USAGE(.BOTH.,#3465);
#1961=FACE_OUTER_BOUND('',#3466,.T.);
#1962=CYLINDRICAL_SURFACE('',#3467,1.016);
#1963=SURFACE_STYLE_USAGE(.BOTH.,#3468);
#1964=FACE_OUTER_BOUND('',#3469,.T.);
#1965=PLANE('',#3470);
#1966=SURFACE_STYLE_USAGE(.BOTH.,#3471);
#1967=FACE_OUTER_BOUND('',#3472,.T.);
#1968=PLANE('',#3473);
#1969=SURFACE_STYLE_USAGE(.BOTH.,#3474);
#1970=FACE_OUTER_BOUND('',#3475,.T.);
#1971=PLANE('',#3476);
#1972=SURFACE_STYLE_USAGE(.BOTH.,#3477);
#1973=FACE_OUTER_BOUND('',#3478,.T.);
#1974=PLANE('',#3479);
#1975=SURFACE_STYLE_USAGE(.BOTH.,#3480);
#1976=FACE_OUTER_BOUND('',#3481,.T.);
#1977=PLANE('',#3482);
#1978=SURFACE_STYLE_USAGE(.BOTH.,#3483);
#1979=FACE_OUTER_BOUND('',#3484,.T.);
#1980=PLANE('',#3485);
#1981=SURFACE_STYLE_USAGE(.BOTH.,#3486);
#1982=FACE_OUTER_BOUND('',#3487,.T.);
#1983=PLANE('',#3488);
#1984=SURFACE_STYLE_USAGE(.BOTH.,#3489);
#1985=FACE_OUTER_BOUND('',#3490,.T.);
#1986=PLANE('',#3491);
#1987=SURFACE_STYLE_USAGE(.BOTH.,#3492);
#1988=FACE_OUTER_BOUND('',#3493,.T.);
#1989=PLANE('',#3494);
#1990=SURFACE_STYLE_USAGE(.BOTH.,#3495);
#1991=FACE_OUTER_BOUND('',#3496,.T.);
#1992=PLANE('',#3497);
#1993=SURFACE_STYLE_USAGE(.BOTH.,#3498);
#1994=FACE_OUTER_BOUND('',#3499,.T.);
#1995=PLANE('',#3500);
#1996=SURFACE_STYLE_USAGE(.BOTH.,#3501);
#1997=FACE_OUTER_BOUND('',#3502,.T.);
#1998=PLANE('',#3503);
#1999=SURFACE_STYLE_USAGE(.BOTH.,#3504);
#2000=FACE_OUTER_BOUND('',#3505,.T.);
#2001=PLANE('',#3506);
#2002=SURFACE_STYLE_USAGE(.BOTH.,#3507);
#2003=FACE_OUTER_BOUND('',#3508,.T.);
#2004=PLANE('',#3509);
#2005=SURFACE_STYLE_USAGE(.BOTH.,#3510);
#2006=FACE_OUTER_BOUND('',#3511,.T.);
#2007=PLANE('',#3512);
#2008=SURFACE_STYLE_USAGE(.BOTH.,#3513);
#2009=FACE_OUTER_BOUND('',#3514,.T.);
#2010=PLANE('',#3515);
#2011=SURFACE_STYLE_USAGE(.BOTH.,#3516);
#2012=FACE_OUTER_BOUND('',#3517,.T.);
#2013=PLANE('',#3518);
#2014=SURFACE_STYLE_USAGE(.BOTH.,#3519);
#2015=FACE_OUTER_BOUND('',#3520,.T.);
#2016=PLANE('',#3521);
#2017=SURFACE_STYLE_USAGE(.BOTH.,#3522);
#2018=FACE_OUTER_BOUND('',#3523,.T.);
#2019=CYLINDRICAL_SURFACE('',#3524,1.016);
#2020=SURFACE_STYLE_USAGE(.BOTH.,#3525);
#2021=FACE_OUTER_BOUND('',#3526,.T.);
#2022=PLANE('',#3527);
#2023=SURFACE_STYLE_USAGE(.BOTH.,#3528);
#2024=FACE_OUTER_BOUND('',#3529,.T.);
#2025=PLANE('',#3530);
#2026=SURFACE_STYLE_USAGE(.BOTH.,#3531);
#2027=FACE_OUTER_BOUND('',#3532,.T.);
#2028=PLANE('',#3533);
#2029=SURFACE_STYLE_USAGE(.BOTH.,#3534);
#2030=FACE_OUTER_BOUND('',#3535,.T.);
#2031=PLANE('',#3536);
#2032=SURFACE_STYLE_USAGE(.BOTH.,#3537);
#2033=FACE_OUTER_BOUND('',#3538,.T.);
#2034=PLANE('',#3539);
#2035=SURFACE_STYLE_USAGE(.BOTH.,#3540);
#2036=FACE_OUTER_BOUND('',#3541,.T.);
#2037=PLANE('',#3542);
#2038=SURFACE_STYLE_USAGE(.BOTH.,#3543);
#2039=FACE_OUTER_BOUND('',#3544,.T.);
#2040=PLANE('',#3545);
#2041=SURFACE_STYLE_USAGE(.BOTH.,#3546);
#2042=FACE_OUTER_BOUND('',#3547,.T.);
#2043=PLANE('',#3548);
#2044=SURFACE_STYLE_USAGE(.BOTH.,#3549);
#2045=FACE_OUTER_BOUND('',#3550,.T.);
#2046=PLANE('',#3551);
#2047=SURFACE_STYLE_USAGE(.BOTH.,#3552);
#2048=FACE_OUTER_BOUND('',#3553,.T.);
#2049=PLANE('',#3554);
#2050=SURFACE_STYLE_USAGE(.BOTH.,#3555);
#2051=FACE_OUTER_BOUND('',#3556,.T.);
#2052=PLANE('',#3557);
#2053=SURFACE_STYLE_USAGE(.BOTH.,#3558);
#2054=FACE_OUTER_BOUND('',#3559,.T.);
#2055=PLANE('',#3560);
#2056=SURFACE_STYLE_USAGE(.BOTH.,#3561);
#2057=FACE_OUTER_BOUND('',#3562,.T.);
#2058=PLANE('',#3563);
#2059=SURFACE_STYLE_USAGE(.BOTH.,#3564);
#2060=FACE_OUTER_BOUND('',#3565,.T.);
#2061=PLANE('',#3566);
#2062=SURFACE_STYLE_USAGE(.BOTH.,#3567);
#2063=FACE_OUTER_BOUND('',#3568,.T.);
#2064=PLANE('',#3569);
#2065=SURFACE_STYLE_USAGE(.BOTH.,#3570);
#2066=FACE_OUTER_BOUND('',#3571,.T.);
#2067=PLANE('',#3572);
#2068=SURFACE_STYLE_USAGE(.BOTH.,#3573);
#2069=FACE_OUTER_BOUND('',#3574,.T.);
#2070=PLANE('',#3575);
#2071=SURFACE_STYLE_USAGE(.BOTH.,#3576);
#2072=FACE_OUTER_BOUND('',#3577,.T.);
#2073=PLANE('',#3578);
#2074=SURFACE_STYLE_USAGE(.BOTH.,#3579);
#2075=FACE_OUTER_BOUND('',#3580,.T.);
#2076=CYLINDRICAL_SURFACE('',#3581,1.016);
#2077=SURFACE_STYLE_USAGE(.BOTH.,#3582);
#2078=FACE_OUTER_BOUND('',#3583,.T.);
#2079=PLANE('',#3584);
#2080=SURFACE_STYLE_USAGE(.BOTH.,#3585);
#2081=FACE_OUTER_BOUND('',#3586,.T.);
#2082=PLANE('',#3587);
#2083=SURFACE_STYLE_USAGE(.BOTH.,#3588);
#2084=FACE_OUTER_BOUND('',#3589,.T.);
#2085=PLANE('',#3590);
#2086=SURFACE_STYLE_USAGE(.BOTH.,#3591);
#2087=FACE_OUTER_BOUND('',#3592,.T.);
#2088=PLANE('',#3593);
#2089=SURFACE_STYLE_USAGE(.BOTH.,#3594);
#2090=FACE_OUTER_BOUND('',#3595,.T.);
#2091=PLANE('',#3596);
#2092=SURFACE_STYLE_USAGE(.BOTH.,#3597);
#2093=FACE_OUTER_BOUND('',#3598,.T.);
#2094=PLANE('',#3599);
#2095=SURFACE_STYLE_USAGE(.BOTH.,#3600);
#2096=FACE_OUTER_BOUND('',#3601,.T.);
#2097=PLANE('',#3602);
#2098=SURFACE_STYLE_USAGE(.BOTH.,#3603);
#2099=FACE_OUTER_BOUND('',#3604,.T.);
#2100=PLANE('',#3605);
#2101=SURFACE_STYLE_USAGE(.BOTH.,#3606);
#2102=FACE_OUTER_BOUND('',#3607,.T.);
#2103=PLANE('',#3608);
#2104=SURFACE_STYLE_USAGE(.BOTH.,#3609);
#2105=FACE_OUTER_BOUND('',#3610,.T.);
#2106=PLANE('',#3611);
#2107=SURFACE_STYLE_USAGE(.BOTH.,#3612);
#2108=FACE_OUTER_BOUND('',#3613,.T.);
#2109=PLANE('',#3614);
#2110=SURFACE_STYLE_USAGE(.BOTH.,#3615);
#2111=FACE_OUTER_BOUND('',#3616,.T.);
#2112=PLANE('',#3617);
#2113=SURFACE_STYLE_USAGE(.BOTH.,#3618);
#2114=FACE_OUTER_BOUND('',#3619,.T.);
#2115=PLANE('',#3620);
#2116=SURFACE_STYLE_USAGE(.BOTH.,#3621);
#2117=FACE_OUTER_BOUND('',#3622,.T.);
#2118=PLANE('',#3623);
#2119=SURFACE_STYLE_USAGE(.BOTH.,#3624);
#2120=FACE_OUTER_BOUND('',#3625,.T.);
#2121=PLANE('',#3626);
#2122=SURFACE_STYLE_USAGE(.BOTH.,#3627);
#2123=FACE_OUTER_BOUND('',#3628,.T.);
#2124=PLANE('',#3629);
#2125=SURFACE_STYLE_USAGE(.BOTH.,#3630);
#2126=FACE_OUTER_BOUND('',#3631,.T.);
#2127=PLANE('',#3632);
#2128=SURFACE_STYLE_USAGE(.BOTH.,#3633);
#2129=FACE_OUTER_BOUND('',#3634,.T.);
#2130=PLANE('',#3635);
#2131=SURFACE_STYLE_USAGE(.BOTH.,#3636);
#2132=FACE_OUTER_BOUND('',#3637,.T.);
#2133=CYLINDRICAL_SURFACE('',#3638,0.508);
#2134=SURFACE_STYLE_USAGE(.BOTH.,#3639);
#2135=FACE_OUTER_BOUND('',#3640,.T.);
#2136=PLANE('',#3641);
#2137=SURFACE_STYLE_USAGE(.BOTH.,#3642);
#2138=FACE_OUTER_BOUND('',#3643,.T.);
#2139=CYLINDRICAL_SURFACE('',#3644,0.508);
#2140=SURFACE_STYLE_USAGE(.BOTH.,#3645);
#2141=FACE_OUTER_BOUND('',#3646,.T.);
#2142=PLANE('',#3647);
#2143=SURFACE_STYLE_USAGE(.BOTH.,#3648);
#2144=FACE_OUTER_BOUND('',#3649,.T.);
#2145=CYLINDRICAL_SURFACE('',#3650,0.508);
#2146=SURFACE_STYLE_USAGE(.BOTH.,#3651);
#2147=FACE_OUTER_BOUND('',#3652,.T.);
#2148=PLANE('',#3653);
#2149=SURFACE_STYLE_USAGE(.BOTH.,#3654);
#2150=FACE_OUTER_BOUND('',#3655,.T.);
#2151=CYLINDRICAL_SURFACE('',#3656,0.508);
#2152=SURFACE_STYLE_USAGE(.BOTH.,#3657);
#2153=FACE_OUTER_BOUND('',#3658,.T.);
#2154=PLANE('',#3659);
#2155=SURFACE_STYLE_USAGE(.BOTH.,#3660);
#2156=FACE_OUTER_BOUND('',#3661,.T.);
#2157=CYLINDRICAL_SURFACE('',#3662,0.508);
#2158=SURFACE_STYLE_USAGE(.BOTH.,#3663);
#2159=FACE_OUTER_BOUND('',#3664,.T.);
#2160=PLANE('',#3665);
#2161=SURFACE_STYLE_USAGE(.BOTH.,#3666);
#2162=FACE_OUTER_BOUND('',#3667,.T.);
#2163=CYLINDRICAL_SURFACE('',#3668,0.508);
#2164=SURFACE_STYLE_USAGE(.BOTH.,#3669);
#2165=FACE_OUTER_BOUND('',#3670,.T.);
#2166=PLANE('',#3671);
#2167=SURFACE_STYLE_USAGE(.BOTH.,#3672);
#2168=FACE_OUTER_BOUND('',#3673,.T.);
#2169=CYLINDRICAL_SURFACE('',#3674,0.508);
#2170=SURFACE_STYLE_USAGE(.BOTH.,#3675);
#2171=FACE_OUTER_BOUND('',#3676,.T.);
#2172=PLANE('',#3677);
#2173=SURFACE_STYLE_USAGE(.BOTH.,#3678);
#2174=FACE_OUTER_BOUND('',#3679,.T.);
#2175=CYLINDRICAL_SURFACE('',#3680,0.508);
#2176=SURFACE_STYLE_USAGE(.BOTH.,#3681);
#2177=FACE_OUTER_BOUND('',#3682,.T.);
#2178=PLANE('',#3683);
#2179=SURFACE_STYLE_USAGE(.BOTH.,#3684);
#2180=FACE_OUTER_BOUND('',#3685,.T.);
#2181=CYLINDRICAL_SURFACE('',#3686,0.508);
#2182=SURFACE_STYLE_USAGE(.BOTH.,#3687);
#2183=FACE_OUTER_BOUND('',#3688,.T.);
#2184=PLANE('',#3689);
#2185=SURFACE_STYLE_USAGE(.BOTH.,#3690);
#2186=FACE_OUTER_BOUND('',#3691,.T.);
#2187=CYLINDRICAL_SURFACE('',#3692,0.508);
#2188=SURFACE_STYLE_USAGE(.BOTH.,#3693);
#2189=FACE_OUTER_BOUND('',#3694,.T.);
#2190=PLANE('',#3695);
#2191=SURFACE_STYLE_USAGE(.BOTH.,#3696);
#2192=FACE_OUTER_BOUND('',#3697,.T.);
#2193=PLANE('',#3698);
#2194=SURFACE_STYLE_USAGE(.BOTH.,#3699);
#2195=FACE_OUTER_BOUND('',#3700,.T.);
#2196=PLANE('',#3701);
#2197=SURFACE_STYLE_USAGE(.BOTH.,#3702);
#2198=FACE_OUTER_BOUND('',#3703,.T.);
#2199=PLANE('',#3704);
#2200=SURFACE_STYLE_USAGE(.BOTH.,#3705);
#2201=FACE_OUTER_BOUND('',#3706,.T.);
#2202=PLANE('',#3707);
#2203=SURFACE_STYLE_USAGE(.BOTH.,#3708);
#2204=FACE_OUTER_BOUND('',#3709,.T.);
#2205=PLANE('',#3710);
#2206=SURFACE_STYLE_USAGE(.BOTH.,#3711);
#2207=FACE_OUTER_BOUND('',#3712,.T.);
#2208=PLANE('',#3713);
#2209=SURFACE_STYLE_USAGE(.BOTH.,#3714);
#2210=FACE_OUTER_BOUND('',#3715,.T.);
#2211=PLANE('',#3716);
#2212=SURFACE_STYLE_USAGE(.BOTH.,#3717);
#2213=FACE_OUTER_BOUND('',#3718,.T.);
#2214=PLANE('',#3719);
#2215=SURFACE_STYLE_USAGE(.BOTH.,#3720);
#2216=FACE_BOUND('',#3721,.T.);
#2217=FACE_BOUND('',#3722,.T.);
#2218=FACE_BOUND('',#3723,.T.);
#2219=FACE_BOUND('',#3724,.T.);
#2220=FACE_BOUND('',#3725,.T.);
#2221=FACE_BOUND('',#3726,.T.);
#2222=FACE_BOUND('',#3727,.T.);
#2223=FACE_BOUND('',#3728,.T.);
#2224=FACE_BOUND('',#3729,.T.);
#2225=FACE_BOUND('',#3730,.T.);
#2226=FACE_OUTER_BOUND('',#3731,.T.);
#2227=PLANE('',#3732);
#2228=SURFACE_STYLE_USAGE(.BOTH.,#3733);
#2229=FACE_OUTER_BOUND('',#3734,.T.);
#2230=PLANE('',#3735);
#2231=SURFACE_STYLE_USAGE(.BOTH.,#3736);
#2232=FACE_OUTER_BOUND('',#3737,.T.);
#2233=PLANE('',#3738);
#2234=SURFACE_STYLE_USAGE(.BOTH.,#3739);
#2235=FACE_OUTER_BOUND('',#3740,.T.);
#2236=PLANE('',#3741);
#2237=SURFACE_STYLE_USAGE(.BOTH.,#3742);
#2238=FACE_OUTER_BOUND('',#3743,.T.);
#2239=PLANE('',#3744);
#2240=SURFACE_STYLE_USAGE(.BOTH.,#3745);
#2241=FACE_OUTER_BOUND('',#3746,.T.);
#2242=PLANE('',#3747);
#2243=SURFACE_STYLE_USAGE(.BOTH.,#3748);
#2244=FACE_OUTER_BOUND('',#3749,.T.);
#2245=PLANE('',#3750);
#2246=SURFACE_STYLE_USAGE(.BOTH.,#3751);
#2247=FACE_OUTER_BOUND('',#3752,.T.);
#2248=PLANE('',#3753);
#2249=SURFACE_STYLE_USAGE(.BOTH.,#3754);
#2250=FACE_OUTER_BOUND('',#3755,.T.);
#2251=PLANE('',#3756);
#2252=SURFACE_STYLE_USAGE(.BOTH.,#3757);
#2253=FACE_OUTER_BOUND('',#3758,.T.);
#2254=PLANE('',#3759);
#2255=SURFACE_STYLE_USAGE(.BOTH.,#3760);
#2256=FACE_OUTER_BOUND('',#3761,.T.);
#2257=PLANE('',#3762);
#2258=SURFACE_STYLE_USAGE(.BOTH.,#3763);
#2259=FACE_OUTER_BOUND('',#3764,.T.);
#2260=PLANE('',#3765);
#2261=SURFACE_STYLE_USAGE(.BOTH.,#3766);
#2262=FACE_OUTER_BOUND('',#3767,.T.);
#2263=PLANE('',#3768);
#2264=SURFACE_STYLE_USAGE(.BOTH.,#3769);
#2265=FACE_OUTER_BOUND('',#3770,.T.);
#2266=PLANE('',#3771);
#2267=SURFACE_STYLE_USAGE(.BOTH.,#3772);
#2268=FACE_OUTER_BOUND('',#3773,.T.);
#2269=PLANE('',#3774);
#2270=SURFACE_STYLE_USAGE(.BOTH.,#3775);
#2271=FACE_OUTER_BOUND('',#3776,.T.);
#2272=PLANE('',#3777);
#2273=SURFACE_STYLE_USAGE(.BOTH.,#3778);
#2274=FACE_OUTER_BOUND('',#3779,.T.);
#2275=PLANE('',#3780);
#2276=SURFACE_STYLE_USAGE(.BOTH.,#3781);
#2277=FACE_OUTER_BOUND('',#3782,.T.);
#2278=PLANE('',#3783);
#2279=SURFACE_STYLE_USAGE(.BOTH.,#3784);
#2280=FACE_OUTER_BOUND('',#3785,.T.);
#2281=PLANE('',#3786);
#2282=SURFACE_STYLE_USAGE(.BOTH.,#3787);
#2283=FACE_OUTER_BOUND('',#3788,.T.);
#2284=PLANE('',#3789);
#2285=SURFACE_STYLE_USAGE(.BOTH.,#3790);
#2286=FACE_OUTER_BOUND('',#3791,.T.);
#2287=PLANE('',#3792);
#2288=SURFACE_STYLE_USAGE(.BOTH.,#3793);
#2289=FACE_OUTER_BOUND('',#3794,.T.);
#2290=PLANE('',#3795);
#2291=SURFACE_STYLE_USAGE(.BOTH.,#3796);
#2292=FACE_OUTER_BOUND('',#3797,.T.);
#2293=PLANE('',#3798);
#2294=SURFACE_STYLE_USAGE(.BOTH.,#3799);
#2295=FACE_OUTER_BOUND('',#3800,.T.);
#2296=PLANE('',#3801);
#2297=SURFACE_STYLE_USAGE(.BOTH.,#3802);
#2298=FACE_OUTER_BOUND('',#3803,.T.);
#2299=PLANE('',#3804);
#2300=SURFACE_STYLE_USAGE(.BOTH.,#3805);
#2301=FACE_OUTER_BOUND('',#3806,.T.);
#2302=PLANE('',#3807);
#2303=SURFACE_STYLE_USAGE(.BOTH.,#3808);
#2304=FACE_OUTER_BOUND('',#3809,.T.);
#2305=PLANE('',#3810);
#2306=SURFACE_STYLE_USAGE(.BOTH.,#3811);
#2307=FACE_OUTER_BOUND('',#3812,.T.);
#2308=PLANE('',#3813);
#2309=SURFACE_STYLE_USAGE(.BOTH.,#3814);
#2310=FACE_OUTER_BOUND('',#3815,.T.);
#2311=PLANE('',#3816);
#2312=SURFACE_STYLE_USAGE(.BOTH.,#3817);
#2313=FACE_OUTER_BOUND('',#3818,.T.);
#2314=PLANE('',#3819);
#2315=SURFACE_STYLE_USAGE(.BOTH.,#3820);
#2316=FACE_OUTER_BOUND('',#3821,.T.);
#2317=PLANE('',#3822);
#2318=SURFACE_STYLE_USAGE(.BOTH.,#3823);
#2319=FACE_OUTER_BOUND('',#3824,.T.);
#2320=PLANE('',#3825);
#2321=SURFACE_STYLE_USAGE(.BOTH.,#3826);
#2322=FACE_OUTER_BOUND('',#3827,.T.);
#2323=PLANE('',#3828);
#2324=SURFACE_STYLE_USAGE(.BOTH.,#3829);
#2325=FACE_OUTER_BOUND('',#3830,.T.);
#2326=CYLINDRICAL_SURFACE('',#3831,1.5239999999999);
#2327=SURFACE_STYLE_USAGE(.BOTH.,#3832);
#2328=FACE_OUTER_BOUND('',#3833,.T.);
#2329=PLANE('',#3834);
#2330=SURFACE_STYLE_USAGE(.BOTH.,#3835);
#2331=FACE_OUTER_BOUND('',#3836,.T.);
#2332=PLANE('',#3837);
#2333=SURFACE_STYLE_USAGE(.BOTH.,#3838);
#2334=FACE_OUTER_BOUND('',#3839,.T.);
#2335=PLANE('',#3840);
#2336=SURFACE_STYLE_USAGE(.BOTH.,#3841);
#2337=FACE_OUTER_BOUND('',#3842,.T.);
#2338=PLANE('',#3843);
#2339=SURFACE_STYLE_USAGE(.BOTH.,#3844);
#2340=FACE_OUTER_BOUND('',#3845,.T.);
#2341=PLANE('',#3846);
#2342=SURFACE_STYLE_USAGE(.BOTH.,#3847);
#2343=FACE_OUTER_BOUND('',#3848,.T.);
#2344=CYLINDRICAL_SURFACE('',#3849,1.015);
#2345=SURFACE_STYLE_USAGE(.BOTH.,#3850);
#2346=FACE_BOUND('',#3851,.T.);
#2347=FACE_OUTER_BOUND('',#3852,.T.);
#2348=PLANE('',#3853);
#2349=SURFACE_STYLE_USAGE(.BOTH.,#3854);
#2350=FACE_OUTER_BOUND('',#3855,.T.);
#2351=PLANE('',#3856);
#2352=SURFACE_STYLE_USAGE(.BOTH.,#3857);
#2353=FACE_BOUND('',#3858,.T.);
#2354=FACE_OUTER_BOUND('',#3859,.T.);
#2355=PLANE('',#3860);
#2356=SURFACE_STYLE_USAGE(.BOTH.,#3861);
#2357=FACE_OUTER_BOUND('',#3862,.T.);
#2358=PLANE('',#3863);
#2359=SURFACE_STYLE_USAGE(.BOTH.,#3864);
#2360=FACE_OUTER_BOUND('',#3865,.T.);
#2361=PLANE('',#3866);
#2362=SURFACE_STYLE_USAGE(.BOTH.,#3867);
#2363=FACE_OUTER_BOUND('',#3868,.T.);
#2364=PLANE('',#3869);
#2365=SURFACE_STYLE_USAGE(.BOTH.,#3870);
#2366=FACE_OUTER_BOUND('',#3871,.T.);
#2367=PLANE('',#3872);
#2368=SURFACE_STYLE_USAGE(.BOTH.,#3873);
#2369=FACE_OUTER_BOUND('',#3874,.T.);
#2370=PLANE('',#3875);
#2371=SURFACE_STYLE_USAGE(.BOTH.,#3876);
#2372=FACE_OUTER_BOUND('',#3877,.T.);
#2373=PLANE('',#3878);
#2374=SURFACE_STYLE_USAGE(.BOTH.,#3879);
#2375=FACE_OUTER_BOUND('',#3880,.T.);
#2376=PLANE('',#3881);
#2377=SURFACE_STYLE_USAGE(.BOTH.,#3882);
#2378=FACE_OUTER_BOUND('',#3883,.T.);
#2379=PLANE('',#3884);
#2380=SURFACE_STYLE_USAGE(.BOTH.,#3885);
#2381=FACE_OUTER_BOUND('',#3886,.T.);
#2382=PLANE('',#3887);
#2383=SURFACE_STYLE_USAGE(.BOTH.,#3888);
#2384=FACE_OUTER_BOUND('',#3889,.T.);
#2385=PLANE('',#3890);
#2386=SURFACE_STYLE_USAGE(.BOTH.,#3891);
#2387=FACE_OUTER_BOUND('',#3892,.T.);
#2388=PLANE('',#3893);
#2389=SURFACE_STYLE_USAGE(.BOTH.,#3894);
#2390=FACE_OUTER_BOUND('',#3895,.T.);
#2391=CYLINDRICAL_SURFACE('',#3896,1.5239999999999);
#2392=SURFACE_STYLE_USAGE(.BOTH.,#3897);
#2393=FACE_OUTER_BOUND('',#3898,.T.);
#2394=PLANE('',#3899);
#2395=SURFACE_STYLE_USAGE(.BOTH.,#3900);
#2396=FACE_OUTER_BOUND('',#3901,.T.);
#2397=PLANE('',#3902);
#2398=SURFACE_STYLE_USAGE(.BOTH.,#3903);
#2399=FACE_OUTER_BOUND('',#3904,.T.);
#2400=PLANE('',#3905);
#2401=SURFACE_STYLE_USAGE(.BOTH.,#3906);
#2402=FACE_OUTER_BOUND('',#3907,.T.);
#2403=PLANE('',#3908);
#2404=SURFACE_STYLE_USAGE(.BOTH.,#3909);
#2405=FACE_OUTER_BOUND('',#3910,.T.);
#2406=PLANE('',#3911);
#2407=SURFACE_STYLE_USAGE(.BOTH.,#3912);
#2408=FACE_OUTER_BOUND('',#3913,.T.);
#2409=CYLINDRICAL_SURFACE('',#3914,1.015);
#2410=SURFACE_STYLE_USAGE(.BOTH.,#3915);
#2411=FACE_BOUND('',#3916,.T.);
#2412=FACE_OUTER_BOUND('',#3917,.T.);
#2413=PLANE('',#3918);
#2414=SURFACE_STYLE_USAGE(.BOTH.,#3919);
#2415=FACE_OUTER_BOUND('',#3920,.T.);
#2416=PLANE('',#3921);
#2417=SURFACE_STYLE_USAGE(.BOTH.,#3922);
#2418=FACE_BOUND('',#3923,.T.);
#2419=FACE_OUTER_BOUND('',#3924,.T.);
#2420=PLANE('',#3925);
#2421=SURFACE_STYLE_USAGE(.BOTH.,#3926);
#2422=FACE_OUTER_BOUND('',#3927,.T.);
#2423=PLANE('',#3928);
#2424=SURFACE_STYLE_USAGE(.BOTH.,#3929);
#2425=FACE_OUTER_BOUND('',#3930,.T.);
#2426=PLANE('',#3931);
#2427=SURFACE_STYLE_USAGE(.BOTH.,#3932);
#2428=FACE_OUTER_BOUND('',#3933,.T.);
#2429=PLANE('',#3934);
#2430=SURFACE_STYLE_USAGE(.BOTH.,#3935);
#2431=FACE_OUTER_BOUND('',#3936,.T.);
#2432=PLANE('',#3937);
#2433=SURFACE_STYLE_USAGE(.BOTH.,#3938);
#2434=FACE_OUTER_BOUND('',#3939,.T.);
#2435=PLANE('',#3940);
#2436=SURFACE_STYLE_USAGE(.BOTH.,#3941);
#2437=FACE_OUTER_BOUND('',#3942,.T.);
#2438=PLANE('',#3943);
#2439=SURFACE_STYLE_USAGE(.BOTH.,#3944);
#2440=FACE_OUTER_BOUND('',#3945,.T.);
#2441=PLANE('',#3946);
#2442=SURFACE_STYLE_USAGE(.BOTH.,#3947);
#2443=FACE_OUTER_BOUND('',#3948,.T.);
#2444=PLANE('',#3949);
#2445=SURFACE_STYLE_USAGE(.BOTH.,#3950);
#2446=FACE_OUTER_BOUND('',#3951,.T.);
#2447=PLANE('',#3952);
#2448=SURFACE_STYLE_USAGE(.BOTH.,#3953);
#2449=FACE_OUTER_BOUND('',#3954,.T.);
#2450=PLANE('',#3955);
#2451=SURFACE_STYLE_USAGE(.BOTH.,#3956);
#2452=FACE_OUTER_BOUND('',#3957,.T.);
#2453=PLANE('',#3958);
#2454=SURFACE_STYLE_USAGE(.BOTH.,#3959);
#2455=FACE_OUTER_BOUND('',#3960,.T.);
#2456=CYLINDRICAL_SURFACE('',#3961,1.5239999999999);
#2457=SURFACE_STYLE_USAGE(.BOTH.,#3962);
#2458=FACE_OUTER_BOUND('',#3963,.T.);
#2459=PLANE('',#3964);
#2460=SURFACE_STYLE_USAGE(.BOTH.,#3965);
#2461=FACE_OUTER_BOUND('',#3966,.T.);
#2462=PLANE('',#3967);
#2463=SURFACE_STYLE_USAGE(.BOTH.,#3968);
#2464=FACE_OUTER_BOUND('',#3969,.T.);
#2465=PLANE('',#3970);
#2466=SURFACE_STYLE_USAGE(.BOTH.,#3971);
#2467=FACE_OUTER_BOUND('',#3972,.T.);
#2468=PLANE('',#3973);
#2469=SURFACE_STYLE_USAGE(.BOTH.,#3974);
#2470=FACE_OUTER_BOUND('',#3975,.T.);
#2471=PLANE('',#3976);
#2472=SURFACE_STYLE_USAGE(.BOTH.,#3977);
#2473=FACE_OUTER_BOUND('',#3978,.T.);
#2474=CYLINDRICAL_SURFACE('',#3979,1.015);
#2475=SURFACE_STYLE_USAGE(.BOTH.,#3980);
#2476=FACE_BOUND('',#3981,.T.);
#2477=FACE_OUTER_BOUND('',#3982,.T.);
#2478=PLANE('',#3983);
#2479=SURFACE_STYLE_USAGE(.BOTH.,#3984);
#2480=FACE_OUTER_BOUND('',#3985,.T.);
#2481=PLANE('',#3986);
#2482=SURFACE_STYLE_USAGE(.BOTH.,#3987);
#2483=FACE_BOUND('',#3988,.T.);
#2484=FACE_OUTER_BOUND('',#3989,.T.);
#2485=PLANE('',#3990);
#2486=SURFACE_STYLE_USAGE(.BOTH.,#3991);
#2487=FACE_OUTER_BOUND('',#3992,.T.);
#2488=PLANE('',#3993);
#2489=SURFACE_STYLE_USAGE(.BOTH.,#3994);
#2490=FACE_OUTER_BOUND('',#3995,.T.);
#2491=PLANE('',#3996);
#2492=SURFACE_STYLE_USAGE(.BOTH.,#3997);
#2493=FACE_OUTER_BOUND('',#3998,.T.);
#2494=PLANE('',#3999);
#2495=SURFACE_STYLE_USAGE(.BOTH.,#4000);
#2496=FACE_OUTER_BOUND('',#4001,.T.);
#2497=PLANE('',#4002);
#2498=SURFACE_STYLE_USAGE(.BOTH.,#4003);
#2499=FACE_OUTER_BOUND('',#4004,.T.);
#2500=PLANE('',#4005);
#2501=SURFACE_STYLE_USAGE(.BOTH.,#4006);
#2502=FACE_OUTER_BOUND('',#4007,.T.);
#2503=PLANE('',#4008);
#2504=SURFACE_STYLE_USAGE(.BOTH.,#4009);
#2505=FACE_OUTER_BOUND('',#4010,.T.);
#2506=PLANE('',#4011);
#2507=SURFACE_STYLE_USAGE(.BOTH.,#4012);
#2508=FACE_OUTER_BOUND('',#4013,.T.);
#2509=PLANE('',#4014);
#2510=SURFACE_STYLE_USAGE(.BOTH.,#4015);
#2511=FACE_OUTER_BOUND('',#4016,.T.);
#2512=PLANE('',#4017);
#2513=SURFACE_STYLE_USAGE(.BOTH.,#4018);
#2514=FACE_OUTER_BOUND('',#4019,.T.);
#2515=PLANE('',#4020);
#2516=SURFACE_STYLE_USAGE(.BOTH.,#4021);
#2517=FACE_OUTER_BOUND('',#4022,.T.);
#2518=PLANE('',#4023);
#2519=SURFACE_STYLE_USAGE(.BOTH.,#4024);
#2520=FACE_OUTER_BOUND('',#4025,.T.);
#2521=CYLINDRICAL_SURFACE('',#4026,1.5239999999999);
#2522=SURFACE_STYLE_USAGE(.BOTH.,#4027);
#2523=FACE_OUTER_BOUND('',#4028,.T.);
#2524=PLANE('',#4029);
#2525=SURFACE_STYLE_USAGE(.BOTH.,#4030);
#2526=FACE_OUTER_BOUND('',#4031,.T.);
#2527=PLANE('',#4032);
#2528=SURFACE_STYLE_USAGE(.BOTH.,#4033);
#2529=FACE_OUTER_BOUND('',#4034,.T.);
#2530=PLANE('',#4035);
#2531=SURFACE_STYLE_USAGE(.BOTH.,#4036);
#2532=FACE_OUTER_BOUND('',#4037,.T.);
#2533=PLANE('',#4038);
#2534=SURFACE_STYLE_USAGE(.BOTH.,#4039);
#2535=FACE_OUTER_BOUND('',#4040,.T.);
#2536=PLANE('',#4041);
#2537=SURFACE_STYLE_USAGE(.BOTH.,#4042);
#2538=FACE_OUTER_BOUND('',#4043,.T.);
#2539=CYLINDRICAL_SURFACE('',#4044,1.015);
#2540=SURFACE_STYLE_USAGE(.BOTH.,#4045);
#2541=FACE_BOUND('',#4046,.T.);
#2542=FACE_OUTER_BOUND('',#4047,.T.);
#2543=PLANE('',#4048);
#2544=SURFACE_STYLE_USAGE(.BOTH.,#4049);
#2545=FACE_OUTER_BOUND('',#4050,.T.);
#2546=PLANE('',#4051);
#2547=SURFACE_STYLE_USAGE(.BOTH.,#4052);
#2548=FACE_BOUND('',#4053,.T.);
#2549=FACE_OUTER_BOUND('',#4054,.T.);
#2550=PLANE('',#4055);
#2551=SURFACE_STYLE_USAGE(.BOTH.,#4056);
#2552=FACE_OUTER_BOUND('',#4057,.T.);
#2553=PLANE('',#4058);
#2554=SURFACE_STYLE_USAGE(.BOTH.,#4059);
#2555=FACE_OUTER_BOUND('',#4060,.T.);
#2556=PLANE('',#4061);
#2557=SURFACE_STYLE_USAGE(.BOTH.,#4062);
#2558=FACE_OUTER_BOUND('',#4063,.T.);
#2559=PLANE('',#4064);
#2560=SURFACE_STYLE_USAGE(.BOTH.,#4065);
#2561=FACE_OUTER_BOUND('',#4066,.T.);
#2562=PLANE('',#4067);
#2563=SURFACE_STYLE_USAGE(.BOTH.,#4068);
#2564=FACE_OUTER_BOUND('',#4069,.T.);
#2565=PLANE('',#4070);
#2566=SURFACE_STYLE_USAGE(.BOTH.,#4071);
#2567=FACE_OUTER_BOUND('',#4072,.T.);
#2568=PLANE('',#4073);
#2569=SURFACE_STYLE_USAGE(.BOTH.,#4074);
#2570=FACE_OUTER_BOUND('',#4075,.T.);
#2571=PLANE('',#4076);
#2572=SURFACE_STYLE_USAGE(.BOTH.,#4077);
#2573=FACE_OUTER_BOUND('',#4078,.T.);
#2574=PLANE('',#4079);
#2575=SURFACE_STYLE_USAGE(.BOTH.,#4080);
#2576=FACE_OUTER_BOUND('',#4081,.T.);
#2577=PLANE('',#4082);
#2578=SURFACE_STYLE_USAGE(.BOTH.,#4083);
#2579=FACE_OUTER_BOUND('',#4084,.T.);
#2580=PLANE('',#4085);
#2581=SURFACE_STYLE_USAGE(.BOTH.,#4086);
#2582=FACE_OUTER_BOUND('',#4087,.T.);
#2583=PLANE('',#4088);
#2584=SURFACE_STYLE_USAGE(.BOTH.,#4089);
#2585=FACE_OUTER_BOUND('',#4090,.T.);
#2586=CYLINDRICAL_SURFACE('',#4091,1.5239999999999);
#2587=SURFACE_STYLE_USAGE(.BOTH.,#4092);
#2588=FACE_OUTER_BOUND('',#4093,.T.);
#2589=PLANE('',#4094);
#2590=SURFACE_STYLE_USAGE(.BOTH.,#4095);
#2591=FACE_OUTER_BOUND('',#4096,.T.);
#2592=PLANE('',#4097);
#2593=SURFACE_STYLE_USAGE(.BOTH.,#4098);
#2594=FACE_OUTER_BOUND('',#4099,.T.);
#2595=PLANE('',#4100);
#2596=SURFACE_STYLE_USAGE(.BOTH.,#4101);
#2597=FACE_OUTER_BOUND('',#4102,.T.);
#2598=PLANE('',#4103);
#2599=SURFACE_STYLE_USAGE(.BOTH.,#4104);
#2600=FACE_OUTER_BOUND('',#4105,.T.);
#2601=PLANE('',#4106);
#2602=SURFACE_STYLE_USAGE(.BOTH.,#4107);
#2603=FACE_OUTER_BOUND('',#4108,.T.);
#2604=CYLINDRICAL_SURFACE('',#4109,1.015);
#2605=SURFACE_STYLE_USAGE(.BOTH.,#4110);
#2606=FACE_BOUND('',#4111,.T.);
#2607=FACE_OUTER_BOUND('',#4112,.T.);
#2608=PLANE('',#4113);
#2609=SURFACE_STYLE_USAGE(.BOTH.,#4114);
#2610=FACE_OUTER_BOUND('',#4115,.T.);
#2611=PLANE('',#4116);
#2612=SURFACE_STYLE_USAGE(.BOTH.,#4117);
#2613=FACE_BOUND('',#4118,.T.);
#2614=FACE_OUTER_BOUND('',#4119,.T.);
#2615=PLANE('',#4120);
#2616=SURFACE_STYLE_USAGE(.BOTH.,#4121);
#2617=FACE_OUTER_BOUND('',#4122,.T.);
#2618=PLANE('',#4123);
#2619=SURFACE_STYLE_USAGE(.BOTH.,#4124);
#2620=FACE_OUTER_BOUND('',#4125,.T.);
#2621=PLANE('',#4126);
#2622=SURFACE_STYLE_USAGE(.BOTH.,#4127);
#2623=FACE_OUTER_BOUND('',#4128,.T.);
#2624=PLANE('',#4129);
#2625=SURFACE_STYLE_USAGE(.BOTH.,#4130);
#2626=FACE_OUTER_BOUND('',#4131,.T.);
#2627=PLANE('',#4132);
#2628=SURFACE_STYLE_USAGE(.BOTH.,#4133);
#2629=FACE_OUTER_BOUND('',#4134,.T.);
#2630=PLANE('',#4135);
#2631=SURFACE_STYLE_USAGE(.BOTH.,#4136);
#2632=FACE_OUTER_BOUND('',#4137,.T.);
#2633=PLANE('',#4138);
#2634=SURFACE_STYLE_USAGE(.BOTH.,#4139);
#2635=FACE_OUTER_BOUND('',#4140,.T.);
#2636=PLANE('',#4141);
#2637=SURFACE_STYLE_USAGE(.BOTH.,#4142);
#2638=FACE_OUTER_BOUND('',#4143,.T.);
#2639=PLANE('',#4144);
#2640=SURFACE_STYLE_USAGE(.BOTH.,#4145);
#2641=FACE_OUTER_BOUND('',#4146,.T.);
#2642=PLANE('',#4147);
#2643=SURFACE_STYLE_USAGE(.BOTH.,#4148);
#2644=FACE_OUTER_BOUND('',#4149,.T.);
#2645=PLANE('',#4150);
#2646=SURFACE_STYLE_USAGE(.BOTH.,#4151);
#2647=FACE_OUTER_BOUND('',#4152,.T.);
#2648=PLANE('',#4153);
#2649=SURFACE_STYLE_USAGE(.BOTH.,#4154);
#2650=FACE_OUTER_BOUND('',#4155,.T.);
#2651=CYLINDRICAL_SURFACE('',#4156,1.5239999999999);
#2652=SURFACE_STYLE_USAGE(.BOTH.,#4157);
#2653=FACE_OUTER_BOUND('',#4158,.T.);
#2654=PLANE('',#4159);
#2655=SURFACE_STYLE_USAGE(.BOTH.,#4160);
#2656=FACE_OUTER_BOUND('',#4161,.T.);
#2657=PLANE('',#4162);
#2658=SURFACE_STYLE_USAGE(.BOTH.,#4163);
#2659=FACE_OUTER_BOUND('',#4164,.T.);
#2660=PLANE('',#4165);
#2661=SURFACE_STYLE_USAGE(.BOTH.,#4166);
#2662=FACE_OUTER_BOUND('',#4167,.T.);
#2663=PLANE('',#4168);
#2664=SURFACE_STYLE_USAGE(.BOTH.,#4169);
#2665=FACE_OUTER_BOUND('',#4170,.T.);
#2666=PLANE('',#4171);
#2667=SURFACE_STYLE_USAGE(.BOTH.,#4172);
#2668=FACE_OUTER_BOUND('',#4173,.T.);
#2669=CYLINDRICAL_SURFACE('',#4174,1.015);
#2670=SURFACE_STYLE_USAGE(.BOTH.,#4175);
#2671=FACE_BOUND('',#4176,.T.);
#2672=FACE_OUTER_BOUND('',#4177,.T.);
#2673=PLANE('',#4178);
#2674=SURFACE_STYLE_USAGE(.BOTH.,#4179);
#2675=FACE_OUTER_BOUND('',#4180,.T.);
#2676=PLANE('',#4181);
#2677=SURFACE_STYLE_USAGE(.BOTH.,#4182);
#2678=FACE_BOUND('',#4183,.T.);
#2679=FACE_OUTER_BOUND('',#4184,.T.);
#2680=PLANE('',#4185);
#2681=SURFACE_STYLE_USAGE(.BOTH.,#4186);
#2682=FACE_OUTER_BOUND('',#4187,.T.);
#2683=PLANE('',#4188);
#2684=SURFACE_STYLE_USAGE(.BOTH.,#4189);
#2685=FACE_OUTER_BOUND('',#4190,.T.);
#2686=PLANE('',#4191);
#2687=SURFACE_STYLE_USAGE(.BOTH.,#4192);
#2688=FACE_OUTER_BOUND('',#4193,.T.);
#2689=PLANE('',#4194);
#2690=SURFACE_STYLE_USAGE(.BOTH.,#4195);
#2691=FACE_OUTER_BOUND('',#4196,.T.);
#2692=PLANE('',#4197);
#2693=SURFACE_STYLE_USAGE(.BOTH.,#4198);
#2694=FACE_OUTER_BOUND('',#4199,.T.);
#2695=PLANE('',#4200);
#2696=SURFACE_STYLE_USAGE(.BOTH.,#4201);
#2697=FACE_OUTER_BOUND('',#4202,.T.);
#2698=PLANE('',#4203);
#2699=SURFACE_STYLE_USAGE(.BOTH.,#4204);
#2700=FACE_OUTER_BOUND('',#4205,.T.);
#2701=PLANE('',#4206);
#2702=SURFACE_STYLE_USAGE(.BOTH.,#4207);
#2703=FACE_OUTER_BOUND('',#4208,.T.);
#2704=PLANE('',#4209);
#2705=SURFACE_STYLE_USAGE(.BOTH.,#4210);
#2706=FACE_OUTER_BOUND('',#4211,.T.);
#2707=PLANE('',#4212);
#2708=SURFACE_STYLE_USAGE(.BOTH.,#4213);
#2709=FACE_OUTER_BOUND('',#4214,.T.);
#2710=PLANE('',#4215);
#2711=SURFACE_STYLE_USAGE(.BOTH.,#4216);
#2712=FACE_OUTER_BOUND('',#4217,.T.);
#2713=PLANE('',#4218);
#2714=SURFACE_STYLE_USAGE(.BOTH.,#4219);
#2715=FACE_OUTER_BOUND('',#4220,.T.);
#2716=CYLINDRICAL_SURFACE('',#4221,1.5239999999999);
#2717=SURFACE_STYLE_USAGE(.BOTH.,#4222);
#2718=FACE_OUTER_BOUND('',#4223,.T.);
#2719=PLANE('',#4224);
#2720=SURFACE_STYLE_USAGE(.BOTH.,#4225);
#2721=FACE_OUTER_BOUND('',#4226,.T.);
#2722=PLANE('',#4227);
#2723=SURFACE_STYLE_USAGE(.BOTH.,#4228);
#2724=FACE_OUTER_BOUND('',#4229,.T.);
#2725=PLANE('',#4230);
#2726=SURFACE_STYLE_USAGE(.BOTH.,#4231);
#2727=FACE_OUTER_BOUND('',#4232,.T.);
#2728=PLANE('',#4233);
#2729=SURFACE_STYLE_USAGE(.BOTH.,#4234);
#2730=FACE_OUTER_BOUND('',#4235,.T.);
#2731=PLANE('',#4236);
#2732=SURFACE_STYLE_USAGE(.BOTH.,#4237);
#2733=FACE_OUTER_BOUND('',#4238,.T.);
#2734=CYLINDRICAL_SURFACE('',#4239,1.015);
#2735=SURFACE_STYLE_USAGE(.BOTH.,#4240);
#2736=FACE_BOUND('',#4241,.T.);
#2737=FACE_OUTER_BOUND('',#4242,.T.);
#2738=PLANE('',#4243);
#2739=SURFACE_STYLE_USAGE(.BOTH.,#4244);
#2740=FACE_OUTER_BOUND('',#4245,.T.);
#2741=PLANE('',#4246);
#2742=SURFACE_STYLE_USAGE(.BOTH.,#4247);
#2743=FACE_BOUND('',#4248,.T.);
#2744=FACE_OUTER_BOUND('',#4249,.T.);
#2745=PLANE('',#4250);
#2746=SURFACE_STYLE_USAGE(.BOTH.,#4251);
#2747=FACE_OUTER_BOUND('',#4252,.T.);
#2748=PLANE('',#4253);
#2749=SURFACE_STYLE_USAGE(.BOTH.,#4254);
#2750=FACE_OUTER_BOUND('',#4255,.T.);
#2751=PLANE('',#4256);
#2752=SURFACE_STYLE_USAGE(.BOTH.,#4257);
#2753=FACE_OUTER_BOUND('',#4258,.T.);
#2754=PLANE('',#4259);
#2755=SURFACE_STYLE_USAGE(.BOTH.,#4260);
#2756=FACE_OUTER_BOUND('',#4261,.T.);
#2757=PLANE('',#4262);
#2758=SURFACE_STYLE_USAGE(.BOTH.,#4263);
#2759=FACE_OUTER_BOUND('',#4264,.T.);
#2760=PLANE('',#4265);
#2761=SURFACE_STYLE_USAGE(.BOTH.,#4266);
#2762=FACE_OUTER_BOUND('',#4267,.T.);
#2763=PLANE('',#4268);
#2764=SURFACE_STYLE_USAGE(.BOTH.,#4269);
#2765=FACE_OUTER_BOUND('',#4270,.T.);
#2766=PLANE('',#4271);
#2767=SURFACE_STYLE_USAGE(.BOTH.,#4272);
#2768=FACE_OUTER_BOUND('',#4273,.T.);
#2769=PLANE('',#4274);
#2770=SURFACE_STYLE_USAGE(.BOTH.,#4275);
#2771=FACE_OUTER_BOUND('',#4276,.T.);
#2772=PLANE('',#4277);
#2773=SURFACE_STYLE_USAGE(.BOTH.,#4278);
#2774=FACE_OUTER_BOUND('',#4279,.T.);
#2775=PLANE('',#4280);
#2776=SURFACE_STYLE_USAGE(.BOTH.,#4281);
#2777=FACE_OUTER_BOUND('',#4282,.T.);
#2778=PLANE('',#4283);
#2779=SURFACE_STYLE_USAGE(.BOTH.,#4284);
#2780=FACE_OUTER_BOUND('',#4285,.T.);
#2781=CYLINDRICAL_SURFACE('',#4286,1.5239999999999);
#2782=SURFACE_STYLE_USAGE(.BOTH.,#4287);
#2783=FACE_OUTER_BOUND('',#4288,.T.);
#2784=PLANE('',#4289);
#2785=SURFACE_STYLE_USAGE(.BOTH.,#4290);
#2786=FACE_OUTER_BOUND('',#4291,.T.);
#2787=PLANE('',#4292);
#2788=SURFACE_STYLE_USAGE(.BOTH.,#4293);
#2789=FACE_OUTER_BOUND('',#4294,.T.);
#2790=PLANE('',#4295);
#2791=SURFACE_STYLE_USAGE(.BOTH.,#4296);
#2792=FACE_OUTER_BOUND('',#4297,.T.);
#2793=PLANE('',#4298);
#2794=SURFACE_STYLE_USAGE(.BOTH.,#4299);
#2795=FACE_OUTER_BOUND('',#4300,.T.);
#2796=PLANE('',#4301);
#2797=SURFACE_STYLE_USAGE(.BOTH.,#4302);
#2798=FACE_OUTER_BOUND('',#4303,.T.);
#2799=CYLINDRICAL_SURFACE('',#4304,1.015);
#2800=SURFACE_STYLE_USAGE(.BOTH.,#4305);
#2801=FACE_BOUND('',#4306,.T.);
#2802=FACE_OUTER_BOUND('',#4307,.T.);
#2803=PLANE('',#4308);
#2804=SURFACE_STYLE_USAGE(.BOTH.,#4309);
#2805=FACE_OUTER_BOUND('',#4310,.T.);
#2806=PLANE('',#4311);
#2807=SURFACE_STYLE_USAGE(.BOTH.,#4312);
#2808=FACE_BOUND('',#4313,.T.);
#2809=FACE_OUTER_BOUND('',#4314,.T.);
#2810=PLANE('',#4315);
#2811=SURFACE_STYLE_USAGE(.BOTH.,#4316);
#2812=FACE_OUTER_BOUND('',#4317,.T.);
#2813=PLANE('',#4318);
#2814=SURFACE_STYLE_USAGE(.BOTH.,#4319);
#2815=FACE_OUTER_BOUND('',#4320,.T.);
#2816=PLANE('',#4321);
#2817=SURFACE_STYLE_USAGE(.BOTH.,#4322);
#2818=FACE_OUTER_BOUND('',#4323,.T.);
#2819=PLANE('',#4324);
#2820=SURFACE_STYLE_USAGE(.BOTH.,#4325);
#2821=FACE_OUTER_BOUND('',#4326,.T.);
#2822=PLANE('',#4327);
#2823=SURFACE_STYLE_USAGE(.BOTH.,#4328);
#2824=FACE_OUTER_BOUND('',#4329,.T.);
#2825=PLANE('',#4330);
#2826=SURFACE_STYLE_USAGE(.BOTH.,#4331);
#2827=FACE_OUTER_BOUND('',#4332,.T.);
#2828=PLANE('',#4333);
#2829=SURFACE_STYLE_USAGE(.BOTH.,#4334);
#2830=FACE_OUTER_BOUND('',#4335,.T.);
#2831=PLANE('',#4336);
#2832=SURFACE_STYLE_USAGE(.BOTH.,#4337);
#2833=FACE_OUTER_BOUND('',#4338,.T.);
#2834=PLANE('',#4339);
#2835=SURFACE_STYLE_USAGE(.BOTH.,#4340);
#2836=FACE_OUTER_BOUND('',#4341,.T.);
#2837=PLANE('',#4342);
#2838=SURFACE_STYLE_USAGE(.BOTH.,#4343);
#2839=FACE_OUTER_BOUND('',#4344,.T.);
#2840=PLANE('',#4345);
#2841=SURFACE_STYLE_USAGE(.BOTH.,#4346);
#2842=FACE_OUTER_BOUND('',#4347,.T.);
#2843=PLANE('',#4348);
#2844=SURFACE_STYLE_USAGE(.BOTH.,#4349);
#2845=FACE_OUTER_BOUND('',#4350,.T.);
#2846=CYLINDRICAL_SURFACE('',#4351,1.5239999999999);
#2847=SURFACE_STYLE_USAGE(.BOTH.,#4352);
#2848=FACE_OUTER_BOUND('',#4353,.T.);
#2849=PLANE('',#4354);
#2850=SURFACE_STYLE_USAGE(.BOTH.,#4355);
#2851=FACE_OUTER_BOUND('',#4356,.T.);
#2852=PLANE('',#4357);
#2853=SURFACE_STYLE_USAGE(.BOTH.,#4358);
#2854=FACE_OUTER_BOUND('',#4359,.T.);
#2855=PLANE('',#4360);
#2856=SURFACE_STYLE_USAGE(.BOTH.,#4361);
#2857=FACE_OUTER_BOUND('',#4362,.T.);
#2858=PLANE('',#4363);
#2859=SURFACE_STYLE_USAGE(.BOTH.,#4364);
#2860=FACE_OUTER_BOUND('',#4365,.T.);
#2861=PLANE('',#4366);
#2862=SURFACE_STYLE_USAGE(.BOTH.,#4367);
#2863=FACE_OUTER_BOUND('',#4368,.T.);
#2864=CYLINDRICAL_SURFACE('',#4369,1.015);
#2865=SURFACE_STYLE_USAGE(.BOTH.,#4370);
#2866=FACE_BOUND('',#4371,.T.);
#2867=FACE_OUTER_BOUND('',#4372,.T.);
#2868=PLANE('',#4373);
#2869=SURFACE_STYLE_USAGE(.BOTH.,#4374);
#2870=FACE_OUTER_BOUND('',#4375,.T.);
#2871=PLANE('',#4376);
#2872=SURFACE_STYLE_USAGE(.BOTH.,#4377);
#2873=FACE_BOUND('',#4378,.T.);
#2874=FACE_OUTER_BOUND('',#4379,.T.);
#2875=PLANE('',#4380);
#2876=SURFACE_STYLE_USAGE(.BOTH.,#4381);
#2877=FACE_OUTER_BOUND('',#4382,.T.);
#2878=PLANE('',#4383);
#2879=SURFACE_STYLE_USAGE(.BOTH.,#4384);
#2880=FACE_OUTER_BOUND('',#4385,.T.);
#2881=PLANE('',#4386);
#2882=SURFACE_STYLE_USAGE(.BOTH.,#4387);
#2883=FACE_OUTER_BOUND('',#4388,.T.);
#2884=PLANE('',#4389);
#2885=SURFACE_STYLE_USAGE(.BOTH.,#4390);
#2886=FACE_OUTER_BOUND('',#4391,.T.);
#2887=PLANE('',#4392);
#2888=SURFACE_STYLE_USAGE(.BOTH.,#4393);
#2889=FACE_OUTER_BOUND('',#4394,.T.);
#2890=PLANE('',#4395);
#2891=SURFACE_STYLE_USAGE(.BOTH.,#4396);
#2892=FACE_OUTER_BOUND('',#4397,.T.);
#2893=PLANE('',#4398);
#2894=SURFACE_STYLE_USAGE(.BOTH.,#4399);
#2895=FACE_OUTER_BOUND('',#4400,.T.);
#2896=PLANE('',#4401);
#2897=SURFACE_STYLE_USAGE(.BOTH.,#4402);
#2898=FACE_OUTER_BOUND('',#4403,.T.);
#2899=PLANE('',#4404);
#2900=SURFACE_STYLE_USAGE(.BOTH.,#4405);
#2901=FACE_OUTER_BOUND('',#4406,.T.);
#2902=PLANE('',#4407);
#2903=SURFACE_STYLE_USAGE(.BOTH.,#4408);
#2904=FACE_OUTER_BOUND('',#4409,.T.);
#2905=PLANE('',#4410);
#2906=SURFACE_STYLE_USAGE(.BOTH.,#4411);
#2907=FACE_OUTER_BOUND('',#4412,.T.);
#2908=PLANE('',#4413);
#2909=SURFACE_STYLE_USAGE(.BOTH.,#4414);
#2910=FACE_OUTER_BOUND('',#4415,.T.);
#2911=CYLINDRICAL_SURFACE('',#4416,1.5239999999999);
#2912=SURFACE_STYLE_USAGE(.BOTH.,#4417);
#2913=FACE_OUTER_BOUND('',#4418,.T.);
#2914=PLANE('',#4419);
#2915=SURFACE_STYLE_USAGE(.BOTH.,#4420);
#2916=FACE_OUTER_BOUND('',#4421,.T.);
#2917=PLANE('',#4422);
#2918=SURFACE_STYLE_USAGE(.BOTH.,#4423);
#2919=FACE_OUTER_BOUND('',#4424,.T.);
#2920=PLANE('',#4425);
#2921=SURFACE_STYLE_USAGE(.BOTH.,#4426);
#2922=FACE_OUTER_BOUND('',#4427,.T.);
#2923=PLANE('',#4428);
#2924=SURFACE_STYLE_USAGE(.BOTH.,#4429);
#2925=FACE_OUTER_BOUND('',#4430,.T.);
#2926=PLANE('',#4431);
#2927=SURFACE_STYLE_USAGE(.BOTH.,#4432);
#2928=FACE_OUTER_BOUND('',#4433,.T.);
#2929=CYLINDRICAL_SURFACE('',#4434,1.015);
#2930=SURFACE_STYLE_USAGE(.BOTH.,#4435);
#2931=FACE_BOUND('',#4436,.T.);
#2932=FACE_OUTER_BOUND('',#4437,.T.);
#2933=PLANE('',#4438);
#2934=SURFACE_STYLE_USAGE(.BOTH.,#4439);
#2935=FACE_OUTER_BOUND('',#4440,.T.);
#2936=PLANE('',#4441);
#2937=SURFACE_STYLE_USAGE(.BOTH.,#4442);
#2938=FACE_BOUND('',#4443,.T.);
#2939=FACE_OUTER_BOUND('',#4444,.T.);
#2940=PLANE('',#4445);
#2941=SURFACE_STYLE_USAGE(.BOTH.,#4446);
#2942=FACE_OUTER_BOUND('',#4447,.T.);
#2943=PLANE('',#4448);
#2944=SURFACE_STYLE_USAGE(.BOTH.,#4449);
#2945=FACE_OUTER_BOUND('',#4450,.T.);
#2946=PLANE('',#4451);
#2947=SURFACE_STYLE_USAGE(.BOTH.,#4452);
#2948=FACE_OUTER_BOUND('',#4453,.T.);
#2949=PLANE('',#4454);
#2950=SURFACE_STYLE_USAGE(.BOTH.,#4455);
#2951=FACE_OUTER_BOUND('',#4456,.T.);
#2952=PLANE('',#4457);
#2953=SURFACE_STYLE_USAGE(.BOTH.,#4458);
#2954=FACE_OUTER_BOUND('',#4459,.T.);
#2955=PLANE('',#4460);
#2956=SURFACE_STYLE_USAGE(.BOTH.,#4461);
#2957=FACE_OUTER_BOUND('',#4462,.T.);
#2958=PLANE('',#4463);
#2959=SURFACE_STYLE_USAGE(.BOTH.,#4464);
#2960=FACE_OUTER_BOUND('',#4465,.T.);
#2961=PLANE('',#4466);
#2962=SURFACE_STYLE_USAGE(.BOTH.,#4467);
#2963=FACE_OUTER_BOUND('',#4468,.T.);
#2964=PLANE('',#4469);
#2965=SURFACE_STYLE_USAGE(.BOTH.,#4470);
#2966=FACE_OUTER_BOUND('',#4471,.T.);
#2967=PLANE('',#4472);
#2968=SURFACE_STYLE_USAGE(.BOTH.,#4473);
#2969=FACE_OUTER_BOUND('',#4474,.T.);
#2970=PLANE('',#4475);
#2971=SURFACE_STYLE_USAGE(.BOTH.,#4476);
#2972=FACE_OUTER_BOUND('',#4477,.T.);
#2973=PLANE('',#4478);
#2974=SURFACE_STYLE_USAGE(.BOTH.,#4479);
#2975=FACE_OUTER_BOUND('',#4480,.T.);
#2976=PLANE('',#4481);
#2977=SURFACE_STYLE_USAGE(.BOTH.,#4482);
#2978=FACE_OUTER_BOUND('',#4483,.T.);
#2979=PLANE('',#4484);
#2980=SURFACE_STYLE_USAGE(.BOTH.,#4485);
#2981=FACE_BOUND('',#4486,.T.);
#2982=FACE_BOUND('',#4487,.T.);
#2983=FACE_BOUND('',#4488,.T.);
#2984=FACE_BOUND('',#4489,.T.);
#2985=FACE_BOUND('',#4490,.T.);
#2986=FACE_BOUND('',#4491,.T.);
#2987=FACE_BOUND('',#4492,.T.);
#2988=FACE_BOUND('',#4493,.T.);
#2989=FACE_BOUND('',#4494,.T.);
#2990=FACE_BOUND('',#4495,.T.);
#2991=FACE_OUTER_BOUND('',#4496,.T.);
#2992=PLANE('',#4497);
#2993=SURFACE_STYLE_USAGE(.BOTH.,#4498);
#2994=FACE_OUTER_BOUND('',#4499,.T.);
#2995=PLANE('',#4500);
#2996=PRODUCT_CONTEXT('',#496,'mechanical');
#2997=PRODUCT_DEFINITION_FORMATION_WITH_SPECIFIED_SOURCE(' ','NONE',#1481,.NOT_KNOWN.);
#2998=CLOSED_SHELL('',(#510,#512,#514,#516,#518,#520,#522,#524,#526,#528,#530,#532,#534,#536,#538,#540,#542,#544,#546,#548,#550,#552,#554,#556,#558,#560,#562,#564,#566,#568,#570,#572,#574,#576,#578,#580,#582,#584,#586,#588,#590,#592,#594,#596,#598,#600,#602,#604,#606,#608,#610,#612,#614,#616,#618,#620,#622,#624,#626,#628,#630,#632,#634,#636,#638,#640,#642,#644,#646,#648,#650,#652,#654,#656,#658,#660,#662,#664,#666,#668,#670,#672,#674,#676,#678,#680,#682,#684,#686,#688,#690,#692,#694,#696,#698,#700,#702,#704,#706,#708,#710,#712,#714,#716,#718,#720,#722,#724,#726,#728,#730,#732,#734,#736,#738,#740,#742,#744,#746,#748,#750,#752,#754,#756,#758,#760,#762,#764,#766,#768,#770,#772,#774,#776,#778,#780,#782,#784,#786,#788,#790,#792,#794,#796,#798,#800,#802,#804,#806,#808,#810,#812,#814,#816,#818,#820,#822,#824,#826,#828,#830,#832,#834,#836,#838,#840,#842,#844,#846,#848,#850,#852,#854,#856,#858,#860,#862,#864,#866,#868,#870,#872,#874,#876,#878,#880,#882,#884,#886,#888,#890,#892,#894,#896,#898,#900,#902,#904,#906,#908,#910,#912,#914,#916,#918,#920,#922,#924,#926,#928,#930,#932,#934,#936,#938,#940,#942,#944,#946,#948,#950,#952,#954,#956,#958,#960,#962,#964,#966,#968,#970,#972,#974,#976,#978,#980,#982,#984,#986,#988,#990,#992,#994,#996,#998,#1000,#1002,#1004,#1006,#1008,#1010,#1012,#1014,#1016,#1018,#1020,#1022,#1024,#1026,#1028,#1030,#1032,#1034,#1036,#1038,#1040,#1042,#1044,#1046,#1048,#1050,#1052,#1054,#1056,#1058,#1060,#1062,#1064,#1066,#1068,#1070,#1072,#1074,#1076,#1078,#1080,#1082,#1084,#1086,#1088,#1090,#1092,#1094,#1096,#1098,#1100,#1102,#1104,#1106,#1108,#1110,#1112,#1114,#1116,#1118,#1120,#1122,#1124,#1126,#1128,#1130,#1132,#1134,#1136,#1138,#1140,#1142,#1144,#1146,#1148,#1150,#1152,#1154,#1156,#1158,#1160,#1162,#1164,#1166,#1168,#1170,#1172,#1174,#1176,#1178,#1180,#1182,#1184,#1186,#1188,#1190,#1192,#1194,#1196,#1198,#1200,#1202,#1204,#1206,#1208,#1210,#1212,#1214,#1216,#1218,#1220,#1222,#1224,#1226,#1228,#1230,#1232,#1234,#1236,#1238,#1240,#1242,#1244,#1246,#1248,#1250,#1252,#1254,#1256,#1258,#1260,#1262,#1264,#1266,#1268,#1270,#1272,#1274,#1276,#1278,#1280,#1282,#1284,#1286,#1288,#1290,#1292,#1294,#1296,#1298,#1300,#1302,#1304,#1306,#1308,#1310,#1312,#1314,#1316,#1318,#1320,#1322,#1324,#1326,#1328,#1330,#1332,#1334,#1336,#1338,#1340,#1342,#1344,#1346,#1348,#1350,#1352,#1354,#1356,#1358,#1360,#1362,#1364,#1366,#1368,#1370,#1372,#1374,#1376,#1378,#1380,#1382,#1384,#1386,#1388,#1390,#1392,#1394,#1396,#1398,#1400,#1402,#1404,#1406,#1408,#1410,#1412,#1414,#1416,#1418,#1420,#1422,#1424,#1426,#1428,#1430,#1432,#1434,#1436,#1438,#1440,#1442,#1444,#1446,#1448,#1450,#1452,#1454,#1456,#1458,#1460,#1462,#1464,#1466,#1468,#1470,#1472,#1474,#1476,#1478,#1480));
#2999=CARTESIAN_POINT('',(0.0,0.0,0.0));
#3000=DIRECTION('',(0.0,0.0,1.0));
#3001=DIRECTION('',(1.0,0.0,0.0));
#3002= (NAMED_UNIT(#1490)LENGTH_UNIT()SI_UNIT(.MILLI.,.METRE.));
#3003=SURFACE_SIDE_STYLE('',(#4502));
#3004=EDGE_LOOP('',(#4503,#4504,#4505,#4506));
#3005=AXIS2_PLACEMENT_3D('',#4507,#4508,#4509);
#3006=SURFACE_SIDE_STYLE('',(#4510));
#3007=EDGE_LOOP('',(#4511,#4512,#4513,#4514));
#3008=AXIS2_PLACEMENT_3D('',#4515,#4516,#4517);
#3009=SURFACE_SIDE_STYLE('',(#4518));
#3010=EDGE_LOOP('',(#4519,#4520,#4521,#4522));
#3011=AXIS2_PLACEMENT_3D('',#4523,#4524,#4525);
#3012=SURFACE_SIDE_STYLE('',(#4526));
#3013=EDGE_LOOP('',(#4527,#4528,#4529,#4530));
#3014=AXIS2_PLACEMENT_3D('',#4531,#4532,#4533);
#3015=SURFACE_SIDE_STYLE('',(#4534));
#3016=EDGE_LOOP('',(#4535,#4536,#4537,#4538));
#3017=AXIS2_PLACEMENT_3D('',#4539,#4540,#4541);
#3018=SURFACE_SIDE_STYLE('',(#4542));
#3019=EDGE_LOOP('',(#4543,#4544,#4545,#4546));
#3020=AXIS2_PLACEMENT_3D('',#4547,#4548,#4549);
#3021=SURFACE_SIDE_STYLE('',(#4550));
#3022=EDGE_LOOP('',(#4551,#4552,#4553,#4554));
#3023=AXIS2_PLACEMENT_3D('',#4555,#4556,#4557);
#3024=SURFACE_SIDE_STYLE('',(#4558));
#3025=EDGE_LOOP('',(#4559,#4560,#4561,#4562));
#3026=AXIS2_PLACEMENT_3D('',#4563,#4564,#4565);
#3027=SURFACE_SIDE_STYLE('',(#4566));
#3028=EDGE_LOOP('',(#4567,#4568,#4569,#4570));
#3029=AXIS2_PLACEMENT_3D('',#4571,#4572,#4573);
#3030=SURFACE_SIDE_STYLE('',(#4574));
#3031=EDGE_LOOP('',(#4575,#4576,#4577,#4578));
#3032=AXIS2_PLACEMENT_3D('',#4579,#4580,#4581);
#3033=SURFACE_SIDE_STYLE('',(#4582));
#3034=EDGE_LOOP('',(#4583,#4584,#4585,#4586));
#3035=AXIS2_PLACEMENT_3D('',#4587,#4588,#4589);
#3036=SURFACE_SIDE_STYLE('',(#4590));
#3037=EDGE_LOOP('',(#4591,#4592,#4593,#4594));
#3038=AXIS2_PLACEMENT_3D('',#4595,#4596,#4597);
#3039=SURFACE_SIDE_STYLE('',(#4598));
#3040=EDGE_LOOP('',(#4599,#4600,#4601,#4602));
#3041=AXIS2_PLACEMENT_3D('',#4603,#4604,#4605);
#3042=SURFACE_SIDE_STYLE('',(#4606));
#3043=EDGE_LOOP('',(#4607,#4608,#4609,#4610));
#3044=AXIS2_PLACEMENT_3D('',#4611,#4612,#4613);
#3045=SURFACE_SIDE_STYLE('',(#4614));
#3046=EDGE_LOOP('',(#4615,#4616,#4617,#4618));
#3047=AXIS2_PLACEMENT_3D('',#4619,#4620,#4621);
#3048=SURFACE_SIDE_STYLE('',(#4622));
#3049=EDGE_LOOP('',(#4623,#4624,#4625,#4626));
#3050=AXIS2_PLACEMENT_3D('',#4627,#4628,#4629);
#3051=SURFACE_SIDE_STYLE('',(#4630));
#3052=EDGE_LOOP('',(#4631,#4632,#4633,#4634));
#3053=AXIS2_PLACEMENT_3D('',#4635,#4636,#4637);
#3054=SURFACE_SIDE_STYLE('',(#4638));
#3055=EDGE_LOOP('',(#4639,#4640,#4641,#4642));
#3056=AXIS2_PLACEMENT_3D('',#4643,#4644,#4645);
#3057=SURFACE_SIDE_STYLE('',(#4646));
#3058=EDGE_LOOP('',(#4647,#4648,#4649,#4650));
#3059=AXIS2_PLACEMENT_3D('',#4651,#4652,#4653);
#3060=SURFACE_SIDE_STYLE('',(#4654));
#3061=EDGE_LOOP('',(#4655,#4656,#4657,#4658));
#3062=AXIS2_PLACEMENT_3D('',#4659,#4660,#4661);
#3063=SURFACE_SIDE_STYLE('',(#4662));
#3064=EDGE_LOOP('',(#4663,#4664,#4665,#4666));
#3065=AXIS2_PLACEMENT_3D('',#4667,#4668,#4669);
#3066=SURFACE_SIDE_STYLE('',(#4670));
#3067=EDGE_LOOP('',(#4671,#4672,#4673,#4674));
#3068=AXIS2_PLACEMENT_3D('',#4675,#4676,#4677);
#3069=SURFACE_SIDE_STYLE('',(#4678));
#3070=EDGE_LOOP('',(#4679,#4680,#4681,#4682));
#3071=AXIS2_PLACEMENT_3D('',#4683,#4684,#4685);
#3072=SURFACE_SIDE_STYLE('',(#4686));
#3073=EDGE_LOOP('',(#4687,#4688,#4689,#4690));
#3074=AXIS2_PLACEMENT_3D('',#4691,#4692,#4693);
#3075=SURFACE_SIDE_STYLE('',(#4694));
#3076=EDGE_LOOP('',(#4695,#4696,#4697,#4698,#4699,#4700));
#3077=AXIS2_PLACEMENT_3D('',#4701,#4702,#4703);
#3078=SURFACE_SIDE_STYLE('',(#4704));
#3079=EDGE_LOOP('',(#4705,#4706,#4707,#4708));
#3080=AXIS2_PLACEMENT_3D('',#4709,#4710,#4711);
#3081=SURFACE_SIDE_STYLE('',(#4712));
#3082=EDGE_LOOP('',(#4713,#4714,#4715,#4716));
#3083=AXIS2_PLACEMENT_3D('',#4717,#4718,#4719);
#3084=SURFACE_SIDE_STYLE('',(#4720));
#3085=EDGE_LOOP('',(#4721,#4722,#4723,#4724,#4725,#4726));
#3086=AXIS2_PLACEMENT_3D('',#4727,#4728,#4729);
#3087=SURFACE_SIDE_STYLE('',(#4730));
#3088=EDGE_LOOP('',(#4731,#4732,#4733,#4734));
#3089=AXIS2_PLACEMENT_3D('',#4735,#4736,#4737);
#3090=SURFACE_SIDE_STYLE('',(#4738));
#3091=EDGE_LOOP('',(#4739,#4740,#4741,#4742));
#3092=AXIS2_PLACEMENT_3D('',#4743,#4744,#4745);
#3093=SURFACE_SIDE_STYLE('',(#4746));
#3094=EDGE_LOOP('',(#4747,#4748,#4749,#4750));
#3095=AXIS2_PLACEMENT_3D('',#4751,#4752,#4753);
#3096=SURFACE_SIDE_STYLE('',(#4754));
#3097=EDGE_LOOP('',(#4755,#4756,#4757,#4758));
#3098=AXIS2_PLACEMENT_3D('',#4759,#4760,#4761);
#3099=SURFACE_SIDE_STYLE('',(#4762));
#3100=EDGE_LOOP('',(#4763,#4764,#4765,#4766));
#3101=AXIS2_PLACEMENT_3D('',#4767,#4768,#4769);
#3102=SURFACE_SIDE_STYLE('',(#4770));
#3103=EDGE_LOOP('',(#4771,#4772,#4773,#4774));
#3104=AXIS2_PLACEMENT_3D('',#4775,#4776,#4777);
#3105=SURFACE_SIDE_STYLE('',(#4778));
#3106=EDGE_LOOP('',(#4779,#4780,#4781,#4782));
#3107=AXIS2_PLACEMENT_3D('',#4783,#4784,#4785);
#3108=SURFACE_SIDE_STYLE('',(#4786));
#3109=EDGE_LOOP('',(#4787,#4788,#4789,#4790));
#3110=AXIS2_PLACEMENT_3D('',#4791,#4792,#4793);
#3111=SURFACE_SIDE_STYLE('',(#4794));
#3112=EDGE_LOOP('',(#4795,#4796,#4797,#4798));
#3113=AXIS2_PLACEMENT_3D('',#4799,#4800,#4801);
#3114=SURFACE_SIDE_STYLE('',(#4802));
#3115=EDGE_LOOP('',(#4803,#4804,#4805,#4806));
#3116=AXIS2_PLACEMENT_3D('',#4807,#4808,#4809);
#3117=SURFACE_SIDE_STYLE('',(#4810));
#3118=EDGE_LOOP('',(#4811,#4812,#4813,#4814));
#3119=AXIS2_PLACEMENT_3D('',#4815,#4816,#4817);
#3120=SURFACE_SIDE_STYLE('',(#4818));
#3121=EDGE_LOOP('',(#4819,#4820,#4821,#4822,#4823,#4824,#4825,#4826,#4827,#4828,#4829,#4830,#4831,#4832,#4833,#4834,#4835,#4836,#4837,#4838,#4839,#4840,#4841,#4842,#4843,#4844,#4845,#4846,#4847,#4848,#4849,#4850,#4851,#4852,#4853,#4854,#4855,#4856,#4857,#4858,#4859,#4860,#4861,#4862,#4863,#4864,#4865,#4866,#4867,#4868,#4869,#4870,#4871,#4872,#4873,#4874,#4875,#4876,#4877,#4878,#4879,#4880,#4881,#4882,#4883,#4884,#4885,#4886,#4887,#4888,#4889,#4890,#4891,#4892,#4893,#4894,#4895,#4896,#4897,#4898,#4899,#4900,#4901,#4902));
#3122=AXIS2_PLACEMENT_3D('',#4903,#4904,#4905);
#3123=SURFACE_SIDE_STYLE('',(#4906));
#3124=EDGE_LOOP('',(#4907,#4908,#4909,#4910));
#3125=AXIS2_PLACEMENT_3D('',#4911,#4912,#4913);
#3126=SURFACE_SIDE_STYLE('',(#4914));
#3127=EDGE_LOOP('',(#4915,#4916,#4917,#4918));
#3128=AXIS2_PLACEMENT_3D('',#4919,#4920,#4921);
#3129=SURFACE_SIDE_STYLE('',(#4922));
#3130=EDGE_LOOP('',(#4923,#4924,#4925,#4926));
#3131=AXIS2_PLACEMENT_3D('',#4927,#4928,#4929);
#3132=SURFACE_SIDE_STYLE('',(#4930));
#3133=EDGE_LOOP('',(#4931,#4932,#4933,#4934));
#3134=AXIS2_PLACEMENT_3D('',#4935,#4936,#4937);
#3135=SURFACE_SIDE_STYLE('',(#4938));
#3136=EDGE_LOOP('',(#4939,#4940,#4941,#4942,#4943,#4944));
#3137=AXIS2_PLACEMENT_3D('',#4945,#4946,#4947);
#3138=SURFACE_SIDE_STYLE('',(#4948));
#3139=EDGE_LOOP('',(#4949,#4950,#4951,#4952));
#3140=AXIS2_PLACEMENT_3D('',#4953,#4954,#4955);
#3141=SURFACE_SIDE_STYLE('',(#4956));
#3142=EDGE_LOOP('',(#4957,#4958,#4959,#4960));
#3143=AXIS2_PLACEMENT_3D('',#4961,#4962,#4963);
#3144=SURFACE_SIDE_STYLE('',(#4964));
#3145=EDGE_LOOP('',(#4965,#4966,#4967,#4968,#4969,#4970));
#3146=AXIS2_PLACEMENT_3D('',#4971,#4972,#4973);
#3147=SURFACE_SIDE_STYLE('',(#4974));
#3148=EDGE_LOOP('',(#4975,#4976,#4977,#4978));
#3149=AXIS2_PLACEMENT_3D('',#4979,#4980,#4981);
#3150=SURFACE_SIDE_STYLE('',(#4982));
#3151=EDGE_LOOP('',(#4983,#4984,#4985,#4986));
#3152=AXIS2_PLACEMENT_3D('',#4987,#4988,#4989);
#3153=SURFACE_SIDE_STYLE('',(#4990));
#3154=EDGE_LOOP('',(#4991,#4992,#4993,#4994));
#3155=AXIS2_PLACEMENT_3D('',#4995,#4996,#4997);
#3156=SURFACE_SIDE_STYLE('',(#4998));
#3157=EDGE_LOOP('',(#4999,#5000,#5001,#5002));
#3158=AXIS2_PLACEMENT_3D('',#5003,#5004,#5005);
#3159=SURFACE_SIDE_STYLE('',(#5006));
#3160=EDGE_LOOP('',(#5007,#5008,#5009,#5010));
#3161=AXIS2_PLACEMENT_3D('',#5011,#5012,#5013);
#3162=SURFACE_SIDE_STYLE('',(#5014));
#3163=EDGE_LOOP('',(#5015,#5016,#5017,#5018));
#3164=AXIS2_PLACEMENT_3D('',#5019,#5020,#5021);
#3165=SURFACE_SIDE_STYLE('',(#5022));
#3166=EDGE_LOOP('',(#5023,#5024,#5025,#5026));
#3167=AXIS2_PLACEMENT_3D('',#5027,#5028,#5029);
#3168=SURFACE_SIDE_STYLE('',(#5030));
#3169=EDGE_LOOP('',(#5031,#5032,#5033,#5034));
#3170=AXIS2_PLACEMENT_3D('',#5035,#5036,#5037);
#3171=SURFACE_SIDE_STYLE('',(#5038));
#3172=EDGE_LOOP('',(#5039,#5040,#5041,#5042));
#3173=AXIS2_PLACEMENT_3D('',#5043,#5044,#5045);
#3174=SURFACE_SIDE_STYLE('',(#5046));
#3175=EDGE_LOOP('',(#5047,#5048,#5049,#5050));
#3176=AXIS2_PLACEMENT_3D('',#5051,#5052,#5053);
#3177=SURFACE_SIDE_STYLE('',(#5054));
#3178=EDGE_LOOP('',(#5055,#5056,#5057,#5058));
#3179=AXIS2_PLACEMENT_3D('',#5059,#5060,#5061);
#3180=SURFACE_SIDE_STYLE('',(#5062));
#3181=EDGE_LOOP('',(#5063,#5064,#5065,#5066));
#3182=AXIS2_PLACEMENT_3D('',#5067,#5068,#5069);
#3183=SURFACE_SIDE_STYLE('',(#5070));
#3184=EDGE_LOOP('',(#5071,#5072,#5073,#5074));
#3185=AXIS2_PLACEMENT_3D('',#5075,#5076,#5077);
#3186=SURFACE_SIDE_STYLE('',(#5078));
#3187=EDGE_LOOP('',(#5079,#5080,#5081,#5082));
#3188=AXIS2_PLACEMENT_3D('',#5083,#5084,#5085);
#3189=SURFACE_SIDE_STYLE('',(#5086));
#3190=EDGE_LOOP('',(#5087,#5088,#5089,#5090));
#3191=AXIS2_PLACEMENT_3D('',#5091,#5092,#5093);
#3192=SURFACE_SIDE_STYLE('',(#5094));
#3193=EDGE_LOOP('',(#5095,#5096,#5097,#5098,#5099,#5100));
#3194=AXIS2_PLACEMENT_3D('',#5101,#5102,#5103);
#3195=SURFACE_SIDE_STYLE('',(#5104));
#3196=EDGE_LOOP('',(#5105,#5106,#5107,#5108));
#3197=AXIS2_PLACEMENT_3D('',#5109,#5110,#5111);
#3198=SURFACE_SIDE_STYLE('',(#5112));
#3199=EDGE_LOOP('',(#5113,#5114,#5115,#5116));
#3200=AXIS2_PLACEMENT_3D('',#5117,#5118,#5119);
#3201=SURFACE_SIDE_STYLE('',(#5120));
#3202=EDGE_LOOP('',(#5121,#5122,#5123,#5124,#5125,#5126));
#3203=AXIS2_PLACEMENT_3D('',#5127,#5128,#5129);
#3204=SURFACE_SIDE_STYLE('',(#5130));
#3205=EDGE_LOOP('',(#5131,#5132,#5133,#5134));
#3206=AXIS2_PLACEMENT_3D('',#5135,#5136,#5137);
#3207=SURFACE_SIDE_STYLE('',(#5138));
#3208=EDGE_LOOP('',(#5139,#5140,#5141,#5142));
#3209=AXIS2_PLACEMENT_3D('',#5143,#5144,#5145);
#3210=SURFACE_SIDE_STYLE('',(#5146));
#3211=EDGE_LOOP('',(#5147,#5148,#5149,#5150));
#3212=AXIS2_PLACEMENT_3D('',#5151,#5152,#5153);
#3213=SURFACE_SIDE_STYLE('',(#5154));
#3214=EDGE_LOOP('',(#5155,#5156,#5157,#5158));
#3215=AXIS2_PLACEMENT_3D('',#5159,#5160,#5161);
#3216=SURFACE_SIDE_STYLE('',(#5162));
#3217=EDGE_LOOP('',(#5163,#5164,#5165,#5166));
#3218=AXIS2_PLACEMENT_3D('',#5167,#5168,#5169);
#3219=SURFACE_SIDE_STYLE('',(#5170));
#3220=EDGE_LOOP('',(#5171,#5172,#5173,#5174));
#3221=AXIS2_PLACEMENT_3D('',#5175,#5176,#5177);
#3222=SURFACE_SIDE_STYLE('',(#5178));
#3223=EDGE_LOOP('',(#5179,#5180,#5181,#5182));
#3224=AXIS2_PLACEMENT_3D('',#5183,#5184,#5185);
#3225=SURFACE_SIDE_STYLE('',(#5186));
#3226=EDGE_LOOP('',(#5187,#5188,#5189,#5190));
#3227=AXIS2_PLACEMENT_3D('',#5191,#5192,#5193);
#3228=SURFACE_SIDE_STYLE('',(#5194));
#3229=EDGE_LOOP('',(#5195,#5196,#5197,#5198));
#3230=AXIS2_PLACEMENT_3D('',#5199,#5200,#5201);
#3231=SURFACE_SIDE_STYLE('',(#5202));
#3232=EDGE_LOOP('',(#5203,#5204,#5205,#5206));
#3233=AXIS2_PLACEMENT_3D('',#5207,#5208,#5209);
#3234=SURFACE_SIDE_STYLE('',(#5210));
#3235=EDGE_LOOP('',(#5211,#5212,#5213,#5214));
#3236=AXIS2_PLACEMENT_3D('',#5215,#5216,#5217);
#3237=SURFACE_SIDE_STYLE('',(#5218));
#3238=EDGE_LOOP('',(#5219,#5220,#5221,#5222));
#3239=AXIS2_PLACEMENT_3D('',#5223,#5224,#5225);
#3240=SURFACE_SIDE_STYLE('',(#5226));
#3241=EDGE_LOOP('',(#5227,#5228,#5229,#5230));
#3242=AXIS2_PLACEMENT_3D('',#5231,#5232,#5233);
#3243=SURFACE_SIDE_STYLE('',(#5234));
#3244=EDGE_LOOP('',(#5235,#5236,#5237,#5238));
#3245=AXIS2_PLACEMENT_3D('',#5239,#5240,#5241);
#3246=SURFACE_SIDE_STYLE('',(#5242));
#3247=EDGE_LOOP('',(#5243,#5244,#5245,#5246));
#3248=AXIS2_PLACEMENT_3D('',#5247,#5248,#5249);
#3249=SURFACE_SIDE_STYLE('',(#5250));
#3250=EDGE_LOOP('',(#5251,#5252,#5253,#5254,#5255,#5256));
#3251=AXIS2_PLACEMENT_3D('',#5257,#5258,#5259);
#3252=SURFACE_SIDE_STYLE('',(#5260));
#3253=EDGE_LOOP('',(#5261,#5262,#5263,#5264));
#3254=AXIS2_PLACEMENT_3D('',#5265,#5266,#5267);
#3255=SURFACE_SIDE_STYLE('',(#5268));
#3256=EDGE_LOOP('',(#5269,#5270,#5271,#5272));
#3257=AXIS2_PLACEMENT_3D('',#5273,#5274,#5275);
#3258=SURFACE_SIDE_STYLE('',(#5276));
#3259=EDGE_LOOP('',(#5277,#5278,#5279,#5280,#5281,#5282));
#3260=AXIS2_PLACEMENT_3D('',#5283,#5284,#5285);
#3261=SURFACE_SIDE_STYLE('',(#5286));
#3262=EDGE_LOOP('',(#5287,#5288,#5289,#5290));
#3263=AXIS2_PLACEMENT_3D('',#5291,#5292,#5293);
#3264=SURFACE_SIDE_STYLE('',(#5294));
#3265=EDGE_LOOP('',(#5295,#5296,#5297,#5298));
#3266=AXIS2_PLACEMENT_3D('',#5299,#5300,#5301);
#3267=SURFACE_SIDE_STYLE('',(#5302));
#3268=EDGE_LOOP('',(#5303,#5304,#5305,#5306));
#3269=AXIS2_PLACEMENT_3D('',#5307,#5308,#5309);
#3270=SURFACE_SIDE_STYLE('',(#5310));
#3271=EDGE_LOOP('',(#5311,#5312,#5313,#5314));
#3272=AXIS2_PLACEMENT_3D('',#5315,#5316,#5317);
#3273=SURFACE_SIDE_STYLE('',(#5318));
#3274=EDGE_LOOP('',(#5319,#5320,#5321,#5322));
#3275=AXIS2_PLACEMENT_3D('',#5323,#5324,#5325);
#3276=SURFACE_SIDE_STYLE('',(#5326));
#3277=EDGE_LOOP('',(#5327,#5328,#5329,#5330));
#3278=AXIS2_PLACEMENT_3D('',#5331,#5332,#5333);
#3279=SURFACE_SIDE_STYLE('',(#5334));
#3280=EDGE_LOOP('',(#5335,#5336,#5337,#5338));
#3281=AXIS2_PLACEMENT_3D('',#5339,#5340,#5341);
#3282=SURFACE_SIDE_STYLE('',(#5342));
#3283=EDGE_LOOP('',(#5343,#5344,#5345,#5346));
#3284=AXIS2_PLACEMENT_3D('',#5347,#5348,#5349);
#3285=SURFACE_SIDE_STYLE('',(#5350));
#3286=EDGE_LOOP('',(#5351,#5352,#5353,#5354));
#3287=AXIS2_PLACEMENT_3D('',#5355,#5356,#5357);
#3288=SURFACE_SIDE_STYLE('',(#5358));
#3289=EDGE_LOOP('',(#5359,#5360,#5361,#5362));
#3290=AXIS2_PLACEMENT_3D('',#5363,#5364,#5365);
#3291=SURFACE_SIDE_STYLE('',(#5366));
#3292=EDGE_LOOP('',(#5367,#5368,#5369,#5370));
#3293=AXIS2_PLACEMENT_3D('',#5371,#5372,#5373);
#3294=SURFACE_SIDE_STYLE('',(#5374));
#3295=EDGE_LOOP('',(#5375,#5376,#5377,#5378));
#3296=AXIS2_PLACEMENT_3D('',#5379,#5380,#5381);
#3297=SURFACE_SIDE_STYLE('',(#5382));
#3298=EDGE_LOOP('',(#5383,#5384,#5385,#5386));
#3299=AXIS2_PLACEMENT_3D('',#5387,#5388,#5389);
#3300=SURFACE_SIDE_STYLE('',(#5390));
#3301=EDGE_LOOP('',(#5391,#5392,#5393,#5394));
#3302=AXIS2_PLACEMENT_3D('',#5395,#5396,#5397);
#3303=SURFACE_SIDE_STYLE('',(#5398));
#3304=EDGE_LOOP('',(#5399,#5400,#5401,#5402));
#3305=AXIS2_PLACEMENT_3D('',#5403,#5404,#5405);
#3306=SURFACE_SIDE_STYLE('',(#5406));
#3307=EDGE_LOOP('',(#5407,#5408,#5409,#5410,#5411,#5412));
#3308=AXIS2_PLACEMENT_3D('',#5413,#5414,#5415);
#3309=SURFACE_SIDE_STYLE('',(#5416));
#3310=EDGE_LOOP('',(#5417,#5418,#5419,#5420));
#3311=AXIS2_PLACEMENT_3D('',#5421,#5422,#5423);
#3312=SURFACE_SIDE_STYLE('',(#5424));
#3313=EDGE_LOOP('',(#5425,#5426,#5427,#5428));
#3314=AXIS2_PLACEMENT_3D('',#5429,#5430,#5431);
#3315=SURFACE_SIDE_STYLE('',(#5432));
#3316=EDGE_LOOP('',(#5433,#5434,#5435,#5436,#5437,#5438));
#3317=AXIS2_PLACEMENT_3D('',#5439,#5440,#5441);
#3318=SURFACE_SIDE_STYLE('',(#5442));
#3319=EDGE_LOOP('',(#5443,#5444,#5445,#5446));
#3320=AXIS2_PLACEMENT_3D('',#5447,#5448,#5449);
#3321=SURFACE_SIDE_STYLE('',(#5450));
#3322=EDGE_LOOP('',(#5451,#5452,#5453,#5454));
#3323=AXIS2_PLACEMENT_3D('',#5455,#5456,#5457);
#3324=SURFACE_SIDE_STYLE('',(#5458));
#3325=EDGE_LOOP('',(#5459,#5460,#5461,#5462));
#3326=AXIS2_PLACEMENT_3D('',#5463,#5464,#5465);
#3327=SURFACE_SIDE_STYLE('',(#5466));
#3328=EDGE_LOOP('',(#5467,#5468,#5469,#5470));
#3329=AXIS2_PLACEMENT_3D('',#5471,#5472,#5473);
#3330=SURFACE_SIDE_STYLE('',(#5474));
#3331=EDGE_LOOP('',(#5475,#5476,#5477,#5478));
#3332=AXIS2_PLACEMENT_3D('',#5479,#5480,#5481);
#3333=SURFACE_SIDE_STYLE('',(#5482));
#3334=EDGE_LOOP('',(#5483,#5484,#5485,#5486));
#3335=AXIS2_PLACEMENT_3D('',#5487,#5488,#5489);
#3336=SURFACE_SIDE_STYLE('',(#5490));
#3337=EDGE_LOOP('',(#5491,#5492,#5493,#5494));
#3338=AXIS2_PLACEMENT_3D('',#5495,#5496,#5497);
#3339=SURFACE_SIDE_STYLE('',(#5498));
#3340=EDGE_LOOP('',(#5499,#5500,#5501,#5502));
#3341=AXIS2_PLACEMENT_3D('',#5503,#5504,#5505);
#3342=SURFACE_SIDE_STYLE('',(#5506));
#3343=EDGE_LOOP('',(#5507,#5508,#5509,#5510));
#3344=AXIS2_PLACEMENT_3D('',#5511,#5512,#5513);
#3345=SURFACE_SIDE_STYLE('',(#5514));
#3346=EDGE_LOOP('',(#5515,#5516,#5517,#5518));
#3347=AXIS2_PLACEMENT_3D('',#5519,#5520,#5521);
#3348=SURFACE_SIDE_STYLE('',(#5522));
#3349=EDGE_LOOP('',(#5523,#5524,#5525,#5526));
#3350=AXIS2_PLACEMENT_3D('',#5527,#5528,#5529);
#3351=SURFACE_SIDE_STYLE('',(#5530));
#3352=EDGE_LOOP('',(#5531,#5532,#5533,#5534));
#3353=AXIS2_PLACEMENT_3D('',#5535,#5536,#5537);
#3354=SURFACE_SIDE_STYLE('',(#5538));
#3355=EDGE_LOOP('',(#5539,#5540,#5541,#5542));
#3356=AXIS2_PLACEMENT_3D('',#5543,#5544,#5545);
#3357=SURFACE_SIDE_STYLE('',(#5546));
#3358=EDGE_LOOP('',(#5547,#5548,#5549,#5550));
#3359=AXIS2_PLACEMENT_3D('',#5551,#5552,#5553);
#3360=SURFACE_SIDE_STYLE('',(#5554));
#3361=EDGE_LOOP('',(#5555,#5556,#5557,#5558));
#3362=AXIS2_PLACEMENT_3D('',#5559,#5560,#5561);
#3363=SURFACE_SIDE_STYLE('',(#5562));
#3364=EDGE_LOOP('',(#5563,#5564,#5565,#5566,#5567,#5568));
#3365=AXIS2_PLACEMENT_3D('',#5569,#5570,#5571);
#3366=SURFACE_SIDE_STYLE('',(#5572));
#3367=EDGE_LOOP('',(#5573,#5574,#5575,#5576));
#3368=AXIS2_PLACEMENT_3D('',#5577,#5578,#5579);
#3369=SURFACE_SIDE_STYLE('',(#5580));
#3370=EDGE_LOOP('',(#5581,#5582,#5583,#5584));
#3371=AXIS2_PLACEMENT_3D('',#5585,#5586,#5587);
#3372=SURFACE_SIDE_STYLE('',(#5588));
#3373=EDGE_LOOP('',(#5589,#5590,#5591,#5592,#5593,#5594));
#3374=AXIS2_PLACEMENT_3D('',#5595,#5596,#5597);
#3375=SURFACE_SIDE_STYLE('',(#5598));
#3376=EDGE_LOOP('',(#5599,#5600,#5601,#5602));
#3377=AXIS2_PLACEMENT_3D('',#5603,#5604,#5605);
#3378=SURFACE_SIDE_STYLE('',(#5606));
#3379=EDGE_LOOP('',(#5607,#5608,#5609,#5610));
#3380=AXIS2_PLACEMENT_3D('',#5611,#5612,#5613);
#3381=SURFACE_SIDE_STYLE('',(#5614));
#3382=EDGE_LOOP('',(#5615,#5616,#5617,#5618));
#3383=AXIS2_PLACEMENT_3D('',#5619,#5620,#5621);
#3384=SURFACE_SIDE_STYLE('',(#5622));
#3385=EDGE_LOOP('',(#5623,#5624,#5625,#5626));
#3386=AXIS2_PLACEMENT_3D('',#5627,#5628,#5629);
#3387=SURFACE_SIDE_STYLE('',(#5630));
#3388=EDGE_LOOP('',(#5631,#5632,#5633,#5634));
#3389=AXIS2_PLACEMENT_3D('',#5635,#5636,#5637);
#3390=SURFACE_SIDE_STYLE('',(#5638));
#3391=EDGE_LOOP('',(#5639,#5640,#5641,#5642));
#3392=AXIS2_PLACEMENT_3D('',#5643,#5644,#5645);
#3393=SURFACE_SIDE_STYLE('',(#5646));
#3394=EDGE_LOOP('',(#5647,#5648,#5649,#5650));
#3395=AXIS2_PLACEMENT_3D('',#5651,#5652,#5653);
#3396=SURFACE_SIDE_STYLE('',(#5654));
#3397=EDGE_LOOP('',(#5655,#5656,#5657,#5658));
#3398=AXIS2_PLACEMENT_3D('',#5659,#5660,#5661);
#3399=SURFACE_SIDE_STYLE('',(#5662));
#3400=EDGE_LOOP('',(#5663,#5664,#5665,#5666));
#3401=AXIS2_PLACEMENT_3D('',#5667,#5668,#5669);
#3402=SURFACE_SIDE_STYLE('',(#5670));
#3403=EDGE_LOOP('',(#5671,#5672,#5673,#5674));
#3404=AXIS2_PLACEMENT_3D('',#5675,#5676,#5677);
#3405=SURFACE_SIDE_STYLE('',(#5678));
#3406=EDGE_LOOP('',(#5679,#5680,#5681,#5682));
#3407=AXIS2_PLACEMENT_3D('',#5683,#5684,#5685);
#3408=SURFACE_SIDE_STYLE('',(#5686));
#3409=EDGE_LOOP('',(#5687,#5688,#5689,#5690));
#3410=AXIS2_PLACEMENT_3D('',#5691,#5692,#5693);
#3411=SURFACE_SIDE_STYLE('',(#5694));
#3412=EDGE_LOOP('',(#5695,#5696,#5697,#5698));
#3413=AXIS2_PLACEMENT_3D('',#5699,#5700,#5701);
#3414=SURFACE_SIDE_STYLE('',(#5702));
#3415=EDGE_LOOP('',(#5703,#5704,#5705,#5706));
#3416=AXIS2_PLACEMENT_3D('',#5707,#5708,#5709);
#3417=SURFACE_SIDE_STYLE('',(#5710));
#3418=EDGE_LOOP('',(#5711,#5712,#5713,#5714));
#3419=AXIS2_PLACEMENT_3D('',#5715,#5716,#5717);
#3420=SURFACE_SIDE_STYLE('',(#5718));
#3421=EDGE_LOOP('',(#5719,#5720,#5721,#5722,#5723,#5724));
#3422=AXIS2_PLACEMENT_3D('',#5725,#5726,#5727);
#3423=SURFACE_SIDE_STYLE('',(#5728));
#3424=EDGE_LOOP('',(#5729,#5730,#5731,#5732));
#3425=AXIS2_PLACEMENT_3D('',#5733,#5734,#5735);
#3426=SURFACE_SIDE_STYLE('',(#5736));
#3427=EDGE_LOOP('',(#5737,#5738,#5739,#5740));
#3428=AXIS2_PLACEMENT_3D('',#5741,#5742,#5743);
#3429=SURFACE_SIDE_STYLE('',(#5744));
#3430=EDGE_LOOP('',(#5745,#5746,#5747,#5748,#5749,#5750));
#3431=AXIS2_PLACEMENT_3D('',#5751,#5752,#5753);
#3432=SURFACE_SIDE_STYLE('',(#5754));
#3433=EDGE_LOOP('',(#5755,#5756,#5757,#5758));
#3434=AXIS2_PLACEMENT_3D('',#5759,#5760,#5761);
#3435=SURFACE_SIDE_STYLE('',(#5762));
#3436=EDGE_LOOP('',(#5763,#5764,#5765,#5766));
#3437=AXIS2_PLACEMENT_3D('',#5767,#5768,#5769);
#3438=SURFACE_SIDE_STYLE('',(#5770));
#3439=EDGE_LOOP('',(#5771,#5772,#5773,#5774));
#3440=AXIS2_PLACEMENT_3D('',#5775,#5776,#5777);
#3441=SURFACE_SIDE_STYLE('',(#5778));
#3442=EDGE_LOOP('',(#5779,#5780,#5781,#5782));
#3443=AXIS2_PLACEMENT_3D('',#5783,#5784,#5785);
#3444=SURFACE_SIDE_STYLE('',(#5786));
#3445=EDGE_LOOP('',(#5787,#5788,#5789,#5790));
#3446=AXIS2_PLACEMENT_3D('',#5791,#5792,#5793);
#3447=SURFACE_SIDE_STYLE('',(#5794));
#3448=EDGE_LOOP('',(#5795,#5796,#5797,#5798));
#3449=AXIS2_PLACEMENT_3D('',#5799,#5800,#5801);
#3450=SURFACE_SIDE_STYLE('',(#5802));
#3451=EDGE_LOOP('',(#5803,#5804,#5805,#5806));
#3452=AXIS2_PLACEMENT_3D('',#5807,#5808,#5809);
#3453=SURFACE_SIDE_STYLE('',(#5810));
#3454=EDGE_LOOP('',(#5811,#5812,#5813,#5814));
#3455=AXIS2_PLACEMENT_3D('',#5815,#5816,#5817);
#3456=SURFACE_SIDE_STYLE('',(#5818));
#3457=EDGE_LOOP('',(#5819,#5820,#5821,#5822));
#3458=AXIS2_PLACEMENT_3D('',#5823,#5824,#5825);
#3459=SURFACE_SIDE_STYLE('',(#5826));
#3460=EDGE_LOOP('',(#5827,#5828,#5829,#5830));
#3461=AXIS2_PLACEMENT_3D('',#5831,#5832,#5833);
#3462=SURFACE_SIDE_STYLE('',(#5834));
#3463=EDGE_LOOP('',(#5835,#5836,#5837,#5838));
#3464=AXIS2_PLACEMENT_3D('',#5839,#5840,#5841);
#3465=SURFACE_SIDE_STYLE('',(#5842));
#3466=EDGE_LOOP('',(#5843,#5844,#5845,#5846));
#3467=AXIS2_PLACEMENT_3D('',#5847,#5848,#5849);
#3468=SURFACE_SIDE_STYLE('',(#5850));
#3469=EDGE_LOOP('',(#5851,#5852,#5853,#5854));
#3470=AXIS2_PLACEMENT_3D('',#5855,#5856,#5857);
#3471=SURFACE_SIDE_STYLE('',(#5858));
#3472=EDGE_LOOP('',(#5859,#5860,#5861,#5862));
#3473=AXIS2_PLACEMENT_3D('',#5863,#5864,#5865);
#3474=SURFACE_SIDE_STYLE('',(#5866));
#3475=EDGE_LOOP('',(#5867,#5868,#5869,#5870));
#3476=AXIS2_PLACEMENT_3D('',#5871,#5872,#5873);
#3477=SURFACE_SIDE_STYLE('',(#5874));
#3478=EDGE_LOOP('',(#5875,#5876,#5877,#5878,#5879,#5880));
#3479=AXIS2_PLACEMENT_3D('',#5881,#5882,#5883);
#3480=SURFACE_SIDE_STYLE('',(#5884));
#3481=EDGE_LOOP('',(#5885,#5886,#5887,#5888));
#3482=AXIS2_PLACEMENT_3D('',#5889,#5890,#5891);
#3483=SURFACE_SIDE_STYLE('',(#5892));
#3484=EDGE_LOOP('',(#5893,#5894,#5895,#5896));
#3485=AXIS2_PLACEMENT_3D('',#5897,#5898,#5899);
#3486=SURFACE_SIDE_STYLE('',(#5900));
#3487=EDGE_LOOP('',(#5901,#5902,#5903,#5904,#5905,#5906));
#3488=AXIS2_PLACEMENT_3D('',#5907,#5908,#5909);
#3489=SURFACE_SIDE_STYLE('',(#5910));
#3490=EDGE_LOOP('',(#5911,#5912,#5913,#5914));
#3491=AXIS2_PLACEMENT_3D('',#5915,#5916,#5917);
#3492=SURFACE_SIDE_STYLE('',(#5918));
#3493=EDGE_LOOP('',(#5919,#5920,#5921,#5922));
#3494=AXIS2_PLACEMENT_3D('',#5923,#5924,#5925);
#3495=SURFACE_SIDE_STYLE('',(#5926));
#3496=EDGE_LOOP('',(#5927,#5928,#5929,#5930));
#3497=AXIS2_PLACEMENT_3D('',#5931,#5932,#5933);
#3498=SURFACE_SIDE_STYLE('',(#5934));
#3499=EDGE_LOOP('',(#5935,#5936,#5937,#5938));
#3500=AXIS2_PLACEMENT_3D('',#5939,#5940,#5941);
#3501=SURFACE_SIDE_STYLE('',(#5942));
#3502=EDGE_LOOP('',(#5943,#5944,#5945,#5946));
#3503=AXIS2_PLACEMENT_3D('',#5947,#5948,#5949);
#3504=SURFACE_SIDE_STYLE('',(#5950));
#3505=EDGE_LOOP('',(#5951,#5952,#5953,#5954));
#3506=AXIS2_PLACEMENT_3D('',#5955,#5956,#5957);
#3507=SURFACE_SIDE_STYLE('',(#5958));
#3508=EDGE_LOOP('',(#5959,#5960,#5961,#5962));
#3509=AXIS2_PLACEMENT_3D('',#5963,#5964,#5965);
#3510=SURFACE_SIDE_STYLE('',(#5966));
#3511=EDGE_LOOP('',(#5967,#5968,#5969,#5970));
#3512=AXIS2_PLACEMENT_3D('',#5971,#5972,#5973);
#3513=SURFACE_SIDE_STYLE('',(#5974));
#3514=EDGE_LOOP('',(#5975,#5976,#5977,#5978));
#3515=AXIS2_PLACEMENT_3D('',#5979,#5980,#5981);
#3516=SURFACE_SIDE_STYLE('',(#5982));
#3517=EDGE_LOOP('',(#5983,#5984,#5985,#5986));
#3518=AXIS2_PLACEMENT_3D('',#5987,#5988,#5989);
#3519=SURFACE_SIDE_STYLE('',(#5990));
#3520=EDGE_LOOP('',(#5991,#5992,#5993,#5994));
#3521=AXIS2_PLACEMENT_3D('',#5995,#5996,#5997);
#3522=SURFACE_SIDE_STYLE('',(#5998));
#3523=EDGE_LOOP('',(#5999,#6000,#6001,#6002));
#3524=AXIS2_PLACEMENT_3D('',#6003,#6004,#6005);
#3525=SURFACE_SIDE_STYLE('',(#6006));
#3526=EDGE_LOOP('',(#6007,#6008,#6009,#6010));
#3527=AXIS2_PLACEMENT_3D('',#6011,#6012,#6013);
#3528=SURFACE_SIDE_STYLE('',(#6014));
#3529=EDGE_LOOP('',(#6015,#6016,#6017,#6018));
#3530=AXIS2_PLACEMENT_3D('',#6019,#6020,#6021);
#3531=SURFACE_SIDE_STYLE('',(#6022));
#3532=EDGE_LOOP('',(#6023,#6024,#6025,#6026));
#3533=AXIS2_PLACEMENT_3D('',#6027,#6028,#6029);
#3534=SURFACE_SIDE_STYLE('',(#6030));
#3535=EDGE_LOOP('',(#6031,#6032,#6033,#6034,#6035,#6036));
#3536=AXIS2_PLACEMENT_3D('',#6037,#6038,#6039);
#3537=SURFACE_SIDE_STYLE('',(#6040));
#3538=EDGE_LOOP('',(#6041,#6042,#6043,#6044));
#3539=AXIS2_PLACEMENT_3D('',#6045,#6046,#6047);
#3540=SURFACE_SIDE_STYLE('',(#6048));
#3541=EDGE_LOOP('',(#6049,#6050,#6051,#6052));
#3542=AXIS2_PLACEMENT_3D('',#6053,#6054,#6055);
#3543=SURFACE_SIDE_STYLE('',(#6056));
#3544=EDGE_LOOP('',(#6057,#6058,#6059,#6060,#6061,#6062));
#3545=AXIS2_PLACEMENT_3D('',#6063,#6064,#6065);
#3546=SURFACE_SIDE_STYLE('',(#6066));
#3547=EDGE_LOOP('',(#6067,#6068,#6069,#6070));
#3548=AXIS2_PLACEMENT_3D('',#6071,#6072,#6073);
#3549=SURFACE_SIDE_STYLE('',(#6074));
#3550=EDGE_LOOP('',(#6075,#6076,#6077,#6078));
#3551=AXIS2_PLACEMENT_3D('',#6079,#6080,#6081);
#3552=SURFACE_SIDE_STYLE('',(#6082));
#3553=EDGE_LOOP('',(#6083,#6084,#6085,#6086));
#3554=AXIS2_PLACEMENT_3D('',#6087,#6088,#6089);
#3555=SURFACE_SIDE_STYLE('',(#6090));
#3556=EDGE_LOOP('',(#6091,#6092,#6093,#6094));
#3557=AXIS2_PLACEMENT_3D('',#6095,#6096,#6097);
#3558=SURFACE_SIDE_STYLE('',(#6098));
#3559=EDGE_LOOP('',(#6099,#6100,#6101,#6102));
#3560=AXIS2_PLACEMENT_3D('',#6103,#6104,#6105);
#3561=SURFACE_SIDE_STYLE('',(#6106));
#3562=EDGE_LOOP('',(#6107,#6108,#6109,#6110));
#3563=AXIS2_PLACEMENT_3D('',#6111,#6112,#6113);
#3564=SURFACE_SIDE_STYLE('',(#6114));
#3565=EDGE_LOOP('',(#6115,#6116,#6117,#6118));
#3566=AXIS2_PLACEMENT_3D('',#6119,#6120,#6121);
#3567=SURFACE_SIDE_STYLE('',(#6122));
#3568=EDGE_LOOP('',(#6123,#6124,#6125,#6126));
#3569=AXIS2_PLACEMENT_3D('',#6127,#6128,#6129);
#3570=SURFACE_SIDE_STYLE('',(#6130));
#3571=EDGE_LOOP('',(#6131,#6132,#6133,#6134));
#3572=AXIS2_PLACEMENT_3D('',#6135,#6136,#6137);
#3573=SURFACE_SIDE_STYLE('',(#6138));
#3574=EDGE_LOOP('',(#6139,#6140,#6141,#6142));
#3575=AXIS2_PLACEMENT_3D('',#6143,#6144,#6145);
#3576=SURFACE_SIDE_STYLE('',(#6146));
#3577=EDGE_LOOP('',(#6147,#6148,#6149,#6150));
#3578=AXIS2_PLACEMENT_3D('',#6151,#6152,#6153);
#3579=SURFACE_SIDE_STYLE('',(#6154));
#3580=EDGE_LOOP('',(#6155,#6156,#6157,#6158));
#3581=AXIS2_PLACEMENT_3D('',#6159,#6160,#6161);
#3582=SURFACE_SIDE_STYLE('',(#6162));
#3583=EDGE_LOOP('',(#6163,#6164,#6165,#6166));
#3584=AXIS2_PLACEMENT_3D('',#6167,#6168,#6169);
#3585=SURFACE_SIDE_STYLE('',(#6170));
#3586=EDGE_LOOP('',(#6171,#6172,#6173,#6174));
#3587=AXIS2_PLACEMENT_3D('',#6175,#6176,#6177);
#3588=SURFACE_SIDE_STYLE('',(#6178));
#3589=EDGE_LOOP('',(#6179,#6180,#6181,#6182));
#3590=AXIS2_PLACEMENT_3D('',#6183,#6184,#6185);
#3591=SURFACE_SIDE_STYLE('',(#6186));
#3592=EDGE_LOOP('',(#6187,#6188,#6189,#6190,#6191,#6192));
#3593=AXIS2_PLACEMENT_3D('',#6193,#6194,#6195);
#3594=SURFACE_SIDE_STYLE('',(#6196));
#3595=EDGE_LOOP('',(#6197,#6198,#6199,#6200));
#3596=AXIS2_PLACEMENT_3D('',#6201,#6202,#6203);
#3597=SURFACE_SIDE_STYLE('',(#6204));
#3598=EDGE_LOOP('',(#6205,#6206,#6207,#6208));
#3599=AXIS2_PLACEMENT_3D('',#6209,#6210,#6211);
#3600=SURFACE_SIDE_STYLE('',(#6212));
#3601=EDGE_LOOP('',(#6213,#6214,#6215,#6216,#6217,#6218));
#3602=AXIS2_PLACEMENT_3D('',#6219,#6220,#6221);
#3603=SURFACE_SIDE_STYLE('',(#6222));
#3604=EDGE_LOOP('',(#6223,#6224,#6225,#6226));
#3605=AXIS2_PLACEMENT_3D('',#6227,#6228,#6229);
#3606=SURFACE_SIDE_STYLE('',(#6230));
#3607=EDGE_LOOP('',(#6231,#6232,#6233,#6234));
#3608=AXIS2_PLACEMENT_3D('',#6235,#6236,#6237);
#3609=SURFACE_SIDE_STYLE('',(#6238));
#3610=EDGE_LOOP('',(#6239,#6240,#6241,#6242));
#3611=AXIS2_PLACEMENT_3D('',#6243,#6244,#6245);
#3612=SURFACE_SIDE_STYLE('',(#6246));
#3613=EDGE_LOOP('',(#6247,#6248,#6249,#6250));
#3614=AXIS2_PLACEMENT_3D('',#6251,#6252,#6253);
#3615=SURFACE_SIDE_STYLE('',(#6254));
#3616=EDGE_LOOP('',(#6255,#6256,#6257,#6258));
#3617=AXIS2_PLACEMENT_3D('',#6259,#6260,#6261);
#3618=SURFACE_SIDE_STYLE('',(#6262));
#3619=EDGE_LOOP('',(#6263,#6264,#6265,#6266));
#3620=AXIS2_PLACEMENT_3D('',#6267,#6268,#6269);
#3621=SURFACE_SIDE_STYLE('',(#6270));
#3622=EDGE_LOOP('',(#6271,#6272,#6273,#6274));
#3623=AXIS2_PLACEMENT_3D('',#6275,#6276,#6277);
#3624=SURFACE_SIDE_STYLE('',(#6278));
#3625=EDGE_LOOP('',(#6279,#6280,#6281,#6282));
#3626=AXIS2_PLACEMENT_3D('',#6283,#6284,#6285);
#3627=SURFACE_SIDE_STYLE('',(#6286));
#3628=EDGE_LOOP('',(#6287,#6288,#6289,#6290));
#3629=AXIS2_PLACEMENT_3D('',#6291,#6292,#6293);
#3630=SURFACE_SIDE_STYLE('',(#6294));
#3631=EDGE_LOOP('',(#6295,#6296,#6297,#6298));
#3632=AXIS2_PLACEMENT_3D('',#6299,#6300,#6301);
#3633=SURFACE_SIDE_STYLE('',(#6302));
#3634=EDGE_LOOP('',(#6303,#6304,#6305,#6306));
#3635=AXIS2_PLACEMENT_3D('',#6307,#6308,#6309);
#3636=SURFACE_SIDE_STYLE('',(#6310));
#3637=EDGE_LOOP('',(#6311,#6312,#6313,#6314));
#3638=AXIS2_PLACEMENT_3D('',#6315,#6316,#6317);
#3639=SURFACE_SIDE_STYLE('',(#6318));
#3640=EDGE_LOOP('',(#6319,#6320));
#3641=AXIS2_PLACEMENT_3D('',#6321,#6322,#6323);
#3642=SURFACE_SIDE_STYLE('',(#6324));
#3643=EDGE_LOOP('',(#6325,#6326,#6327,#6328));
#3644=AXIS2_PLACEMENT_3D('',#6329,#6330,#6331);
#3645=SURFACE_SIDE_STYLE('',(#6332));
#3646=EDGE_LOOP('',(#6333,#6334));
#3647=AXIS2_PLACEMENT_3D('',#6335,#6336,#6337);
#3648=SURFACE_SIDE_STYLE('',(#6338));
#3649=EDGE_LOOP('',(#6339,#6340,#6341,#6342));
#3650=AXIS2_PLACEMENT_3D('',#6343,#6344,#6345);
#3651=SURFACE_SIDE_STYLE('',(#6346));
#3652=EDGE_LOOP('',(#6347,#6348));
#3653=AXIS2_PLACEMENT_3D('',#6349,#6350,#6351);
#3654=SURFACE_SIDE_STYLE('',(#6352));
#3655=EDGE_LOOP('',(#6353,#6354,#6355,#6356));
#3656=AXIS2_PLACEMENT_3D('',#6357,#6358,#6359);
#3657=SURFACE_SIDE_STYLE('',(#6360));
#3658=EDGE_LOOP('',(#6361,#6362));
#3659=AXIS2_PLACEMENT_3D('',#6363,#6364,#6365);
#3660=SURFACE_SIDE_STYLE('',(#6366));
#3661=EDGE_LOOP('',(#6367,#6368,#6369,#6370));
#3662=AXIS2_PLACEMENT_3D('',#6371,#6372,#6373);
#3663=SURFACE_SIDE_STYLE('',(#6374));
#3664=EDGE_LOOP('',(#6375,#6376));
#3665=AXIS2_PLACEMENT_3D('',#6377,#6378,#6379);
#3666=SURFACE_SIDE_STYLE('',(#6380));
#3667=EDGE_LOOP('',(#6381,#6382,#6383,#6384));
#3668=AXIS2_PLACEMENT_3D('',#6385,#6386,#6387);
#3669=SURFACE_SIDE_STYLE('',(#6388));
#3670=EDGE_LOOP('',(#6389,#6390));
#3671=AXIS2_PLACEMENT_3D('',#6391,#6392,#6393);
#3672=SURFACE_SIDE_STYLE('',(#6394));
#3673=EDGE_LOOP('',(#6395,#6396,#6397,#6398));
#3674=AXIS2_PLACEMENT_3D('',#6399,#6400,#6401);
#3675=SURFACE_SIDE_STYLE('',(#6402));
#3676=EDGE_LOOP('',(#6403,#6404));
#3677=AXIS2_PLACEMENT_3D('',#6405,#6406,#6407);
#3678=SURFACE_SIDE_STYLE('',(#6408));
#3679=EDGE_LOOP('',(#6409,#6410,#6411,#6412));
#3680=AXIS2_PLACEMENT_3D('',#6413,#6414,#6415);
#3681=SURFACE_SIDE_STYLE('',(#6416));
#3682=EDGE_LOOP('',(#6417,#6418));
#3683=AXIS2_PLACEMENT_3D('',#6419,#6420,#6421);
#3684=SURFACE_SIDE_STYLE('',(#6422));
#3685=EDGE_LOOP('',(#6423,#6424,#6425,#6426));
#3686=AXIS2_PLACEMENT_3D('',#6427,#6428,#6429);
#3687=SURFACE_SIDE_STYLE('',(#6430));
#3688=EDGE_LOOP('',(#6431,#6432));
#3689=AXIS2_PLACEMENT_3D('',#6433,#6434,#6435);
#3690=SURFACE_SIDE_STYLE('',(#6436));
#3691=EDGE_LOOP('',(#6437,#6438,#6439,#6440));
#3692=AXIS2_PLACEMENT_3D('',#6441,#6442,#6443);
#3693=SURFACE_SIDE_STYLE('',(#6444));
#3694=EDGE_LOOP('',(#6445,#6446));
#3695=AXIS2_PLACEMENT_3D('',#6447,#6448,#6449);
#3696=SURFACE_SIDE_STYLE('',(#6450));
#3697=EDGE_LOOP('',(#6451,#6452,#6453,#6454,#6455,#6456,#6457,#6458));
#3698=AXIS2_PLACEMENT_3D('',#6459,#6460,#6461);
#3699=SURFACE_SIDE_STYLE('',(#6462));
#3700=EDGE_LOOP('',(#6463,#6464,#6465,#6466));
#3701=AXIS2_PLACEMENT_3D('',#6467,#6468,#6469);
#3702=SURFACE_SIDE_STYLE('',(#6470));
#3703=EDGE_LOOP('',(#6471,#6472,#6473,#6474));
#3704=AXIS2_PLACEMENT_3D('',#6475,#6476,#6477);
#3705=SURFACE_SIDE_STYLE('',(#6478));
#3706=EDGE_LOOP('',(#6479,#6480,#6481,#6482));
#3707=AXIS2_PLACEMENT_3D('',#6483,#6484,#6485);
#3708=SURFACE_SIDE_STYLE('',(#6486));
#3709=EDGE_LOOP('',(#6487,#6488,#6489,#6490));
#3710=AXIS2_PLACEMENT_3D('',#6491,#6492,#6493);
#3711=SURFACE_SIDE_STYLE('',(#6494));
#3712=EDGE_LOOP('',(#6495,#6496,#6497,#6498));
#3713=AXIS2_PLACEMENT_3D('',#6499,#6500,#6501);
#3714=SURFACE_SIDE_STYLE('',(#6502));
#3715=EDGE_LOOP('',(#6503,#6504,#6505,#6506,#6507,#6508,#6509,#6510));
#3716=AXIS2_PLACEMENT_3D('',#6511,#6512,#6513);
#3717=SURFACE_SIDE_STYLE('',(#6514));
#3718=EDGE_LOOP('',(#6515,#6516,#6517,#6518));
#3719=AXIS2_PLACEMENT_3D('',#6519,#6520,#6521);
#3720=SURFACE_SIDE_STYLE('',(#6522));
#3721=EDGE_LOOP('',(#6523,#6524));
#3722=EDGE_LOOP('',(#6525,#6526));
#3723=EDGE_LOOP('',(#6527,#6528));
#3724=EDGE_LOOP('',(#6529,#6530));
#3725=EDGE_LOOP('',(#6531,#6532));
#3726=EDGE_LOOP('',(#6533,#6534));
#3727=EDGE_LOOP('',(#6535,#6536));
#3728=EDGE_LOOP('',(#6537,#6538));
#3729=EDGE_LOOP('',(#6539,#6540));
#3730=EDGE_LOOP('',(#6541,#6542));
#3731=EDGE_LOOP('',(#6543,#6544,#6545,#6546,#6547,#6548,#6549,#6550,#6551,#6552,#6553,#6554,#6555,#6556,#6557,#6558,#6559,#6560,#6561,#6562,#6563,#6564,#6565,#6566,#6567,#6568,#6569,#6570,#6571,#6572,#6573,#6574,#6575,#6576,#6577,#6578,#6579,#6580,#6581,#6582,#6583,#6584,#6585,#6586));
#3732=AXIS2_PLACEMENT_3D('',#6587,#6588,#6589);
#3733=SURFACE_SIDE_STYLE('',(#6590));
#3734=EDGE_LOOP('',(#6591,#6592,#6593,#6594,#6595,#6596,#6597,#6598));
#3735=AXIS2_PLACEMENT_3D('',#6599,#6600,#6601);
#3736=SURFACE_SIDE_STYLE('',(#6602));
#3737=EDGE_LOOP('',(#6603,#6604,#6605,#6606));
#3738=AXIS2_PLACEMENT_3D('',#6607,#6608,#6609);
#3739=SURFACE_SIDE_STYLE('',(#6610));
#3740=EDGE_LOOP('',(#6611,#6612,#6613,#6614));
#3741=AXIS2_PLACEMENT_3D('',#6615,#6616,#6617);
#3742=SURFACE_SIDE_STYLE('',(#6618));
#3743=EDGE_LOOP('',(#6619,#6620,#6621,#6622));
#3744=AXIS2_PLACEMENT_3D('',#6623,#6624,#6625);
#3745=SURFACE_SIDE_STYLE('',(#6626));
#3746=EDGE_LOOP('',(#6627,#6628,#6629,#6630));
#3747=AXIS2_PLACEMENT_3D('',#6631,#6632,#6633);
#3748=SURFACE_SIDE_STYLE('',(#6634));
#3749=EDGE_LOOP('',(#6635,#6636,#6637,#6638));
#3750=AXIS2_PLACEMENT_3D('',#6639,#6640,#6641);
#3751=SURFACE_SIDE_STYLE('',(#6642));
#3752=EDGE_LOOP('',(#6643,#6644,#6645,#6646,#6647,#6648,#6649,#6650));
#3753=AXIS2_PLACEMENT_3D('',#6651,#6652,#6653);
#3754=SURFACE_SIDE_STYLE('',(#6654));
#3755=EDGE_LOOP('',(#6655,#6656,#6657,#6658));
#3756=AXIS2_PLACEMENT_3D('',#6659,#6660,#6661);
#3757=SURFACE_SIDE_STYLE('',(#6662));
#3758=EDGE_LOOP('',(#6663,#6664,#6665,#6666,#6667,#6668,#6669,#6670));
#3759=AXIS2_PLACEMENT_3D('',#6671,#6672,#6673);
#3760=SURFACE_SIDE_STYLE('',(#6674));
#3761=EDGE_LOOP('',(#6675,#6676,#6677,#6678));
#3762=AXIS2_PLACEMENT_3D('',#6679,#6680,#6681);
#3763=SURFACE_SIDE_STYLE('',(#6682));
#3764=EDGE_LOOP('',(#6683,#6684,#6685,#6686));
#3765=AXIS2_PLACEMENT_3D('',#6687,#6688,#6689);
#3766=SURFACE_SIDE_STYLE('',(#6690));
#3767=EDGE_LOOP('',(#6691,#6692,#6693,#6694));
#3768=AXIS2_PLACEMENT_3D('',#6695,#6696,#6697);
#3769=SURFACE_SIDE_STYLE('',(#6698));
#3770=EDGE_LOOP('',(#6699,#6700,#6701,#6702));
#3771=AXIS2_PLACEMENT_3D('',#6703,#6704,#6705);
#3772=SURFACE_SIDE_STYLE('',(#6706));
#3773=EDGE_LOOP('',(#6707,#6708,#6709,#6710));
#3774=AXIS2_PLACEMENT_3D('',#6711,#6712,#6713);
#3775=SURFACE_SIDE_STYLE('',(#6714));
#3776=EDGE_LOOP('',(#6715,#6716,#6717,#6718,#6719,#6720,#6721,#6722));
#3777=AXIS2_PLACEMENT_3D('',#6723,#6724,#6725);
#3778=SURFACE_SIDE_STYLE('',(#6726));
#3779=EDGE_LOOP('',(#6727,#6728,#6729,#6730));
#3780=AXIS2_PLACEMENT_3D('',#6731,#6732,#6733);
#3781=SURFACE_SIDE_STYLE('',(#6734));
#3782=EDGE_LOOP('',(#6735,#6736,#6737,#6738,#6739,#6740,#6741,#6742));
#3783=AXIS2_PLACEMENT_3D('',#6743,#6744,#6745);
#3784=SURFACE_SIDE_STYLE('',(#6746));
#3785=EDGE_LOOP('',(#6747,#6748,#6749,#6750));
#3786=AXIS2_PLACEMENT_3D('',#6751,#6752,#6753);
#3787=SURFACE_SIDE_STYLE('',(#6754));
#3788=EDGE_LOOP('',(#6755,#6756,#6757,#6758));
#3789=AXIS2_PLACEMENT_3D('',#6759,#6760,#6761);
#3790=SURFACE_SIDE_STYLE('',(#6762));
#3791=EDGE_LOOP('',(#6763,#6764,#6765,#6766));
#3792=AXIS2_PLACEMENT_3D('',#6767,#6768,#6769);
#3793=SURFACE_SIDE_STYLE('',(#6770));
#3794=EDGE_LOOP('',(#6771,#6772,#6773,#6774));
#3795=AXIS2_PLACEMENT_3D('',#6775,#6776,#6777);
#3796=SURFACE_SIDE_STYLE('',(#6778));
#3797=EDGE_LOOP('',(#6779,#6780,#6781,#6782));
#3798=AXIS2_PLACEMENT_3D('',#6783,#6784,#6785);
#3799=SURFACE_SIDE_STYLE('',(#6786));
#3800=EDGE_LOOP('',(#6787,#6788,#6789,#6790,#6791,#6792,#6793,#6794));
#3801=AXIS2_PLACEMENT_3D('',#6795,#6796,#6797);
#3802=SURFACE_SIDE_STYLE('',(#6798));
#3803=EDGE_LOOP('',(#6799,#6800,#6801,#6802));
#3804=AXIS2_PLACEMENT_3D('',#6803,#6804,#6805);
#3805=SURFACE_SIDE_STYLE('',(#6806));
#3806=EDGE_LOOP('',(#6807,#6808,#6809,#6810,#6811,#6812,#6813,#6814));
#3807=AXIS2_PLACEMENT_3D('',#6815,#6816,#6817);
#3808=SURFACE_SIDE_STYLE('',(#6818));
#3809=EDGE_LOOP('',(#6819,#6820,#6821,#6822));
#3810=AXIS2_PLACEMENT_3D('',#6823,#6824,#6825);
#3811=SURFACE_SIDE_STYLE('',(#6826));
#3812=EDGE_LOOP('',(#6827,#6828,#6829,#6830));
#3813=AXIS2_PLACEMENT_3D('',#6831,#6832,#6833);
#3814=SURFACE_SIDE_STYLE('',(#6834));
#3815=EDGE_LOOP('',(#6835,#6836,#6837,#6838));
#3816=AXIS2_PLACEMENT_3D('',#6839,#6840,#6841);
#3817=SURFACE_SIDE_STYLE('',(#6842));
#3818=EDGE_LOOP('',(#6843,#6844,#6845,#6846));
#3819=AXIS2_PLACEMENT_3D('',#6847,#6848,#6849);
#3820=SURFACE_SIDE_STYLE('',(#6850));
#3821=EDGE_LOOP('',(#6851,#6852,#6853,#6854));
#3822=AXIS2_PLACEMENT_3D('',#6855,#6856,#6857);
#3823=SURFACE_SIDE_STYLE('',(#6858));
#3824=EDGE_LOOP('',(#6859,#6860,#6861,#6862,#6863,#6864,#6865,#6866));
#3825=AXIS2_PLACEMENT_3D('',#6867,#6868,#6869);
#3826=SURFACE_SIDE_STYLE('',(#6870));
#3827=EDGE_LOOP('',(#6871,#6872,#6873,#6874));
#3828=AXIS2_PLACEMENT_3D('',#6875,#6876,#6877);
#3829=SURFACE_SIDE_STYLE('',(#6878));
#3830=EDGE_LOOP('',(#6879,#6880,#6881,#6882));
#3831=AXIS2_PLACEMENT_3D('',#6883,#6884,#6885);
#3832=SURFACE_SIDE_STYLE('',(#6886));
#3833=EDGE_LOOP('',(#6887,#6888,#6889,#6890,#6891,#6892));
#3834=AXIS2_PLACEMENT_3D('',#6893,#6894,#6895);
#3835=SURFACE_SIDE_STYLE('',(#6896));
#3836=EDGE_LOOP('',(#6897,#6898,#6899,#6900));
#3837=AXIS2_PLACEMENT_3D('',#6901,#6902,#6903);
#3838=SURFACE_SIDE_STYLE('',(#6904));
#3839=EDGE_LOOP('',(#6905,#6906,#6907,#6908,#6909,#6910));
#3840=AXIS2_PLACEMENT_3D('',#6911,#6912,#6913);
#3841=SURFACE_SIDE_STYLE('',(#6914));
#3842=EDGE_LOOP('',(#6915,#6916,#6917,#6918));
#3843=AXIS2_PLACEMENT_3D('',#6919,#6920,#6921);
#3844=SURFACE_SIDE_STYLE('',(#6922));
#3845=EDGE_LOOP('',(#6923,#6924,#6925,#6926));
#3846=AXIS2_PLACEMENT_3D('',#6927,#6928,#6929);
#3847=SURFACE_SIDE_STYLE('',(#6930));
#3848=EDGE_LOOP('',(#6931,#6932,#6933,#6934));
#3849=AXIS2_PLACEMENT_3D('',#6935,#6936,#6937);
#3850=SURFACE_SIDE_STYLE('',(#6938));
#3851=EDGE_LOOP('',(#6939,#6940,#6941,#6942));
#3852=EDGE_LOOP('',(#6943,#6944));
#3853=AXIS2_PLACEMENT_3D('',#6945,#6946,#6947);
#3854=SURFACE_SIDE_STYLE('',(#6948));
#3855=EDGE_LOOP('',(#6949,#6950,#6951,#6952));
#3856=AXIS2_PLACEMENT_3D('',#6953,#6954,#6955);
#3857=SURFACE_SIDE_STYLE('',(#6956));
#3858=EDGE_LOOP('',(#6957,#6958));
#3859=EDGE_LOOP('',(#6959,#6960,#6961,#6962,#6963,#6964,#6965,#6966,#6967,#6968));
#3860=AXIS2_PLACEMENT_3D('',#6969,#6970,#6971);
#3861=SURFACE_SIDE_STYLE('',(#6972));
#3862=EDGE_LOOP('',(#6973,#6974,#6975,#6976));
#3863=AXIS2_PLACEMENT_3D('',#6977,#6978,#6979);
#3864=SURFACE_SIDE_STYLE('',(#6980));
#3865=EDGE_LOOP('',(#6981,#6982,#6983,#6984,#6985,#6986,#6987,#6988));
#3866=AXIS2_PLACEMENT_3D('',#6989,#6990,#6991);
#3867=SURFACE_SIDE_STYLE('',(#6992));
#3868=EDGE_LOOP('',(#6993,#6994,#6995,#6996));
#3869=AXIS2_PLACEMENT_3D('',#6997,#6998,#6999);
#3870=SURFACE_SIDE_STYLE('',(#7000));
#3871=EDGE_LOOP('',(#7001,#7002,#7003,#7004));
#3872=AXIS2_PLACEMENT_3D('',#7005,#7006,#7007);
#3873=SURFACE_SIDE_STYLE('',(#7008));
#3874=EDGE_LOOP('',(#7009,#7010,#7011,#7012));
#3875=AXIS2_PLACEMENT_3D('',#7013,#7014,#7015);
#3876=SURFACE_SIDE_STYLE('',(#7016));
#3877=EDGE_LOOP('',(#7017,#7018,#7019,#7020));
#3878=AXIS2_PLACEMENT_3D('',#7021,#7022,#7023);
#3879=SURFACE_SIDE_STYLE('',(#7024));
#3880=EDGE_LOOP('',(#7025,#7026,#7027,#7028));
#3881=AXIS2_PLACEMENT_3D('',#7029,#7030,#7031);
#3882=SURFACE_SIDE_STYLE('',(#7032));
#3883=EDGE_LOOP('',(#7033,#7034,#7035,#7036,#7037,#7038));
#3884=AXIS2_PLACEMENT_3D('',#7039,#7040,#7041);
#3885=SURFACE_SIDE_STYLE('',(#7042));
#3886=EDGE_LOOP('',(#7043,#7044,#7045,#7046));
#3887=AXIS2_PLACEMENT_3D('',#7047,#7048,#7049);
#3888=SURFACE_SIDE_STYLE('',(#7050));
#3889=EDGE_LOOP('',(#7051,#7052,#7053,#7054,#7055,#7056));
#3890=AXIS2_PLACEMENT_3D('',#7057,#7058,#7059);
#3891=SURFACE_SIDE_STYLE('',(#7060));
#3892=EDGE_LOOP('',(#7061,#7062,#7063,#7064));
#3893=AXIS2_PLACEMENT_3D('',#7065,#7066,#7067);
#3894=SURFACE_SIDE_STYLE('',(#7068));
#3895=EDGE_LOOP('',(#7069,#7070,#7071,#7072));
#3896=AXIS2_PLACEMENT_3D('',#7073,#7074,#7075);
#3897=SURFACE_SIDE_STYLE('',(#7076));
#3898=EDGE_LOOP('',(#7077,#7078,#7079,#7080,#7081,#7082));
#3899=AXIS2_PLACEMENT_3D('',#7083,#7084,#7085);
#3900=SURFACE_SIDE_STYLE('',(#7086));
#3901=EDGE_LOOP('',(#7087,#7088,#7089,#7090));
#3902=AXIS2_PLACEMENT_3D('',#7091,#7092,#7093);
#3903=SURFACE_SIDE_STYLE('',(#7094));
#3904=EDGE_LOOP('',(#7095,#7096,#7097,#7098,#7099,#7100));
#3905=AXIS2_PLACEMENT_3D('',#7101,#7102,#7103);
#3906=SURFACE_SIDE_STYLE('',(#7104));
#3907=EDGE_LOOP('',(#7105,#7106,#7107,#7108));
#3908=AXIS2_PLACEMENT_3D('',#7109,#7110,#7111);
#3909=SURFACE_SIDE_STYLE('',(#7112));
#3910=EDGE_LOOP('',(#7113,#7114,#7115,#7116));
#3911=AXIS2_PLACEMENT_3D('',#7117,#7118,#7119);
#3912=SURFACE_SIDE_STYLE('',(#7120));
#3913=EDGE_LOOP('',(#7121,#7122,#7123,#7124));
#3914=AXIS2_PLACEMENT_3D('',#7125,#7126,#7127);
#3915=SURFACE_SIDE_STYLE('',(#7128));
#3916=EDGE_LOOP('',(#7129,#7130,#7131,#7132));
#3917=EDGE_LOOP('',(#7133,#7134));
#3918=AXIS2_PLACEMENT_3D('',#7135,#7136,#7137);
#3919=SURFACE_SIDE_STYLE('',(#7138));
#3920=EDGE_LOOP('',(#7139,#7140,#7141,#7142));
#3921=AXIS2_PLACEMENT_3D('',#7143,#7144,#7145);
#3922=SURFACE_SIDE_STYLE('',(#7146));
#3923=EDGE_LOOP('',(#7147,#7148));
#3924=EDGE_LOOP('',(#7149,#7150,#7151,#7152,#7153,#7154,#7155,#7156,#7157,#7158));
#3925=AXIS2_PLACEMENT_3D('',#7159,#7160,#7161);
#3926=SURFACE_SIDE_STYLE('',(#7162));
#3927=EDGE_LOOP('',(#7163,#7164,#7165,#7166));
#3928=AXIS2_PLACEMENT_3D('',#7167,#7168,#7169);
#3929=SURFACE_SIDE_STYLE('',(#7170));
#3930=EDGE_LOOP('',(#7171,#7172,#7173,#7174,#7175,#7176,#7177,#7178));
#3931=AXIS2_PLACEMENT_3D('',#7179,#7180,#7181);
#3932=SURFACE_SIDE_STYLE('',(#7182));
#3933=EDGE_LOOP('',(#7183,#7184,#7185,#7186));
#3934=AXIS2_PLACEMENT_3D('',#7187,#7188,#7189);
#3935=SURFACE_SIDE_STYLE('',(#7190));
#3936=EDGE_LOOP('',(#7191,#7192,#7193,#7194));
#3937=AXIS2_PLACEMENT_3D('',#7195,#7196,#7197);
#3938=SURFACE_SIDE_STYLE('',(#7198));
#3939=EDGE_LOOP('',(#7199,#7200,#7201,#7202));
#3940=AXIS2_PLACEMENT_3D('',#7203,#7204,#7205);
#3941=SURFACE_SIDE_STYLE('',(#7206));
#3942=EDGE_LOOP('',(#7207,#7208,#7209,#7210));
#3943=AXIS2_PLACEMENT_3D('',#7211,#7212,#7213);
#3944=SURFACE_SIDE_STYLE('',(#7214));
#3945=EDGE_LOOP('',(#7215,#7216,#7217,#7218));
#3946=AXIS2_PLACEMENT_3D('',#7219,#7220,#7221);
#3947=SURFACE_SIDE_STYLE('',(#7222));
#3948=EDGE_LOOP('',(#7223,#7224,#7225,#7226,#7227,#7228));
#3949=AXIS2_PLACEMENT_3D('',#7229,#7230,#7231);
#3950=SURFACE_SIDE_STYLE('',(#7232));
#3951=EDGE_LOOP('',(#7233,#7234,#7235,#7236));
#3952=AXIS2_PLACEMENT_3D('',#7237,#7238,#7239);
#3953=SURFACE_SIDE_STYLE('',(#7240));
#3954=EDGE_LOOP('',(#7241,#7242,#7243,#7244,#7245,#7246));
#3955=AXIS2_PLACEMENT_3D('',#7247,#7248,#7249);
#3956=SURFACE_SIDE_STYLE('',(#7250));
#3957=EDGE_LOOP('',(#7251,#7252,#7253,#7254));
#3958=AXIS2_PLACEMENT_3D('',#7255,#7256,#7257);
#3959=SURFACE_SIDE_STYLE('',(#7258));
#3960=EDGE_LOOP('',(#7259,#7260,#7261,#7262));
#3961=AXIS2_PLACEMENT_3D('',#7263,#7264,#7265);
#3962=SURFACE_SIDE_STYLE('',(#7266));
#3963=EDGE_LOOP('',(#7267,#7268,#7269,#7270,#7271,#7272));
#3964=AXIS2_PLACEMENT_3D('',#7273,#7274,#7275);
#3965=SURFACE_SIDE_STYLE('',(#7276));
#3966=EDGE_LOOP('',(#7277,#7278,#7279,#7280));
#3967=AXIS2_PLACEMENT_3D('',#7281,#7282,#7283);
#3968=SURFACE_SIDE_STYLE('',(#7284));
#3969=EDGE_LOOP('',(#7285,#7286,#7287,#7288,#7289,#7290));
#3970=AXIS2_PLACEMENT_3D('',#7291,#7292,#7293);
#3971=SURFACE_SIDE_STYLE('',(#7294));
#3972=EDGE_LOOP('',(#7295,#7296,#7297,#7298));
#3973=AXIS2_PLACEMENT_3D('',#7299,#7300,#7301);
#3974=SURFACE_SIDE_STYLE('',(#7302));
#3975=EDGE_LOOP('',(#7303,#7304,#7305,#7306));
#3976=AXIS2_PLACEMENT_3D('',#7307,#7308,#7309);
#3977=SURFACE_SIDE_STYLE('',(#7310));
#3978=EDGE_LOOP('',(#7311,#7312,#7313,#7314));
#3979=AXIS2_PLACEMENT_3D('',#7315,#7316,#7317);
#3980=SURFACE_SIDE_STYLE('',(#7318));
#3981=EDGE_LOOP('',(#7319,#7320,#7321,#7322));
#3982=EDGE_LOOP('',(#7323,#7324));
#3983=AXIS2_PLACEMENT_3D('',#7325,#7326,#7327);
#3984=SURFACE_SIDE_STYLE('',(#7328));
#3985=EDGE_LOOP('',(#7329,#7330,#7331,#7332));
#3986=AXIS2_PLACEMENT_3D('',#7333,#7334,#7335);
#3987=SURFACE_SIDE_STYLE('',(#7336));
#3988=EDGE_LOOP('',(#7337,#7338));
#3989=EDGE_LOOP('',(#7339,#7340,#7341,#7342,#7343,#7344,#7345,#7346,#7347,#7348));
#3990=AXIS2_PLACEMENT_3D('',#7349,#7350,#7351);
#3991=SURFACE_SIDE_STYLE('',(#7352));
#3992=EDGE_LOOP('',(#7353,#7354,#7355,#7356));
#3993=AXIS2_PLACEMENT_3D('',#7357,#7358,#7359);
#3994=SURFACE_SIDE_STYLE('',(#7360));
#3995=EDGE_LOOP('',(#7361,#7362,#7363,#7364,#7365,#7366,#7367,#7368));
#3996=AXIS2_PLACEMENT_3D('',#7369,#7370,#7371);
#3997=SURFACE_SIDE_STYLE('',(#7372));
#3998=EDGE_LOOP('',(#7373,#7374,#7375,#7376));
#3999=AXIS2_PLACEMENT_3D('',#7377,#7378,#7379);
#4000=SURFACE_SIDE_STYLE('',(#7380));
#4001=EDGE_LOOP('',(#7381,#7382,#7383,#7384));
#4002=AXIS2_PLACEMENT_3D('',#7385,#7386,#7387);
#4003=SURFACE_SIDE_STYLE('',(#7388));
#4004=EDGE_LOOP('',(#7389,#7390,#7391,#7392));
#4005=AXIS2_PLACEMENT_3D('',#7393,#7394,#7395);
#4006=SURFACE_SIDE_STYLE('',(#7396));
#4007=EDGE_LOOP('',(#7397,#7398,#7399,#7400));
#4008=AXIS2_PLACEMENT_3D('',#7401,#7402,#7403);
#4009=SURFACE_SIDE_STYLE('',(#7404));
#4010=EDGE_LOOP('',(#7405,#7406,#7407,#7408));
#4011=AXIS2_PLACEMENT_3D('',#7409,#7410,#7411);
#4012=SURFACE_SIDE_STYLE('',(#7412));
#4013=EDGE_LOOP('',(#7413,#7414,#7415,#7416,#7417,#7418));
#4014=AXIS2_PLACEMENT_3D('',#7419,#7420,#7421);
#4015=SURFACE_SIDE_STYLE('',(#7422));
#4016=EDGE_LOOP('',(#7423,#7424,#7425,#7426));
#4017=AXIS2_PLACEMENT_3D('',#7427,#7428,#7429);
#4018=SURFACE_SIDE_STYLE('',(#7430));
#4019=EDGE_LOOP('',(#7431,#7432,#7433,#7434,#7435,#7436));
#4020=AXIS2_PLACEMENT_3D('',#7437,#7438,#7439);
#4021=SURFACE_SIDE_STYLE('',(#7440));
#4022=EDGE_LOOP('',(#7441,#7442,#7443,#7444));
#4023=AXIS2_PLACEMENT_3D('',#7445,#7446,#7447);
#4024=SURFACE_SIDE_STYLE('',(#7448));
#4025=EDGE_LOOP('',(#7449,#7450,#7451,#7452));
#4026=AXIS2_PLACEMENT_3D('',#7453,#7454,#7455);
#4027=SURFACE_SIDE_STYLE('',(#7456));
#4028=EDGE_LOOP('',(#7457,#7458,#7459,#7460,#7461,#7462));
#4029=AXIS2_PLACEMENT_3D('',#7463,#7464,#7465);
#4030=SURFACE_SIDE_STYLE('',(#7466));
#4031=EDGE_LOOP('',(#7467,#7468,#7469,#7470));
#4032=AXIS2_PLACEMENT_3D('',#7471,#7472,#7473);
#4033=SURFACE_SIDE_STYLE('',(#7474));
#4034=EDGE_LOOP('',(#7475,#7476,#7477,#7478,#7479,#7480));
#4035=AXIS2_PLACEMENT_3D('',#7481,#7482,#7483);
#4036=SURFACE_SIDE_STYLE('',(#7484));
#4037=EDGE_LOOP('',(#7485,#7486,#7487,#7488));
#4038=AXIS2_PLACEMENT_3D('',#7489,#7490,#7491);
#4039=SURFACE_SIDE_STYLE('',(#7492));
#4040=EDGE_LOOP('',(#7493,#7494,#7495,#7496));
#4041=AXIS2_PLACEMENT_3D('',#7497,#7498,#7499);
#4042=SURFACE_SIDE_STYLE('',(#7500));
#4043=EDGE_LOOP('',(#7501,#7502,#7503,#7504));
#4044=AXIS2_PLACEMENT_3D('',#7505,#7506,#7507);
#4045=SURFACE_SIDE_STYLE('',(#7508));
#4046=EDGE_LOOP('',(#7509,#7510,#7511,#7512));
#4047=EDGE_LOOP('',(#7513,#7514));
#4048=AXIS2_PLACEMENT_3D('',#7515,#7516,#7517);
#4049=SURFACE_SIDE_STYLE('',(#7518));
#4050=EDGE_LOOP('',(#7519,#7520,#7521,#7522));
#4051=AXIS2_PLACEMENT_3D('',#7523,#7524,#7525);
#4052=SURFACE_SIDE_STYLE('',(#7526));
#4053=EDGE_LOOP('',(#7527,#7528));
#4054=EDGE_LOOP('',(#7529,#7530,#7531,#7532,#7533,#7534,#7535,#7536,#7537,#7538));
#4055=AXIS2_PLACEMENT_3D('',#7539,#7540,#7541);
#4056=SURFACE_SIDE_STYLE('',(#7542));
#4057=EDGE_LOOP('',(#7543,#7544,#7545,#7546));
#4058=AXIS2_PLACEMENT_3D('',#7547,#7548,#7549);
#4059=SURFACE_SIDE_STYLE('',(#7550));
#4060=EDGE_LOOP('',(#7551,#7552,#7553,#7554,#7555,#7556,#7557,#7558));
#4061=AXIS2_PLACEMENT_3D('',#7559,#7560,#7561);
#4062=SURFACE_SIDE_STYLE('',(#7562));
#4063=EDGE_LOOP('',(#7563,#7564,#7565,#7566));
#4064=AXIS2_PLACEMENT_3D('',#7567,#7568,#7569);
#4065=SURFACE_SIDE_STYLE('',(#7570));
#4066=EDGE_LOOP('',(#7571,#7572,#7573,#7574));
#4067=AXIS2_PLACEMENT_3D('',#7575,#7576,#7577);
#4068=SURFACE_SIDE_STYLE('',(#7578));
#4069=EDGE_LOOP('',(#7579,#7580,#7581,#7582));
#4070=AXIS2_PLACEMENT_3D('',#7583,#7584,#7585);
#4071=SURFACE_SIDE_STYLE('',(#7586));
#4072=EDGE_LOOP('',(#7587,#7588,#7589,#7590));
#4073=AXIS2_PLACEMENT_3D('',#7591,#7592,#7593);
#4074=SURFACE_SIDE_STYLE('',(#7594));
#4075=EDGE_LOOP('',(#7595,#7596,#7597,#7598));
#4076=AXIS2_PLACEMENT_3D('',#7599,#7600,#7601);
#4077=SURFACE_SIDE_STYLE('',(#7602));
#4078=EDGE_LOOP('',(#7603,#7604,#7605,#7606,#7607,#7608));
#4079=AXIS2_PLACEMENT_3D('',#7609,#7610,#7611);
#4080=SURFACE_SIDE_STYLE('',(#7612));
#4081=EDGE_LOOP('',(#7613,#7614,#7615,#7616));
#4082=AXIS2_PLACEMENT_3D('',#7617,#7618,#7619);
#4083=SURFACE_SIDE_STYLE('',(#7620));
#4084=EDGE_LOOP('',(#7621,#7622,#7623,#7624,#7625,#7626));
#4085=AXIS2_PLACEMENT_3D('',#7627,#7628,#7629);
#4086=SURFACE_SIDE_STYLE('',(#7630));
#4087=EDGE_LOOP('',(#7631,#7632,#7633,#7634));
#4088=AXIS2_PLACEMENT_3D('',#7635,#7636,#7637);
#4089=SURFACE_SIDE_STYLE('',(#7638));
#4090=EDGE_LOOP('',(#7639,#7640,#7641,#7642));
#4091=AXIS2_PLACEMENT_3D('',#7643,#7644,#7645);
#4092=SURFACE_SIDE_STYLE('',(#7646));
#4093=EDGE_LOOP('',(#7647,#7648,#7649,#7650,#7651,#7652));
#4094=AXIS2_PLACEMENT_3D('',#7653,#7654,#7655);
#4095=SURFACE_SIDE_STYLE('',(#7656));
#4096=EDGE_LOOP('',(#7657,#7658,#7659,#7660));
#4097=AXIS2_PLACEMENT_3D('',#7661,#7662,#7663);
#4098=SURFACE_SIDE_STYLE('',(#7664));
#4099=EDGE_LOOP('',(#7665,#7666,#7667,#7668,#7669,#7670));
#4100=AXIS2_PLACEMENT_3D('',#7671,#7672,#7673);
#4101=SURFACE_SIDE_STYLE('',(#7674));
#4102=EDGE_LOOP('',(#7675,#7676,#7677,#7678));
#4103=AXIS2_PLACEMENT_3D('',#7679,#7680,#7681);
#4104=SURFACE_SIDE_STYLE('',(#7682));
#4105=EDGE_LOOP('',(#7683,#7684,#7685,#7686));
#4106=AXIS2_PLACEMENT_3D('',#7687,#7688,#7689);
#4107=SURFACE_SIDE_STYLE('',(#7690));
#4108=EDGE_LOOP('',(#7691,#7692,#7693,#7694));
#4109=AXIS2_PLACEMENT_3D('',#7695,#7696,#7697);
#4110=SURFACE_SIDE_STYLE('',(#7698));
#4111=EDGE_LOOP('',(#7699,#7700,#7701,#7702));
#4112=EDGE_LOOP('',(#7703,#7704));
#4113=AXIS2_PLACEMENT_3D('',#7705,#7706,#7707);
#4114=SURFACE_SIDE_STYLE('',(#7708));
#4115=EDGE_LOOP('',(#7709,#7710,#7711,#7712));
#4116=AXIS2_PLACEMENT_3D('',#7713,#7714,#7715);
#4117=SURFACE_SIDE_STYLE('',(#7716));
#4118=EDGE_LOOP('',(#7717,#7718));
#4119=EDGE_LOOP('',(#7719,#7720,#7721,#7722,#7723,#7724,#7725,#7726,#7727,#7728));
#4120=AXIS2_PLACEMENT_3D('',#7729,#7730,#7731);
#4121=SURFACE_SIDE_STYLE('',(#7732));
#4122=EDGE_LOOP('',(#7733,#7734,#7735,#7736));
#4123=AXIS2_PLACEMENT_3D('',#7737,#7738,#7739);
#4124=SURFACE_SIDE_STYLE('',(#7740));
#4125=EDGE_LOOP('',(#7741,#7742,#7743,#7744,#7745,#7746,#7747,#7748));
#4126=AXIS2_PLACEMENT_3D('',#7749,#7750,#7751);
#4127=SURFACE_SIDE_STYLE('',(#7752));
#4128=EDGE_LOOP('',(#7753,#7754,#7755,#7756));
#4129=AXIS2_PLACEMENT_3D('',#7757,#7758,#7759);
#4130=SURFACE_SIDE_STYLE('',(#7760));
#4131=EDGE_LOOP('',(#7761,#7762,#7763,#7764));
#4132=AXIS2_PLACEMENT_3D('',#7765,#7766,#7767);
#4133=SURFACE_SIDE_STYLE('',(#7768));
#4134=EDGE_LOOP('',(#7769,#7770,#7771,#7772));
#4135=AXIS2_PLACEMENT_3D('',#7773,#7774,#7775);
#4136=SURFACE_SIDE_STYLE('',(#7776));
#4137=EDGE_LOOP('',(#7777,#7778,#7779,#7780));
#4138=AXIS2_PLACEMENT_3D('',#7781,#7782,#7783);
#4139=SURFACE_SIDE_STYLE('',(#7784));
#4140=EDGE_LOOP('',(#7785,#7786,#7787,#7788));
#4141=AXIS2_PLACEMENT_3D('',#7789,#7790,#7791);
#4142=SURFACE_SIDE_STYLE('',(#7792));
#4143=EDGE_LOOP('',(#7793,#7794,#7795,#7796,#7797,#7798));
#4144=AXIS2_PLACEMENT_3D('',#7799,#7800,#7801);
#4145=SURFACE_SIDE_STYLE('',(#7802));
#4146=EDGE_LOOP('',(#7803,#7804,#7805,#7806));
#4147=AXIS2_PLACEMENT_3D('',#7807,#7808,#7809);
#4148=SURFACE_SIDE_STYLE('',(#7810));
#4149=EDGE_LOOP('',(#7811,#7812,#7813,#7814,#7815,#7816));
#4150=AXIS2_PLACEMENT_3D('',#7817,#7818,#7819);
#4151=SURFACE_SIDE_STYLE('',(#7820));
#4152=EDGE_LOOP('',(#7821,#7822,#7823,#7824));
#4153=AXIS2_PLACEMENT_3D('',#7825,#7826,#7827);
#4154=SURFACE_SIDE_STYLE('',(#7828));
#4155=EDGE_LOOP('',(#7829,#7830,#7831,#7832));
#4156=AXIS2_PLACEMENT_3D('',#7833,#7834,#7835);
#4157=SURFACE_SIDE_STYLE('',(#7836));
#4158=EDGE_LOOP('',(#7837,#7838,#7839,#7840,#7841,#7842));
#4159=AXIS2_PLACEMENT_3D('',#7843,#7844,#7845);
#4160=SURFACE_SIDE_STYLE('',(#7846));
#4161=EDGE_LOOP('',(#7847,#7848,#7849,#7850));
#4162=AXIS2_PLACEMENT_3D('',#7851,#7852,#7853);
#4163=SURFACE_SIDE_STYLE('',(#7854));
#4164=EDGE_LOOP('',(#7855,#7856,#7857,#7858,#7859,#7860));
#4165=AXIS2_PLACEMENT_3D('',#7861,#7862,#7863);
#4166=SURFACE_SIDE_STYLE('',(#7864));
#4167=EDGE_LOOP('',(#7865,#7866,#7867,#7868));
#4168=AXIS2_PLACEMENT_3D('',#7869,#7870,#7871);
#4169=SURFACE_SIDE_STYLE('',(#7872));
#4170=EDGE_LOOP('',(#7873,#7874,#7875,#7876));
#4171=AXIS2_PLACEMENT_3D('',#7877,#7878,#7879);
#4172=SURFACE_SIDE_STYLE('',(#7880));
#4173=EDGE_LOOP('',(#7881,#7882,#7883,#7884));
#4174=AXIS2_PLACEMENT_3D('',#7885,#7886,#7887);
#4175=SURFACE_SIDE_STYLE('',(#7888));
#4176=EDGE_LOOP('',(#7889,#7890,#7891,#7892));
#4177=EDGE_LOOP('',(#7893,#7894));
#4178=AXIS2_PLACEMENT_3D('',#7895,#7896,#7897);
#4179=SURFACE_SIDE_STYLE('',(#7898));
#4180=EDGE_LOOP('',(#7899,#7900,#7901,#7902));
#4181=AXIS2_PLACEMENT_3D('',#7903,#7904,#7905);
#4182=SURFACE_SIDE_STYLE('',(#7906));
#4183=EDGE_LOOP('',(#7907,#7908));
#4184=EDGE_LOOP('',(#7909,#7910,#7911,#7912,#7913,#7914,#7915,#7916,#7917,#7918));
#4185=AXIS2_PLACEMENT_3D('',#7919,#7920,#7921);
#4186=SURFACE_SIDE_STYLE('',(#7922));
#4187=EDGE_LOOP('',(#7923,#7924,#7925,#7926));
#4188=AXIS2_PLACEMENT_3D('',#7927,#7928,#7929);
#4189=SURFACE_SIDE_STYLE('',(#7930));
#4190=EDGE_LOOP('',(#7931,#7932,#7933,#7934,#7935,#7936,#7937,#7938));
#4191=AXIS2_PLACEMENT_3D('',#7939,#7940,#7941);
#4192=SURFACE_SIDE_STYLE('',(#7942));
#4193=EDGE_LOOP('',(#7943,#7944,#7945,#7946));
#4194=AXIS2_PLACEMENT_3D('',#7947,#7948,#7949);
#4195=SURFACE_SIDE_STYLE('',(#7950));
#4196=EDGE_LOOP('',(#7951,#7952,#7953,#7954));
#4197=AXIS2_PLACEMENT_3D('',#7955,#7956,#7957);
#4198=SURFACE_SIDE_STYLE('',(#7958));
#4199=EDGE_LOOP('',(#7959,#7960,#7961,#7962));
#4200=AXIS2_PLACEMENT_3D('',#7963,#7964,#7965);
#4201=SURFACE_SIDE_STYLE('',(#7966));
#4202=EDGE_LOOP('',(#7967,#7968,#7969,#7970));
#4203=AXIS2_PLACEMENT_3D('',#7971,#7972,#7973);
#4204=SURFACE_SIDE_STYLE('',(#7974));
#4205=EDGE_LOOP('',(#7975,#7976,#7977,#7978));
#4206=AXIS2_PLACEMENT_3D('',#7979,#7980,#7981);
#4207=SURFACE_SIDE_STYLE('',(#7982));
#4208=EDGE_LOOP('',(#7983,#7984,#7985,#7986,#7987,#7988));
#4209=AXIS2_PLACEMENT_3D('',#7989,#7990,#7991);
#4210=SURFACE_SIDE_STYLE('',(#7992));
#4211=EDGE_LOOP('',(#7993,#7994,#7995,#7996));
#4212=AXIS2_PLACEMENT_3D('',#7997,#7998,#7999);
#4213=SURFACE_SIDE_STYLE('',(#8000));
#4214=EDGE_LOOP('',(#8001,#8002,#8003,#8004,#8005,#8006));
#4215=AXIS2_PLACEMENT_3D('',#8007,#8008,#8009);
#4216=SURFACE_SIDE_STYLE('',(#8010));
#4217=EDGE_LOOP('',(#8011,#8012,#8013,#8014));
#4218=AXIS2_PLACEMENT_3D('',#8015,#8016,#8017);
#4219=SURFACE_SIDE_STYLE('',(#8018));
#4220=EDGE_LOOP('',(#8019,#8020,#8021,#8022));
#4221=AXIS2_PLACEMENT_3D('',#8023,#8024,#8025);
#4222=SURFACE_SIDE_STYLE('',(#8026));
#4223=EDGE_LOOP('',(#8027,#8028,#8029,#8030,#8031,#8032));
#4224=AXIS2_PLACEMENT_3D('',#8033,#8034,#8035);
#4225=SURFACE_SIDE_STYLE('',(#8036));
#4226=EDGE_LOOP('',(#8037,#8038,#8039,#8040));
#4227=AXIS2_PLACEMENT_3D('',#8041,#8042,#8043);
#4228=SURFACE_SIDE_STYLE('',(#8044));
#4229=EDGE_LOOP('',(#8045,#8046,#8047,#8048,#8049,#8050));
#4230=AXIS2_PLACEMENT_3D('',#8051,#8052,#8053);
#4231=SURFACE_SIDE_STYLE('',(#8054));
#4232=EDGE_LOOP('',(#8055,#8056,#8057,#8058));
#4233=AXIS2_PLACEMENT_3D('',#8059,#8060,#8061);
#4234=SURFACE_SIDE_STYLE('',(#8062));
#4235=EDGE_LOOP('',(#8063,#8064,#8065,#8066));
#4236=AXIS2_PLACEMENT_3D('',#8067,#8068,#8069);
#4237=SURFACE_SIDE_STYLE('',(#8070));
#4238=EDGE_LOOP('',(#8071,#8072,#8073,#8074));
#4239=AXIS2_PLACEMENT_3D('',#8075,#8076,#8077);
#4240=SURFACE_SIDE_STYLE('',(#8078));
#4241=EDGE_LOOP('',(#8079,#8080,#8081,#8082));
#4242=EDGE_LOOP('',(#8083,#8084));
#4243=AXIS2_PLACEMENT_3D('',#8085,#8086,#8087);
#4244=SURFACE_SIDE_STYLE('',(#8088));
#4245=EDGE_LOOP('',(#8089,#8090,#8091,#8092));
#4246=AXIS2_PLACEMENT_3D('',#8093,#8094,#8095);
#4247=SURFACE_SIDE_STYLE('',(#8096));
#4248=EDGE_LOOP('',(#8097,#8098));
#4249=EDGE_LOOP('',(#8099,#8100,#8101,#8102,#8103,#8104,#8105,#8106,#8107,#8108));
#4250=AXIS2_PLACEMENT_3D('',#8109,#8110,#8111);
#4251=SURFACE_SIDE_STYLE('',(#8112));
#4252=EDGE_LOOP('',(#8113,#8114,#8115,#8116));
#4253=AXIS2_PLACEMENT_3D('',#8117,#8118,#8119);
#4254=SURFACE_SIDE_STYLE('',(#8120));
#4255=EDGE_LOOP('',(#8121,#8122,#8123,#8124,#8125,#8126,#8127,#8128));
#4256=AXIS2_PLACEMENT_3D('',#8129,#8130,#8131);
#4257=SURFACE_SIDE_STYLE('',(#8132));
#4258=EDGE_LOOP('',(#8133,#8134,#8135,#8136));
#4259=AXIS2_PLACEMENT_3D('',#8137,#8138,#8139);
#4260=SURFACE_SIDE_STYLE('',(#8140));
#4261=EDGE_LOOP('',(#8141,#8142,#8143,#8144));
#4262=AXIS2_PLACEMENT_3D('',#8145,#8146,#8147);
#4263=SURFACE_SIDE_STYLE('',(#8148));
#4264=EDGE_LOOP('',(#8149,#8150,#8151,#8152));
#4265=AXIS2_PLACEMENT_3D('',#8153,#8154,#8155);
#4266=SURFACE_SIDE_STYLE('',(#8156));
#4267=EDGE_LOOP('',(#8157,#8158,#8159,#8160));
#4268=AXIS2_PLACEMENT_3D('',#8161,#8162,#8163);
#4269=SURFACE_SIDE_STYLE('',(#8164));
#4270=EDGE_LOOP('',(#8165,#8166,#8167,#8168));
#4271=AXIS2_PLACEMENT_3D('',#8169,#8170,#8171);
#4272=SURFACE_SIDE_STYLE('',(#8172));
#4273=EDGE_LOOP('',(#8173,#8174,#8175,#8176,#8177,#8178));
#4274=AXIS2_PLACEMENT_3D('',#8179,#8180,#8181);
#4275=SURFACE_SIDE_STYLE('',(#8182));
#4276=EDGE_LOOP('',(#8183,#8184,#8185,#8186));
#4277=AXIS2_PLACEMENT_3D('',#8187,#8188,#8189);
#4278=SURFACE_SIDE_STYLE('',(#8190));
#4279=EDGE_LOOP('',(#8191,#8192,#8193,#8194,#8195,#8196));
#4280=AXIS2_PLACEMENT_3D('',#8197,#8198,#8199);
#4281=SURFACE_SIDE_STYLE('',(#8200));
#4282=EDGE_LOOP('',(#8201,#8202,#8203,#8204));
#4283=AXIS2_PLACEMENT_3D('',#8205,#8206,#8207);
#4284=SURFACE_SIDE_STYLE('',(#8208));
#4285=EDGE_LOOP('',(#8209,#8210,#8211,#8212));
#4286=AXIS2_PLACEMENT_3D('',#8213,#8214,#8215);
#4287=SURFACE_SIDE_STYLE('',(#8216));
#4288=EDGE_LOOP('',(#8217,#8218,#8219,#8220,#8221,#8222));
#4289=AXIS2_PLACEMENT_3D('',#8223,#8224,#8225);
#4290=SURFACE_SIDE_STYLE('',(#8226));
#4291=EDGE_LOOP('',(#8227,#8228,#8229,#8230));
#4292=AXIS2_PLACEMENT_3D('',#8231,#8232,#8233);
#4293=SURFACE_SIDE_STYLE('',(#8234));
#4294=EDGE_LOOP('',(#8235,#8236,#8237,#8238,#8239,#8240));
#4295=AXIS2_PLACEMENT_3D('',#8241,#8242,#8243);
#4296=SURFACE_SIDE_STYLE('',(#8244));
#4297=EDGE_LOOP('',(#8245,#8246,#8247,#8248));
#4298=AXIS2_PLACEMENT_3D('',#8249,#8250,#8251);
#4299=SURFACE_SIDE_STYLE('',(#8252));
#4300=EDGE_LOOP('',(#8253,#8254,#8255,#8256));
#4301=AXIS2_PLACEMENT_3D('',#8257,#8258,#8259);
#4302=SURFACE_SIDE_STYLE('',(#8260));
#4303=EDGE_LOOP('',(#8261,#8262,#8263,#8264));
#4304=AXIS2_PLACEMENT_3D('',#8265,#8266,#8267);
#4305=SURFACE_SIDE_STYLE('',(#8268));
#4306=EDGE_LOOP('',(#8269,#8270,#8271,#8272));
#4307=EDGE_LOOP('',(#8273,#8274));
#4308=AXIS2_PLACEMENT_3D('',#8275,#8276,#8277);
#4309=SURFACE_SIDE_STYLE('',(#8278));
#4310=EDGE_LOOP('',(#8279,#8280,#8281,#8282));
#4311=AXIS2_PLACEMENT_3D('',#8283,#8284,#8285);
#4312=SURFACE_SIDE_STYLE('',(#8286));
#4313=EDGE_LOOP('',(#8287,#8288));
#4314=EDGE_LOOP('',(#8289,#8290,#8291,#8292,#8293,#8294,#8295,#8296,#8297,#8298));
#4315=AXIS2_PLACEMENT_3D('',#8299,#8300,#8301);
#4316=SURFACE_SIDE_STYLE('',(#8302));
#4317=EDGE_LOOP('',(#8303,#8304,#8305,#8306));
#4318=AXIS2_PLACEMENT_3D('',#8307,#8308,#8309);
#4319=SURFACE_SIDE_STYLE('',(#8310));
#4320=EDGE_LOOP('',(#8311,#8312,#8313,#8314,#8315,#8316,#8317,#8318));
#4321=AXIS2_PLACEMENT_3D('',#8319,#8320,#8321);
#4322=SURFACE_SIDE_STYLE('',(#8322));
#4323=EDGE_LOOP('',(#8323,#8324,#8325,#8326));
#4324=AXIS2_PLACEMENT_3D('',#8327,#8328,#8329);
#4325=SURFACE_SIDE_STYLE('',(#8330));
#4326=EDGE_LOOP('',(#8331,#8332,#8333,#8334));
#4327=AXIS2_PLACEMENT_3D('',#8335,#8336,#8337);
#4328=SURFACE_SIDE_STYLE('',(#8338));
#4329=EDGE_LOOP('',(#8339,#8340,#8341,#8342));
#4330=AXIS2_PLACEMENT_3D('',#8343,#8344,#8345);
#4331=SURFACE_SIDE_STYLE('',(#8346));
#4332=EDGE_LOOP('',(#8347,#8348,#8349,#8350));
#4333=AXIS2_PLACEMENT_3D('',#8351,#8352,#8353);
#4334=SURFACE_SIDE_STYLE('',(#8354));
#4335=EDGE_LOOP('',(#8355,#8356,#8357,#8358));
#4336=AXIS2_PLACEMENT_3D('',#8359,#8360,#8361);
#4337=SURFACE_SIDE_STYLE('',(#8362));
#4338=EDGE_LOOP('',(#8363,#8364,#8365,#8366,#8367,#8368));
#4339=AXIS2_PLACEMENT_3D('',#8369,#8370,#8371);
#4340=SURFACE_SIDE_STYLE('',(#8372));
#4341=EDGE_LOOP('',(#8373,#8374,#8375,#8376));
#4342=AXIS2_PLACEMENT_3D('',#8377,#8378,#8379);
#4343=SURFACE_SIDE_STYLE('',(#8380));
#4344=EDGE_LOOP('',(#8381,#8382,#8383,#8384,#8385,#8386));
#4345=AXIS2_PLACEMENT_3D('',#8387,#8388,#8389);
#4346=SURFACE_SIDE_STYLE('',(#8390));
#4347=EDGE_LOOP('',(#8391,#8392,#8393,#8394));
#4348=AXIS2_PLACEMENT_3D('',#8395,#8396,#8397);
#4349=SURFACE_SIDE_STYLE('',(#8398));
#4350=EDGE_LOOP('',(#8399,#8400,#8401,#8402));
#4351=AXIS2_PLACEMENT_3D('',#8403,#8404,#8405);
#4352=SURFACE_SIDE_STYLE('',(#8406));
#4353=EDGE_LOOP('',(#8407,#8408,#8409,#8410,#8411,#8412));
#4354=AXIS2_PLACEMENT_3D('',#8413,#8414,#8415);
#4355=SURFACE_SIDE_STYLE('',(#8416));
#4356=EDGE_LOOP('',(#8417,#8418,#8419,#8420));
#4357=AXIS2_PLACEMENT_3D('',#8421,#8422,#8423);
#4358=SURFACE_SIDE_STYLE('',(#8424));
#4359=EDGE_LOOP('',(#8425,#8426,#8427,#8428,#8429,#8430));
#4360=AXIS2_PLACEMENT_3D('',#8431,#8432,#8433);
#4361=SURFACE_SIDE_STYLE('',(#8434));
#4362=EDGE_LOOP('',(#8435,#8436,#8437,#8438));
#4363=AXIS2_PLACEMENT_3D('',#8439,#8440,#8441);
#4364=SURFACE_SIDE_STYLE('',(#8442));
#4365=EDGE_LOOP('',(#8443,#8444,#8445,#8446));
#4366=AXIS2_PLACEMENT_3D('',#8447,#8448,#8449);
#4367=SURFACE_SIDE_STYLE('',(#8450));
#4368=EDGE_LOOP('',(#8451,#8452,#8453,#8454));
#4369=AXIS2_PLACEMENT_3D('',#8455,#8456,#8457);
#4370=SURFACE_SIDE_STYLE('',(#8458));
#4371=EDGE_LOOP('',(#8459,#8460,#8461,#8462));
#4372=EDGE_LOOP('',(#8463,#8464));
#4373=AXIS2_PLACEMENT_3D('',#8465,#8466,#8467);
#4374=SURFACE_SIDE_STYLE('',(#8468));
#4375=EDGE_LOOP('',(#8469,#8470,#8471,#8472));
#4376=AXIS2_PLACEMENT_3D('',#8473,#8474,#8475);
#4377=SURFACE_SIDE_STYLE('',(#8476));
#4378=EDGE_LOOP('',(#8477,#8478));
#4379=EDGE_LOOP('',(#8479,#8480,#8481,#8482,#8483,#8484,#8485,#8486,#8487,#8488));
#4380=AXIS2_PLACEMENT_3D('',#8489,#8490,#8491);
#4381=SURFACE_SIDE_STYLE('',(#8492));
#4382=EDGE_LOOP('',(#8493,#8494,#8495,#8496));
#4383=AXIS2_PLACEMENT_3D('',#8497,#8498,#8499);
#4384=SURFACE_SIDE_STYLE('',(#8500));
#4385=EDGE_LOOP('',(#8501,#8502,#8503,#8504,#8505,#8506,#8507,#8508));
#4386=AXIS2_PLACEMENT_3D('',#8509,#8510,#8511);
#4387=SURFACE_SIDE_STYLE('',(#8512));
#4388=EDGE_LOOP('',(#8513,#8514,#8515,#8516));
#4389=AXIS2_PLACEMENT_3D('',#8517,#8518,#8519);
#4390=SURFACE_SIDE_STYLE('',(#8520));
#4391=EDGE_LOOP('',(#8521,#8522,#8523,#8524));
#4392=AXIS2_PLACEMENT_3D('',#8525,#8526,#8527);
#4393=SURFACE_SIDE_STYLE('',(#8528));
#4394=EDGE_LOOP('',(#8529,#8530,#8531,#8532));
#4395=AXIS2_PLACEMENT_3D('',#8533,#8534,#8535);
#4396=SURFACE_SIDE_STYLE('',(#8536));
#4397=EDGE_LOOP('',(#8537,#8538,#8539,#8540));
#4398=AXIS2_PLACEMENT_3D('',#8541,#8542,#8543);
#4399=SURFACE_SIDE_STYLE('',(#8544));
#4400=EDGE_LOOP('',(#8545,#8546,#8547,#8548));
#4401=AXIS2_PLACEMENT_3D('',#8549,#8550,#8551);
#4402=SURFACE_SIDE_STYLE('',(#8552));
#4403=EDGE_LOOP('',(#8553,#8554,#8555,#8556,#8557,#8558));
#4404=AXIS2_PLACEMENT_3D('',#8559,#8560,#8561);
#4405=SURFACE_SIDE_STYLE('',(#8562));
#4406=EDGE_LOOP('',(#8563,#8564,#8565,#8566));
#4407=AXIS2_PLACEMENT_3D('',#8567,#8568,#8569);
#4408=SURFACE_SIDE_STYLE('',(#8570));
#4409=EDGE_LOOP('',(#8571,#8572,#8573,#8574,#8575,#8576));
#4410=AXIS2_PLACEMENT_3D('',#8577,#8578,#8579);
#4411=SURFACE_SIDE_STYLE('',(#8580));
#4412=EDGE_LOOP('',(#8581,#8582,#8583,#8584));
#4413=AXIS2_PLACEMENT_3D('',#8585,#8586,#8587);
#4414=SURFACE_SIDE_STYLE('',(#8588));
#4415=EDGE_LOOP('',(#8589,#8590,#8591,#8592));
#4416=AXIS2_PLACEMENT_3D('',#8593,#8594,#8595);
#4417=SURFACE_SIDE_STYLE('',(#8596));
#4418=EDGE_LOOP('',(#8597,#8598,#8599,#8600,#8601,#8602));
#4419=AXIS2_PLACEMENT_3D('',#8603,#8604,#8605);
#4420=SURFACE_SIDE_STYLE('',(#8606));
#4421=EDGE_LOOP('',(#8607,#8608,#8609,#8610));
#4422=AXIS2_PLACEMENT_3D('',#8611,#8612,#8613);
#4423=SURFACE_SIDE_STYLE('',(#8614));
#4424=EDGE_LOOP('',(#8615,#8616,#8617,#8618,#8619,#8620));
#4425=AXIS2_PLACEMENT_3D('',#8621,#8622,#8623);
#4426=SURFACE_SIDE_STYLE('',(#8624));
#4427=EDGE_LOOP('',(#8625,#8626,#8627,#8628));
#4428=AXIS2_PLACEMENT_3D('',#8629,#8630,#8631);
#4429=SURFACE_SIDE_STYLE('',(#8632));
#4430=EDGE_LOOP('',(#8633,#8634,#8635,#8636));
#4431=AXIS2_PLACEMENT_3D('',#8637,#8638,#8639);
#4432=SURFACE_SIDE_STYLE('',(#8640));
#4433=EDGE_LOOP('',(#8641,#8642,#8643,#8644));
#4434=AXIS2_PLACEMENT_3D('',#8645,#8646,#8647);
#4435=SURFACE_SIDE_STYLE('',(#8648));
#4436=EDGE_LOOP('',(#8649,#8650,#8651,#8652));
#4437=EDGE_LOOP('',(#8653,#8654));
#4438=AXIS2_PLACEMENT_3D('',#8655,#8656,#8657);
#4439=SURFACE_SIDE_STYLE('',(#8658));
#4440=EDGE_LOOP('',(#8659,#8660,#8661,#8662));
#4441=AXIS2_PLACEMENT_3D('',#8663,#8664,#8665);
#4442=SURFACE_SIDE_STYLE('',(#8666));
#4443=EDGE_LOOP('',(#8667,#8668));
#4444=EDGE_LOOP('',(#8669,#8670,#8671,#8672,#8673,#8674,#8675,#8676,#8677,#8678));
#4445=AXIS2_PLACEMENT_3D('',#8679,#8680,#8681);
#4446=SURFACE_SIDE_STYLE('',(#8682));
#4447=EDGE_LOOP('',(#8683,#8684,#8685,#8686));
#4448=AXIS2_PLACEMENT_3D('',#8687,#8688,#8689);
#4449=SURFACE_SIDE_STYLE('',(#8690));
#4450=EDGE_LOOP('',(#8691,#8692,#8693,#8694,#8695,#8696,#8697,#8698));
#4451=AXIS2_PLACEMENT_3D('',#8699,#8700,#8701);
#4452=SURFACE_SIDE_STYLE('',(#8702));
#4453=EDGE_LOOP('',(#8703,#8704,#8705,#8706));
#4454=AXIS2_PLACEMENT_3D('',#8707,#8708,#8709);
#4455=SURFACE_SIDE_STYLE('',(#8710));
#4456=EDGE_LOOP('',(#8711,#8712,#8713,#8714));
#4457=AXIS2_PLACEMENT_3D('',#8715,#8716,#8717);
#4458=SURFACE_SIDE_STYLE('',(#8718));
#4459=EDGE_LOOP('',(#8719,#8720,#8721,#8722));
#4460=AXIS2_PLACEMENT_3D('',#8723,#8724,#8725);
#4461=SURFACE_SIDE_STYLE('',(#8726));
#4462=EDGE_LOOP('',(#8727,#8728,#8729,#8730));
#4463=AXIS2_PLACEMENT_3D('',#8731,#8732,#8733);
#4464=SURFACE_SIDE_STYLE('',(#8734));
#4465=EDGE_LOOP('',(#8735,#8736,#8737,#8738));
#4466=AXIS2_PLACEMENT_3D('',#8739,#8740,#8741);
#4467=SURFACE_SIDE_STYLE('',(#8742));
#4468=EDGE_LOOP('',(#8743,#8744,#8745,#8746,#8747,#8748));
#4469=AXIS2_PLACEMENT_3D('',#8749,#8750,#8751);
#4470=SURFACE_SIDE_STYLE('',(#8752));
#4471=EDGE_LOOP('',(#8753,#8754,#8755,#8756));
#4472=AXIS2_PLACEMENT_3D('',#8757,#8758,#8759);
#4473=SURFACE_SIDE_STYLE('',(#8760));
#4474=EDGE_LOOP('',(#8761,#8762,#8763,#8764,#8765,#8766));
#4475=AXIS2_PLACEMENT_3D('',#8767,#8768,#8769);
#4476=SURFACE_SIDE_STYLE('',(#8770));
#4477=EDGE_LOOP('',(#8771,#8772,#8773,#8774));
#4478=AXIS2_PLACEMENT_3D('',#8775,#8776,#8777);
#4479=SURFACE_SIDE_STYLE('',(#8778));
#4480=EDGE_LOOP('',(#8779,#8780,#8781,#8782));
#4481=AXIS2_PLACEMENT_3D('',#8783,#8784,#8785);
#4482=SURFACE_SIDE_STYLE('',(#8786));
#4483=EDGE_LOOP('',(#8787,#8788,#8789,#8790));
#4484=AXIS2_PLACEMENT_3D('',#8791,#8792,#8793);
#4485=SURFACE_SIDE_STYLE('',(#8794));
#4486=EDGE_LOOP('',(#8795,#8796,#8797,#8798,#8799,#8800,#8801,#8802,#8803,#8804,#8805,#8806,#8807,#8808));
#4487=EDGE_LOOP('',(#8809,#8810,#8811,#8812,#8813,#8814,#8815,#8816,#8817,#8818,#8819,#8820,#8821,#8822));
#4488=EDGE_LOOP('',(#8823,#8824,#8825,#8826,#8827,#8828,#8829,#8830,#8831,#8832,#8833,#8834,#8835,#8836));
#4489=EDGE_LOOP('',(#8837,#8838,#8839,#8840,#8841,#8842,#8843,#8844,#8845,#8846,#8847,#8848,#8849,#8850));
#4490=EDGE_LOOP('',(#8851,#8852,#8853,#8854,#8855,#8856,#8857,#8858,#8859,#8860,#8861,#8862,#8863,#8864));
#4491=EDGE_LOOP('',(#8865,#8866,#8867,#8868,#8869,#8870,#8871,#8872,#8873,#8874,#8875,#8876,#8877,#8878));
#4492=EDGE_LOOP('',(#8879,#8880,#8881,#8882,#8883,#8884,#8885,#8886,#8887,#8888,#8889,#8890,#8891,#8892));
#4493=EDGE_LOOP('',(#8893,#8894,#8895,#8896,#8897,#8898,#8899,#8900,#8901,#8902,#8903,#8904,#8905,#8906));
#4494=EDGE_LOOP('',(#8907,#8908,#8909,#8910,#8911,#8912,#8913,#8914,#8915,#8916,#8917,#8918,#8919,#8920));
#4495=EDGE_LOOP('',(#8921,#8922,#8923,#8924,#8925,#8926,#8927,#8928,#8929,#8930,#8931,#8932,#8933,#8934));
#4496=EDGE_LOOP('',(#8935,#8936,#8937,#8938));
#4497=AXIS2_PLACEMENT_3D('',#8939,#8940,#8941);
#4498=SURFACE_SIDE_STYLE('',(#8942));
#4499=EDGE_LOOP('',(#8943,#8944,#8945,#8946));
#4500=AXIS2_PLACEMENT_3D('',#8947,#8948,#8949);
#4502=SURFACE_STYLE_FILL_AREA(#8950);
#4503=ORIENTED_EDGE('',*,*,#8951,.F.);
#4504=ORIENTED_EDGE('',*,*,#8952,.F.);
#4505=ORIENTED_EDGE('',*,*,#8953,.F.);
#4506=ORIENTED_EDGE('',*,*,#8954,.T.);
#4507=CARTESIAN_POINT('',(0.0,-0.635,0.0875));
#4508=DIRECTION('',(0.0,-6.12323399573676E-17,-1.0));
#4509=DIRECTION('',(1.0,0.0,0.0));
#4510=SURFACE_STYLE_FILL_AREA(#8955);
#4511=ORIENTED_EDGE('',*,*,#8956,.F.);
#4512=ORIENTED_EDGE('',*,*,#8957,.F.);
#4513=ORIENTED_EDGE('',*,*,#8958,.F.);
#4514=ORIENTED_EDGE('',*,*,#8959,.T.);
#4515=CARTESIAN_POINT('',(3.81,-0.635,0.0875));
#4516=DIRECTION('',(0.0,-6.12323399573676E-17,-1.0));
#4517=DIRECTION('',(1.0,0.0,0.0));
#4518=SURFACE_STYLE_FILL_AREA(#8960);
#4519=ORIENTED_EDGE('',*,*,#8961,.F.);
#4520=ORIENTED_EDGE('',*,*,#8962,.F.);
#4521=ORIENTED_EDGE('',*,*,#8963,.F.);
#4522=ORIENTED_EDGE('',*,*,#8964,.T.);
#4523=CARTESIAN_POINT('',(7.62,-0.635,0.0875));
#4524=DIRECTION('',(0.0,-6.12323399573676E-17,-1.0));
#4525=DIRECTION('',(1.0,0.0,0.0));
#4526=SURFACE_STYLE_FILL_AREA(#8965);
#4527=ORIENTED_EDGE('',*,*,#8966,.F.);
#4528=ORIENTED_EDGE('',*,*,#8967,.F.);
#4529=ORIENTED_EDGE('',*,*,#8968,.F.);
#4530=ORIENTED_EDGE('',*,*,#8969,.T.);
#4531=CARTESIAN_POINT('',(11.43,-0.635,0.0875));
#4532=DIRECTION('',(0.0,-6.12323399573676E-17,-1.0));
#4533=DIRECTION('',(1.0,0.0,0.0));
#4534=SURFACE_STYLE_FILL_AREA(#8970);
#4535=ORIENTED_EDGE('',*,*,#8971,.F.);
#4536=ORIENTED_EDGE('',*,*,#8972,.F.);
#4537=ORIENTED_EDGE('',*,*,#8973,.F.);
#4538=ORIENTED_EDGE('',*,*,#8974,.T.);
#4539=CARTESIAN_POINT('',(15.24,-0.635,0.0875));
#4540=DIRECTION('',(0.0,-6.12323399573676E-17,-1.0));
#4541=DIRECTION('',(1.0,0.0,0.0));
#4542=SURFACE_STYLE_FILL_AREA(#8975);
#4543=ORIENTED_EDGE('',*,*,#8976,.F.);
#4544=ORIENTED_EDGE('',*,*,#8977,.F.);
#4545=ORIENTED_EDGE('',*,*,#8978,.F.);
#4546=ORIENTED_EDGE('',*,*,#8979,.T.);
#4547=CARTESIAN_POINT('',(19.05,-0.635,0.0875));
#4548=DIRECTION('',(0.0,-6.12323399573676E-17,-1.0));
#4549=DIRECTION('',(1.0,0.0,0.0));
#4550=SURFACE_STYLE_FILL_AREA(#8980);
#4551=ORIENTED_EDGE('',*,*,#8981,.F.);
#4552=ORIENTED_EDGE('',*,*,#8982,.F.);
#4553=ORIENTED_EDGE('',*,*,#8983,.F.);
#4554=ORIENTED_EDGE('',*,*,#8984,.T.);
#4555=CARTESIAN_POINT('',(22.86,-0.635,0.0875));
#4556=DIRECTION('',(0.0,-6.12323399573676E-17,-1.0));
#4557=DIRECTION('',(1.0,0.0,0.0));
#4558=SURFACE_STYLE_FILL_AREA(#8985);
#4559=ORIENTED_EDGE('',*,*,#8986,.F.);
#4560=ORIENTED_EDGE('',*,*,#8987,.F.);
#4561=ORIENTED_EDGE('',*,*,#8988,.F.);
#4562=ORIENTED_EDGE('',*,*,#8989,.T.);
#4563=CARTESIAN_POINT('',(26.67,-0.635,0.0875));
#4564=DIRECTION('',(0.0,-6.12323399573676E-17,-1.0));
#4565=DIRECTION('',(1.0,0.0,0.0));
#4566=SURFACE_STYLE_FILL_AREA(#8990);
#4567=ORIENTED_EDGE('',*,*,#8991,.F.);
#4568=ORIENTED_EDGE('',*,*,#8992,.F.);
#4569=ORIENTED_EDGE('',*,*,#8993,.F.);
#4570=ORIENTED_EDGE('',*,*,#8994,.T.);
#4571=CARTESIAN_POINT('',(30.48,-0.635,0.0875));
#4572=DIRECTION('',(0.0,-6.12323399573676E-17,-1.0));
#4573=DIRECTION('',(1.0,0.0,0.0));
#4574=SURFACE_STYLE_FILL_AREA(#8995);
#4575=ORIENTED_EDGE('',*,*,#8996,.F.);
#4576=ORIENTED_EDGE('',*,*,#8997,.F.);
#4577=ORIENTED_EDGE('',*,*,#8998,.F.);
#4578=ORIENTED_EDGE('',*,*,#8999,.T.);
#4579=CARTESIAN_POINT('',(34.29,-0.635,0.0875));
#4580=DIRECTION('',(0.0,-6.12323399573676E-17,-1.0));
#4581=DIRECTION('',(1.0,0.0,0.0));
#4582=SURFACE_STYLE_FILL_AREA(#9000);
#4583=ORIENTED_EDGE('',*,*,#9001,.F.);
#4584=ORIENTED_EDGE('',*,*,#9002,.F.);
#4585=ORIENTED_EDGE('',*,*,#9003,.F.);
#4586=ORIENTED_EDGE('',*,*,#9004,.T.);
#4587=CARTESIAN_POINT('',(0.0,1.189,0.4612));
#4588=DIRECTION('',(0.0,-6.12323399573676E-17,-1.0));
#4589=DIRECTION('',(1.0,0.0,0.0));
#4590=SURFACE_STYLE_FILL_AREA(#9005);
#4591=ORIENTED_EDGE('',*,*,#9006,.F.);
#4592=ORIENTED_EDGE('',*,*,#9007,.F.);
#4593=ORIENTED_EDGE('',*,*,#9008,.F.);
#4594=ORIENTED_EDGE('',*,*,#9009,.T.);
#4595=CARTESIAN_POINT('',(3.81,1.189,0.4612));
#4596=DIRECTION('',(0.0,-6.12323399573676E-17,-1.0));
#4597=DIRECTION('',(1.0,0.0,0.0));
#4598=SURFACE_STYLE_FILL_AREA(#9010);
#4599=ORIENTED_EDGE('',*,*,#9011,.F.);
#4600=ORIENTED_EDGE('',*,*,#9012,.F.);
#4601=ORIENTED_EDGE('',*,*,#9013,.F.);
#4602=ORIENTED_EDGE('',*,*,#9014,.T.);
#4603=CARTESIAN_POINT('',(7.62,1.189,0.4612));
#4604=DIRECTION('',(0.0,-6.12323399573676E-17,-1.0));
#4605=DIRECTION('',(1.0,0.0,0.0));
#4606=SURFACE_STYLE_FILL_AREA(#9015);
#4607=ORIENTED_EDGE('',*,*,#9016,.F.);
#4608=ORIENTED_EDGE('',*,*,#9017,.F.);
#4609=ORIENTED_EDGE('',*,*,#9018,.F.);
#4610=ORIENTED_EDGE('',*,*,#9019,.T.);
#4611=CARTESIAN_POINT('',(11.43,1.189,0.4612));
#4612=DIRECTION('',(0.0,-6.12323399573676E-17,-1.0));
#4613=DIRECTION('',(1.0,0.0,0.0));
#4614=SURFACE_STYLE_FILL_AREA(#9020);
#4615=ORIENTED_EDGE('',*,*,#9021,.F.);
#4616=ORIENTED_EDGE('',*,*,#9022,.F.);
#4617=ORIENTED_EDGE('',*,*,#9023,.F.);
#4618=ORIENTED_EDGE('',*,*,#9024,.T.);
#4619=CARTESIAN_POINT('',(15.24,1.189,0.4612));
#4620=DIRECTION('',(0.0,-6.12323399573676E-17,-1.0));
#4621=DIRECTION('',(1.0,0.0,0.0));
#4622=SURFACE_STYLE_FILL_AREA(#9025);
#4623=ORIENTED_EDGE('',*,*,#9026,.F.);
#4624=ORIENTED_EDGE('',*,*,#9027,.F.);
#4625=ORIENTED_EDGE('',*,*,#9028,.F.);
#4626=ORIENTED_EDGE('',*,*,#9029,.T.);
#4627=CARTESIAN_POINT('',(19.05,1.189,0.4612));
#4628=DIRECTION('',(0.0,-6.12323399573676E-17,-1.0));
#4629=DIRECTION('',(1.0,0.0,0.0));
#4630=SURFACE_STYLE_FILL_AREA(#9030);
#4631=ORIENTED_EDGE('',*,*,#9031,.F.);
#4632=ORIENTED_EDGE('',*,*,#9032,.F.);
#4633=ORIENTED_EDGE('',*,*,#9033,.F.);
#4634=ORIENTED_EDGE('',*,*,#9034,.T.);
#4635=CARTESIAN_POINT('',(22.86,1.189,0.4612));
#4636=DIRECTION('',(0.0,-6.12323399573676E-17,-1.0));
#4637=DIRECTION('',(1.0,0.0,0.0));
#4638=SURFACE_STYLE_FILL_AREA(#9035);
#4639=ORIENTED_EDGE('',*,*,#9036,.F.);
#4640=ORIENTED_EDGE('',*,*,#9037,.F.);
#4641=ORIENTED_EDGE('',*,*,#9038,.F.);
#4642=ORIENTED_EDGE('',*,*,#9039,.T.);
#4643=CARTESIAN_POINT('',(26.67,1.189,0.4612));
#4644=DIRECTION('',(0.0,-6.12323399573676E-17,-1.0));
#4645=DIRECTION('',(1.0,0.0,0.0));
#4646=SURFACE_STYLE_FILL_AREA(#9040);
#4647=ORIENTED_EDGE('',*,*,#9041,.F.);
#4648=ORIENTED_EDGE('',*,*,#9042,.F.);
#4649=ORIENTED_EDGE('',*,*,#9043,.F.);
#4650=ORIENTED_EDGE('',*,*,#9044,.T.);
#4651=CARTESIAN_POINT('',(30.48,1.189,0.4612));
#4652=DIRECTION('',(0.0,-6.12323399573676E-17,-1.0));
#4653=DIRECTION('',(1.0,0.0,0.0));
#4654=SURFACE_STYLE_FILL_AREA(#9045);
#4655=ORIENTED_EDGE('',*,*,#9046,.F.);
#4656=ORIENTED_EDGE('',*,*,#9047,.F.);
#4657=ORIENTED_EDGE('',*,*,#9048,.F.);
#4658=ORIENTED_EDGE('',*,*,#9049,.T.);
#4659=CARTESIAN_POINT('',(34.29,1.189,0.4612));
#4660=DIRECTION('',(0.0,-6.12323399573676E-17,-1.0));
#4661=DIRECTION('',(1.0,0.0,0.0));
#4662=SURFACE_STYLE_FILL_AREA(#9050);
#4663=ORIENTED_EDGE('',*,*,#9051,.F.);
#4664=ORIENTED_EDGE('',*,*,#9052,.T.);
#4665=ORIENTED_EDGE('',*,*,#9053,.T.);
#4666=ORIENTED_EDGE('',*,*,#9054,.T.);
#4667=CARTESIAN_POINT('',(34.6964,-1.2446,1.6256));
#4668=DIRECTION('',(-1.0,0.0,6.12323399573676E-17));
#4669=DIRECTION('',(6.12323399573676E-17,0.0,1.0));
#4670=SURFACE_STYLE_FILL_AREA(#9055);
#4671=ORIENTED_EDGE('',*,*,#9056,.F.);
#4672=ORIENTED_EDGE('',*,*,#9057,.F.);
#4673=ORIENTED_EDGE('',*,*,#9058,.T.);
#4674=ORIENTED_EDGE('',*,*,#9059,.F.);
#4675=CARTESIAN_POINT('',(33.8836,-2.25192394029608,2.89183716888979));
#4676=DIRECTION('',(-1.0,0.0,6.12323399573676E-17));
#4677=DIRECTION('',(6.12323399573676E-17,0.0,1.0));
#4678=SURFACE_STYLE_FILL_AREA(#9060);
#4679=ORIENTED_EDGE('',*,*,#9061,.F.);
#4680=ORIENTED_EDGE('',*,*,#9062,.F.);
#4681=ORIENTED_EDGE('',*,*,#9063,.T.);
#4682=ORIENTED_EDGE('',*,*,#9057,.T.);
#4683=CARTESIAN_POINT('',(34.6964,-1.0414,4.3688));
#4684=DIRECTION('',(0.0,-1.0,0.0));
#4685=DIRECTION('',(6.12323399573676E-17,0.0,1.0));
#4686=SURFACE_STYLE_FILL_AREA(#9064);
#4687=ORIENTED_EDGE('',*,*,#9065,.F.);
#4688=ORIENTED_EDGE('',*,*,#9066,.T.);
#4689=ORIENTED_EDGE('',*,*,#9067,.T.);
#4690=ORIENTED_EDGE('',*,*,#9062,.T.);
#4691=CARTESIAN_POINT('',(34.6964,-2.25192394029608,2.89183716888979));
#4692=DIRECTION('',(-1.0,0.0,6.12323399573676E-17));
#4693=DIRECTION('',(6.12323399573676E-17,0.0,1.0));
#4694=SURFACE_STYLE_FILL_AREA(#9068);
#4695=ORIENTED_EDGE('',*,*,#9069,.F.);
#4696=ORIENTED_EDGE('',*,*,#9070,.F.);
#4697=ORIENTED_EDGE('',*,*,#9071,.T.);
#4698=ORIENTED_EDGE('',*,*,#9072,.T.);
#4699=ORIENTED_EDGE('',*,*,#9073,.T.);
#4700=ORIENTED_EDGE('',*,*,#9052,.F.);
#4701=CARTESIAN_POINT('',(34.6964,-2.25192394029608,2.89183716888979));
#4702=DIRECTION('',(-1.0,0.0,6.12323399573676E-17));
#4703=DIRECTION('',(6.12323399573676E-17,0.0,1.0));
#4704=SURFACE_STYLE_FILL_AREA(#9074);
#4705=ORIENTED_EDGE('',*,*,#9075,.F.);
#4706=ORIENTED_EDGE('',*,*,#9076,.F.);
#4707=ORIENTED_EDGE('',*,*,#9077,.F.);
#4708=ORIENTED_EDGE('',*,*,#9058,.F.);
#4709=CARTESIAN_POINT('',(33.9471,-1.135,7.493));
#4710=DIRECTION('',(0.986393923832144,1.00665346793287E-17,-0.164398987305358));
#4711=DIRECTION('',(-0.164398987305358,6.03992080759716E-17,-0.986393923832144));
#4712=SURFACE_STYLE_FILL_AREA(#9078);
#4713=ORIENTED_EDGE('',*,*,#9079,.F.);
#4714=ORIENTED_EDGE('',*,*,#9067,.F.);
#4715=ORIENTED_EDGE('',*,*,#9080,.F.);
#4716=ORIENTED_EDGE('',*,*,#9081,.F.);
#4717=CARTESIAN_POINT('',(34.6329,-1.135,7.493));
#4718=DIRECTION('',(-0.986393923832144,1.00665346793285E-17,-0.164398987305356));
#4719=DIRECTION('',(-0.164398987305356,-6.03992080759717E-17,0.986393923832144));
#4720=SURFACE_STYLE_FILL_AREA(#9082);
#4721=ORIENTED_EDGE('',*,*,#9083,.F.);
#4722=ORIENTED_EDGE('',*,*,#9054,.F.);
#4723=ORIENTED_EDGE('',*,*,#9084,.F.);
#4724=ORIENTED_EDGE('',*,*,#9085,.T.);
#4725=ORIENTED_EDGE('',*,*,#9086,.F.);
#4726=ORIENTED_EDGE('',*,*,#9087,.F.);
#4727=CARTESIAN_POINT('',(33.8836,-2.25192394029608,2.89183716888979));
#4728=DIRECTION('',(-1.0,0.0,6.12323399573676E-17));
#4729=DIRECTION('',(6.12323399573676E-17,0.0,1.0));
#4730=SURFACE_STYLE_FILL_AREA(#9088);
#4731=ORIENTED_EDGE('',*,*,#9077,.T.);
#4732=ORIENTED_EDGE('',*,*,#9089,.F.);
#4733=ORIENTED_EDGE('',*,*,#9080,.T.);
#4734=ORIENTED_EDGE('',*,*,#9090,.T.);
#4735=CARTESIAN_POINT('',(34.6964,-0.2921,7.493));
#4736=DIRECTION('',(1.00665346793286E-17,0.986393923832144,0.164398987305358));
#4737=DIRECTION('',(-6.03992080759716E-17,0.164398987305358,-0.986393923832144));
#4738=SURFACE_STYLE_FILL_AREA(#9091);
#4739=ORIENTED_EDGE('',*,*,#9092,.F.);
#4740=ORIENTED_EDGE('',*,*,#9085,.F.);
#4741=ORIENTED_EDGE('',*,*,#9093,.F.);
#4742=ORIENTED_EDGE('',*,*,#9094,.F.);
#4743=CARTESIAN_POINT('',(33.9471,-6.604,0.516));
#4744=DIRECTION('',(0.986393923832144,0.164398987305358,0.0));
#4745=DIRECTION('',(-0.164398987305358,0.986393923832144,0.0));
#4746=SURFACE_STYLE_FILL_AREA(#9095);
#4747=ORIENTED_EDGE('',*,*,#9096,.F.);
#4748=ORIENTED_EDGE('',*,*,#9097,.F.);
#4749=ORIENTED_EDGE('',*,*,#9098,.F.);
#4750=ORIENTED_EDGE('',*,*,#9072,.F.);
#4751=CARTESIAN_POINT('',(34.6329,-6.604,0.516));
#4752=DIRECTION('',(-0.986393923832144,0.164398987305356,0.0));
#4753=DIRECTION('',(-0.164398987305356,-0.986393923832144,-0.0));
#4754=SURFACE_STYLE_FILL_AREA(#9099);
#4755=ORIENTED_EDGE('',*,*,#9098,.T.);
#4756=ORIENTED_EDGE('',*,*,#9100,.T.);
#4757=ORIENTED_EDGE('',*,*,#9093,.T.);
#4758=ORIENTED_EDGE('',*,*,#9101,.F.);
#4759=CARTESIAN_POINT('',(34.6964,-6.604,0.673099999999999));
#4760=DIRECTION('',(-6.03992080759716E-17,-0.164398987305358,-0.986393923832144));
#4761=DIRECTION('',(1.00665346793287E-17,-0.986393923832144,0.164398987305358));
#4762=SURFACE_STYLE_FILL_AREA(#9102);
#4763=ORIENTED_EDGE('',*,*,#9096,.T.);
#4764=ORIENTED_EDGE('',*,*,#9103,.T.);
#4765=ORIENTED_EDGE('',*,*,#9092,.T.);
#4766=ORIENTED_EDGE('',*,*,#9104,.F.);
#4767=CARTESIAN_POINT('',(34.6964,-6.604,1.3589));
#4768=DIRECTION('',(6.03992080759717E-17,-0.164398987305356,0.986393923832144));
#4769=DIRECTION('',(1.00665346793285E-17,0.986393923832144,0.164398987305356));
#4770=SURFACE_STYLE_FILL_AREA(#9105);
#4771=ORIENTED_EDGE('',*,*,#9097,.T.);
#4772=ORIENTED_EDGE('',*,*,#9104,.T.);
#4773=ORIENTED_EDGE('',*,*,#9094,.T.);
#4774=ORIENTED_EDGE('',*,*,#9100,.F.);
#4775=CARTESIAN_POINT('',(34.6964,-6.985,1.016));
#4776=DIRECTION('',(0.0,-1.0,0.0));
#4777=DIRECTION('',(6.12323399573676E-17,0.0,1.0));
#4778=SURFACE_STYLE_FILL_AREA(#9106);
#4779=ORIENTED_EDGE('',*,*,#9084,.T.);
#4780=ORIENTED_EDGE('',*,*,#9053,.F.);
#4781=ORIENTED_EDGE('',*,*,#9073,.F.);
#4782=ORIENTED_EDGE('',*,*,#9101,.T.);
#4783=CARTESIAN_POINT('',(34.6964,-3.7338,0.609599999999999));
#4784=DIRECTION('',(-6.12323399573676E-17,-0.0,-1.0));
#4785=DIRECTION('',(0.0,-1.0,0.0));
#4786=SURFACE_STYLE_FILL_AREA(#9107);
#4787=ORIENTED_EDGE('',*,*,#9108,.F.);
#4788=ORIENTED_EDGE('',*,*,#9059,.T.);
#4789=ORIENTED_EDGE('',*,*,#9090,.F.);
#4790=ORIENTED_EDGE('',*,*,#9066,.F.);
#4791=CARTESIAN_POINT('',(34.6964,-0.228599999999998,4.3688));
#4792=DIRECTION('',(9.91273748503128E-33,1.0,1.61887288513438E-16));
#4793=DIRECTION('',(-6.12323399573676E-17,1.61887288513438E-16,-1.0));
#4794=SURFACE_STYLE_FILL_AREA(#9109);
#4795=ORIENTED_EDGE('',*,*,#9076,.T.);
#4796=ORIENTED_EDGE('',*,*,#9110,.F.);
#4797=ORIENTED_EDGE('',*,*,#9081,.T.);
#4798=ORIENTED_EDGE('',*,*,#9089,.T.);
#4799=CARTESIAN_POINT('',(34.6964,-0.635,7.874));
#4800=DIRECTION('',(6.12323399573676E-17,-0.0,1.0));
#4801=DIRECTION('',(0.0,1.0,0.0));
#4802=SURFACE_STYLE_FILL_AREA(#9111);
#4803=ORIENTED_EDGE('',*,*,#9075,.T.);
#4804=ORIENTED_EDGE('',*,*,#9063,.F.);
#4805=ORIENTED_EDGE('',*,*,#9079,.T.);
#4806=ORIENTED_EDGE('',*,*,#9110,.T.);
#4807=CARTESIAN_POINT('',(34.6964,-0.977899999999999,7.493));
#4808=DIRECTION('',(1.00665346793286E-17,-0.986393923832144,0.164398987305358));
#4809=DIRECTION('',(6.03992080759716E-17,0.164398987305358,0.986393923832144));
#4810=SURFACE_STYLE_FILL_AREA(#9112);
#4811=ORIENTED_EDGE('',*,*,#9113,.F.);
#4812=ORIENTED_EDGE('',*,*,#9086,.T.);
#4813=ORIENTED_EDGE('',*,*,#9103,.F.);
#4814=ORIENTED_EDGE('',*,*,#9071,.F.);
#4815=CARTESIAN_POINT('',(34.6964,-3.7338,1.4224));
#4816=DIRECTION('',(6.12323399573676E-17,-0.0,1.0));
#4817=DIRECTION('',(0.0,1.0,0.0));
#4818=SURFACE_STYLE_FILL_AREA(#9114);
#4819=ORIENTED_EDGE('',*,*,#9087,.T.);
#4820=ORIENTED_EDGE('',*,*,#9113,.T.);
#4821=ORIENTED_EDGE('',*,*,#9070,.T.);
#4822=ORIENTED_EDGE('',*,*,#9115,.T.);
#4823=ORIENTED_EDGE('',*,*,#9116,.T.);
#4824=ORIENTED_EDGE('',*,*,#9117,.T.);
#4825=ORIENTED_EDGE('',*,*,#9118,.T.);
#4826=ORIENTED_EDGE('',*,*,#9119,.T.);
#4827=ORIENTED_EDGE('',*,*,#9120,.T.);
#4828=ORIENTED_EDGE('',*,*,#9121,.T.);
#4829=ORIENTED_EDGE('',*,*,#9122,.T.);
#4830=ORIENTED_EDGE('',*,*,#9123,.T.);
#4831=ORIENTED_EDGE('',*,*,#9124,.T.);
#4832=ORIENTED_EDGE('',*,*,#9125,.T.);
#4833=ORIENTED_EDGE('',*,*,#9126,.T.);
#4834=ORIENTED_EDGE('',*,*,#9127,.T.);
#4835=ORIENTED_EDGE('',*,*,#9128,.T.);
#4836=ORIENTED_EDGE('',*,*,#9129,.T.);
#4837=ORIENTED_EDGE('',*,*,#9130,.T.);
#4838=ORIENTED_EDGE('',*,*,#9131,.T.);
#4839=ORIENTED_EDGE('',*,*,#9132,.T.);
#4840=ORIENTED_EDGE('',*,*,#9133,.T.);
#4841=ORIENTED_EDGE('',*,*,#9134,.T.);
#4842=ORIENTED_EDGE('',*,*,#9135,.T.);
#4843=ORIENTED_EDGE('',*,*,#9136,.T.);
#4844=ORIENTED_EDGE('',*,*,#9137,.T.);
#4845=ORIENTED_EDGE('',*,*,#9138,.T.);
#4846=ORIENTED_EDGE('',*,*,#9139,.T.);
#4847=ORIENTED_EDGE('',*,*,#9140,.T.);
#4848=ORIENTED_EDGE('',*,*,#9141,.T.);
#4849=ORIENTED_EDGE('',*,*,#9142,.T.);
#4850=ORIENTED_EDGE('',*,*,#9143,.T.);
#4851=ORIENTED_EDGE('',*,*,#9144,.T.);
#4852=ORIENTED_EDGE('',*,*,#9145,.T.);
#4853=ORIENTED_EDGE('',*,*,#9146,.T.);
#4854=ORIENTED_EDGE('',*,*,#9147,.T.);
#4855=ORIENTED_EDGE('',*,*,#9148,.T.);
#4856=ORIENTED_EDGE('',*,*,#9149,.T.);
#4857=ORIENTED_EDGE('',*,*,#9150,.T.);
#4858=ORIENTED_EDGE('',*,*,#9151,.T.);
#4859=ORIENTED_EDGE('',*,*,#9152,.T.);
#4860=ORIENTED_EDGE('',*,*,#9153,.T.);
#4861=ORIENTED_EDGE('',*,*,#9154,.T.);
#4862=ORIENTED_EDGE('',*,*,#9155,.T.);
#4863=ORIENTED_EDGE('',*,*,#9156,.T.);
#4864=ORIENTED_EDGE('',*,*,#9157,.T.);
#4865=ORIENTED_EDGE('',*,*,#9158,.T.);
#4866=ORIENTED_EDGE('',*,*,#9159,.T.);
#4867=ORIENTED_EDGE('',*,*,#9160,.T.);
#4868=ORIENTED_EDGE('',*,*,#9161,.T.);
#4869=ORIENTED_EDGE('',*,*,#9162,.T.);
#4870=ORIENTED_EDGE('',*,*,#9163,.T.);
#4871=ORIENTED_EDGE('',*,*,#9164,.T.);
#4872=ORIENTED_EDGE('',*,*,#9165,.T.);
#4873=ORIENTED_EDGE('',*,*,#9166,.T.);
#4874=ORIENTED_EDGE('',*,*,#9167,.T.);
#4875=ORIENTED_EDGE('',*,*,#9168,.T.);
#4876=ORIENTED_EDGE('',*,*,#9169,.T.);
#4877=ORIENTED_EDGE('',*,*,#9170,.T.);
#4878=ORIENTED_EDGE('',*,*,#9171,.T.);
#4879=ORIENTED_EDGE('',*,*,#9172,.T.);
#4880=ORIENTED_EDGE('',*,*,#9173,.T.);
#4881=ORIENTED_EDGE('',*,*,#9174,.T.);
#4882=ORIENTED_EDGE('',*,*,#9175,.T.);
#4883=ORIENTED_EDGE('',*,*,#9176,.T.);
#4884=ORIENTED_EDGE('',*,*,#9177,.T.);
#4885=ORIENTED_EDGE('',*,*,#9178,.T.);
#4886=ORIENTED_EDGE('',*,*,#9179,.T.);
#4887=ORIENTED_EDGE('',*,*,#9180,.T.);
#4888=ORIENTED_EDGE('',*,*,#9181,.T.);
#4889=ORIENTED_EDGE('',*,*,#9182,.T.);
#4890=ORIENTED_EDGE('',*,*,#9183,.T.);
#4891=ORIENTED_EDGE('',*,*,#9184,.T.);
#4892=ORIENTED_EDGE('',*,*,#9185,.T.);
#4893=ORIENTED_EDGE('',*,*,#9186,.T.);
#4894=ORIENTED_EDGE('',*,*,#9187,.T.);
#4895=ORIENTED_EDGE('',*,*,#9188,.T.);
#4896=ORIENTED_EDGE('',*,*,#9189,.T.);
#4897=ORIENTED_EDGE('',*,*,#9190,.T.);
#4898=ORIENTED_EDGE('',*,*,#9191,.T.);
#4899=ORIENTED_EDGE('',*,*,#9192,.T.);
#4900=ORIENTED_EDGE('',*,*,#9193,.T.);
#4901=ORIENTED_EDGE('',*,*,#9194,.T.);
#4902=ORIENTED_EDGE('',*,*,#9195,.T.);
#4903=CARTESIAN_POINT('',(17.145,-3.429,4.572));
#4904=DIRECTION('',(0.0,-1.0,6.12323399573676E-17));
#4905=DIRECTION('',(1.0,0.0,0.0));
#4906=SURFACE_STYLE_FILL_AREA(#9196);
#4907=ORIENTED_EDGE('',*,*,#9197,.F.);
#4908=ORIENTED_EDGE('',*,*,#9198,.T.);
#4909=ORIENTED_EDGE('',*,*,#9199,.T.);
#4910=ORIENTED_EDGE('',*,*,#9200,.T.);
#4911=CARTESIAN_POINT('',(30.8864,-1.2446,1.6256));
#4912=DIRECTION('',(-1.0,0.0,6.12323399573676E-17));
#4913=DIRECTION('',(6.12323399573676E-17,0.0,1.0));
#4914=SURFACE_STYLE_FILL_AREA(#9201);
#4915=ORIENTED_EDGE('',*,*,#9202,.F.);
#4916=ORIENTED_EDGE('',*,*,#9203,.F.);
#4917=ORIENTED_EDGE('',*,*,#9204,.T.);
#4918=ORIENTED_EDGE('',*,*,#9205,.F.);
#4919=CARTESIAN_POINT('',(30.0736,-2.25192394029608,2.89183716888979));
#4920=DIRECTION('',(-1.0,0.0,6.12323399573676E-17));
#4921=DIRECTION('',(6.12323399573676E-17,0.0,1.0));
#4922=SURFACE_STYLE_FILL_AREA(#9206);
#4923=ORIENTED_EDGE('',*,*,#9207,.F.);
#4924=ORIENTED_EDGE('',*,*,#9208,.F.);
#4925=ORIENTED_EDGE('',*,*,#9209,.T.);
#4926=ORIENTED_EDGE('',*,*,#9203,.T.);
#4927=CARTESIAN_POINT('',(30.8864,-1.0414,4.3688));
#4928=DIRECTION('',(0.0,-1.0,0.0));
#4929=DIRECTION('',(6.12323399573676E-17,0.0,1.0));
#4930=SURFACE_STYLE_FILL_AREA(#9210);
#4931=ORIENTED_EDGE('',*,*,#9211,.F.);
#4932=ORIENTED_EDGE('',*,*,#9212,.T.);
#4933=ORIENTED_EDGE('',*,*,#9213,.T.);
#4934=ORIENTED_EDGE('',*,*,#9208,.T.);
#4935=CARTESIAN_POINT('',(30.8864,-2.25192394029608,2.89183716888979));
#4936=DIRECTION('',(-1.0,0.0,6.12323399573676E-17));
#4937=DIRECTION('',(6.12323399573676E-17,0.0,1.0));
#4938=SURFACE_STYLE_FILL_AREA(#9214);
#4939=ORIENTED_EDGE('',*,*,#9215,.F.);
#4940=ORIENTED_EDGE('',*,*,#9190,.F.);
#4941=ORIENTED_EDGE('',*,*,#9216,.T.);
#4942=ORIENTED_EDGE('',*,*,#9217,.T.);
#4943=ORIENTED_EDGE('',*,*,#9218,.T.);
#4944=ORIENTED_EDGE('',*,*,#9198,.F.);
#4945=CARTESIAN_POINT('',(30.8864,-2.25192394029608,2.89183716888979));
#4946=DIRECTION('',(-1.0,0.0,6.12323399573676E-17));
#4947=DIRECTION('',(6.12323399573676E-17,0.0,1.0));
#4948=SURFACE_STYLE_FILL_AREA(#9219);
#4949=ORIENTED_EDGE('',*,*,#9220,.F.);
#4950=ORIENTED_EDGE('',*,*,#9221,.F.);
#4951=ORIENTED_EDGE('',*,*,#9222,.F.);
#4952=ORIENTED_EDGE('',*,*,#9204,.F.);
#4953=CARTESIAN_POINT('',(30.1371,-1.135,7.493));
#4954=DIRECTION('',(0.986393923832144,1.00665346793287E-17,-0.164398987305358));
#4955=DIRECTION('',(-0.164398987305358,6.03992080759716E-17,-0.986393923832144));
#4956=SURFACE_STYLE_FILL_AREA(#9223);
#4957=ORIENTED_EDGE('',*,*,#9224,.F.);
#4958=ORIENTED_EDGE('',*,*,#9213,.F.);
#4959=ORIENTED_EDGE('',*,*,#9225,.F.);
#4960=ORIENTED_EDGE('',*,*,#9226,.F.);
#4961=CARTESIAN_POINT('',(30.8229,-1.135,7.493));
#4962=DIRECTION('',(-0.986393923832144,1.00665346793285E-17,-0.164398987305356));
#4963=DIRECTION('',(-0.164398987305356,-6.03992080759717E-17,0.986393923832144));
#4964=SURFACE_STYLE_FILL_AREA(#9227);
#4965=ORIENTED_EDGE('',*,*,#9228,.F.);
#4966=ORIENTED_EDGE('',*,*,#9200,.F.);
#4967=ORIENTED_EDGE('',*,*,#9229,.F.);
#4968=ORIENTED_EDGE('',*,*,#9230,.T.);
#4969=ORIENTED_EDGE('',*,*,#9231,.F.);
#4970=ORIENTED_EDGE('',*,*,#9188,.F.);
#4971=CARTESIAN_POINT('',(30.0736,-2.25192394029608,2.89183716888979));
#4972=DIRECTION('',(-1.0,0.0,6.12323399573676E-17));
#4973=DIRECTION('',(6.12323399573676E-17,0.0,1.0));
#4974=SURFACE_STYLE_FILL_AREA(#9232);
#4975=ORIENTED_EDGE('',*,*,#9222,.T.);
#4976=ORIENTED_EDGE('',*,*,#9233,.F.);
#4977=ORIENTED_EDGE('',*,*,#9225,.T.);
#4978=ORIENTED_EDGE('',*,*,#9234,.T.);
#4979=CARTESIAN_POINT('',(30.8864,-0.2921,7.493));
#4980=DIRECTION('',(1.00665346793286E-17,0.986393923832144,0.164398987305358));
#4981=DIRECTION('',(-6.03992080759716E-17,0.164398987305358,-0.986393923832144));
#4982=SURFACE_STYLE_FILL_AREA(#9235);
#4983=ORIENTED_EDGE('',*,*,#9236,.F.);
#4984=ORIENTED_EDGE('',*,*,#9230,.F.);
#4985=ORIENTED_EDGE('',*,*,#9237,.F.);
#4986=ORIENTED_EDGE('',*,*,#9238,.F.);
#4987=CARTESIAN_POINT('',(30.1371,-6.604,0.516));
#4988=DIRECTION('',(0.986393923832144,0.164398987305358,0.0));
#4989=DIRECTION('',(-0.164398987305358,0.986393923832144,0.0));
#4990=SURFACE_STYLE_FILL_AREA(#9239);
#4991=ORIENTED_EDGE('',*,*,#9240,.F.);
#4992=ORIENTED_EDGE('',*,*,#9241,.F.);
#4993=ORIENTED_EDGE('',*,*,#9242,.F.);
#4994=ORIENTED_EDGE('',*,*,#9217,.F.);
#4995=CARTESIAN_POINT('',(30.8229,-6.604,0.516));
#4996=DIRECTION('',(-0.986393923832144,0.164398987305356,0.0));
#4997=DIRECTION('',(-0.164398987305356,-0.986393923832144,-0.0));
#4998=SURFACE_STYLE_FILL_AREA(#9243);
#4999=ORIENTED_EDGE('',*,*,#9242,.T.);
#5000=ORIENTED_EDGE('',*,*,#9244,.T.);
#5001=ORIENTED_EDGE('',*,*,#9237,.T.);
#5002=ORIENTED_EDGE('',*,*,#9245,.F.);
#5003=CARTESIAN_POINT('',(30.8864,-6.604,0.673099999999999));
#5004=DIRECTION('',(-6.03992080759716E-17,-0.164398987305358,-0.986393923832144));
#5005=DIRECTION('',(1.00665346793287E-17,-0.986393923832144,0.164398987305358));
#5006=SURFACE_STYLE_FILL_AREA(#9246);
#5007=ORIENTED_EDGE('',*,*,#9240,.T.);
#5008=ORIENTED_EDGE('',*,*,#9247,.T.);
#5009=ORIENTED_EDGE('',*,*,#9236,.T.);
#5010=ORIENTED_EDGE('',*,*,#9248,.F.);
#5011=CARTESIAN_POINT('',(30.8864,-6.604,1.3589));
#5012=DIRECTION('',(6.03992080759717E-17,-0.164398987305356,0.986393923832144));
#5013=DIRECTION('',(1.00665346793285E-17,0.986393923832144,0.164398987305356));
#5014=SURFACE_STYLE_FILL_AREA(#9249);
#5015=ORIENTED_EDGE('',*,*,#9241,.T.);
#5016=ORIENTED_EDGE('',*,*,#9248,.T.);
#5017=ORIENTED_EDGE('',*,*,#9238,.T.);
#5018=ORIENTED_EDGE('',*,*,#9244,.F.);
#5019=CARTESIAN_POINT('',(30.8864,-6.985,1.016));
#5020=DIRECTION('',(0.0,-1.0,0.0));
#5021=DIRECTION('',(6.12323399573676E-17,0.0,1.0));
#5022=SURFACE_STYLE_FILL_AREA(#9250);
#5023=ORIENTED_EDGE('',*,*,#9229,.T.);
#5024=ORIENTED_EDGE('',*,*,#9199,.F.);
#5025=ORIENTED_EDGE('',*,*,#9218,.F.);
#5026=ORIENTED_EDGE('',*,*,#9245,.T.);
#5027=CARTESIAN_POINT('',(30.8864,-3.7338,0.609599999999999));
#5028=DIRECTION('',(-6.12323399573676E-17,-0.0,-1.0));
#5029=DIRECTION('',(0.0,-1.0,0.0));
#5030=SURFACE_STYLE_FILL_AREA(#9251);
#5031=ORIENTED_EDGE('',*,*,#9252,.F.);
#5032=ORIENTED_EDGE('',*,*,#9205,.T.);
#5033=ORIENTED_EDGE('',*,*,#9234,.F.);
#5034=ORIENTED_EDGE('',*,*,#9212,.F.);
#5035=CARTESIAN_POINT('',(30.8864,-0.228599999999998,4.3688));
#5036=DIRECTION('',(9.91273748503128E-33,1.0,1.61887288513438E-16));
#5037=DIRECTION('',(-6.12323399573676E-17,1.61887288513438E-16,-1.0));
#5038=SURFACE_STYLE_FILL_AREA(#9253);
#5039=ORIENTED_EDGE('',*,*,#9221,.T.);
#5040=ORIENTED_EDGE('',*,*,#9254,.F.);
#5041=ORIENTED_EDGE('',*,*,#9226,.T.);
#5042=ORIENTED_EDGE('',*,*,#9233,.T.);
#5043=CARTESIAN_POINT('',(30.8864,-0.635,7.874));
#5044=DIRECTION('',(6.12323399573676E-17,-0.0,1.0));
#5045=DIRECTION('',(0.0,1.0,0.0));
#5046=SURFACE_STYLE_FILL_AREA(#9255);
#5047=ORIENTED_EDGE('',*,*,#9220,.T.);
#5048=ORIENTED_EDGE('',*,*,#9209,.F.);
#5049=ORIENTED_EDGE('',*,*,#9224,.T.);
#5050=ORIENTED_EDGE('',*,*,#9254,.T.);
#5051=CARTESIAN_POINT('',(30.8864,-0.977899999999999,7.493));
#5052=DIRECTION('',(1.00665346793286E-17,-0.986393923832144,0.164398987305358));
#5053=DIRECTION('',(6.03992080759716E-17,0.164398987305358,0.986393923832144));
#5054=SURFACE_STYLE_FILL_AREA(#9256);
#5055=ORIENTED_EDGE('',*,*,#9189,.F.);
#5056=ORIENTED_EDGE('',*,*,#9231,.T.);
#5057=ORIENTED_EDGE('',*,*,#9247,.F.);
#5058=ORIENTED_EDGE('',*,*,#9216,.F.);
#5059=CARTESIAN_POINT('',(30.8864,-3.7338,1.4224));
#5060=DIRECTION('',(6.12323399573676E-17,-0.0,1.0));
#5061=DIRECTION('',(0.0,1.0,0.0));
#5062=SURFACE_STYLE_FILL_AREA(#9257);
#5063=ORIENTED_EDGE('',*,*,#9258,.F.);
#5064=ORIENTED_EDGE('',*,*,#9259,.T.);
#5065=ORIENTED_EDGE('',*,*,#9260,.T.);
#5066=ORIENTED_EDGE('',*,*,#9261,.T.);
#5067=CARTESIAN_POINT('',(27.0764,-1.2446,1.6256));
#5068=DIRECTION('',(-1.0,0.0,6.12323399573676E-17));
#5069=DIRECTION('',(6.12323399573676E-17,0.0,1.0));
#5070=SURFACE_STYLE_FILL_AREA(#9262);
#5071=ORIENTED_EDGE('',*,*,#9263,.F.);
#5072=ORIENTED_EDGE('',*,*,#9264,.F.);
#5073=ORIENTED_EDGE('',*,*,#9265,.T.);
#5074=ORIENTED_EDGE('',*,*,#9266,.F.);
#5075=CARTESIAN_POINT('',(26.2636,-2.25192394029608,2.89183716888979));
#5076=DIRECTION('',(-1.0,0.0,6.12323399573676E-17));
#5077=DIRECTION('',(6.12323399573676E-17,0.0,1.0));
#5078=SURFACE_STYLE_FILL_AREA(#9267);
#5079=ORIENTED_EDGE('',*,*,#9268,.F.);
#5080=ORIENTED_EDGE('',*,*,#9269,.F.);
#5081=ORIENTED_EDGE('',*,*,#9270,.T.);
#5082=ORIENTED_EDGE('',*,*,#9264,.T.);
#5083=CARTESIAN_POINT('',(27.0764,-1.0414,4.3688));
#5084=DIRECTION('',(0.0,-1.0,0.0));
#5085=DIRECTION('',(6.12323399573676E-17,0.0,1.0));
#5086=SURFACE_STYLE_FILL_AREA(#9271);
#5087=ORIENTED_EDGE('',*,*,#9272,.F.);
#5088=ORIENTED_EDGE('',*,*,#9273,.T.);
#5089=ORIENTED_EDGE('',*,*,#9274,.T.);
#5090=ORIENTED_EDGE('',*,*,#9269,.T.);
#5091=CARTESIAN_POINT('',(27.0764,-2.25192394029608,2.89183716888979));
#5092=DIRECTION('',(-1.0,0.0,6.12323399573676E-17));
#5093=DIRECTION('',(6.12323399573676E-17,0.0,1.0));
#5094=SURFACE_STYLE_FILL_AREA(#9275);
#5095=ORIENTED_EDGE('',*,*,#9276,.F.);
#5096=ORIENTED_EDGE('',*,*,#9182,.F.);
#5097=ORIENTED_EDGE('',*,*,#9277,.T.);
#5098=ORIENTED_EDGE('',*,*,#9278,.T.);
#5099=ORIENTED_EDGE('',*,*,#9279,.T.);
#5100=ORIENTED_EDGE('',*,*,#9259,.F.);
#5101=CARTESIAN_POINT('',(27.0764,-2.25192394029608,2.89183716888979));
#5102=DIRECTION('',(-1.0,0.0,6.12323399573676E-17));
#5103=DIRECTION('',(6.12323399573676E-17,0.0,1.0));
#5104=SURFACE_STYLE_FILL_AREA(#9280);
#5105=ORIENTED_EDGE('',*,*,#9281,.F.);
#5106=ORIENTED_EDGE('',*,*,#9282,.F.);
#5107=ORIENTED_EDGE('',*,*,#9283,.F.);
#5108=ORIENTED_EDGE('',*,*,#9265,.F.);
#5109=CARTESIAN_POINT('',(26.3271,-1.135,7.493));
#5110=DIRECTION('',(0.986393923832144,1.00665346793287E-17,-0.164398987305358));
#5111=DIRECTION('',(-0.164398987305358,6.03992080759716E-17,-0.986393923832144));
#5112=SURFACE_STYLE_FILL_AREA(#9284);
#5113=ORIENTED_EDGE('',*,*,#9285,.F.);
#5114=ORIENTED_EDGE('',*,*,#9274,.F.);
#5115=ORIENTED_EDGE('',*,*,#9286,.F.);
#5116=ORIENTED_EDGE('',*,*,#9287,.F.);
#5117=CARTESIAN_POINT('',(27.0129,-1.135,7.493));
#5118=DIRECTION('',(-0.986393923832144,1.00665346793285E-17,-0.164398987305356));
#5119=DIRECTION('',(-0.164398987305356,-6.03992080759717E-17,0.986393923832144));
#5120=SURFACE_STYLE_FILL_AREA(#9288);
#5121=ORIENTED_EDGE('',*,*,#9289,.F.);
#5122=ORIENTED_EDGE('',*,*,#9261,.F.);
#5123=ORIENTED_EDGE('',*,*,#9290,.F.);
#5124=ORIENTED_EDGE('',*,*,#9291,.T.);
#5125=ORIENTED_EDGE('',*,*,#9292,.F.);
#5126=ORIENTED_EDGE('',*,*,#9180,.F.);
#5127=CARTESIAN_POINT('',(26.2636,-2.25192394029608,2.89183716888979));
#5128=DIRECTION('',(-1.0,0.0,6.12323399573676E-17));
#5129=DIRECTION('',(6.12323399573676E-17,0.0,1.0));
#5130=SURFACE_STYLE_FILL_AREA(#9293);
#5131=ORIENTED_EDGE('',*,*,#9283,.T.);
#5132=ORIENTED_EDGE('',*,*,#9294,.F.);
#5133=ORIENTED_EDGE('',*,*,#9286,.T.);
#5134=ORIENTED_EDGE('',*,*,#9295,.T.);
#5135=CARTESIAN_POINT('',(27.0764,-0.2921,7.493));
#5136=DIRECTION('',(1.00665346793286E-17,0.986393923832144,0.164398987305358));
#5137=DIRECTION('',(-6.03992080759716E-17,0.164398987305358,-0.986393923832144));
#5138=SURFACE_STYLE_FILL_AREA(#9296);
#5139=ORIENTED_EDGE('',*,*,#9297,.F.);
#5140=ORIENTED_EDGE('',*,*,#9291,.F.);
#5141=ORIENTED_EDGE('',*,*,#9298,.F.);
#5142=ORIENTED_EDGE('',*,*,#9299,.F.);
#5143=CARTESIAN_POINT('',(26.3271,-6.604,0.516));
#5144=DIRECTION('',(0.986393923832144,0.164398987305358,0.0));
#5145=DIRECTION('',(-0.164398987305358,0.986393923832144,0.0));
#5146=SURFACE_STYLE_FILL_AREA(#9300);
#5147=ORIENTED_EDGE('',*,*,#9301,.F.);
#5148=ORIENTED_EDGE('',*,*,#9302,.F.);
#5149=ORIENTED_EDGE('',*,*,#9303,.F.);
#5150=ORIENTED_EDGE('',*,*,#9278,.F.);
#5151=CARTESIAN_POINT('',(27.0129,-6.604,0.516));
#5152=DIRECTION('',(-0.986393923832144,0.164398987305356,0.0));
#5153=DIRECTION('',(-0.164398987305356,-0.986393923832144,-0.0));
#5154=SURFACE_STYLE_FILL_AREA(#9304);
#5155=ORIENTED_EDGE('',*,*,#9303,.T.);
#5156=ORIENTED_EDGE('',*,*,#9305,.T.);
#5157=ORIENTED_EDGE('',*,*,#9298,.T.);
#5158=ORIENTED_EDGE('',*,*,#9306,.F.);
#5159=CARTESIAN_POINT('',(27.0764,-6.604,0.673099999999999));
#5160=DIRECTION('',(-6.03992080759716E-17,-0.164398987305358,-0.986393923832144));
#5161=DIRECTION('',(1.00665346793287E-17,-0.986393923832144,0.164398987305358));
#5162=SURFACE_STYLE_FILL_AREA(#9307);
#5163=ORIENTED_EDGE('',*,*,#9301,.T.);
#5164=ORIENTED_EDGE('',*,*,#9308,.T.);
#5165=ORIENTED_EDGE('',*,*,#9297,.T.);
#5166=ORIENTED_EDGE('',*,*,#9309,.F.);
#5167=CARTESIAN_POINT('',(27.0764,-6.604,1.3589));
#5168=DIRECTION('',(6.03992080759717E-17,-0.164398987305356,0.986393923832144));
#5169=DIRECTION('',(1.00665346793285E-17,0.986393923832144,0.164398987305356));
#5170=SURFACE_STYLE_FILL_AREA(#9310);
#5171=ORIENTED_EDGE('',*,*,#9302,.T.);
#5172=ORIENTED_EDGE('',*,*,#9309,.T.);
#5173=ORIENTED_EDGE('',*,*,#9299,.T.);
#5174=ORIENTED_EDGE('',*,*,#9305,.F.);
#5175=CARTESIAN_POINT('',(27.0764,-6.985,1.016));
#5176=DIRECTION('',(0.0,-1.0,0.0));
#5177=DIRECTION('',(6.12323399573676E-17,0.0,1.0));
#5178=SURFACE_STYLE_FILL_AREA(#9311);
#5179=ORIENTED_EDGE('',*,*,#9290,.T.);
#5180=ORIENTED_EDGE('',*,*,#9260,.F.);
#5181=ORIENTED_EDGE('',*,*,#9279,.F.);
#5182=ORIENTED_EDGE('',*,*,#9306,.T.);
#5183=CARTESIAN_POINT('',(27.0764,-3.7338,0.609599999999999));
#5184=DIRECTION('',(-6.12323399573676E-17,-0.0,-1.0));
#5185=DIRECTION('',(0.0,-1.0,0.0));
#5186=SURFACE_STYLE_FILL_AREA(#9312);
#5187=ORIENTED_EDGE('',*,*,#9313,.F.);
#5188=ORIENTED_EDGE('',*,*,#9266,.T.);
#5189=ORIENTED_EDGE('',*,*,#9295,.F.);
#5190=ORIENTED_EDGE('',*,*,#9273,.F.);
#5191=CARTESIAN_POINT('',(27.0764,-0.228599999999998,4.3688));
#5192=DIRECTION('',(9.91273748503128E-33,1.0,1.61887288513438E-16));
#5193=DIRECTION('',(-6.12323399573676E-17,1.61887288513438E-16,-1.0));
#5194=SURFACE_STYLE_FILL_AREA(#9314);
#5195=ORIENTED_EDGE('',*,*,#9282,.T.);
#5196=ORIENTED_EDGE('',*,*,#9315,.F.);
#5197=ORIENTED_EDGE('',*,*,#9287,.T.);
#5198=ORIENTED_EDGE('',*,*,#9294,.T.);
#5199=CARTESIAN_POINT('',(27.0764,-0.635,7.874));
#5200=DIRECTION('',(6.12323399573676E-17,-0.0,1.0));
#5201=DIRECTION('',(0.0,1.0,0.0));
#5202=SURFACE_STYLE_FILL_AREA(#9316);
#5203=ORIENTED_EDGE('',*,*,#9281,.T.);
#5204=ORIENTED_EDGE('',*,*,#9270,.F.);
#5205=ORIENTED_EDGE('',*,*,#9285,.T.);
#5206=ORIENTED_EDGE('',*,*,#9315,.T.);
#5207=CARTESIAN_POINT('',(27.0764,-0.977899999999999,7.493));
#5208=DIRECTION('',(1.00665346793286E-17,-0.986393923832144,0.164398987305358));
#5209=DIRECTION('',(6.03992080759716E-17,0.164398987305358,0.986393923832144));
#5210=SURFACE_STYLE_FILL_AREA(#9317);
#5211=ORIENTED_EDGE('',*,*,#9181,.F.);
#5212=ORIENTED_EDGE('',*,*,#9292,.T.);
#5213=ORIENTED_EDGE('',*,*,#9308,.F.);
#5214=ORIENTED_EDGE('',*,*,#9277,.F.);
#5215=CARTESIAN_POINT('',(27.0764,-3.7338,1.4224));
#5216=DIRECTION('',(6.12323399573676E-17,-0.0,1.0));
#5217=DIRECTION('',(0.0,1.0,0.0));
#5218=SURFACE_STYLE_FILL_AREA(#9318);
#5219=ORIENTED_EDGE('',*,*,#9319,.F.);
#5220=ORIENTED_EDGE('',*,*,#9320,.T.);
#5221=ORIENTED_EDGE('',*,*,#9321,.T.);
#5222=ORIENTED_EDGE('',*,*,#9322,.T.);
#5223=CARTESIAN_POINT('',(23.2664,-1.2446,1.6256));
#5224=DIRECTION('',(-1.0,0.0,6.12323399573676E-17));
#5225=DIRECTION('',(6.12323399573676E-17,0.0,1.0));
#5226=SURFACE_STYLE_FILL_AREA(#9323);
#5227=ORIENTED_EDGE('',*,*,#9324,.F.);
#5228=ORIENTED_EDGE('',*,*,#9325,.F.);
#5229=ORIENTED_EDGE('',*,*,#9326,.T.);
#5230=ORIENTED_EDGE('',*,*,#9327,.F.);
#5231=CARTESIAN_POINT('',(22.4536,-2.25192394029608,2.89183716888979));
#5232=DIRECTION('',(-1.0,0.0,6.12323399573676E-17));
#5233=DIRECTION('',(6.12323399573676E-17,0.0,1.0));
#5234=SURFACE_STYLE_FILL_AREA(#9328);
#5235=ORIENTED_EDGE('',*,*,#9329,.F.);
#5236=ORIENTED_EDGE('',*,*,#9330,.F.);
#5237=ORIENTED_EDGE('',*,*,#9331,.T.);
#5238=ORIENTED_EDGE('',*,*,#9325,.T.);
#5239=CARTESIAN_POINT('',(23.2664,-1.0414,4.3688));
#5240=DIRECTION('',(0.0,-1.0,0.0));
#5241=DIRECTION('',(6.12323399573676E-17,0.0,1.0));
#5242=SURFACE_STYLE_FILL_AREA(#9332);
#5243=ORIENTED_EDGE('',*,*,#9333,.F.);
#5244=ORIENTED_EDGE('',*,*,#9334,.T.);
#5245=ORIENTED_EDGE('',*,*,#9335,.T.);
#5246=ORIENTED_EDGE('',*,*,#9330,.T.);
#5247=CARTESIAN_POINT('',(23.2664,-2.25192394029608,2.89183716888979));
#5248=DIRECTION('',(-1.0,0.0,6.12323399573676E-17));
#5249=DIRECTION('',(6.12323399573676E-17,0.0,1.0));
#5250=SURFACE_STYLE_FILL_AREA(#9336);
#5251=ORIENTED_EDGE('',*,*,#9337,.F.);
#5252=ORIENTED_EDGE('',*,*,#9174,.F.);
#5253=ORIENTED_EDGE('',*,*,#9338,.T.);
#5254=ORIENTED_EDGE('',*,*,#9339,.T.);
#5255=ORIENTED_EDGE('',*,*,#9340,.T.);
#5256=ORIENTED_EDGE('',*,*,#9320,.F.);
#5257=CARTESIAN_POINT('',(23.2664,-2.25192394029608,2.89183716888979));
#5258=DIRECTION('',(-1.0,0.0,6.12323399573676E-17));
#5259=DIRECTION('',(6.12323399573676E-17,0.0,1.0));
#5260=SURFACE_STYLE_FILL_AREA(#9341);
#5261=ORIENTED_EDGE('',*,*,#9342,.F.);
#5262=ORIENTED_EDGE('',*,*,#9343,.F.);
#5263=ORIENTED_EDGE('',*,*,#9344,.F.);
#5264=ORIENTED_EDGE('',*,*,#9326,.F.);
#5265=CARTESIAN_POINT('',(22.5171,-1.135,7.493));
#5266=DIRECTION('',(0.986393923832144,1.00665346793287E-17,-0.164398987305358));
#5267=DIRECTION('',(-0.164398987305358,6.03992080759716E-17,-0.986393923832144));
#5268=SURFACE_STYLE_FILL_AREA(#9345);
#5269=ORIENTED_EDGE('',*,*,#9346,.F.);
#5270=ORIENTED_EDGE('',*,*,#9335,.F.);
#5271=ORIENTED_EDGE('',*,*,#9347,.F.);
#5272=ORIENTED_EDGE('',*,*,#9348,.F.);
#5273=CARTESIAN_POINT('',(23.2029,-1.135,7.493));
#5274=DIRECTION('',(-0.986393923832144,1.00665346793285E-17,-0.164398987305356));
#5275=DIRECTION('',(-0.164398987305356,-6.03992080759717E-17,0.986393923832144));
#5276=SURFACE_STYLE_FILL_AREA(#9349);
#5277=ORIENTED_EDGE('',*,*,#9350,.F.);
#5278=ORIENTED_EDGE('',*,*,#9322,.F.);
#5279=ORIENTED_EDGE('',*,*,#9351,.F.);
#5280=ORIENTED_EDGE('',*,*,#9352,.T.);
#5281=ORIENTED_EDGE('',*,*,#9353,.F.);
#5282=ORIENTED_EDGE('',*,*,#9172,.F.);
#5283=CARTESIAN_POINT('',(22.4536,-2.25192394029608,2.89183716888979));
#5284=DIRECTION('',(-1.0,0.0,6.12323399573676E-17));
#5285=DIRECTION('',(6.12323399573676E-17,0.0,1.0));
#5286=SURFACE_STYLE_FILL_AREA(#9354);
#5287=ORIENTED_EDGE('',*,*,#9344,.T.);
#5288=ORIENTED_EDGE('',*,*,#9355,.F.);
#5289=ORIENTED_EDGE('',*,*,#9347,.T.);
#5290=ORIENTED_EDGE('',*,*,#9356,.T.);
#5291=CARTESIAN_POINT('',(23.2664,-0.2921,7.493));
#5292=DIRECTION('',(1.00665346793286E-17,0.986393923832144,0.164398987305358));
#5293=DIRECTION('',(-6.03992080759716E-17,0.164398987305358,-0.986393923832144));
#5294=SURFACE_STYLE_FILL_AREA(#9357);
#5295=ORIENTED_EDGE('',*,*,#9358,.F.);
#5296=ORIENTED_EDGE('',*,*,#9352,.F.);
#5297=ORIENTED_EDGE('',*,*,#9359,.F.);
#5298=ORIENTED_EDGE('',*,*,#9360,.F.);
#5299=CARTESIAN_POINT('',(22.5171,-6.604,0.516));
#5300=DIRECTION('',(0.986393923832144,0.164398987305358,0.0));
#5301=DIRECTION('',(-0.164398987305358,0.986393923832144,0.0));
#5302=SURFACE_STYLE_FILL_AREA(#9361);
#5303=ORIENTED_EDGE('',*,*,#9362,.F.);
#5304=ORIENTED_EDGE('',*,*,#9363,.F.);
#5305=ORIENTED_EDGE('',*,*,#9364,.F.);
#5306=ORIENTED_EDGE('',*,*,#9339,.F.);
#5307=CARTESIAN_POINT('',(23.2029,-6.604,0.516));
#5308=DIRECTION('',(-0.986393923832144,0.164398987305356,0.0));
#5309=DIRECTION('',(-0.164398987305356,-0.986393923832144,-0.0));
#5310=SURFACE_STYLE_FILL_AREA(#9365);
#5311=ORIENTED_EDGE('',*,*,#9364,.T.);
#5312=ORIENTED_EDGE('',*,*,#9366,.T.);
#5313=ORIENTED_EDGE('',*,*,#9359,.T.);
#5314=ORIENTED_EDGE('',*,*,#9367,.F.);
#5315=CARTESIAN_POINT('',(23.2664,-6.604,0.673099999999999));
#5316=DIRECTION('',(-6.03992080759716E-17,-0.164398987305358,-0.986393923832144));
#5317=DIRECTION('',(1.00665346793287E-17,-0.986393923832144,0.164398987305358));
#5318=SURFACE_STYLE_FILL_AREA(#9368);
#5319=ORIENTED_EDGE('',*,*,#9362,.T.);
#5320=ORIENTED_EDGE('',*,*,#9369,.T.);
#5321=ORIENTED_EDGE('',*,*,#9358,.T.);
#5322=ORIENTED_EDGE('',*,*,#9370,.F.);
#5323=CARTESIAN_POINT('',(23.2664,-6.604,1.3589));
#5324=DIRECTION('',(6.03992080759717E-17,-0.164398987305356,0.986393923832144));
#5325=DIRECTION('',(1.00665346793285E-17,0.986393923832144,0.164398987305356));
#5326=SURFACE_STYLE_FILL_AREA(#9371);
#5327=ORIENTED_EDGE('',*,*,#9363,.T.);
#5328=ORIENTED_EDGE('',*,*,#9370,.T.);
#5329=ORIENTED_EDGE('',*,*,#9360,.T.);
#5330=ORIENTED_EDGE('',*,*,#9366,.F.);
#5331=CARTESIAN_POINT('',(23.2664,-6.985,1.016));
#5332=DIRECTION('',(0.0,-1.0,0.0));
#5333=DIRECTION('',(6.12323399573676E-17,0.0,1.0));
#5334=SURFACE_STYLE_FILL_AREA(#9372);
#5335=ORIENTED_EDGE('',*,*,#9351,.T.);
#5336=ORIENTED_EDGE('',*,*,#9321,.F.);
#5337=ORIENTED_EDGE('',*,*,#9340,.F.);
#5338=ORIENTED_EDGE('',*,*,#9367,.T.);
#5339=CARTESIAN_POINT('',(23.2664,-3.7338,0.609599999999999));
#5340=DIRECTION('',(-6.12323399573676E-17,-0.0,-1.0));
#5341=DIRECTION('',(0.0,-1.0,0.0));
#5342=SURFACE_STYLE_FILL_AREA(#9373);
#5343=ORIENTED_EDGE('',*,*,#9374,.F.);
#5344=ORIENTED_EDGE('',*,*,#9327,.T.);
#5345=ORIENTED_EDGE('',*,*,#9356,.F.);
#5346=ORIENTED_EDGE('',*,*,#9334,.F.);
#5347=CARTESIAN_POINT('',(23.2664,-0.228599999999998,4.3688));
#5348=DIRECTION('',(9.91273748503128E-33,1.0,1.61887288513438E-16));
#5349=DIRECTION('',(-6.12323399573676E-17,1.61887288513438E-16,-1.0));
#5350=SURFACE_STYLE_FILL_AREA(#9375);
#5351=ORIENTED_EDGE('',*,*,#9343,.T.);
#5352=ORIENTED_EDGE('',*,*,#9376,.F.);
#5353=ORIENTED_EDGE('',*,*,#9348,.T.);
#5354=ORIENTED_EDGE('',*,*,#9355,.T.);
#5355=CARTESIAN_POINT('',(23.2664,-0.635,7.874));
#5356=DIRECTION('',(6.12323399573676E-17,-0.0,1.0));
#5357=DIRECTION('',(0.0,1.0,0.0));
#5358=SURFACE_STYLE_FILL_AREA(#9377);
#5359=ORIENTED_EDGE('',*,*,#9342,.T.);
#5360=ORIENTED_EDGE('',*,*,#9331,.F.);
#5361=ORIENTED_EDGE('',*,*,#9346,.T.);
#5362=ORIENTED_EDGE('',*,*,#9376,.T.);
#5363=CARTESIAN_POINT('',(23.2664,-0.977899999999999,7.493));
#5364=DIRECTION('',(1.00665346793286E-17,-0.986393923832144,0.164398987305358));
#5365=DIRECTION('',(6.03992080759716E-17,0.164398987305358,0.986393923832144));
#5366=SURFACE_STYLE_FILL_AREA(#9378);
#5367=ORIENTED_EDGE('',*,*,#9173,.F.);
#5368=ORIENTED_EDGE('',*,*,#9353,.T.);
#5369=ORIENTED_EDGE('',*,*,#9369,.F.);
#5370=ORIENTED_EDGE('',*,*,#9338,.F.);
#5371=CARTESIAN_POINT('',(23.2664,-3.7338,1.4224));
#5372=DIRECTION('',(6.12323399573676E-17,-0.0,1.0));
#5373=DIRECTION('',(0.0,1.0,0.0));
#5374=SURFACE_STYLE_FILL_AREA(#9379);
#5375=ORIENTED_EDGE('',*,*,#9380,.F.);
#5376=ORIENTED_EDGE('',*,*,#9381,.T.);
#5377=ORIENTED_EDGE('',*,*,#9382,.T.);
#5378=ORIENTED_EDGE('',*,*,#9383,.T.);
#5379=CARTESIAN_POINT('',(19.4564,-1.2446,1.6256));
#5380=DIRECTION('',(-1.0,0.0,6.12323399573676E-17));
#5381=DIRECTION('',(6.12323399573676E-17,0.0,1.0));
#5382=SURFACE_STYLE_FILL_AREA(#9384);
#5383=ORIENTED_EDGE('',*,*,#9385,.F.);
#5384=ORIENTED_EDGE('',*,*,#9386,.F.);
#5385=ORIENTED_EDGE('',*,*,#9387,.T.);
#5386=ORIENTED_EDGE('',*,*,#9388,.F.);
#5387=CARTESIAN_POINT('',(18.6436,-2.25192394029608,2.89183716888979));
#5388=DIRECTION('',(-1.0,0.0,6.12323399573676E-17));
#5389=DIRECTION('',(6.12323399573676E-17,0.0,1.0));
#5390=SURFACE_STYLE_FILL_AREA(#9389);
#5391=ORIENTED_EDGE('',*,*,#9390,.F.);
#5392=ORIENTED_EDGE('',*,*,#9391,.F.);
#5393=ORIENTED_EDGE('',*,*,#9392,.T.);
#5394=ORIENTED_EDGE('',*,*,#9386,.T.);
#5395=CARTESIAN_POINT('',(19.4564,-1.0414,4.3688));
#5396=DIRECTION('',(0.0,-1.0,0.0));
#5397=DIRECTION('',(6.12323399573676E-17,0.0,1.0));
#5398=SURFACE_STYLE_FILL_AREA(#9393);
#5399=ORIENTED_EDGE('',*,*,#9394,.F.);
#5400=ORIENTED_EDGE('',*,*,#9395,.T.);
#5401=ORIENTED_EDGE('',*,*,#9396,.T.);
#5402=ORIENTED_EDGE('',*,*,#9391,.T.);
#5403=CARTESIAN_POINT('',(19.4564,-2.25192394029608,2.89183716888979));
#5404=DIRECTION('',(-1.0,0.0,6.12323399573676E-17));
#5405=DIRECTION('',(6.12323399573676E-17,0.0,1.0));
#5406=SURFACE_STYLE_FILL_AREA(#9397);
#5407=ORIENTED_EDGE('',*,*,#9398,.F.);
#5408=ORIENTED_EDGE('',*,*,#9166,.F.);
#5409=ORIENTED_EDGE('',*,*,#9399,.T.);
#5410=ORIENTED_EDGE('',*,*,#9400,.T.);
#5411=ORIENTED_EDGE('',*,*,#9401,.T.);
#5412=ORIENTED_EDGE('',*,*,#9381,.F.);
#5413=CARTESIAN_POINT('',(19.4564,-2.25192394029608,2.89183716888979));
#5414=DIRECTION('',(-1.0,0.0,6.12323399573676E-17));
#5415=DIRECTION('',(6.12323399573676E-17,0.0,1.0));
#5416=SURFACE_STYLE_FILL_AREA(#9402);
#5417=ORIENTED_EDGE('',*,*,#9403,.F.);
#5418=ORIENTED_EDGE('',*,*,#9404,.F.);
#5419=ORIENTED_EDGE('',*,*,#9405,.F.);
#5420=ORIENTED_EDGE('',*,*,#9387,.F.);
#5421=CARTESIAN_POINT('',(18.7071,-1.135,7.493));
#5422=DIRECTION('',(0.986393923832144,1.00665346793287E-17,-0.164398987305358));
#5423=DIRECTION('',(-0.164398987305358,6.03992080759716E-17,-0.986393923832144));
#5424=SURFACE_STYLE_FILL_AREA(#9406);
#5425=ORIENTED_EDGE('',*,*,#9407,.F.);
#5426=ORIENTED_EDGE('',*,*,#9396,.F.);
#5427=ORIENTED_EDGE('',*,*,#9408,.F.);
#5428=ORIENTED_EDGE('',*,*,#9409,.F.);
#5429=CARTESIAN_POINT('',(19.3929,-1.135,7.493));
#5430=DIRECTION('',(-0.986393923832144,1.00665346793285E-17,-0.164398987305356));
#5431=DIRECTION('',(-0.164398987305356,-6.03992080759717E-17,0.986393923832144));
#5432=SURFACE_STYLE_FILL_AREA(#9410);
#5433=ORIENTED_EDGE('',*,*,#9411,.F.);
#5434=ORIENTED_EDGE('',*,*,#9383,.F.);
#5435=ORIENTED_EDGE('',*,*,#9412,.F.);
#5436=ORIENTED_EDGE('',*,*,#9413,.T.);
#5437=ORIENTED_EDGE('',*,*,#9414,.F.);
#5438=ORIENTED_EDGE('',*,*,#9164,.F.);
#5439=CARTESIAN_POINT('',(18.6436,-2.25192394029608,2.89183716888979));
#5440=DIRECTION('',(-1.0,0.0,6.12323399573676E-17));
#5441=DIRECTION('',(6.12323399573676E-17,0.0,1.0));
#5442=SURFACE_STYLE_FILL_AREA(#9415);
#5443=ORIENTED_EDGE('',*,*,#9405,.T.);
#5444=ORIENTED_EDGE('',*,*,#9416,.F.);
#5445=ORIENTED_EDGE('',*,*,#9408,.T.);
#5446=ORIENTED_EDGE('',*,*,#9417,.T.);
#5447=CARTESIAN_POINT('',(19.4564,-0.2921,7.493));
#5448=DIRECTION('',(1.00665346793286E-17,0.986393923832144,0.164398987305358));
#5449=DIRECTION('',(-6.03992080759716E-17,0.164398987305358,-0.986393923832144));
#5450=SURFACE_STYLE_FILL_AREA(#9418);
#5451=ORIENTED_EDGE('',*,*,#9419,.F.);
#5452=ORIENTED_EDGE('',*,*,#9413,.F.);
#5453=ORIENTED_EDGE('',*,*,#9420,.F.);
#5454=ORIENTED_EDGE('',*,*,#9421,.F.);
#5455=CARTESIAN_POINT('',(18.7071,-6.604,0.516));
#5456=DIRECTION('',(0.986393923832144,0.164398987305358,0.0));
#5457=DIRECTION('',(-0.164398987305358,0.986393923832144,0.0));
#5458=SURFACE_STYLE_FILL_AREA(#9422);
#5459=ORIENTED_EDGE('',*,*,#9423,.F.);
#5460=ORIENTED_EDGE('',*,*,#9424,.F.);
#5461=ORIENTED_EDGE('',*,*,#9425,.F.);
#5462=ORIENTED_EDGE('',*,*,#9400,.F.);
#5463=CARTESIAN_POINT('',(19.3929,-6.604,0.516));
#5464=DIRECTION('',(-0.986393923832144,0.164398987305356,0.0));
#5465=DIRECTION('',(-0.164398987305356,-0.986393923832144,-0.0));
#5466=SURFACE_STYLE_FILL_AREA(#9426);
#5467=ORIENTED_EDGE('',*,*,#9425,.T.);
#5468=ORIENTED_EDGE('',*,*,#9427,.T.);
#5469=ORIENTED_EDGE('',*,*,#9420,.T.);
#5470=ORIENTED_EDGE('',*,*,#9428,.F.);
#5471=CARTESIAN_POINT('',(19.4564,-6.604,0.673099999999999));
#5472=DIRECTION('',(-6.03992080759716E-17,-0.164398987305358,-0.986393923832144));
#5473=DIRECTION('',(1.00665346793287E-17,-0.986393923832144,0.164398987305358));
#5474=SURFACE_STYLE_FILL_AREA(#9429);
#5475=ORIENTED_EDGE('',*,*,#9423,.T.);
#5476=ORIENTED_EDGE('',*,*,#9430,.T.);
#5477=ORIENTED_EDGE('',*,*,#9419,.T.);
#5478=ORIENTED_EDGE('',*,*,#9431,.F.);
#5479=CARTESIAN_POINT('',(19.4564,-6.604,1.3589));
#5480=DIRECTION('',(6.03992080759717E-17,-0.164398987305356,0.986393923832144));
#5481=DIRECTION('',(1.00665346793285E-17,0.986393923832144,0.164398987305356));
#5482=SURFACE_STYLE_FILL_AREA(#9432);
#5483=ORIENTED_EDGE('',*,*,#9424,.T.);
#5484=ORIENTED_EDGE('',*,*,#9431,.T.);
#5485=ORIENTED_EDGE('',*,*,#9421,.T.);
#5486=ORIENTED_EDGE('',*,*,#9427,.F.);
#5487=CARTESIAN_POINT('',(19.4564,-6.985,1.016));
#5488=DIRECTION('',(0.0,-1.0,0.0));
#5489=DIRECTION('',(6.12323399573676E-17,0.0,1.0));
#5490=SURFACE_STYLE_FILL_AREA(#9433);
#5491=ORIENTED_EDGE('',*,*,#9412,.T.);
#5492=ORIENTED_EDGE('',*,*,#9382,.F.);
#5493=ORIENTED_EDGE('',*,*,#9401,.F.);
#5494=ORIENTED_EDGE('',*,*,#9428,.T.);
#5495=CARTESIAN_POINT('',(19.4564,-3.7338,0.609599999999999));
#5496=DIRECTION('',(-6.12323399573676E-17,-0.0,-1.0));
#5497=DIRECTION('',(0.0,-1.0,0.0));
#5498=SURFACE_STYLE_FILL_AREA(#9434);
#5499=ORIENTED_EDGE('',*,*,#9435,.F.);
#5500=ORIENTED_EDGE('',*,*,#9388,.T.);
#5501=ORIENTED_EDGE('',*,*,#9417,.F.);
#5502=ORIENTED_EDGE('',*,*,#9395,.F.);
#5503=CARTESIAN_POINT('',(19.4564,-0.228599999999998,4.3688));
#5504=DIRECTION('',(9.91273748503128E-33,1.0,1.61887288513438E-16));
#5505=DIRECTION('',(-6.12323399573676E-17,1.61887288513438E-16,-1.0));
#5506=SURFACE_STYLE_FILL_AREA(#9436);
#5507=ORIENTED_EDGE('',*,*,#9404,.T.);
#5508=ORIENTED_EDGE('',*,*,#9437,.F.);
#5509=ORIENTED_EDGE('',*,*,#9409,.T.);
#5510=ORIENTED_EDGE('',*,*,#9416,.T.);
#5511=CARTESIAN_POINT('',(19.4564,-0.635,7.874));
#5512=DIRECTION('',(6.12323399573676E-17,-0.0,1.0));
#5513=DIRECTION('',(0.0,1.0,0.0));
#5514=SURFACE_STYLE_FILL_AREA(#9438);
#5515=ORIENTED_EDGE('',*,*,#9403,.T.);
#5516=ORIENTED_EDGE('',*,*,#9392,.F.);
#5517=ORIENTED_EDGE('',*,*,#9407,.T.);
#5518=ORIENTED_EDGE('',*,*,#9437,.T.);
#5519=CARTESIAN_POINT('',(19.4564,-0.977899999999999,7.493));
#5520=DIRECTION('',(1.00665346793286E-17,-0.986393923832144,0.164398987305358));
#5521=DIRECTION('',(6.03992080759716E-17,0.164398987305358,0.986393923832144));
#5522=SURFACE_STYLE_FILL_AREA(#9439);
#5523=ORIENTED_EDGE('',*,*,#9165,.F.);
#5524=ORIENTED_EDGE('',*,*,#9414,.T.);
#5525=ORIENTED_EDGE('',*,*,#9430,.F.);
#5526=ORIENTED_EDGE('',*,*,#9399,.F.);
#5527=CARTESIAN_POINT('',(19.4564,-3.7338,1.4224));
#5528=DIRECTION('',(6.12323399573676E-17,-0.0,1.0));
#5529=DIRECTION('',(0.0,1.0,0.0));
#5530=SURFACE_STYLE_FILL_AREA(#9440);
#5531=ORIENTED_EDGE('',*,*,#9441,.F.);
#5532=ORIENTED_EDGE('',*,*,#9442,.T.);
#5533=ORIENTED_EDGE('',*,*,#9443,.T.);
#5534=ORIENTED_EDGE('',*,*,#9444,.T.);
#5535=CARTESIAN_POINT('',(15.6464,-1.2446,1.6256));
#5536=DIRECTION('',(-1.0,0.0,6.12323399573676E-17));
#5537=DIRECTION('',(6.12323399573676E-17,0.0,1.0));
#5538=SURFACE_STYLE_FILL_AREA(#9445);
#5539=ORIENTED_EDGE('',*,*,#9446,.F.);
#5540=ORIENTED_EDGE('',*,*,#9447,.F.);
#5541=ORIENTED_EDGE('',*,*,#9448,.T.);
#5542=ORIENTED_EDGE('',*,*,#9449,.F.);
#5543=CARTESIAN_POINT('',(14.8336,-2.25192394029608,2.89183716888979));
#5544=DIRECTION('',(-1.0,0.0,6.12323399573676E-17));
#5545=DIRECTION('',(6.12323399573676E-17,0.0,1.0));
#5546=SURFACE_STYLE_FILL_AREA(#9450);
#5547=ORIENTED_EDGE('',*,*,#9451,.F.);
#5548=ORIENTED_EDGE('',*,*,#9452,.F.);
#5549=ORIENTED_EDGE('',*,*,#9453,.T.);
#5550=ORIENTED_EDGE('',*,*,#9447,.T.);
#5551=CARTESIAN_POINT('',(15.6464,-1.0414,4.3688));
#5552=DIRECTION('',(0.0,-1.0,0.0));
#5553=DIRECTION('',(6.12323399573676E-17,0.0,1.0));
#5554=SURFACE_STYLE_FILL_AREA(#9454);
#5555=ORIENTED_EDGE('',*,*,#9455,.F.);
#5556=ORIENTED_EDGE('',*,*,#9456,.T.);
#5557=ORIENTED_EDGE('',*,*,#9457,.T.);
#5558=ORIENTED_EDGE('',*,*,#9452,.T.);
#5559=CARTESIAN_POINT('',(15.6464,-2.25192394029608,2.89183716888979));
#5560=DIRECTION('',(-1.0,0.0,6.12323399573676E-17));
#5561=DIRECTION('',(6.12323399573676E-17,0.0,1.0));
#5562=SURFACE_STYLE_FILL_AREA(#9458);
#5563=ORIENTED_EDGE('',*,*,#9459,.F.);
#5564=ORIENTED_EDGE('',*,*,#9158,.F.);
#5565=ORIENTED_EDGE('',*,*,#9460,.T.);
#5566=ORIENTED_EDGE('',*,*,#9461,.T.);
#5567=ORIENTED_EDGE('',*,*,#9462,.T.);
#5568=ORIENTED_EDGE('',*,*,#9442,.F.);
#5569=CARTESIAN_POINT('',(15.6464,-2.25192394029608,2.89183716888979));
#5570=DIRECTION('',(-1.0,0.0,6.12323399573676E-17));
#5571=DIRECTION('',(6.12323399573676E-17,0.0,1.0));
#5572=SURFACE_STYLE_FILL_AREA(#9463);
#5573=ORIENTED_EDGE('',*,*,#9464,.F.);
#5574=ORIENTED_EDGE('',*,*,#9465,.F.);
#5575=ORIENTED_EDGE('',*,*,#9466,.F.);
#5576=ORIENTED_EDGE('',*,*,#9448,.F.);
#5577=CARTESIAN_POINT('',(14.8971,-1.135,7.493));
#5578=DIRECTION('',(0.986393923832144,1.00665346793287E-17,-0.164398987305358));
#5579=DIRECTION('',(-0.164398987305358,6.03992080759716E-17,-0.986393923832144));
#5580=SURFACE_STYLE_FILL_AREA(#9467);
#5581=ORIENTED_EDGE('',*,*,#9468,.F.);
#5582=ORIENTED_EDGE('',*,*,#9457,.F.);
#5583=ORIENTED_EDGE('',*,*,#9469,.F.);
#5584=ORIENTED_EDGE('',*,*,#9470,.F.);
#5585=CARTESIAN_POINT('',(15.5829,-1.135,7.493));
#5586=DIRECTION('',(-0.986393923832144,1.00665346793285E-17,-0.164398987305356));
#5587=DIRECTION('',(-0.164398987305356,-6.03992080759717E-17,0.986393923832144));
#5588=SURFACE_STYLE_FILL_AREA(#9471);
#5589=ORIENTED_EDGE('',*,*,#9472,.F.);
#5590=ORIENTED_EDGE('',*,*,#9444,.F.);
#5591=ORIENTED_EDGE('',*,*,#9473,.F.);
#5592=ORIENTED_EDGE('',*,*,#9474,.T.);
#5593=ORIENTED_EDGE('',*,*,#9475,.F.);
#5594=ORIENTED_EDGE('',*,*,#9156,.F.);
#5595=CARTESIAN_POINT('',(14.8336,-2.25192394029608,2.89183716888979));
#5596=DIRECTION('',(-1.0,0.0,6.12323399573676E-17));
#5597=DIRECTION('',(6.12323399573676E-17,0.0,1.0));
#5598=SURFACE_STYLE_FILL_AREA(#9476);
#5599=ORIENTED_EDGE('',*,*,#9466,.T.);
#5600=ORIENTED_EDGE('',*,*,#9477,.F.);
#5601=ORIENTED_EDGE('',*,*,#9469,.T.);
#5602=ORIENTED_EDGE('',*,*,#9478,.T.);
#5603=CARTESIAN_POINT('',(15.6464,-0.2921,7.493));
#5604=DIRECTION('',(1.00665346793286E-17,0.986393923832144,0.164398987305358));
#5605=DIRECTION('',(-6.03992080759716E-17,0.164398987305358,-0.986393923832144));
#5606=SURFACE_STYLE_FILL_AREA(#9479);
#5607=ORIENTED_EDGE('',*,*,#9480,.F.);
#5608=ORIENTED_EDGE('',*,*,#9474,.F.);
#5609=ORIENTED_EDGE('',*,*,#9481,.F.);
#5610=ORIENTED_EDGE('',*,*,#9482,.F.);
#5611=CARTESIAN_POINT('',(14.8971,-6.604,0.516));
#5612=DIRECTION('',(0.986393923832144,0.164398987305358,0.0));
#5613=DIRECTION('',(-0.164398987305358,0.986393923832144,0.0));
#5614=SURFACE_STYLE_FILL_AREA(#9483);
#5615=ORIENTED_EDGE('',*,*,#9484,.F.);
#5616=ORIENTED_EDGE('',*,*,#9485,.F.);
#5617=ORIENTED_EDGE('',*,*,#9486,.F.);
#5618=ORIENTED_EDGE('',*,*,#9461,.F.);
#5619=CARTESIAN_POINT('',(15.5829,-6.604,0.516));
#5620=DIRECTION('',(-0.986393923832144,0.164398987305356,0.0));
#5621=DIRECTION('',(-0.164398987305356,-0.986393923832144,-0.0));
#5622=SURFACE_STYLE_FILL_AREA(#9487);
#5623=ORIENTED_EDGE('',*,*,#9486,.T.);
#5624=ORIENTED_EDGE('',*,*,#9488,.T.);
#5625=ORIENTED_EDGE('',*,*,#9481,.T.);
#5626=ORIENTED_EDGE('',*,*,#9489,.F.);
#5627=CARTESIAN_POINT('',(15.6464,-6.604,0.673099999999999));
#5628=DIRECTION('',(-6.03992080759716E-17,-0.164398987305358,-0.986393923832144));
#5629=DIRECTION('',(1.00665346793287E-17,-0.986393923832144,0.164398987305358));
#5630=SURFACE_STYLE_FILL_AREA(#9490);
#5631=ORIENTED_EDGE('',*,*,#9484,.T.);
#5632=ORIENTED_EDGE('',*,*,#9491,.T.);
#5633=ORIENTED_EDGE('',*,*,#9480,.T.);
#5634=ORIENTED_EDGE('',*,*,#9492,.F.);
#5635=CARTESIAN_POINT('',(15.6464,-6.604,1.3589));
#5636=DIRECTION('',(6.03992080759717E-17,-0.164398987305356,0.986393923832144));
#5637=DIRECTION('',(1.00665346793285E-17,0.986393923832144,0.164398987305356));
#5638=SURFACE_STYLE_FILL_AREA(#9493);
#5639=ORIENTED_EDGE('',*,*,#9485,.T.);
#5640=ORIENTED_EDGE('',*,*,#9492,.T.);
#5641=ORIENTED_EDGE('',*,*,#9482,.T.);
#5642=ORIENTED_EDGE('',*,*,#9488,.F.);
#5643=CARTESIAN_POINT('',(15.6464,-6.985,1.016));
#5644=DIRECTION('',(0.0,-1.0,0.0));
#5645=DIRECTION('',(6.12323399573676E-17,0.0,1.0));
#5646=SURFACE_STYLE_FILL_AREA(#9494);
#5647=ORIENTED_EDGE('',*,*,#9473,.T.);
#5648=ORIENTED_EDGE('',*,*,#9443,.F.);
#5649=ORIENTED_EDGE('',*,*,#9462,.F.);
#5650=ORIENTED_EDGE('',*,*,#9489,.T.);
#5651=CARTESIAN_POINT('',(15.6464,-3.7338,0.609599999999999));
#5652=DIRECTION('',(-6.12323399573676E-17,-0.0,-1.0));
#5653=DIRECTION('',(0.0,-1.0,0.0));
#5654=SURFACE_STYLE_FILL_AREA(#9495);
#5655=ORIENTED_EDGE('',*,*,#9496,.F.);
#5656=ORIENTED_EDGE('',*,*,#9449,.T.);
#5657=ORIENTED_EDGE('',*,*,#9478,.F.);
#5658=ORIENTED_EDGE('',*,*,#9456,.F.);
#5659=CARTESIAN_POINT('',(15.6464,-0.228599999999998,4.3688));
#5660=DIRECTION('',(9.91273748503128E-33,1.0,1.61887288513438E-16));
#5661=DIRECTION('',(-6.12323399573676E-17,1.61887288513438E-16,-1.0));
#5662=SURFACE_STYLE_FILL_AREA(#9497);
#5663=ORIENTED_EDGE('',*,*,#9465,.T.);
#5664=ORIENTED_EDGE('',*,*,#9498,.F.);
#5665=ORIENTED_EDGE('',*,*,#9470,.T.);
#5666=ORIENTED_EDGE('',*,*,#9477,.T.);
#5667=CARTESIAN_POINT('',(15.6464,-0.635,7.874));
#5668=DIRECTION('',(6.12323399573676E-17,-0.0,1.0));
#5669=DIRECTION('',(0.0,1.0,0.0));
#5670=SURFACE_STYLE_FILL_AREA(#9499);
#5671=ORIENTED_EDGE('',*,*,#9464,.T.);
#5672=ORIENTED_EDGE('',*,*,#9453,.F.);
#5673=ORIENTED_EDGE('',*,*,#9468,.T.);
#5674=ORIENTED_EDGE('',*,*,#9498,.T.);
#5675=CARTESIAN_POINT('',(15.6464,-0.977899999999999,7.493));
#5676=DIRECTION('',(1.00665346793286E-17,-0.986393923832144,0.164398987305358));
#5677=DIRECTION('',(6.03992080759716E-17,0.164398987305358,0.986393923832144));
#5678=SURFACE_STYLE_FILL_AREA(#9500);
#5679=ORIENTED_EDGE('',*,*,#9157,.F.);
#5680=ORIENTED_EDGE('',*,*,#9475,.T.);
#5681=ORIENTED_EDGE('',*,*,#9491,.F.);
#5682=ORIENTED_EDGE('',*,*,#9460,.F.);
#5683=CARTESIAN_POINT('',(15.6464,-3.7338,1.4224));
#5684=DIRECTION('',(6.12323399573676E-17,-0.0,1.0));
#5685=DIRECTION('',(0.0,1.0,0.0));
#5686=SURFACE_STYLE_FILL_AREA(#9501);
#5687=ORIENTED_EDGE('',*,*,#9502,.F.);
#5688=ORIENTED_EDGE('',*,*,#9503,.T.);
#5689=ORIENTED_EDGE('',*,*,#9504,.T.);
#5690=ORIENTED_EDGE('',*,*,#9505,.T.);
#5691=CARTESIAN_POINT('',(11.8364,-1.2446,1.6256));
#5692=DIRECTION('',(-1.0,0.0,6.12323399573676E-17));
#5693=DIRECTION('',(6.12323399573676E-17,0.0,1.0));
#5694=SURFACE_STYLE_FILL_AREA(#9506);
#5695=ORIENTED_EDGE('',*,*,#9507,.F.);
#5696=ORIENTED_EDGE('',*,*,#9508,.F.);
#5697=ORIENTED_EDGE('',*,*,#9509,.T.);
#5698=ORIENTED_EDGE('',*,*,#9510,.F.);
#5699=CARTESIAN_POINT('',(11.0236,-2.25192394029608,2.89183716888979));
#5700=DIRECTION('',(-1.0,0.0,6.12323399573676E-17));
#5701=DIRECTION('',(6.12323399573676E-17,0.0,1.0));
#5702=SURFACE_STYLE_FILL_AREA(#9511);
#5703=ORIENTED_EDGE('',*,*,#9512,.F.);
#5704=ORIENTED_EDGE('',*,*,#9513,.F.);
#5705=ORIENTED_EDGE('',*,*,#9514,.T.);
#5706=ORIENTED_EDGE('',*,*,#9508,.T.);
#5707=CARTESIAN_POINT('',(11.8364,-1.0414,4.3688));
#5708=DIRECTION('',(0.0,-1.0,0.0));
#5709=DIRECTION('',(6.12323399573676E-17,0.0,1.0));
#5710=SURFACE_STYLE_FILL_AREA(#9515);
#5711=ORIENTED_EDGE('',*,*,#9516,.F.);
#5712=ORIENTED_EDGE('',*,*,#9517,.T.);
#5713=ORIENTED_EDGE('',*,*,#9518,.T.);
#5714=ORIENTED_EDGE('',*,*,#9513,.T.);
#5715=CARTESIAN_POINT('',(11.8364,-2.25192394029608,2.89183716888979));
#5716=DIRECTION('',(-1.0,0.0,6.12323399573676E-17));
#5717=DIRECTION('',(6.12323399573676E-17,0.0,1.0));
#5718=SURFACE_STYLE_FILL_AREA(#9519);
#5719=ORIENTED_EDGE('',*,*,#9520,.F.);
#5720=ORIENTED_EDGE('',*,*,#9150,.F.);
#5721=ORIENTED_EDGE('',*,*,#9521,.T.);
#5722=ORIENTED_EDGE('',*,*,#9522,.T.);
#5723=ORIENTED_EDGE('',*,*,#9523,.T.);
#5724=ORIENTED_EDGE('',*,*,#9503,.F.);
#5725=CARTESIAN_POINT('',(11.8364,-2.25192394029608,2.89183716888979));
#5726=DIRECTION('',(-1.0,0.0,6.12323399573676E-17));
#5727=DIRECTION('',(6.12323399573676E-17,0.0,1.0));
#5728=SURFACE_STYLE_FILL_AREA(#9524);
#5729=ORIENTED_EDGE('',*,*,#9525,.F.);
#5730=ORIENTED_EDGE('',*,*,#9526,.F.);
#5731=ORIENTED_EDGE('',*,*,#9527,.F.);
#5732=ORIENTED_EDGE('',*,*,#9509,.F.);
#5733=CARTESIAN_POINT('',(11.0871,-1.135,7.493));
#5734=DIRECTION('',(0.986393923832144,1.00665346793287E-17,-0.164398987305358));
#5735=DIRECTION('',(-0.164398987305358,6.03992080759716E-17,-0.986393923832144));
#5736=SURFACE_STYLE_FILL_AREA(#9528);
#5737=ORIENTED_EDGE('',*,*,#9529,.F.);
#5738=ORIENTED_EDGE('',*,*,#9518,.F.);
#5739=ORIENTED_EDGE('',*,*,#9530,.F.);
#5740=ORIENTED_EDGE('',*,*,#9531,.F.);
#5741=CARTESIAN_POINT('',(11.7729,-1.135,7.493));
#5742=DIRECTION('',(-0.986393923832144,1.00665346793285E-17,-0.164398987305356));
#5743=DIRECTION('',(-0.164398987305356,-6.03992080759717E-17,0.986393923832144));
#5744=SURFACE_STYLE_FILL_AREA(#9532);
#5745=ORIENTED_EDGE('',*,*,#9533,.F.);
#5746=ORIENTED_EDGE('',*,*,#9505,.F.);
#5747=ORIENTED_EDGE('',*,*,#9534,.F.);
#5748=ORIENTED_EDGE('',*,*,#9535,.T.);
#5749=ORIENTED_EDGE('',*,*,#9536,.F.);
#5750=ORIENTED_EDGE('',*,*,#9148,.F.);
#5751=CARTESIAN_POINT('',(11.0236,-2.25192394029608,2.89183716888979));
#5752=DIRECTION('',(-1.0,0.0,6.12323399573676E-17));
#5753=DIRECTION('',(6.12323399573676E-17,0.0,1.0));
#5754=SURFACE_STYLE_FILL_AREA(#9537);
#5755=ORIENTED_EDGE('',*,*,#9527,.T.);
#5756=ORIENTED_EDGE('',*,*,#9538,.F.);
#5757=ORIENTED_EDGE('',*,*,#9530,.T.);
#5758=ORIENTED_EDGE('',*,*,#9539,.T.);
#5759=CARTESIAN_POINT('',(11.8364,-0.2921,7.493));
#5760=DIRECTION('',(1.00665346793286E-17,0.986393923832144,0.164398987305358));
#5761=DIRECTION('',(-6.03992080759716E-17,0.164398987305358,-0.986393923832144));
#5762=SURFACE_STYLE_FILL_AREA(#9540);
#5763=ORIENTED_EDGE('',*,*,#9541,.F.);
#5764=ORIENTED_EDGE('',*,*,#9535,.F.);
#5765=ORIENTED_EDGE('',*,*,#9542,.F.);
#5766=ORIENTED_EDGE('',*,*,#9543,.F.);
#5767=CARTESIAN_POINT('',(11.0871,-6.604,0.516));
#5768=DIRECTION('',(0.986393923832144,0.164398987305358,0.0));
#5769=DIRECTION('',(-0.164398987305358,0.986393923832144,0.0));
#5770=SURFACE_STYLE_FILL_AREA(#9544);
#5771=ORIENTED_EDGE('',*,*,#9545,.F.);
#5772=ORIENTED_EDGE('',*,*,#9546,.F.);
#5773=ORIENTED_EDGE('',*,*,#9547,.F.);
#5774=ORIENTED_EDGE('',*,*,#9522,.F.);
#5775=CARTESIAN_POINT('',(11.7729,-6.604,0.516));
#5776=DIRECTION('',(-0.986393923832144,0.164398987305356,0.0));
#5777=DIRECTION('',(-0.164398987305356,-0.986393923832144,-0.0));
#5778=SURFACE_STYLE_FILL_AREA(#9548);
#5779=ORIENTED_EDGE('',*,*,#9547,.T.);
#5780=ORIENTED_EDGE('',*,*,#9549,.T.);
#5781=ORIENTED_EDGE('',*,*,#9542,.T.);
#5782=ORIENTED_EDGE('',*,*,#9550,.F.);
#5783=CARTESIAN_POINT('',(11.8364,-6.604,0.673099999999999));
#5784=DIRECTION('',(-6.03992080759716E-17,-0.164398987305358,-0.986393923832144));
#5785=DIRECTION('',(1.00665346793287E-17,-0.986393923832144,0.164398987305358));
#5786=SURFACE_STYLE_FILL_AREA(#9551);
#5787=ORIENTED_EDGE('',*,*,#9545,.T.);
#5788=ORIENTED_EDGE('',*,*,#9552,.T.);
#5789=ORIENTED_EDGE('',*,*,#9541,.T.);
#5790=ORIENTED_EDGE('',*,*,#9553,.F.);
#5791=CARTESIAN_POINT('',(11.8364,-6.604,1.3589));
#5792=DIRECTION('',(6.03992080759717E-17,-0.164398987305356,0.986393923832144));
#5793=DIRECTION('',(1.00665346793285E-17,0.986393923832144,0.164398987305356));
#5794=SURFACE_STYLE_FILL_AREA(#9554);
#5795=ORIENTED_EDGE('',*,*,#9546,.T.);
#5796=ORIENTED_EDGE('',*,*,#9553,.T.);
#5797=ORIENTED_EDGE('',*,*,#9543,.T.);
#5798=ORIENTED_EDGE('',*,*,#9549,.F.);
#5799=CARTESIAN_POINT('',(11.8364,-6.985,1.016));
#5800=DIRECTION('',(0.0,-1.0,0.0));
#5801=DIRECTION('',(6.12323399573676E-17,0.0,1.0));
#5802=SURFACE_STYLE_FILL_AREA(#9555);
#5803=ORIENTED_EDGE('',*,*,#9534,.T.);
#5804=ORIENTED_EDGE('',*,*,#9504,.F.);
#5805=ORIENTED_EDGE('',*,*,#9523,.F.);
#5806=ORIENTED_EDGE('',*,*,#9550,.T.);
#5807=CARTESIAN_POINT('',(11.8364,-3.7338,0.609599999999999));
#5808=DIRECTION('',(-6.12323399573676E-17,-0.0,-1.0));
#5809=DIRECTION('',(0.0,-1.0,0.0));
#5810=SURFACE_STYLE_FILL_AREA(#9556);
#5811=ORIENTED_EDGE('',*,*,#9557,.F.);
#5812=ORIENTED_EDGE('',*,*,#9510,.T.);
#5813=ORIENTED_EDGE('',*,*,#9539,.F.);
#5814=ORIENTED_EDGE('',*,*,#9517,.F.);
#5815=CARTESIAN_POINT('',(11.8364,-0.228599999999998,4.3688));
#5816=DIRECTION('',(9.91273748503128E-33,1.0,1.61887288513438E-16));
#5817=DIRECTION('',(-6.12323399573676E-17,1.61887288513438E-16,-1.0));
#5818=SURFACE_STYLE_FILL_AREA(#9558);
#5819=ORIENTED_EDGE('',*,*,#9526,.T.);
#5820=ORIENTED_EDGE('',*,*,#9559,.F.);
#5821=ORIENTED_EDGE('',*,*,#9531,.T.);
#5822=ORIENTED_EDGE('',*,*,#9538,.T.);
#5823=CARTESIAN_POINT('',(11.8364,-0.635,7.874));
#5824=DIRECTION('',(6.12323399573676E-17,-0.0,1.0));
#5825=DIRECTION('',(0.0,1.0,0.0));
#5826=SURFACE_STYLE_FILL_AREA(#9560);
#5827=ORIENTED_EDGE('',*,*,#9525,.T.);
#5828=ORIENTED_EDGE('',*,*,#9514,.F.);
#5829=ORIENTED_EDGE('',*,*,#9529,.T.);
#5830=ORIENTED_EDGE('',*,*,#9559,.T.);
#5831=CARTESIAN_POINT('',(11.8364,-0.977899999999999,7.493));
#5832=DIRECTION('',(1.00665346793286E-17,-0.986393923832144,0.164398987305358));
#5833=DIRECTION('',(6.03992080759716E-17,0.164398987305358,0.986393923832144));
#5834=SURFACE_STYLE_FILL_AREA(#9561);
#5835=ORIENTED_EDGE('',*,*,#9149,.F.);
#5836=ORIENTED_EDGE('',*,*,#9536,.T.);
#5837=ORIENTED_EDGE('',*,*,#9552,.F.);
#5838=ORIENTED_EDGE('',*,*,#9521,.F.);
#5839=CARTESIAN_POINT('',(11.8364,-3.7338,1.4224));
#5840=DIRECTION('',(6.12323399573676E-17,-0.0,1.0));
#5841=DIRECTION('',(0.0,1.0,0.0));
#5842=SURFACE_STYLE_FILL_AREA(#9562);
#5843=ORIENTED_EDGE('',*,*,#9563,.F.);
#5844=ORIENTED_EDGE('',*,*,#9564,.T.);
#5845=ORIENTED_EDGE('',*,*,#9565,.T.);
#5846=ORIENTED_EDGE('',*,*,#9566,.T.);
#5847=CARTESIAN_POINT('',(8.0264,-1.2446,1.6256));
#5848=DIRECTION('',(-1.0,0.0,6.12323399573676E-17));
#5849=DIRECTION('',(6.12323399573676E-17,0.0,1.0));
#5850=SURFACE_STYLE_FILL_AREA(#9567);
#5851=ORIENTED_EDGE('',*,*,#9568,.F.);
#5852=ORIENTED_EDGE('',*,*,#9569,.F.);
#5853=ORIENTED_EDGE('',*,*,#9570,.T.);
#5854=ORIENTED_EDGE('',*,*,#9571,.F.);
#5855=CARTESIAN_POINT('',(7.2136,-2.25192394029608,2.89183716888979));
#5856=DIRECTION('',(-1.0,0.0,6.12323399573676E-17));
#5857=DIRECTION('',(6.12323399573676E-17,0.0,1.0));
#5858=SURFACE_STYLE_FILL_AREA(#9572);
#5859=ORIENTED_EDGE('',*,*,#9573,.F.);
#5860=ORIENTED_EDGE('',*,*,#9574,.F.);
#5861=ORIENTED_EDGE('',*,*,#9575,.T.);
#5862=ORIENTED_EDGE('',*,*,#9569,.T.);
#5863=CARTESIAN_POINT('',(8.0264,-1.0414,4.3688));
#5864=DIRECTION('',(0.0,-1.0,0.0));
#5865=DIRECTION('',(6.12323399573676E-17,0.0,1.0));
#5866=SURFACE_STYLE_FILL_AREA(#9576);
#5867=ORIENTED_EDGE('',*,*,#9577,.F.);
#5868=ORIENTED_EDGE('',*,*,#9578,.T.);
#5869=ORIENTED_EDGE('',*,*,#9579,.T.);
#5870=ORIENTED_EDGE('',*,*,#9574,.T.);
#5871=CARTESIAN_POINT('',(8.0264,-2.25192394029608,2.89183716888979));
#5872=DIRECTION('',(-1.0,0.0,6.12323399573676E-17));
#5873=DIRECTION('',(6.12323399573676E-17,0.0,1.0));
#5874=SURFACE_STYLE_FILL_AREA(#9580);
#5875=ORIENTED_EDGE('',*,*,#9581,.F.);
#5876=ORIENTED_EDGE('',*,*,#9142,.F.);
#5877=ORIENTED_EDGE('',*,*,#9582,.T.);
#5878=ORIENTED_EDGE('',*,*,#9583,.T.);
#5879=ORIENTED_EDGE('',*,*,#9584,.T.);
#5880=ORIENTED_EDGE('',*,*,#9564,.F.);
#5881=CARTESIAN_POINT('',(8.0264,-2.25192394029608,2.89183716888979));
#5882=DIRECTION('',(-1.0,0.0,6.12323399573676E-17));
#5883=DIRECTION('',(6.12323399573676E-17,0.0,1.0));
#5884=SURFACE_STYLE_FILL_AREA(#9585);
#5885=ORIENTED_EDGE('',*,*,#9586,.F.);
#5886=ORIENTED_EDGE('',*,*,#9587,.F.);
#5887=ORIENTED_EDGE('',*,*,#9588,.F.);
#5888=ORIENTED_EDGE('',*,*,#9570,.F.);
#5889=CARTESIAN_POINT('',(7.2771,-1.135,7.493));
#5890=DIRECTION('',(0.986393923832144,1.00665346793287E-17,-0.164398987305358));
#5891=DIRECTION('',(-0.164398987305358,6.03992080759716E-17,-0.986393923832144));
#5892=SURFACE_STYLE_FILL_AREA(#9589);
#5893=ORIENTED_EDGE('',*,*,#9590,.F.);
#5894=ORIENTED_EDGE('',*,*,#9579,.F.);
#5895=ORIENTED_EDGE('',*,*,#9591,.F.);
#5896=ORIENTED_EDGE('',*,*,#9592,.F.);
#5897=CARTESIAN_POINT('',(7.9629,-1.135,7.493));
#5898=DIRECTION('',(-0.986393923832144,1.00665346793285E-17,-0.164398987305356));
#5899=DIRECTION('',(-0.164398987305356,-6.03992080759717E-17,0.986393923832144));
#5900=SURFACE_STYLE_FILL_AREA(#9593);
#5901=ORIENTED_EDGE('',*,*,#9594,.F.);
#5902=ORIENTED_EDGE('',*,*,#9566,.F.);
#5903=ORIENTED_EDGE('',*,*,#9595,.F.);
#5904=ORIENTED_EDGE('',*,*,#9596,.T.);
#5905=ORIENTED_EDGE('',*,*,#9597,.F.);
#5906=ORIENTED_EDGE('',*,*,#9140,.F.);
#5907=CARTESIAN_POINT('',(7.2136,-2.25192394029608,2.89183716888979));
#5908=DIRECTION('',(-1.0,0.0,6.12323399573676E-17));
#5909=DIRECTION('',(6.12323399573676E-17,0.0,1.0));
#5910=SURFACE_STYLE_FILL_AREA(#9598);
#5911=ORIENTED_EDGE('',*,*,#9588,.T.);
#5912=ORIENTED_EDGE('',*,*,#9599,.F.);
#5913=ORIENTED_EDGE('',*,*,#9591,.T.);
#5914=ORIENTED_EDGE('',*,*,#9600,.T.);
#5915=CARTESIAN_POINT('',(8.0264,-0.2921,7.493));
#5916=DIRECTION('',(1.00665346793286E-17,0.986393923832144,0.164398987305358));
#5917=DIRECTION('',(-6.03992080759716E-17,0.164398987305358,-0.986393923832144));
#5918=SURFACE_STYLE_FILL_AREA(#9601);
#5919=ORIENTED_EDGE('',*,*,#9602,.F.);
#5920=ORIENTED_EDGE('',*,*,#9596,.F.);
#5921=ORIENTED_EDGE('',*,*,#9603,.F.);
#5922=ORIENTED_EDGE('',*,*,#9604,.F.);
#5923=CARTESIAN_POINT('',(7.2771,-6.604,0.516));
#5924=DIRECTION('',(0.986393923832144,0.164398987305358,0.0));
#5925=DIRECTION('',(-0.164398987305358,0.986393923832144,0.0));
#5926=SURFACE_STYLE_FILL_AREA(#9605);
#5927=ORIENTED_EDGE('',*,*,#9606,.F.);
#5928=ORIENTED_EDGE('',*,*,#9607,.F.);
#5929=ORIENTED_EDGE('',*,*,#9608,.F.);
#5930=ORIENTED_EDGE('',*,*,#9583,.F.);
#5931=CARTESIAN_POINT('',(7.9629,-6.604,0.516));
#5932=DIRECTION('',(-0.986393923832144,0.164398987305356,0.0));
#5933=DIRECTION('',(-0.164398987305356,-0.986393923832144,-0.0));
#5934=SURFACE_STYLE_FILL_AREA(#9609);
#5935=ORIENTED_EDGE('',*,*,#9608,.T.);
#5936=ORIENTED_EDGE('',*,*,#9610,.T.);
#5937=ORIENTED_EDGE('',*,*,#9603,.T.);
#5938=ORIENTED_EDGE('',*,*,#9611,.F.);
#5939=CARTESIAN_POINT('',(8.0264,-6.604,0.673099999999999));
#5940=DIRECTION('',(-6.03992080759716E-17,-0.164398987305358,-0.986393923832144));
#5941=DIRECTION('',(1.00665346793287E-17,-0.986393923832144,0.164398987305358));
#5942=SURFACE_STYLE_FILL_AREA(#9612);
#5943=ORIENTED_EDGE('',*,*,#9606,.T.);
#5944=ORIENTED_EDGE('',*,*,#9613,.T.);
#5945=ORIENTED_EDGE('',*,*,#9602,.T.);
#5946=ORIENTED_EDGE('',*,*,#9614,.F.);
#5947=CARTESIAN_POINT('',(8.0264,-6.604,1.3589));
#5948=DIRECTION('',(6.03992080759717E-17,-0.164398987305356,0.986393923832144));
#5949=DIRECTION('',(1.00665346793285E-17,0.986393923832144,0.164398987305356));
#5950=SURFACE_STYLE_FILL_AREA(#9615);
#5951=ORIENTED_EDGE('',*,*,#9607,.T.);
#5952=ORIENTED_EDGE('',*,*,#9614,.T.);
#5953=ORIENTED_EDGE('',*,*,#9604,.T.);
#5954=ORIENTED_EDGE('',*,*,#9610,.F.);
#5955=CARTESIAN_POINT('',(8.0264,-6.985,1.016));
#5956=DIRECTION('',(0.0,-1.0,0.0));
#5957=DIRECTION('',(6.12323399573676E-17,0.0,1.0));
#5958=SURFACE_STYLE_FILL_AREA(#9616);
#5959=ORIENTED_EDGE('',*,*,#9595,.T.);
#5960=ORIENTED_EDGE('',*,*,#9565,.F.);
#5961=ORIENTED_EDGE('',*,*,#9584,.F.);
#5962=ORIENTED_EDGE('',*,*,#9611,.T.);
#5963=CARTESIAN_POINT('',(8.0264,-3.7338,0.609599999999999));
#5964=DIRECTION('',(-6.12323399573676E-17,-0.0,-1.0));
#5965=DIRECTION('',(0.0,-1.0,0.0));
#5966=SURFACE_STYLE_FILL_AREA(#9617);
#5967=ORIENTED_EDGE('',*,*,#9618,.F.);
#5968=ORIENTED_EDGE('',*,*,#9571,.T.);
#5969=ORIENTED_EDGE('',*,*,#9600,.F.);
#5970=ORIENTED_EDGE('',*,*,#9578,.F.);
#5971=CARTESIAN_POINT('',(8.0264,-0.228599999999998,4.3688));
#5972=DIRECTION('',(9.91273748503128E-33,1.0,1.61887288513438E-16));
#5973=DIRECTION('',(-6.12323399573676E-17,1.61887288513438E-16,-1.0));
#5974=SURFACE_STYLE_FILL_AREA(#9619);
#5975=ORIENTED_EDGE('',*,*,#9587,.T.);
#5976=ORIENTED_EDGE('',*,*,#9620,.F.);
#5977=ORIENTED_EDGE('',*,*,#9592,.T.);
#5978=ORIENTED_EDGE('',*,*,#9599,.T.);
#5979=CARTESIAN_POINT('',(8.0264,-0.635,7.874));
#5980=DIRECTION('',(6.12323399573676E-17,-0.0,1.0));
#5981=DIRECTION('',(0.0,1.0,0.0));
#5982=SURFACE_STYLE_FILL_AREA(#9621);
#5983=ORIENTED_EDGE('',*,*,#9586,.T.);
#5984=ORIENTED_EDGE('',*,*,#9575,.F.);
#5985=ORIENTED_EDGE('',*,*,#9590,.T.);
#5986=ORIENTED_EDGE('',*,*,#9620,.T.);
#5987=CARTESIAN_POINT('',(8.0264,-0.977899999999999,7.493));
#5988=DIRECTION('',(1.00665346793286E-17,-0.986393923832144,0.164398987305358));
#5989=DIRECTION('',(6.03992080759716E-17,0.164398987305358,0.986393923832144));
#5990=SURFACE_STYLE_FILL_AREA(#9622);
#5991=ORIENTED_EDGE('',*,*,#9141,.F.);
#5992=ORIENTED_EDGE('',*,*,#9597,.T.);
#5993=ORIENTED_EDGE('',*,*,#9613,.F.);
#5994=ORIENTED_EDGE('',*,*,#9582,.F.);
#5995=CARTESIAN_POINT('',(8.0264,-3.7338,1.4224));
#5996=DIRECTION('',(6.12323399573676E-17,-0.0,1.0));
#5997=DIRECTION('',(0.0,1.0,0.0));
#5998=SURFACE_STYLE_FILL_AREA(#9623);
#5999=ORIENTED_EDGE('',*,*,#9624,.F.);
#6000=ORIENTED_EDGE('',*,*,#9625,.T.);
#6001=ORIENTED_EDGE('',*,*,#9626,.T.);
#6002=ORIENTED_EDGE('',*,*,#9627,.T.);
#6003=CARTESIAN_POINT('',(4.2164,-1.2446,1.6256));
#6004=DIRECTION('',(-1.0,0.0,6.12323399573676E-17));
#6005=DIRECTION('',(6.12323399573676E-17,0.0,1.0));
#6006=SURFACE_STYLE_FILL_AREA(#9628);
#6007=ORIENTED_EDGE('',*,*,#9629,.F.);
#6008=ORIENTED_EDGE('',*,*,#9630,.F.);
#6009=ORIENTED_EDGE('',*,*,#9631,.T.);
#6010=ORIENTED_EDGE('',*,*,#9632,.F.);
#6011=CARTESIAN_POINT('',(3.4036,-2.25192394029608,2.89183716888979));
#6012=DIRECTION('',(-1.0,0.0,6.12323399573676E-17));
#6013=DIRECTION('',(6.12323399573676E-17,0.0,1.0));
#6014=SURFACE_STYLE_FILL_AREA(#9633);
#6015=ORIENTED_EDGE('',*,*,#9634,.F.);
#6016=ORIENTED_EDGE('',*,*,#9635,.F.);
#6017=ORIENTED_EDGE('',*,*,#9636,.T.);
#6018=ORIENTED_EDGE('',*,*,#9630,.T.);
#6019=CARTESIAN_POINT('',(4.2164,-1.0414,4.3688));
#6020=DIRECTION('',(0.0,-1.0,0.0));
#6021=DIRECTION('',(6.12323399573676E-17,0.0,1.0));
#6022=SURFACE_STYLE_FILL_AREA(#9637);
#6023=ORIENTED_EDGE('',*,*,#9638,.F.);
#6024=ORIENTED_EDGE('',*,*,#9639,.T.);
#6025=ORIENTED_EDGE('',*,*,#9640,.T.);
#6026=ORIENTED_EDGE('',*,*,#9635,.T.);
#6027=CARTESIAN_POINT('',(4.2164,-2.25192394029608,2.89183716888979));
#6028=DIRECTION('',(-1.0,0.0,6.12323399573676E-17));
#6029=DIRECTION('',(6.12323399573676E-17,0.0,1.0));
#6030=SURFACE_STYLE_FILL_AREA(#9641);
#6031=ORIENTED_EDGE('',*,*,#9642,.F.);
#6032=ORIENTED_EDGE('',*,*,#9134,.F.);
#6033=ORIENTED_EDGE('',*,*,#9643,.T.);
#6034=ORIENTED_EDGE('',*,*,#9644,.T.);
#6035=ORIENTED_EDGE('',*,*,#9645,.T.);
#6036=ORIENTED_EDGE('',*,*,#9625,.F.);
#6037=CARTESIAN_POINT('',(4.2164,-2.25192394029608,2.89183716888979));
#6038=DIRECTION('',(-1.0,0.0,6.12323399573676E-17));
#6039=DIRECTION('',(6.12323399573676E-17,0.0,1.0));
#6040=SURFACE_STYLE_FILL_AREA(#9646);
#6041=ORIENTED_EDGE('',*,*,#9647,.F.);
#6042=ORIENTED_EDGE('',*,*,#9648,.F.);
#6043=ORIENTED_EDGE('',*,*,#9649,.F.);
#6044=ORIENTED_EDGE('',*,*,#9631,.F.);
#6045=CARTESIAN_POINT('',(3.4671,-1.135,7.493));
#6046=DIRECTION('',(0.986393923832144,1.00665346793287E-17,-0.164398987305358));
#6047=DIRECTION('',(-0.164398987305358,6.03992080759716E-17,-0.986393923832144));
#6048=SURFACE_STYLE_FILL_AREA(#9650);
#6049=ORIENTED_EDGE('',*,*,#9651,.F.);
#6050=ORIENTED_EDGE('',*,*,#9640,.F.);
#6051=ORIENTED_EDGE('',*,*,#9652,.F.);
#6052=ORIENTED_EDGE('',*,*,#9653,.F.);
#6053=CARTESIAN_POINT('',(4.1529,-1.135,7.493));
#6054=DIRECTION('',(-0.986393923832144,1.00665346793285E-17,-0.164398987305356));
#6055=DIRECTION('',(-0.164398987305356,-6.03992080759717E-17,0.986393923832144));
#6056=SURFACE_STYLE_FILL_AREA(#9654);
#6057=ORIENTED_EDGE('',*,*,#9655,.F.);
#6058=ORIENTED_EDGE('',*,*,#9627,.F.);
#6059=ORIENTED_EDGE('',*,*,#9656,.F.);
#6060=ORIENTED_EDGE('',*,*,#9657,.T.);
#6061=ORIENTED_EDGE('',*,*,#9658,.F.);
#6062=ORIENTED_EDGE('',*,*,#9132,.F.);
#6063=CARTESIAN_POINT('',(3.4036,-2.25192394029608,2.89183716888979));
#6064=DIRECTION('',(-1.0,0.0,6.12323399573676E-17));
#6065=DIRECTION('',(6.12323399573676E-17,0.0,1.0));
#6066=SURFACE_STYLE_FILL_AREA(#9659);
#6067=ORIENTED_EDGE('',*,*,#9649,.T.);
#6068=ORIENTED_EDGE('',*,*,#9660,.F.);
#6069=ORIENTED_EDGE('',*,*,#9652,.T.);
#6070=ORIENTED_EDGE('',*,*,#9661,.T.);
#6071=CARTESIAN_POINT('',(4.2164,-0.2921,7.493));
#6072=DIRECTION('',(1.00665346793286E-17,0.986393923832144,0.164398987305358));
#6073=DIRECTION('',(-6.03992080759716E-17,0.164398987305358,-0.986393923832144));
#6074=SURFACE_STYLE_FILL_AREA(#9662);
#6075=ORIENTED_EDGE('',*,*,#9663,.F.);
#6076=ORIENTED_EDGE('',*,*,#9657,.F.);
#6077=ORIENTED_EDGE('',*,*,#9664,.F.);
#6078=ORIENTED_EDGE('',*,*,#9665,.F.);
#6079=CARTESIAN_POINT('',(3.4671,-6.604,0.516));
#6080=DIRECTION('',(0.986393923832144,0.164398987305358,0.0));
#6081=DIRECTION('',(-0.164398987305358,0.986393923832144,0.0));
#6082=SURFACE_STYLE_FILL_AREA(#9666);
#6083=ORIENTED_EDGE('',*,*,#9667,.F.);
#6084=ORIENTED_EDGE('',*,*,#9668,.F.);
#6085=ORIENTED_EDGE('',*,*,#9669,.F.);
#6086=ORIENTED_EDGE('',*,*,#9644,.F.);
#6087=CARTESIAN_POINT('',(4.1529,-6.604,0.516));
#6088=DIRECTION('',(-0.986393923832144,0.164398987305356,0.0));
#6089=DIRECTION('',(-0.164398987305356,-0.986393923832144,-0.0));
#6090=SURFACE_STYLE_FILL_AREA(#9670);
#6091=ORIENTED_EDGE('',*,*,#9669,.T.);
#6092=ORIENTED_EDGE('',*,*,#9671,.T.);
#6093=ORIENTED_EDGE('',*,*,#9664,.T.);
#6094=ORIENTED_EDGE('',*,*,#9672,.F.);
#6095=CARTESIAN_POINT('',(4.2164,-6.604,0.673099999999999));
#6096=DIRECTION('',(-6.03992080759716E-17,-0.164398987305358,-0.986393923832144));
#6097=DIRECTION('',(1.00665346793287E-17,-0.986393923832144,0.164398987305358));
#6098=SURFACE_STYLE_FILL_AREA(#9673);
#6099=ORIENTED_EDGE('',*,*,#9667,.T.);
#6100=ORIENTED_EDGE('',*,*,#9674,.T.);
#6101=ORIENTED_EDGE('',*,*,#9663,.T.);
#6102=ORIENTED_EDGE('',*,*,#9675,.F.);
#6103=CARTESIAN_POINT('',(4.2164,-6.604,1.3589));
#6104=DIRECTION('',(6.03992080759717E-17,-0.164398987305356,0.986393923832144));
#6105=DIRECTION('',(1.00665346793285E-17,0.986393923832144,0.164398987305356));
#6106=SURFACE_STYLE_FILL_AREA(#9676);
#6107=ORIENTED_EDGE('',*,*,#9668,.T.);
#6108=ORIENTED_EDGE('',*,*,#9675,.T.);
#6109=ORIENTED_EDGE('',*,*,#9665,.T.);
#6110=ORIENTED_EDGE('',*,*,#9671,.F.);
#6111=CARTESIAN_POINT('',(4.2164,-6.985,1.016));
#6112=DIRECTION('',(0.0,-1.0,0.0));
#6113=DIRECTION('',(6.12323399573676E-17,0.0,1.0));
#6114=SURFACE_STYLE_FILL_AREA(#9677);
#6115=ORIENTED_EDGE('',*,*,#9656,.T.);
#6116=ORIENTED_EDGE('',*,*,#9626,.F.);
#6117=ORIENTED_EDGE('',*,*,#9645,.F.);
#6118=ORIENTED_EDGE('',*,*,#9672,.T.);
#6119=CARTESIAN_POINT('',(4.2164,-3.7338,0.609599999999999));
#6120=DIRECTION('',(-6.12323399573676E-17,-0.0,-1.0));
#6121=DIRECTION('',(0.0,-1.0,0.0));
#6122=SURFACE_STYLE_FILL_AREA(#9678);
#6123=ORIENTED_EDGE('',*,*,#9679,.F.);
#6124=ORIENTED_EDGE('',*,*,#9632,.T.);
#6125=ORIENTED_EDGE('',*,*,#9661,.F.);
#6126=ORIENTED_EDGE('',*,*,#9639,.F.);
#6127=CARTESIAN_POINT('',(4.2164,-0.228599999999998,4.3688));
#6128=DIRECTION('',(9.91273748503128E-33,1.0,1.61887288513438E-16));
#6129=DIRECTION('',(-6.12323399573676E-17,1.61887288513438E-16,-1.0));
#6130=SURFACE_STYLE_FILL_AREA(#9680);
#6131=ORIENTED_EDGE('',*,*,#9648,.T.);
#6132=ORIENTED_EDGE('',*,*,#9681,.F.);
#6133=ORIENTED_EDGE('',*,*,#9653,.T.);
#6134=ORIENTED_EDGE('',*,*,#9660,.T.);
#6135=CARTESIAN_POINT('',(4.2164,-0.635,7.874));
#6136=DIRECTION('',(6.12323399573676E-17,-0.0,1.0));
#6137=DIRECTION('',(0.0,1.0,0.0));
#6138=SURFACE_STYLE_FILL_AREA(#9682);
#6139=ORIENTED_EDGE('',*,*,#9647,.T.);
#6140=ORIENTED_EDGE('',*,*,#9636,.F.);
#6141=ORIENTED_EDGE('',*,*,#9651,.T.);
#6142=ORIENTED_EDGE('',*,*,#9681,.T.);
#6143=CARTESIAN_POINT('',(4.2164,-0.977899999999999,7.493));
#6144=DIRECTION('',(1.00665346793286E-17,-0.986393923832144,0.164398987305358));
#6145=DIRECTION('',(6.03992080759716E-17,0.164398987305358,0.986393923832144));
#6146=SURFACE_STYLE_FILL_AREA(#9683);
#6147=ORIENTED_EDGE('',*,*,#9133,.F.);
#6148=ORIENTED_EDGE('',*,*,#9658,.T.);
#6149=ORIENTED_EDGE('',*,*,#9674,.F.);
#6150=ORIENTED_EDGE('',*,*,#9643,.F.);
#6151=CARTESIAN_POINT('',(4.2164,-3.7338,1.4224));
#6152=DIRECTION('',(6.12323399573676E-17,-0.0,1.0));
#6153=DIRECTION('',(0.0,1.0,0.0));
#6154=SURFACE_STYLE_FILL_AREA(#9684);
#6155=ORIENTED_EDGE('',*,*,#9685,.F.);
#6156=ORIENTED_EDGE('',*,*,#9686,.T.);
#6157=ORIENTED_EDGE('',*,*,#9687,.T.);
#6158=ORIENTED_EDGE('',*,*,#9688,.T.);
#6159=CARTESIAN_POINT('',(0.4064,-1.2446,1.6256));
#6160=DIRECTION('',(-1.0,0.0,6.12323399573676E-17));
#6161=DIRECTION('',(6.12323399573676E-17,0.0,1.0));
#6162=SURFACE_STYLE_FILL_AREA(#9689);
#6163=ORIENTED_EDGE('',*,*,#9690,.F.);
#6164=ORIENTED_EDGE('',*,*,#9691,.F.);
#6165=ORIENTED_EDGE('',*,*,#9692,.T.);
#6166=ORIENTED_EDGE('',*,*,#9693,.F.);
#6167=CARTESIAN_POINT('',(-0.4064,-2.25192394029608,2.89183716888979));
#6168=DIRECTION('',(-1.0,0.0,6.12323399573676E-17));
#6169=DIRECTION('',(6.12323399573676E-17,0.0,1.0));
#6170=SURFACE_STYLE_FILL_AREA(#9694);
#6171=ORIENTED_EDGE('',*,*,#9695,.F.);
#6172=ORIENTED_EDGE('',*,*,#9696,.F.);
#6173=ORIENTED_EDGE('',*,*,#9697,.T.);
#6174=ORIENTED_EDGE('',*,*,#9691,.T.);
#6175=CARTESIAN_POINT('',(0.4064,-1.0414,4.3688));
#6176=DIRECTION('',(0.0,-1.0,0.0));
#6177=DIRECTION('',(6.12323399573676E-17,0.0,1.0));
#6178=SURFACE_STYLE_FILL_AREA(#9698);
#6179=ORIENTED_EDGE('',*,*,#9699,.F.);
#6180=ORIENTED_EDGE('',*,*,#9700,.T.);
#6181=ORIENTED_EDGE('',*,*,#9701,.T.);
#6182=ORIENTED_EDGE('',*,*,#9696,.T.);
#6183=CARTESIAN_POINT('',(0.4064,-2.25192394029608,2.89183716888979));
#6184=DIRECTION('',(-1.0,0.0,6.12323399573676E-17));
#6185=DIRECTION('',(6.12323399573676E-17,0.0,1.0));
#6186=SURFACE_STYLE_FILL_AREA(#9702);
#6187=ORIENTED_EDGE('',*,*,#9703,.F.);
#6188=ORIENTED_EDGE('',*,*,#9126,.F.);
#6189=ORIENTED_EDGE('',*,*,#9704,.T.);
#6190=ORIENTED_EDGE('',*,*,#9705,.T.);
#6191=ORIENTED_EDGE('',*,*,#9706,.T.);
#6192=ORIENTED_EDGE('',*,*,#9686,.F.);
#6193=CARTESIAN_POINT('',(0.4064,-2.25192394029608,2.89183716888979));
#6194=DIRECTION('',(-1.0,0.0,6.12323399573676E-17));
#6195=DIRECTION('',(6.12323399573676E-17,0.0,1.0));
#6196=SURFACE_STYLE_FILL_AREA(#9707);
#6197=ORIENTED_EDGE('',*,*,#9708,.F.);
#6198=ORIENTED_EDGE('',*,*,#9709,.F.);
#6199=ORIENTED_EDGE('',*,*,#9710,.F.);
#6200=ORIENTED_EDGE('',*,*,#9692,.F.);
#6201=CARTESIAN_POINT('',(-0.342900000000001,-1.135,7.493));
#6202=DIRECTION('',(0.986393923832144,1.00665346793287E-17,-0.164398987305358));
#6203=DIRECTION('',(-0.164398987305358,6.03992080759716E-17,-0.986393923832144));
#6204=SURFACE_STYLE_FILL_AREA(#9711);
#6205=ORIENTED_EDGE('',*,*,#9712,.F.);
#6206=ORIENTED_EDGE('',*,*,#9701,.F.);
#6207=ORIENTED_EDGE('',*,*,#9713,.F.);
#6208=ORIENTED_EDGE('',*,*,#9714,.F.);
#6209=CARTESIAN_POINT('',(0.3429,-1.135,7.493));
#6210=DIRECTION('',(-0.986393923832144,1.00665346793285E-17,-0.164398987305356));
#6211=DIRECTION('',(-0.164398987305356,-6.03992080759717E-17,0.986393923832144));
#6212=SURFACE_STYLE_FILL_AREA(#9715);
#6213=ORIENTED_EDGE('',*,*,#9716,.F.);
#6214=ORIENTED_EDGE('',*,*,#9688,.F.);
#6215=ORIENTED_EDGE('',*,*,#9717,.F.);
#6216=ORIENTED_EDGE('',*,*,#9718,.T.);
#6217=ORIENTED_EDGE('',*,*,#9719,.F.);
#6218=ORIENTED_EDGE('',*,*,#9124,.F.);
#6219=CARTESIAN_POINT('',(-0.4064,-2.25192394029608,2.89183716888979));
#6220=DIRECTION('',(-1.0,0.0,6.12323399573676E-17));
#6221=DIRECTION('',(6.12323399573676E-17,0.0,1.0));
#6222=SURFACE_STYLE_FILL_AREA(#9720);
#6223=ORIENTED_EDGE('',*,*,#9710,.T.);
#6224=ORIENTED_EDGE('',*,*,#9721,.F.);
#6225=ORIENTED_EDGE('',*,*,#9713,.T.);
#6226=ORIENTED_EDGE('',*,*,#9722,.T.);
#6227=CARTESIAN_POINT('',(0.4064,-0.2921,7.493));
#6228=DIRECTION('',(1.00665346793286E-17,0.986393923832144,0.164398987305358));
#6229=DIRECTION('',(-6.03992080759716E-17,0.164398987305358,-0.986393923832144));
#6230=SURFACE_STYLE_FILL_AREA(#9723);
#6231=ORIENTED_EDGE('',*,*,#9724,.F.);
#6232=ORIENTED_EDGE('',*,*,#9718,.F.);
#6233=ORIENTED_EDGE('',*,*,#9725,.F.);
#6234=ORIENTED_EDGE('',*,*,#9726,.F.);
#6235=CARTESIAN_POINT('',(-0.342900000000001,-6.604,0.516));
#6236=DIRECTION('',(0.986393923832144,0.164398987305358,0.0));
#6237=DIRECTION('',(-0.164398987305358,0.986393923832144,0.0));
#6238=SURFACE_STYLE_FILL_AREA(#9727);
#6239=ORIENTED_EDGE('',*,*,#9728,.F.);
#6240=ORIENTED_EDGE('',*,*,#9729,.F.);
#6241=ORIENTED_EDGE('',*,*,#9730,.F.);
#6242=ORIENTED_EDGE('',*,*,#9705,.F.);
#6243=CARTESIAN_POINT('',(0.3429,-6.604,0.516));
#6244=DIRECTION('',(-0.986393923832144,0.164398987305356,0.0));
#6245=DIRECTION('',(-0.164398987305356,-0.986393923832144,-0.0));
#6246=SURFACE_STYLE_FILL_AREA(#9731);
#6247=ORIENTED_EDGE('',*,*,#9730,.T.);
#6248=ORIENTED_EDGE('',*,*,#9732,.T.);
#6249=ORIENTED_EDGE('',*,*,#9725,.T.);
#6250=ORIENTED_EDGE('',*,*,#9733,.F.);
#6251=CARTESIAN_POINT('',(0.4064,-6.604,0.673099999999999));
#6252=DIRECTION('',(-6.03992080759716E-17,-0.164398987305358,-0.986393923832144));
#6253=DIRECTION('',(1.00665346793287E-17,-0.986393923832144,0.164398987305358));
#6254=SURFACE_STYLE_FILL_AREA(#9734);
#6255=ORIENTED_EDGE('',*,*,#9728,.T.);
#6256=ORIENTED_EDGE('',*,*,#9735,.T.);
#6257=ORIENTED_EDGE('',*,*,#9724,.T.);
#6258=ORIENTED_EDGE('',*,*,#9736,.F.);
#6259=CARTESIAN_POINT('',(0.4064,-6.604,1.3589));
#6260=DIRECTION('',(6.03992080759717E-17,-0.164398987305356,0.986393923832144));
#6261=DIRECTION('',(1.00665346793285E-17,0.986393923832144,0.164398987305356));
#6262=SURFACE_STYLE_FILL_AREA(#9737);
#6263=ORIENTED_EDGE('',*,*,#9729,.T.);
#6264=ORIENTED_EDGE('',*,*,#9736,.T.);
#6265=ORIENTED_EDGE('',*,*,#9726,.T.);
#6266=ORIENTED_EDGE('',*,*,#9732,.F.);
#6267=CARTESIAN_POINT('',(0.4064,-6.985,1.016));
#6268=DIRECTION('',(0.0,-1.0,0.0));
#6269=DIRECTION('',(6.12323399573676E-17,0.0,1.0));
#6270=SURFACE_STYLE_FILL_AREA(#9738);
#6271=ORIENTED_EDGE('',*,*,#9717,.T.);
#6272=ORIENTED_EDGE('',*,*,#9687,.F.);
#6273=ORIENTED_EDGE('',*,*,#9706,.F.);
#6274=ORIENTED_EDGE('',*,*,#9733,.T.);
#6275=CARTESIAN_POINT('',(0.4064,-3.7338,0.609599999999999));
#6276=DIRECTION('',(-6.12323399573676E-17,-0.0,-1.0));
#6277=DIRECTION('',(0.0,-1.0,0.0));
#6278=SURFACE_STYLE_FILL_AREA(#9739);
#6279=ORIENTED_EDGE('',*,*,#9740,.F.);
#6280=ORIENTED_EDGE('',*,*,#9693,.T.);
#6281=ORIENTED_EDGE('',*,*,#9722,.F.);
#6282=ORIENTED_EDGE('',*,*,#9700,.F.);
#6283=CARTESIAN_POINT('',(0.4064,-0.228599999999998,4.3688));
#6284=DIRECTION('',(9.91273748503128E-33,1.0,1.61887288513438E-16));
#6285=DIRECTION('',(-6.12323399573676E-17,1.61887288513438E-16,-1.0));
#6286=SURFACE_STYLE_FILL_AREA(#9741);
#6287=ORIENTED_EDGE('',*,*,#9709,.T.);
#6288=ORIENTED_EDGE('',*,*,#9742,.F.);
#6289=ORIENTED_EDGE('',*,*,#9714,.T.);
#6290=ORIENTED_EDGE('',*,*,#9721,.T.);
#6291=CARTESIAN_POINT('',(0.4064,-0.635,7.874));
#6292=DIRECTION('',(6.12323399573676E-17,-0.0,1.0));
#6293=DIRECTION('',(0.0,1.0,0.0));
#6294=SURFACE_STYLE_FILL_AREA(#9743);
#6295=ORIENTED_EDGE('',*,*,#9708,.T.);
#6296=ORIENTED_EDGE('',*,*,#9697,.F.);
#6297=ORIENTED_EDGE('',*,*,#9712,.T.);
#6298=ORIENTED_EDGE('',*,*,#9742,.T.);
#6299=CARTESIAN_POINT('',(0.4064,-0.977899999999999,7.493));
#6300=DIRECTION('',(1.00665346793286E-17,-0.986393923832144,0.164398987305358));
#6301=DIRECTION('',(6.03992080759716E-17,0.164398987305358,0.986393923832144));
#6302=SURFACE_STYLE_FILL_AREA(#9744);
#6303=ORIENTED_EDGE('',*,*,#9125,.F.);
#6304=ORIENTED_EDGE('',*,*,#9719,.T.);
#6305=ORIENTED_EDGE('',*,*,#9735,.F.);
#6306=ORIENTED_EDGE('',*,*,#9704,.F.);
#6307=CARTESIAN_POINT('',(0.4064,-3.7338,1.4224));
#6308=DIRECTION('',(6.12323399573676E-17,-0.0,1.0));
#6309=DIRECTION('',(0.0,1.0,0.0));
#6310=SURFACE_STYLE_FILL_AREA(#9745);
#6311=ORIENTED_EDGE('',*,*,#9046,.T.);
#6312=ORIENTED_EDGE('',*,*,#9746,.T.);
#6313=ORIENTED_EDGE('',*,*,#9048,.T.);
#6314=ORIENTED_EDGE('',*,*,#9747,.F.);
#6315=CARTESIAN_POINT('',(34.29,1.189,0.4612));
#6316=DIRECTION('',(0.0,-6.12323399573676E-17,-1.0));
#6317=DIRECTION('',(1.0,0.0,0.0));
#6318=SURFACE_STYLE_FILL_AREA(#9748);
#6319=ORIENTED_EDGE('',*,*,#9746,.F.);
#6320=ORIENTED_EDGE('',*,*,#9049,.F.);
#6321=CARTESIAN_POINT('',(34.29,1.189,1.4224));
#6322=DIRECTION('',(0.0,6.12323399573676E-17,1.0));
#6323=DIRECTION('',(-1.0,0.0,0.0));
#6324=SURFACE_STYLE_FILL_AREA(#9749);
#6325=ORIENTED_EDGE('',*,*,#9041,.T.);
#6326=ORIENTED_EDGE('',*,*,#9750,.T.);
#6327=ORIENTED_EDGE('',*,*,#9043,.T.);
#6328=ORIENTED_EDGE('',*,*,#9751,.F.);
#6329=CARTESIAN_POINT('',(30.48,1.189,0.4612));
#6330=DIRECTION('',(0.0,-6.12323399573676E-17,-1.0));
#6331=DIRECTION('',(1.0,0.0,0.0));
#6332=SURFACE_STYLE_FILL_AREA(#9752);
#6333=ORIENTED_EDGE('',*,*,#9750,.F.);
#6334=ORIENTED_EDGE('',*,*,#9044,.F.);
#6335=CARTESIAN_POINT('',(30.48,1.189,1.4224));
#6336=DIRECTION('',(0.0,6.12323399573676E-17,1.0));
#6337=DIRECTION('',(-1.0,0.0,0.0));
#6338=SURFACE_STYLE_FILL_AREA(#9753);
#6339=ORIENTED_EDGE('',*,*,#9036,.T.);
#6340=ORIENTED_EDGE('',*,*,#9754,.T.);
#6341=ORIENTED_EDGE('',*,*,#9038,.T.);
#6342=ORIENTED_EDGE('',*,*,#9755,.F.);
#6343=CARTESIAN_POINT('',(26.67,1.189,0.4612));
#6344=DIRECTION('',(0.0,-6.12323399573676E-17,-1.0));
#6345=DIRECTION('',(1.0,0.0,0.0));
#6346=SURFACE_STYLE_FILL_AREA(#9756);
#6347=ORIENTED_EDGE('',*,*,#9754,.F.);
#6348=ORIENTED_EDGE('',*,*,#9039,.F.);
#6349=CARTESIAN_POINT('',(26.67,1.189,1.4224));
#6350=DIRECTION('',(0.0,6.12323399573676E-17,1.0));
#6351=DIRECTION('',(-1.0,0.0,0.0));
#6352=SURFACE_STYLE_FILL_AREA(#9757);
#6353=ORIENTED_EDGE('',*,*,#9031,.T.);
#6354=ORIENTED_EDGE('',*,*,#9758,.T.);
#6355=ORIENTED_EDGE('',*,*,#9033,.T.);
#6356=ORIENTED_EDGE('',*,*,#9759,.F.);
#6357=CARTESIAN_POINT('',(22.86,1.189,0.4612));
#6358=DIRECTION('',(0.0,-6.12323399573676E-17,-1.0));
#6359=DIRECTION('',(1.0,0.0,0.0));
#6360=SURFACE_STYLE_FILL_AREA(#9760);
#6361=ORIENTED_EDGE('',*,*,#9758,.F.);
#6362=ORIENTED_EDGE('',*,*,#9034,.F.);
#6363=CARTESIAN_POINT('',(22.86,1.189,1.4224));
#6364=DIRECTION('',(0.0,6.12323399573676E-17,1.0));
#6365=DIRECTION('',(-1.0,0.0,0.0));
#6366=SURFACE_STYLE_FILL_AREA(#9761);
#6367=ORIENTED_EDGE('',*,*,#9026,.T.);
#6368=ORIENTED_EDGE('',*,*,#9762,.T.);
#6369=ORIENTED_EDGE('',*,*,#9028,.T.);
#6370=ORIENTED_EDGE('',*,*,#9763,.F.);
#6371=CARTESIAN_POINT('',(19.05,1.189,0.4612));
#6372=DIRECTION('',(0.0,-6.12323399573676E-17,-1.0));
#6373=DIRECTION('',(1.0,0.0,0.0));
#6374=SURFACE_STYLE_FILL_AREA(#9764);
#6375=ORIENTED_EDGE('',*,*,#9762,.F.);
#6376=ORIENTED_EDGE('',*,*,#9029,.F.);
#6377=CARTESIAN_POINT('',(19.05,1.189,1.4224));
#6378=DIRECTION('',(0.0,6.12323399573676E-17,1.0));
#6379=DIRECTION('',(-1.0,0.0,0.0));
#6380=SURFACE_STYLE_FILL_AREA(#9765);
#6381=ORIENTED_EDGE('',*,*,#9021,.T.);
#6382=ORIENTED_EDGE('',*,*,#9766,.T.);
#6383=ORIENTED_EDGE('',*,*,#9023,.T.);
#6384=ORIENTED_EDGE('',*,*,#9767,.F.);
#6385=CARTESIAN_POINT('',(15.24,1.189,0.4612));
#6386=DIRECTION('',(0.0,-6.12323399573676E-17,-1.0));
#6387=DIRECTION('',(1.0,0.0,0.0));
#6388=SURFACE_STYLE_FILL_AREA(#9768);
#6389=ORIENTED_EDGE('',*,*,#9766,.F.);
#6390=ORIENTED_EDGE('',*,*,#9024,.F.);
#6391=CARTESIAN_POINT('',(15.24,1.189,1.4224));
#6392=DIRECTION('',(0.0,6.12323399573676E-17,1.0));
#6393=DIRECTION('',(-1.0,0.0,0.0));
#6394=SURFACE_STYLE_FILL_AREA(#9769);
#6395=ORIENTED_EDGE('',*,*,#9016,.T.);
#6396=ORIENTED_EDGE('',*,*,#9770,.T.);
#6397=ORIENTED_EDGE('',*,*,#9018,.T.);
#6398=ORIENTED_EDGE('',*,*,#9771,.F.);
#6399=CARTESIAN_POINT('',(11.43,1.189,0.4612));
#6400=DIRECTION('',(0.0,-6.12323399573676E-17,-1.0));
#6401=DIRECTION('',(1.0,0.0,0.0));
#6402=SURFACE_STYLE_FILL_AREA(#9772);
#6403=ORIENTED_EDGE('',*,*,#9770,.F.);
#6404=ORIENTED_EDGE('',*,*,#9019,.F.);
#6405=CARTESIAN_POINT('',(11.43,1.189,1.4224));
#6406=DIRECTION('',(0.0,6.12323399573676E-17,1.0));
#6407=DIRECTION('',(-1.0,0.0,0.0));
#6408=SURFACE_STYLE_FILL_AREA(#9773);
#6409=ORIENTED_EDGE('',*,*,#9011,.T.);
#6410=ORIENTED_EDGE('',*,*,#9774,.T.);
#6411=ORIENTED_EDGE('',*,*,#9013,.T.);
#6412=ORIENTED_EDGE('',*,*,#9775,.F.);
#6413=CARTESIAN_POINT('',(7.62,1.189,0.4612));
#6414=DIRECTION('',(0.0,-6.12323399573676E-17,-1.0));
#6415=DIRECTION('',(1.0,0.0,0.0));
#6416=SURFACE_STYLE_FILL_AREA(#9776);
#6417=ORIENTED_EDGE('',*,*,#9774,.F.);
#6418=ORIENTED_EDGE('',*,*,#9014,.F.);
#6419=CARTESIAN_POINT('',(7.62,1.189,1.4224));
#6420=DIRECTION('',(0.0,6.12323399573676E-17,1.0));
#6421=DIRECTION('',(-1.0,0.0,0.0));
#6422=SURFACE_STYLE_FILL_AREA(#9777);
#6423=ORIENTED_EDGE('',*,*,#9006,.T.);
#6424=ORIENTED_EDGE('',*,*,#9778,.T.);
#6425=ORIENTED_EDGE('',*,*,#9008,.T.);
#6426=ORIENTED_EDGE('',*,*,#9779,.F.);
#6427=CARTESIAN_POINT('',(3.81,1.189,0.4612));
#6428=DIRECTION('',(0.0,-6.12323399573676E-17,-1.0));
#6429=DIRECTION('',(1.0,0.0,0.0));
#6430=SURFACE_STYLE_FILL_AREA(#9780);
#6431=ORIENTED_EDGE('',*,*,#9778,.F.);
#6432=ORIENTED_EDGE('',*,*,#9009,.F.);
#6433=CARTESIAN_POINT('',(3.81,1.189,1.4224));
#6434=DIRECTION('',(0.0,6.12323399573676E-17,1.0));
#6435=DIRECTION('',(-1.0,0.0,0.0));
#6436=SURFACE_STYLE_FILL_AREA(#9781);
#6437=ORIENTED_EDGE('',*,*,#9001,.T.);
#6438=ORIENTED_EDGE('',*,*,#9782,.T.);
#6439=ORIENTED_EDGE('',*,*,#9003,.T.);
#6440=ORIENTED_EDGE('',*,*,#9783,.F.);
#6441=CARTESIAN_POINT('',(0.0,1.189,0.4612));
#6442=DIRECTION('',(0.0,-6.12323399573676E-17,-1.0));
#6443=DIRECTION('',(1.0,0.0,0.0));
#6444=SURFACE_STYLE_FILL_AREA(#9784);
#6445=ORIENTED_EDGE('',*,*,#9782,.F.);
#6446=ORIENTED_EDGE('',*,*,#9004,.F.);
#6447=CARTESIAN_POINT('',(0.0,1.189,1.4224));
#6448=DIRECTION('',(0.0,6.12323399573676E-17,1.0));
#6449=DIRECTION('',(-1.0,0.0,0.0));
#6450=SURFACE_STYLE_FILL_AREA(#9785);
#6451=ORIENTED_EDGE('',*,*,#9083,.T.);
#6452=ORIENTED_EDGE('',*,*,#9195,.F.);
#6453=ORIENTED_EDGE('',*,*,#9786,.T.);
#6454=ORIENTED_EDGE('',*,*,#9787,.T.);
#6455=ORIENTED_EDGE('',*,*,#9788,.F.);
#6456=ORIENTED_EDGE('',*,*,#9115,.F.);
#6457=ORIENTED_EDGE('',*,*,#9069,.T.);
#6458=ORIENTED_EDGE('',*,*,#9051,.T.);
#6459=CARTESIAN_POINT('',(34.29,-1.9431,1.4124));
#6460=DIRECTION('',(0.0,-6.12323399573676E-17,-1.0));
#6461=DIRECTION('',(0.0,1.0,-6.12323399573676E-17));
#6462=SURFACE_STYLE_FILL_AREA(#9789);
#6463=ORIENTED_EDGE('',*,*,#9116,.F.);
#6464=ORIENTED_EDGE('',*,*,#9788,.T.);
#6465=ORIENTED_EDGE('',*,*,#9790,.T.);
#6466=ORIENTED_EDGE('',*,*,#9791,.F.);
#6467=CARTESIAN_POINT('',(34.7064,-1.9431,0.4124));
#6468=DIRECTION('',(-1.0,0.0,0.0));
#6469=DIRECTION('',(0.0,-1.0,6.12323399573676E-17));
#6470=SURFACE_STYLE_FILL_AREA(#9792);
#6471=ORIENTED_EDGE('',*,*,#9793,.F.);
#6472=ORIENTED_EDGE('',*,*,#9790,.F.);
#6473=ORIENTED_EDGE('',*,*,#9787,.F.);
#6474=ORIENTED_EDGE('',*,*,#9794,.F.);
#6475=CARTESIAN_POINT('',(34.29,-0.2286,0.4124));
#6476=DIRECTION('',(0.0,-1.0,6.12323399573676E-17));
#6477=DIRECTION('',(1.0,0.0,0.0));
#6478=SURFACE_STYLE_FILL_AREA(#9795);
#6479=ORIENTED_EDGE('',*,*,#9194,.F.);
#6480=ORIENTED_EDGE('',*,*,#9796,.F.);
#6481=ORIENTED_EDGE('',*,*,#9794,.T.);
#6482=ORIENTED_EDGE('',*,*,#9786,.F.);
#6483=CARTESIAN_POINT('',(33.8736,-1.9431,0.4124));
#6484=DIRECTION('',(1.0,0.0,0.0));
#6485=DIRECTION('',(0.0,1.0,-6.12323399573676E-17));
#6486=SURFACE_STYLE_FILL_AREA(#9797);
#6487=ORIENTED_EDGE('',*,*,#9798,.F.);
#6488=ORIENTED_EDGE('',*,*,#9799,.F.);
#6489=ORIENTED_EDGE('',*,*,#9800,.F.);
#6490=ORIENTED_EDGE('',*,*,#9801,.F.);
#6491=CARTESIAN_POINT('',(30.48,-0.2286,0.4124));
#6492=DIRECTION('',(0.0,-1.0,6.12323399573676E-17));
#6493=DIRECTION('',(1.0,0.0,0.0));
#6494=SURFACE_STYLE_FILL_AREA(#9802);
#6495=ORIENTED_EDGE('',*,*,#9803,.F.);
#6496=ORIENTED_EDGE('',*,*,#9801,.T.);
#6497=ORIENTED_EDGE('',*,*,#9804,.F.);
#6498=ORIENTED_EDGE('',*,*,#9186,.F.);
#6499=CARTESIAN_POINT('',(30.0636,-1.9431,0.4124));
#6500=DIRECTION('',(1.0,0.0,0.0));
#6501=DIRECTION('',(0.0,1.0,-6.12323399573676E-17));
#6502=SURFACE_STYLE_FILL_AREA(#9805);
#6503=ORIENTED_EDGE('',*,*,#9228,.T.);
#6504=ORIENTED_EDGE('',*,*,#9187,.F.);
#6505=ORIENTED_EDGE('',*,*,#9804,.T.);
#6506=ORIENTED_EDGE('',*,*,#9800,.T.);
#6507=ORIENTED_EDGE('',*,*,#9806,.F.);
#6508=ORIENTED_EDGE('',*,*,#9191,.F.);
#6509=ORIENTED_EDGE('',*,*,#9215,.T.);
#6510=ORIENTED_EDGE('',*,*,#9197,.T.);
#6511=CARTESIAN_POINT('',(30.48,-1.9431,1.4124));
#6512=DIRECTION('',(0.0,-6.12323399573676E-17,-1.0));
#6513=DIRECTION('',(0.0,1.0,-6.12323399573676E-17));
#6514=SURFACE_STYLE_FILL_AREA(#9807);
#6515=ORIENTED_EDGE('',*,*,#9808,.F.);
#6516=ORIENTED_EDGE('',*,*,#9192,.F.);
#6517=ORIENTED_EDGE('',*,*,#9806,.T.);
#6518=ORIENTED_EDGE('',*,*,#9799,.T.);
#6519=CARTESIAN_POINT('',(30.8964,-1.9431,0.4124));
#6520=DIRECTION('',(-1.0,0.0,0.0));
#6521=DIRECTION('',(0.0,-1.0,6.12323399573676E-17));
#6522=SURFACE_STYLE_FILL_AREA(#9809);
#6523=ORIENTED_EDGE('',*,*,#9047,.T.);
#6524=ORIENTED_EDGE('',*,*,#9747,.T.);
#6525=ORIENTED_EDGE('',*,*,#9042,.T.);
#6526=ORIENTED_EDGE('',*,*,#9751,.T.);
#6527=ORIENTED_EDGE('',*,*,#9037,.T.);
#6528=ORIENTED_EDGE('',*,*,#9755,.T.);
#6529=ORIENTED_EDGE('',*,*,#9032,.T.);
#6530=ORIENTED_EDGE('',*,*,#9759,.T.);
#6531=ORIENTED_EDGE('',*,*,#9027,.T.);
#6532=ORIENTED_EDGE('',*,*,#9763,.T.);
#6533=ORIENTED_EDGE('',*,*,#9022,.T.);
#6534=ORIENTED_EDGE('',*,*,#9767,.T.);
#6535=ORIENTED_EDGE('',*,*,#9017,.T.);
#6536=ORIENTED_EDGE('',*,*,#9771,.T.);
#6537=ORIENTED_EDGE('',*,*,#9012,.T.);
#6538=ORIENTED_EDGE('',*,*,#9775,.T.);
#6539=ORIENTED_EDGE('',*,*,#9007,.T.);
#6540=ORIENTED_EDGE('',*,*,#9779,.T.);
#6541=ORIENTED_EDGE('',*,*,#9002,.T.);
#6542=ORIENTED_EDGE('',*,*,#9783,.T.);
#6543=ORIENTED_EDGE('',*,*,#9796,.T.);
#6544=ORIENTED_EDGE('',*,*,#9193,.F.);
#6545=ORIENTED_EDGE('',*,*,#9808,.T.);
#6546=ORIENTED_EDGE('',*,*,#9798,.T.);
#6547=ORIENTED_EDGE('',*,*,#9803,.T.);
#6548=ORIENTED_EDGE('',*,*,#9185,.F.);
#6549=ORIENTED_EDGE('',*,*,#9810,.T.);
#6550=ORIENTED_EDGE('',*,*,#9811,.T.);
#6551=ORIENTED_EDGE('',*,*,#9812,.T.);
#6552=ORIENTED_EDGE('',*,*,#9177,.F.);
#6553=ORIENTED_EDGE('',*,*,#9813,.T.);
#6554=ORIENTED_EDGE('',*,*,#9814,.T.);
#6555=ORIENTED_EDGE('',*,*,#9815,.T.);
#6556=ORIENTED_EDGE('',*,*,#9169,.F.);
#6557=ORIENTED_EDGE('',*,*,#9816,.T.);
#6558=ORIENTED_EDGE('',*,*,#9817,.T.);
#6559=ORIENTED_EDGE('',*,*,#9818,.T.);
#6560=ORIENTED_EDGE('',*,*,#9161,.F.);
#6561=ORIENTED_EDGE('',*,*,#9819,.T.);
#6562=ORIENTED_EDGE('',*,*,#9820,.T.);
#6563=ORIENTED_EDGE('',*,*,#9821,.T.);
#6564=ORIENTED_EDGE('',*,*,#9153,.F.);
#6565=ORIENTED_EDGE('',*,*,#9822,.T.);
#6566=ORIENTED_EDGE('',*,*,#9823,.T.);
#6567=ORIENTED_EDGE('',*,*,#9824,.T.);
#6568=ORIENTED_EDGE('',*,*,#9145,.F.);
#6569=ORIENTED_EDGE('',*,*,#9825,.T.);
#6570=ORIENTED_EDGE('',*,*,#9826,.T.);
#6571=ORIENTED_EDGE('',*,*,#9827,.T.);
#6572=ORIENTED_EDGE('',*,*,#9137,.F.);
#6573=ORIENTED_EDGE('',*,*,#9828,.T.);
#6574=ORIENTED_EDGE('',*,*,#9829,.T.);
#6575=ORIENTED_EDGE('',*,*,#9830,.T.);
#6576=ORIENTED_EDGE('',*,*,#9129,.F.);
#6577=ORIENTED_EDGE('',*,*,#9831,.T.);
#6578=ORIENTED_EDGE('',*,*,#9832,.T.);
#6579=ORIENTED_EDGE('',*,*,#9833,.T.);
#6580=ORIENTED_EDGE('',*,*,#9121,.F.);
#6581=ORIENTED_EDGE('',*,*,#9834,.T.);
#6582=ORIENTED_EDGE('',*,*,#9835,.F.);
#6583=ORIENTED_EDGE('',*,*,#9836,.F.);
#6584=ORIENTED_EDGE('',*,*,#9117,.F.);
#6585=ORIENTED_EDGE('',*,*,#9791,.T.);
#6586=ORIENTED_EDGE('',*,*,#9793,.T.);
#6587=CARTESIAN_POINT('',(17.145,0.0,0.0));
#6588=DIRECTION('',(0.0,6.12323399573676E-17,1.0));
#6589=DIRECTION('',(0.0,-1.0,6.12323399573676E-17));
#6590=SURFACE_STYLE_FILL_AREA(#9837);
#6591=ORIENTED_EDGE('',*,*,#9289,.T.);
#6592=ORIENTED_EDGE('',*,*,#9179,.F.);
#6593=ORIENTED_EDGE('',*,*,#9838,.T.);
#6594=ORIENTED_EDGE('',*,*,#9839,.T.);
#6595=ORIENTED_EDGE('',*,*,#9840,.F.);
#6596=ORIENTED_EDGE('',*,*,#9183,.F.);
#6597=ORIENTED_EDGE('',*,*,#9276,.T.);
#6598=ORIENTED_EDGE('',*,*,#9258,.T.);
#6599=CARTESIAN_POINT('',(26.67,-1.9431,1.4124));
#6600=DIRECTION('',(0.0,-6.12323399573676E-17,-1.0));
#6601=DIRECTION('',(0.0,1.0,-6.12323399573676E-17));
#6602=SURFACE_STYLE_FILL_AREA(#9841);
#6603=ORIENTED_EDGE('',*,*,#9184,.F.);
#6604=ORIENTED_EDGE('',*,*,#9840,.T.);
#6605=ORIENTED_EDGE('',*,*,#9842,.T.);
#6606=ORIENTED_EDGE('',*,*,#9810,.F.);
#6607=CARTESIAN_POINT('',(27.0864,-1.9431,0.4124));
#6608=DIRECTION('',(-1.0,0.0,0.0));
#6609=DIRECTION('',(0.0,-1.0,6.12323399573676E-17));
#6610=SURFACE_STYLE_FILL_AREA(#9843);
#6611=ORIENTED_EDGE('',*,*,#9811,.F.);
#6612=ORIENTED_EDGE('',*,*,#9842,.F.);
#6613=ORIENTED_EDGE('',*,*,#9839,.F.);
#6614=ORIENTED_EDGE('',*,*,#9844,.F.);
#6615=CARTESIAN_POINT('',(26.67,-0.2286,0.4124));
#6616=DIRECTION('',(0.0,-1.0,6.12323399573676E-17));
#6617=DIRECTION('',(1.0,0.0,0.0));
#6618=SURFACE_STYLE_FILL_AREA(#9845);
#6619=ORIENTED_EDGE('',*,*,#9178,.F.);
#6620=ORIENTED_EDGE('',*,*,#9812,.F.);
#6621=ORIENTED_EDGE('',*,*,#9844,.T.);
#6622=ORIENTED_EDGE('',*,*,#9838,.F.);
#6623=CARTESIAN_POINT('',(26.2536,-1.9431,0.4124));
#6624=DIRECTION('',(1.0,0.0,0.0));
#6625=DIRECTION('',(0.0,1.0,-6.12323399573676E-17));
#6626=SURFACE_STYLE_FILL_AREA(#9846);
#6627=ORIENTED_EDGE('',*,*,#9814,.F.);
#6628=ORIENTED_EDGE('',*,*,#9847,.F.);
#6629=ORIENTED_EDGE('',*,*,#9848,.F.);
#6630=ORIENTED_EDGE('',*,*,#9849,.F.);
#6631=CARTESIAN_POINT('',(22.86,-0.2286,0.4124));
#6632=DIRECTION('',(0.0,-1.0,6.12323399573676E-17));
#6633=DIRECTION('',(1.0,0.0,0.0));
#6634=SURFACE_STYLE_FILL_AREA(#9850);
#6635=ORIENTED_EDGE('',*,*,#9815,.F.);
#6636=ORIENTED_EDGE('',*,*,#9849,.T.);
#6637=ORIENTED_EDGE('',*,*,#9851,.F.);
#6638=ORIENTED_EDGE('',*,*,#9170,.F.);
#6639=CARTESIAN_POINT('',(22.4436,-1.9431,0.4124));
#6640=DIRECTION('',(1.0,0.0,0.0));
#6641=DIRECTION('',(0.0,1.0,-6.12323399573676E-17));
#6642=SURFACE_STYLE_FILL_AREA(#9852);
#6643=ORIENTED_EDGE('',*,*,#9350,.T.);
#6644=ORIENTED_EDGE('',*,*,#9171,.F.);
#6645=ORIENTED_EDGE('',*,*,#9851,.T.);
#6646=ORIENTED_EDGE('',*,*,#9848,.T.);
#6647=ORIENTED_EDGE('',*,*,#9853,.F.);
#6648=ORIENTED_EDGE('',*,*,#9175,.F.);
#6649=ORIENTED_EDGE('',*,*,#9337,.T.);
#6650=ORIENTED_EDGE('',*,*,#9319,.T.);
#6651=CARTESIAN_POINT('',(22.86,-1.9431,1.4124));
#6652=DIRECTION('',(0.0,-6.12323399573676E-17,-1.0));
#6653=DIRECTION('',(0.0,1.0,-6.12323399573676E-17));
#6654=SURFACE_STYLE_FILL_AREA(#9854);
#6655=ORIENTED_EDGE('',*,*,#9813,.F.);
#6656=ORIENTED_EDGE('',*,*,#9176,.F.);
#6657=ORIENTED_EDGE('',*,*,#9853,.T.);
#6658=ORIENTED_EDGE('',*,*,#9847,.T.);
#6659=CARTESIAN_POINT('',(23.2764,-1.9431,0.4124));
#6660=DIRECTION('',(-1.0,0.0,0.0));
#6661=DIRECTION('',(0.0,-1.0,6.12323399573676E-17));
#6662=SURFACE_STYLE_FILL_AREA(#9855);
#6663=ORIENTED_EDGE('',*,*,#9411,.T.);
#6664=ORIENTED_EDGE('',*,*,#9163,.F.);
#6665=ORIENTED_EDGE('',*,*,#9856,.T.);
#6666=ORIENTED_EDGE('',*,*,#9857,.T.);
#6667=ORIENTED_EDGE('',*,*,#9858,.F.);
#6668=ORIENTED_EDGE('',*,*,#9167,.F.);
#6669=ORIENTED_EDGE('',*,*,#9398,.T.);
#6670=ORIENTED_EDGE('',*,*,#9380,.T.);
#6671=CARTESIAN_POINT('',(19.05,-1.9431,1.4124));
#6672=DIRECTION('',(0.0,-6.12323399573676E-17,-1.0));
#6673=DIRECTION('',(0.0,1.0,-6.12323399573676E-17));
#6674=SURFACE_STYLE_FILL_AREA(#9859);
#6675=ORIENTED_EDGE('',*,*,#9168,.F.);
#6676=ORIENTED_EDGE('',*,*,#9858,.T.);
#6677=ORIENTED_EDGE('',*,*,#9860,.T.);
#6678=ORIENTED_EDGE('',*,*,#9816,.F.);
#6679=CARTESIAN_POINT('',(19.4664,-1.9431,0.4124));
#6680=DIRECTION('',(-1.0,0.0,0.0));
#6681=DIRECTION('',(0.0,-1.0,6.12323399573676E-17));
#6682=SURFACE_STYLE_FILL_AREA(#9861);
#6683=ORIENTED_EDGE('',*,*,#9817,.F.);
#6684=ORIENTED_EDGE('',*,*,#9860,.F.);
#6685=ORIENTED_EDGE('',*,*,#9857,.F.);
#6686=ORIENTED_EDGE('',*,*,#9862,.F.);
#6687=CARTESIAN_POINT('',(19.05,-0.2286,0.4124));
#6688=DIRECTION('',(0.0,-1.0,6.12323399573676E-17));
#6689=DIRECTION('',(1.0,0.0,0.0));
#6690=SURFACE_STYLE_FILL_AREA(#9863);
#6691=ORIENTED_EDGE('',*,*,#9162,.F.);
#6692=ORIENTED_EDGE('',*,*,#9818,.F.);
#6693=ORIENTED_EDGE('',*,*,#9862,.T.);
#6694=ORIENTED_EDGE('',*,*,#9856,.F.);
#6695=CARTESIAN_POINT('',(18.6336,-1.9431,0.4124));
#6696=DIRECTION('',(1.0,0.0,0.0));
#6697=DIRECTION('',(0.0,1.0,-6.12323399573676E-17));
#6698=SURFACE_STYLE_FILL_AREA(#9864);
#6699=ORIENTED_EDGE('',*,*,#9820,.F.);
#6700=ORIENTED_EDGE('',*,*,#9865,.F.);
#6701=ORIENTED_EDGE('',*,*,#9866,.F.);
#6702=ORIENTED_EDGE('',*,*,#9867,.F.);
#6703=CARTESIAN_POINT('',(15.24,-0.2286,0.4124));
#6704=DIRECTION('',(0.0,-1.0,6.12323399573676E-17));
#6705=DIRECTION('',(1.0,0.0,0.0));
#6706=SURFACE_STYLE_FILL_AREA(#9868);
#6707=ORIENTED_EDGE('',*,*,#9821,.F.);
#6708=ORIENTED_EDGE('',*,*,#9867,.T.);
#6709=ORIENTED_EDGE('',*,*,#9869,.F.);
#6710=ORIENTED_EDGE('',*,*,#9154,.F.);
#6711=CARTESIAN_POINT('',(14.8236,-1.9431,0.4124));
#6712=DIRECTION('',(1.0,0.0,0.0));
#6713=DIRECTION('',(0.0,1.0,-6.12323399573676E-17));
#6714=SURFACE_STYLE_FILL_AREA(#9870);
#6715=ORIENTED_EDGE('',*,*,#9472,.T.);
#6716=ORIENTED_EDGE('',*,*,#9155,.F.);
#6717=ORIENTED_EDGE('',*,*,#9869,.T.);
#6718=ORIENTED_EDGE('',*,*,#9866,.T.);
#6719=ORIENTED_EDGE('',*,*,#9871,.F.);
#6720=ORIENTED_EDGE('',*,*,#9159,.F.);
#6721=ORIENTED_EDGE('',*,*,#9459,.T.);
#6722=ORIENTED_EDGE('',*,*,#9441,.T.);
#6723=CARTESIAN_POINT('',(15.24,-1.9431,1.4124));
#6724=DIRECTION('',(0.0,-6.12323399573676E-17,-1.0));
#6725=DIRECTION('',(0.0,1.0,-6.12323399573676E-17));
#6726=SURFACE_STYLE_FILL_AREA(#9872);
#6727=ORIENTED_EDGE('',*,*,#9819,.F.);
#6728=ORIENTED_EDGE('',*,*,#9160,.F.);
#6729=ORIENTED_EDGE('',*,*,#9871,.T.);
#6730=ORIENTED_EDGE('',*,*,#9865,.T.);
#6731=CARTESIAN_POINT('',(15.6564,-1.9431,0.4124));
#6732=DIRECTION('',(-1.0,0.0,0.0));
#6733=DIRECTION('',(0.0,-1.0,6.12323399573676E-17));
#6734=SURFACE_STYLE_FILL_AREA(#9873);
#6735=ORIENTED_EDGE('',*,*,#9533,.T.);
#6736=ORIENTED_EDGE('',*,*,#9147,.F.);
#6737=ORIENTED_EDGE('',*,*,#9874,.T.);
#6738=ORIENTED_EDGE('',*,*,#9875,.T.);
#6739=ORIENTED_EDGE('',*,*,#9876,.F.);
#6740=ORIENTED_EDGE('',*,*,#9151,.F.);
#6741=ORIENTED_EDGE('',*,*,#9520,.T.);
#6742=ORIENTED_EDGE('',*,*,#9502,.T.);
#6743=CARTESIAN_POINT('',(11.43,-1.9431,1.4124));
#6744=DIRECTION('',(0.0,-6.12323399573676E-17,-1.0));
#6745=DIRECTION('',(0.0,1.0,-6.12323399573676E-17));
#6746=SURFACE_STYLE_FILL_AREA(#9877);
#6747=ORIENTED_EDGE('',*,*,#9152,.F.);
#6748=ORIENTED_EDGE('',*,*,#9876,.T.);
#6749=ORIENTED_EDGE('',*,*,#9878,.T.);
#6750=ORIENTED_EDGE('',*,*,#9822,.F.);
#6751=CARTESIAN_POINT('',(11.8464,-1.9431,0.4124));
#6752=DIRECTION('',(-1.0,0.0,0.0));
#6753=DIRECTION('',(0.0,-1.0,6.12323399573676E-17));
#6754=SURFACE_STYLE_FILL_AREA(#9879);
#6755=ORIENTED_EDGE('',*,*,#9823,.F.);
#6756=ORIENTED_EDGE('',*,*,#9878,.F.);
#6757=ORIENTED_EDGE('',*,*,#9875,.F.);
#6758=ORIENTED_EDGE('',*,*,#9880,.F.);
#6759=CARTESIAN_POINT('',(11.43,-0.2286,0.4124));
#6760=DIRECTION('',(0.0,-1.0,6.12323399573676E-17));
#6761=DIRECTION('',(1.0,0.0,0.0));
#6762=SURFACE_STYLE_FILL_AREA(#9881);
#6763=ORIENTED_EDGE('',*,*,#9146,.F.);
#6764=ORIENTED_EDGE('',*,*,#9824,.F.);
#6765=ORIENTED_EDGE('',*,*,#9880,.T.);
#6766=ORIENTED_EDGE('',*,*,#9874,.F.);
#6767=CARTESIAN_POINT('',(11.0136,-1.9431,0.4124));
#6768=DIRECTION('',(1.0,0.0,0.0));
#6769=DIRECTION('',(0.0,1.0,-6.12323399573676E-17));
#6770=SURFACE_STYLE_FILL_AREA(#9882);
#6771=ORIENTED_EDGE('',*,*,#9826,.F.);
#6772=ORIENTED_EDGE('',*,*,#9883,.F.);
#6773=ORIENTED_EDGE('',*,*,#9884,.F.);
#6774=ORIENTED_EDGE('',*,*,#9885,.F.);
#6775=CARTESIAN_POINT('',(7.62,-0.2286,0.4124));
#6776=DIRECTION('',(0.0,-1.0,6.12323399573676E-17));
#6777=DIRECTION('',(1.0,0.0,0.0));
#6778=SURFACE_STYLE_FILL_AREA(#9886);
#6779=ORIENTED_EDGE('',*,*,#9827,.F.);
#6780=ORIENTED_EDGE('',*,*,#9885,.T.);
#6781=ORIENTED_EDGE('',*,*,#9887,.F.);
#6782=ORIENTED_EDGE('',*,*,#9138,.F.);
#6783=CARTESIAN_POINT('',(7.2036,-1.9431,0.4124));
#6784=DIRECTION('',(1.0,0.0,0.0));
#6785=DIRECTION('',(0.0,1.0,-6.12323399573676E-17));
#6786=SURFACE_STYLE_FILL_AREA(#9888);
#6787=ORIENTED_EDGE('',*,*,#9594,.T.);
#6788=ORIENTED_EDGE('',*,*,#9139,.F.);
#6789=ORIENTED_EDGE('',*,*,#9887,.T.);
#6790=ORIENTED_EDGE('',*,*,#9884,.T.);
#6791=ORIENTED_EDGE('',*,*,#9889,.F.);
#6792=ORIENTED_EDGE('',*,*,#9143,.F.);
#6793=ORIENTED_EDGE('',*,*,#9581,.T.);
#6794=ORIENTED_EDGE('',*,*,#9563,.T.);
#6795=CARTESIAN_POINT('',(7.62,-1.9431,1.4124));
#6796=DIRECTION('',(0.0,-6.12323399573676E-17,-1.0));
#6797=DIRECTION('',(0.0,1.0,-6.12323399573676E-17));
#6798=SURFACE_STYLE_FILL_AREA(#9890);
#6799=ORIENTED_EDGE('',*,*,#9825,.F.);
#6800=ORIENTED_EDGE('',*,*,#9144,.F.);
#6801=ORIENTED_EDGE('',*,*,#9889,.T.);
#6802=ORIENTED_EDGE('',*,*,#9883,.T.);
#6803=CARTESIAN_POINT('',(8.0364,-1.9431,0.4124));
#6804=DIRECTION('',(-1.0,0.0,0.0));
#6805=DIRECTION('',(0.0,-1.0,6.12323399573676E-17));
#6806=SURFACE_STYLE_FILL_AREA(#9891);
#6807=ORIENTED_EDGE('',*,*,#9655,.T.);
#6808=ORIENTED_EDGE('',*,*,#9131,.F.);
#6809=ORIENTED_EDGE('',*,*,#9892,.T.);
#6810=ORIENTED_EDGE('',*,*,#9893,.T.);
#6811=ORIENTED_EDGE('',*,*,#9894,.F.);
#6812=ORIENTED_EDGE('',*,*,#9135,.F.);
#6813=ORIENTED_EDGE('',*,*,#9642,.T.);
#6814=ORIENTED_EDGE('',*,*,#9624,.T.);
#6815=CARTESIAN_POINT('',(3.81,-1.9431,1.4124));
#6816=DIRECTION('',(0.0,-6.12323399573676E-17,-1.0));
#6817=DIRECTION('',(0.0,1.0,-6.12323399573676E-17));
#6818=SURFACE_STYLE_FILL_AREA(#9895);
#6819=ORIENTED_EDGE('',*,*,#9136,.F.);
#6820=ORIENTED_EDGE('',*,*,#9894,.T.);
#6821=ORIENTED_EDGE('',*,*,#9896,.T.);
#6822=ORIENTED_EDGE('',*,*,#9828,.F.);
#6823=CARTESIAN_POINT('',(4.2264,-1.9431,0.4124));
#6824=DIRECTION('',(-1.0,0.0,0.0));
#6825=DIRECTION('',(0.0,-1.0,6.12323399573676E-17));
#6826=SURFACE_STYLE_FILL_AREA(#9897);
#6827=ORIENTED_EDGE('',*,*,#9829,.F.);
#6828=ORIENTED_EDGE('',*,*,#9896,.F.);
#6829=ORIENTED_EDGE('',*,*,#9893,.F.);
#6830=ORIENTED_EDGE('',*,*,#9898,.F.);
#6831=CARTESIAN_POINT('',(3.81,-0.2286,0.4124));
#6832=DIRECTION('',(0.0,-1.0,6.12323399573676E-17));
#6833=DIRECTION('',(1.0,0.0,0.0));
#6834=SURFACE_STYLE_FILL_AREA(#9899);
#6835=ORIENTED_EDGE('',*,*,#9130,.F.);
#6836=ORIENTED_EDGE('',*,*,#9830,.F.);
#6837=ORIENTED_EDGE('',*,*,#9898,.T.);
#6838=ORIENTED_EDGE('',*,*,#9892,.F.);
#6839=CARTESIAN_POINT('',(3.3936,-1.9431,0.4124));
#6840=DIRECTION('',(1.0,0.0,0.0));
#6841=DIRECTION('',(0.0,1.0,-6.12323399573676E-17));
#6842=SURFACE_STYLE_FILL_AREA(#9900);
#6843=ORIENTED_EDGE('',*,*,#9832,.F.);
#6844=ORIENTED_EDGE('',*,*,#9901,.F.);
#6845=ORIENTED_EDGE('',*,*,#9902,.F.);
#6846=ORIENTED_EDGE('',*,*,#9903,.F.);
#6847=CARTESIAN_POINT('',(0.0,-0.2286,0.4124));
#6848=DIRECTION('',(0.0,-1.0,6.12323399573676E-17));
#6849=DIRECTION('',(1.0,0.0,0.0));
#6850=SURFACE_STYLE_FILL_AREA(#9904);
#6851=ORIENTED_EDGE('',*,*,#9833,.F.);
#6852=ORIENTED_EDGE('',*,*,#9903,.T.);
#6853=ORIENTED_EDGE('',*,*,#9905,.F.);
#6854=ORIENTED_EDGE('',*,*,#9122,.F.);
#6855=CARTESIAN_POINT('',(-0.4164,-1.9431,0.4124));
#6856=DIRECTION('',(1.0,0.0,0.0));
#6857=DIRECTION('',(0.0,1.0,-6.12323399573676E-17));
#6858=SURFACE_STYLE_FILL_AREA(#9906);
#6859=ORIENTED_EDGE('',*,*,#9716,.T.);
#6860=ORIENTED_EDGE('',*,*,#9123,.F.);
#6861=ORIENTED_EDGE('',*,*,#9905,.T.);
#6862=ORIENTED_EDGE('',*,*,#9902,.T.);
#6863=ORIENTED_EDGE('',*,*,#9907,.F.);
#6864=ORIENTED_EDGE('',*,*,#9127,.F.);
#6865=ORIENTED_EDGE('',*,*,#9703,.T.);
#6866=ORIENTED_EDGE('',*,*,#9685,.T.);
#6867=CARTESIAN_POINT('',(0.0,-1.9431,1.4124));
#6868=DIRECTION('',(0.0,-6.12323399573676E-17,-1.0));
#6869=DIRECTION('',(0.0,1.0,-6.12323399573676E-17));
#6870=SURFACE_STYLE_FILL_AREA(#9908);
#6871=ORIENTED_EDGE('',*,*,#9831,.F.);
#6872=ORIENTED_EDGE('',*,*,#9128,.F.);
#6873=ORIENTED_EDGE('',*,*,#9907,.T.);
#6874=ORIENTED_EDGE('',*,*,#9901,.T.);
#6875=CARTESIAN_POINT('',(0.4164,-1.9431,0.4124));
#6876=DIRECTION('',(-1.0,0.0,0.0));
#6877=DIRECTION('',(0.0,-1.0,6.12323399573676E-17));
#6878=SURFACE_STYLE_FILL_AREA(#9909);
#6879=ORIENTED_EDGE('',*,*,#9910,.F.);
#6880=ORIENTED_EDGE('',*,*,#9911,.F.);
#6881=ORIENTED_EDGE('',*,*,#9912,.F.);
#6882=ORIENTED_EDGE('',*,*,#9913,.T.);
#6883=CARTESIAN_POINT('',(34.29,-4.15884288179062,1.016));
#6884=DIRECTION('',(0.0,0.0,1.0));
#6885=DIRECTION('',(1.0,0.0,0.0));
#6886=SURFACE_STYLE_FILL_AREA(#9914);
#6887=ORIENTED_EDGE('',*,*,#9915,.F.);
#6888=ORIENTED_EDGE('',*,*,#9913,.F.);
#6889=ORIENTED_EDGE('',*,*,#9916,.F.);
#6890=ORIENTED_EDGE('',*,*,#9917,.F.);
#6891=ORIENTED_EDGE('',*,*,#9918,.F.);
#6892=ORIENTED_EDGE('',*,*,#9919,.T.);
#6893=CARTESIAN_POINT('',(33.0835,-2.921,1.016));
#6894=DIRECTION('',(0.0,-1.0,0.0));
#6895=DIRECTION('',(1.0,0.0,0.0));
#6896=SURFACE_STYLE_FILL_AREA(#9920);
#6897=ORIENTED_EDGE('',*,*,#9921,.F.);
#6898=ORIENTED_EDGE('',*,*,#9919,.F.);
#6899=ORIENTED_EDGE('',*,*,#9922,.F.);
#6900=ORIENTED_EDGE('',*,*,#9923,.T.);
#6901=CARTESIAN_POINT('',(32.766,-0.635,1.016));
#6902=DIRECTION('',(-1.0,0.0,0.0));
#6903=DIRECTION('',(0.0,-1.0,0.0));
#6904=SURFACE_STYLE_FILL_AREA(#9924);
#6905=ORIENTED_EDGE('',*,*,#9925,.F.);
#6906=ORIENTED_EDGE('',*,*,#9923,.F.);
#6907=ORIENTED_EDGE('',*,*,#9926,.F.);
#6908=ORIENTED_EDGE('',*,*,#9927,.F.);
#6909=ORIENTED_EDGE('',*,*,#9928,.F.);
#6910=ORIENTED_EDGE('',*,*,#9929,.T.);
#6911=CARTESIAN_POINT('',(33.147,1.651,1.016));
#6912=DIRECTION('',(0.0,1.0,0.0));
#6913=DIRECTION('',(-1.0,0.0,0.0));
#6914=SURFACE_STYLE_FILL_AREA(#9930);
#6915=ORIENTED_EDGE('',*,*,#9931,.F.);
#6916=ORIENTED_EDGE('',*,*,#9929,.F.);
#6917=ORIENTED_EDGE('',*,*,#9932,.F.);
#6918=ORIENTED_EDGE('',*,*,#9933,.T.);
#6919=CARTESIAN_POINT('',(33.528,1.905,1.016));
#6920=DIRECTION('',(-1.0,0.0,0.0));
#6921=DIRECTION('',(0.0,-1.0,0.0));
#6922=SURFACE_STYLE_FILL_AREA(#9934);
#6923=ORIENTED_EDGE('',*,*,#9935,.F.);
#6924=ORIENTED_EDGE('',*,*,#9936,.F.);
#6925=ORIENTED_EDGE('',*,*,#9937,.F.);
#6926=ORIENTED_EDGE('',*,*,#9938,.T.);
#6927=CARTESIAN_POINT('',(33.02,2.6035,1.016));
#6928=DIRECTION('',(-0.868243142124459,-0.496138938356834,0.0));
#6929=DIRECTION('',(0.496138938356834,-0.868243142124459,0.0));
#6930=SURFACE_STYLE_FILL_AREA(#9939);
#6931=ORIENTED_EDGE('',*,*,#8996,.T.);
#6932=ORIENTED_EDGE('',*,*,#9940,.T.);
#6933=ORIENTED_EDGE('',*,*,#8998,.T.);
#6934=ORIENTED_EDGE('',*,*,#9941,.F.);
#6935=CARTESIAN_POINT('',(34.29,-0.635,0.0875));
#6936=DIRECTION('',(0.0,-6.12323399573676E-17,-1.0));
#6937=DIRECTION('',(1.0,0.0,0.0));
#6938=SURFACE_STYLE_FILL_AREA(#9942);
#6939=ORIENTED_EDGE('',*,*,#9065,.T.);
#6940=ORIENTED_EDGE('',*,*,#9061,.T.);
#6941=ORIENTED_EDGE('',*,*,#9056,.T.);
#6942=ORIENTED_EDGE('',*,*,#9108,.T.);
#6943=ORIENTED_EDGE('',*,*,#9941,.T.);
#6944=ORIENTED_EDGE('',*,*,#8997,.T.);
#6945=CARTESIAN_POINT('',(34.29,-0.635,3.175));
#6946=DIRECTION('',(0.0,6.12323399573676E-17,1.0));
#6947=DIRECTION('',(-1.0,0.0,0.0));
#6948=SURFACE_STYLE_FILL_AREA(#9943);
#6949=ORIENTED_EDGE('',*,*,#9927,.T.);
#6950=ORIENTED_EDGE('',*,*,#9944,.T.);
#6951=ORIENTED_EDGE('',*,*,#9917,.T.);
#6952=ORIENTED_EDGE('',*,*,#9945,.T.);
#6953=CARTESIAN_POINT('',(33.274,-0.441,1.159));
#6954=DIRECTION('',(1.0,0.0,0.0));
#6955=DIRECTION('',(0.0,1.0,-6.12323399573676E-17));
#6956=SURFACE_STYLE_FILL_AREA(#9946);
#6957=ORIENTED_EDGE('',*,*,#8999,.F.);
#6958=ORIENTED_EDGE('',*,*,#9940,.F.);
#6959=ORIENTED_EDGE('',*,*,#9932,.T.);
#6960=ORIENTED_EDGE('',*,*,#9928,.T.);
#6961=ORIENTED_EDGE('',*,*,#9945,.F.);
#6962=ORIENTED_EDGE('',*,*,#9916,.T.);
#6963=ORIENTED_EDGE('',*,*,#9912,.T.);
#6964=ORIENTED_EDGE('',*,*,#9947,.T.);
#6965=ORIENTED_EDGE('',*,*,#9948,.T.);
#6966=ORIENTED_EDGE('',*,*,#9949,.T.);
#6967=ORIENTED_EDGE('',*,*,#9950,.T.);
#6968=ORIENTED_EDGE('',*,*,#9951,.F.);
#6969=CARTESIAN_POINT('',(34.29,-0.441,2.159));
#6970=DIRECTION('',(0.0,-6.12323399573676E-17,-1.0));
#6971=DIRECTION('',(0.0,1.0,-6.12323399573676E-17));
#6972=SURFACE_STYLE_FILL_AREA(#9952);
#6973=ORIENTED_EDGE('',*,*,#9953,.T.);
#6974=ORIENTED_EDGE('',*,*,#9948,.F.);
#6975=ORIENTED_EDGE('',*,*,#9954,.T.);
#6976=ORIENTED_EDGE('',*,*,#9955,.T.);
#6977=CARTESIAN_POINT('',(35.306,-0.441,1.159));
#6978=DIRECTION('',(-1.0,0.0,0.0));
#6979=DIRECTION('',(0.0,-1.0,6.12323399573676E-17));
#6980=SURFACE_STYLE_FILL_AREA(#9956);
#6981=ORIENTED_EDGE('',*,*,#9957,.F.);
#6982=ORIENTED_EDGE('',*,*,#9958,.F.);
#6983=ORIENTED_EDGE('',*,*,#9959,.F.);
#6984=ORIENTED_EDGE('',*,*,#9936,.T.);
#6985=ORIENTED_EDGE('',*,*,#9960,.F.);
#6986=ORIENTED_EDGE('',*,*,#9933,.F.);
#6987=ORIENTED_EDGE('',*,*,#9951,.T.);
#6988=ORIENTED_EDGE('',*,*,#9961,.T.);
#6989=CARTESIAN_POINT('',(33.401,2.159,1.016));
#6990=DIRECTION('',(0.0,-1.0,0.0));
#6991=DIRECTION('',(1.0,0.0,0.0));
#6992=SURFACE_STYLE_FILL_AREA(#9962);
#6993=ORIENTED_EDGE('',*,*,#9944,.F.);
#6994=ORIENTED_EDGE('',*,*,#9926,.T.);
#6995=ORIENTED_EDGE('',*,*,#9922,.T.);
#6996=ORIENTED_EDGE('',*,*,#9918,.T.);
#6997=CARTESIAN_POINT('',(34.29,0.265581521685628,1.016));
#6998=DIRECTION('',(0.0,0.0,1.0));
#6999=DIRECTION('',(1.0,0.0,0.0));
#7000=SURFACE_STYLE_FILL_AREA(#9963);
#7001=ORIENTED_EDGE('',*,*,#9955,.F.);
#7002=ORIENTED_EDGE('',*,*,#9964,.T.);
#7003=ORIENTED_EDGE('',*,*,#9965,.T.);
#7004=ORIENTED_EDGE('',*,*,#9966,.T.);
#7005=CARTESIAN_POINT('',(34.29,0.265581521685628,1.016));
#7006=DIRECTION('',(0.0,0.0,1.0));
#7007=DIRECTION('',(1.0,0.0,0.0));
#7008=SURFACE_STYLE_FILL_AREA(#9967);
#7009=ORIENTED_EDGE('',*,*,#9968,.F.);
#7010=ORIENTED_EDGE('',*,*,#9938,.F.);
#7011=ORIENTED_EDGE('',*,*,#9969,.F.);
#7012=ORIENTED_EDGE('',*,*,#9970,.T.);
#7013=CARTESIAN_POINT('',(34.29,3.048,1.016));
#7014=DIRECTION('',(0.0,1.0,0.0));
#7015=DIRECTION('',(-1.0,0.0,0.0));
#7016=SURFACE_STYLE_FILL_AREA(#9971);
#7017=ORIENTED_EDGE('',*,*,#9972,.F.);
#7018=ORIENTED_EDGE('',*,*,#9970,.F.);
#7019=ORIENTED_EDGE('',*,*,#9973,.F.);
#7020=ORIENTED_EDGE('',*,*,#9958,.T.);
#7021=CARTESIAN_POINT('',(35.56,2.6035,1.016));
#7022=DIRECTION('',(0.868243142124459,-0.496138938356834,0.0));
#7023=DIRECTION('',(0.496138938356834,0.868243142124459,0.0));
#7024=SURFACE_STYLE_FILL_AREA(#9974);
#7025=ORIENTED_EDGE('',*,*,#9975,.F.);
#7026=ORIENTED_EDGE('',*,*,#9961,.F.);
#7027=ORIENTED_EDGE('',*,*,#9950,.F.);
#7028=ORIENTED_EDGE('',*,*,#9976,.T.);
#7029=CARTESIAN_POINT('',(35.052,1.905,1.016));
#7030=DIRECTION('',(1.0,0.0,0.0));
#7031=DIRECTION('',(0.0,1.0,0.0));
#7032=SURFACE_STYLE_FILL_AREA(#9977);
#7033=ORIENTED_EDGE('',*,*,#9978,.F.);
#7034=ORIENTED_EDGE('',*,*,#9976,.F.);
#7035=ORIENTED_EDGE('',*,*,#9949,.F.);
#7036=ORIENTED_EDGE('',*,*,#9953,.F.);
#7037=ORIENTED_EDGE('',*,*,#9966,.F.);
#7038=ORIENTED_EDGE('',*,*,#9979,.T.);
#7039=CARTESIAN_POINT('',(35.433,1.651,1.016));
#7040=DIRECTION('',(0.0,1.0,0.0));
#7041=DIRECTION('',(-1.0,0.0,0.0));
#7042=SURFACE_STYLE_FILL_AREA(#9980);
#7043=ORIENTED_EDGE('',*,*,#9981,.F.);
#7044=ORIENTED_EDGE('',*,*,#9979,.F.);
#7045=ORIENTED_EDGE('',*,*,#9965,.F.);
#7046=ORIENTED_EDGE('',*,*,#9982,.T.);
#7047=CARTESIAN_POINT('',(35.814,-0.635,1.016));
#7048=DIRECTION('',(1.0,0.0,0.0));
#7049=DIRECTION('',(0.0,1.0,0.0));
#7050=SURFACE_STYLE_FILL_AREA(#9983);
#7051=ORIENTED_EDGE('',*,*,#9984,.F.);
#7052=ORIENTED_EDGE('',*,*,#9982,.F.);
#7053=ORIENTED_EDGE('',*,*,#9964,.F.);
#7054=ORIENTED_EDGE('',*,*,#9954,.F.);
#7055=ORIENTED_EDGE('',*,*,#9947,.F.);
#7056=ORIENTED_EDGE('',*,*,#9911,.T.);
#7057=CARTESIAN_POINT('',(35.4965,-2.921,1.016));
#7058=DIRECTION('',(0.0,-1.0,0.0));
#7059=DIRECTION('',(1.0,0.0,0.0));
#7060=SURFACE_STYLE_FILL_AREA(#9985);
#7061=ORIENTED_EDGE('',*,*,#9959,.T.);
#7062=ORIENTED_EDGE('',*,*,#9973,.T.);
#7063=ORIENTED_EDGE('',*,*,#9969,.T.);
#7064=ORIENTED_EDGE('',*,*,#9937,.T.);
#7065=CARTESIAN_POINT('',(34.29,0.265581521685628,1.016));
#7066=DIRECTION('',(0.0,0.0,1.0));
#7067=DIRECTION('',(1.0,0.0,0.0));
#7068=SURFACE_STYLE_FILL_AREA(#9986);
#7069=ORIENTED_EDGE('',*,*,#9987,.F.);
#7070=ORIENTED_EDGE('',*,*,#9988,.F.);
#7071=ORIENTED_EDGE('',*,*,#9989,.F.);
#7072=ORIENTED_EDGE('',*,*,#9990,.T.);
#7073=CARTESIAN_POINT('',(30.48,-4.15884288179062,1.016));
#7074=DIRECTION('',(0.0,0.0,1.0));
#7075=DIRECTION('',(1.0,0.0,0.0));
#7076=SURFACE_STYLE_FILL_AREA(#9991);
#7077=ORIENTED_EDGE('',*,*,#9992,.F.);
#7078=ORIENTED_EDGE('',*,*,#9990,.F.);
#7079=ORIENTED_EDGE('',*,*,#9993,.F.);
#7080=ORIENTED_EDGE('',*,*,#9994,.F.);
#7081=ORIENTED_EDGE('',*,*,#9995,.F.);
#7082=ORIENTED_EDGE('',*,*,#9996,.T.);
#7083=CARTESIAN_POINT('',(29.2735,-2.921,1.016));
#7084=DIRECTION('',(0.0,-1.0,0.0));
#7085=DIRECTION('',(1.0,0.0,0.0));
#7086=SURFACE_STYLE_FILL_AREA(#9997);
#7087=ORIENTED_EDGE('',*,*,#9998,.F.);
#7088=ORIENTED_EDGE('',*,*,#9996,.F.);
#7089=ORIENTED_EDGE('',*,*,#9999,.F.);
#7090=ORIENTED_EDGE('',*,*,#10000,.T.);
#7091=CARTESIAN_POINT('',(28.956,-0.635,1.016));
#7092=DIRECTION('',(-1.0,0.0,0.0));
#7093=DIRECTION('',(0.0,-1.0,0.0));
#7094=SURFACE_STYLE_FILL_AREA(#10001);
#7095=ORIENTED_EDGE('',*,*,#10002,.F.);
#7096=ORIENTED_EDGE('',*,*,#10000,.F.);
#7097=ORIENTED_EDGE('',*,*,#10003,.F.);
#7098=ORIENTED_EDGE('',*,*,#10004,.F.);
#7099=ORIENTED_EDGE('',*,*,#10005,.F.);
#7100=ORIENTED_EDGE('',*,*,#10006,.T.);
#7101=CARTESIAN_POINT('',(29.337,1.651,1.016));
#7102=DIRECTION('',(0.0,1.0,0.0));
#7103=DIRECTION('',(-1.0,0.0,0.0));
#7104=SURFACE_STYLE_FILL_AREA(#10007);
#7105=ORIENTED_EDGE('',*,*,#10008,.F.);
#7106=ORIENTED_EDGE('',*,*,#10006,.F.);
#7107=ORIENTED_EDGE('',*,*,#10009,.F.);
#7108=ORIENTED_EDGE('',*,*,#10010,.T.);
#7109=CARTESIAN_POINT('',(29.718,1.905,1.016));
#7110=DIRECTION('',(-1.0,0.0,0.0));
#7111=DIRECTION('',(0.0,-1.0,0.0));
#7112=SURFACE_STYLE_FILL_AREA(#10011);
#7113=ORIENTED_EDGE('',*,*,#10012,.F.);
#7114=ORIENTED_EDGE('',*,*,#10013,.F.);
#7115=ORIENTED_EDGE('',*,*,#10014,.F.);
#7116=ORIENTED_EDGE('',*,*,#10015,.T.);
#7117=CARTESIAN_POINT('',(29.21,2.6035,1.016));
#7118=DIRECTION('',(-0.868243142124459,-0.496138938356834,0.0));
#7119=DIRECTION('',(0.496138938356834,-0.868243142124459,0.0));
#7120=SURFACE_STYLE_FILL_AREA(#10016);
#7121=ORIENTED_EDGE('',*,*,#8991,.T.);
#7122=ORIENTED_EDGE('',*,*,#10017,.T.);
#7123=ORIENTED_EDGE('',*,*,#8993,.T.);
#7124=ORIENTED_EDGE('',*,*,#10018,.F.);
#7125=CARTESIAN_POINT('',(30.48,-0.635,0.0875));
#7126=DIRECTION('',(0.0,-6.12323399573676E-17,-1.0));
#7127=DIRECTION('',(1.0,0.0,0.0));
#7128=SURFACE_STYLE_FILL_AREA(#10019);
#7129=ORIENTED_EDGE('',*,*,#9211,.T.);
#7130=ORIENTED_EDGE('',*,*,#9207,.T.);
#7131=ORIENTED_EDGE('',*,*,#9202,.T.);
#7132=ORIENTED_EDGE('',*,*,#9252,.T.);
#7133=ORIENTED_EDGE('',*,*,#10018,.T.);
#7134=ORIENTED_EDGE('',*,*,#8992,.T.);
#7135=CARTESIAN_POINT('',(30.48,-0.635,3.175));
#7136=DIRECTION('',(0.0,6.12323399573676E-17,1.0));
#7137=DIRECTION('',(-1.0,0.0,0.0));
#7138=SURFACE_STYLE_FILL_AREA(#10020);
#7139=ORIENTED_EDGE('',*,*,#10004,.T.);
#7140=ORIENTED_EDGE('',*,*,#10021,.T.);
#7141=ORIENTED_EDGE('',*,*,#9994,.T.);
#7142=ORIENTED_EDGE('',*,*,#10022,.T.);
#7143=CARTESIAN_POINT('',(29.464,-0.441,1.159));
#7144=DIRECTION('',(1.0,0.0,0.0));
#7145=DIRECTION('',(0.0,1.0,-6.12323399573676E-17));
#7146=SURFACE_STYLE_FILL_AREA(#10023);
#7147=ORIENTED_EDGE('',*,*,#8994,.F.);
#7148=ORIENTED_EDGE('',*,*,#10017,.F.);
#7149=ORIENTED_EDGE('',*,*,#10009,.T.);
#7150=ORIENTED_EDGE('',*,*,#10005,.T.);
#7151=ORIENTED_EDGE('',*,*,#10022,.F.);
#7152=ORIENTED_EDGE('',*,*,#9993,.T.);
#7153=ORIENTED_EDGE('',*,*,#9989,.T.);
#7154=ORIENTED_EDGE('',*,*,#10024,.T.);
#7155=ORIENTED_EDGE('',*,*,#10025,.T.);
#7156=ORIENTED_EDGE('',*,*,#10026,.T.);
#7157=ORIENTED_EDGE('',*,*,#10027,.T.);
#7158=ORIENTED_EDGE('',*,*,#10028,.F.);
#7159=CARTESIAN_POINT('',(30.48,-0.441,2.159));
#7160=DIRECTION('',(0.0,-6.12323399573676E-17,-1.0));
#7161=DIRECTION('',(0.0,1.0,-6.12323399573676E-17));
#7162=SURFACE_STYLE_FILL_AREA(#10029);
#7163=ORIENTED_EDGE('',*,*,#10030,.T.);
#7164=ORIENTED_EDGE('',*,*,#10025,.F.);
#7165=ORIENTED_EDGE('',*,*,#10031,.T.);
#7166=ORIENTED_EDGE('',*,*,#10032,.T.);
#7167=CARTESIAN_POINT('',(31.496,-0.441,1.159));
#7168=DIRECTION('',(-1.0,0.0,0.0));
#7169=DIRECTION('',(0.0,-1.0,6.12323399573676E-17));
#7170=SURFACE_STYLE_FILL_AREA(#10033);
#7171=ORIENTED_EDGE('',*,*,#10034,.F.);
#7172=ORIENTED_EDGE('',*,*,#10035,.F.);
#7173=ORIENTED_EDGE('',*,*,#10036,.F.);
#7174=ORIENTED_EDGE('',*,*,#10013,.T.);
#7175=ORIENTED_EDGE('',*,*,#10037,.F.);
#7176=ORIENTED_EDGE('',*,*,#10010,.F.);
#7177=ORIENTED_EDGE('',*,*,#10028,.T.);
#7178=ORIENTED_EDGE('',*,*,#10038,.T.);
#7179=CARTESIAN_POINT('',(29.591,2.159,1.016));
#7180=DIRECTION('',(0.0,-1.0,0.0));
#7181=DIRECTION('',(1.0,0.0,0.0));
#7182=SURFACE_STYLE_FILL_AREA(#10039);
#7183=ORIENTED_EDGE('',*,*,#10021,.F.);
#7184=ORIENTED_EDGE('',*,*,#10003,.T.);
#7185=ORIENTED_EDGE('',*,*,#9999,.T.);
#7186=ORIENTED_EDGE('',*,*,#9995,.T.);
#7187=CARTESIAN_POINT('',(30.48,0.265581521685628,1.016));
#7188=DIRECTION('',(0.0,0.0,1.0));
#7189=DIRECTION('',(1.0,0.0,0.0));
#7190=SURFACE_STYLE_FILL_AREA(#10040);
#7191=ORIENTED_EDGE('',*,*,#10032,.F.);
#7192=ORIENTED_EDGE('',*,*,#10041,.T.);
#7193=ORIENTED_EDGE('',*,*,#10042,.T.);
#7194=ORIENTED_EDGE('',*,*,#10043,.T.);
#7195=CARTESIAN_POINT('',(30.48,0.265581521685628,1.016));
#7196=DIRECTION('',(0.0,0.0,1.0));
#7197=DIRECTION('',(1.0,0.0,0.0));
#7198=SURFACE_STYLE_FILL_AREA(#10044);
#7199=ORIENTED_EDGE('',*,*,#10045,.F.);
#7200=ORIENTED_EDGE('',*,*,#10015,.F.);
#7201=ORIENTED_EDGE('',*,*,#10046,.F.);
#7202=ORIENTED_EDGE('',*,*,#10047,.T.);
#7203=CARTESIAN_POINT('',(30.48,3.048,1.016));
#7204=DIRECTION('',(0.0,1.0,0.0));
#7205=DIRECTION('',(-1.0,0.0,0.0));
#7206=SURFACE_STYLE_FILL_AREA(#10048);
#7207=ORIENTED_EDGE('',*,*,#10049,.F.);
#7208=ORIENTED_EDGE('',*,*,#10047,.F.);
#7209=ORIENTED_EDGE('',*,*,#10050,.F.);
#7210=ORIENTED_EDGE('',*,*,#10035,.T.);
#7211=CARTESIAN_POINT('',(31.75,2.6035,1.016));
#7212=DIRECTION('',(0.868243142124459,-0.496138938356834,0.0));
#7213=DIRECTION('',(0.496138938356834,0.868243142124459,0.0));
#7214=SURFACE_STYLE_FILL_AREA(#10051);
#7215=ORIENTED_EDGE('',*,*,#10052,.F.);
#7216=ORIENTED_EDGE('',*,*,#10038,.F.);
#7217=ORIENTED_EDGE('',*,*,#10027,.F.);
#7218=ORIENTED_EDGE('',*,*,#10053,.T.);
#7219=CARTESIAN_POINT('',(31.242,1.905,1.016));
#7220=DIRECTION('',(1.0,0.0,0.0));
#7221=DIRECTION('',(0.0,1.0,0.0));
#7222=SURFACE_STYLE_FILL_AREA(#10054);
#7223=ORIENTED_EDGE('',*,*,#10055,.F.);
#7224=ORIENTED_EDGE('',*,*,#10053,.F.);
#7225=ORIENTED_EDGE('',*,*,#10026,.F.);
#7226=ORIENTED_EDGE('',*,*,#10030,.F.);
#7227=ORIENTED_EDGE('',*,*,#10043,.F.);
#7228=ORIENTED_EDGE('',*,*,#10056,.T.);
#7229=CARTESIAN_POINT('',(31.623,1.651,1.016));
#7230=DIRECTION('',(0.0,1.0,0.0));
#7231=DIRECTION('',(-1.0,0.0,0.0));
#7232=SURFACE_STYLE_FILL_AREA(#10057);
#7233=ORIENTED_EDGE('',*,*,#10058,.F.);
#7234=ORIENTED_EDGE('',*,*,#10056,.F.);
#7235=ORIENTED_EDGE('',*,*,#10042,.F.);
#7236=ORIENTED_EDGE('',*,*,#10059,.T.);
#7237=CARTESIAN_POINT('',(32.004,-0.635,1.016));
#7238=DIRECTION('',(1.0,0.0,0.0));
#7239=DIRECTION('',(0.0,1.0,0.0));
#7240=SURFACE_STYLE_FILL_AREA(#10060);
#7241=ORIENTED_EDGE('',*,*,#10061,.F.);
#7242=ORIENTED_EDGE('',*,*,#10059,.F.);
#7243=ORIENTED_EDGE('',*,*,#10041,.F.);
#7244=ORIENTED_EDGE('',*,*,#10031,.F.);
#7245=ORIENTED_EDGE('',*,*,#10024,.F.);
#7246=ORIENTED_EDGE('',*,*,#9988,.T.);
#7247=CARTESIAN_POINT('',(31.6865,-2.921,1.016));
#7248=DIRECTION('',(0.0,-1.0,0.0));
#7249=DIRECTION('',(1.0,0.0,0.0));
#7250=SURFACE_STYLE_FILL_AREA(#10062);
#7251=ORIENTED_EDGE('',*,*,#10036,.T.);
#7252=ORIENTED_EDGE('',*,*,#10050,.T.);
#7253=ORIENTED_EDGE('',*,*,#10046,.T.);
#7254=ORIENTED_EDGE('',*,*,#10014,.T.);
#7255=CARTESIAN_POINT('',(30.48,0.265581521685628,1.016));
#7256=DIRECTION('',(0.0,0.0,1.0));
#7257=DIRECTION('',(1.0,0.0,0.0));
#7258=SURFACE_STYLE_FILL_AREA(#10063);
#7259=ORIENTED_EDGE('',*,*,#10064,.F.);
#7260=ORIENTED_EDGE('',*,*,#10065,.F.);
#7261=ORIENTED_EDGE('',*,*,#10066,.F.);
#7262=ORIENTED_EDGE('',*,*,#10067,.T.);
#7263=CARTESIAN_POINT('',(26.67,-4.15884288179062,1.016));
#7264=DIRECTION('',(0.0,0.0,1.0));
#7265=DIRECTION('',(1.0,0.0,0.0));
#7266=SURFACE_STYLE_FILL_AREA(#10068);
#7267=ORIENTED_EDGE('',*,*,#10069,.F.);
#7268=ORIENTED_EDGE('',*,*,#10067,.F.);
#7269=ORIENTED_EDGE('',*,*,#10070,.F.);
#7270=ORIENTED_EDGE('',*,*,#10071,.F.);
#7271=ORIENTED_EDGE('',*,*,#10072,.F.);
#7272=ORIENTED_EDGE('',*,*,#10073,.T.);
#7273=CARTESIAN_POINT('',(25.4635,-2.921,1.016));
#7274=DIRECTION('',(0.0,-1.0,0.0));
#7275=DIRECTION('',(1.0,0.0,0.0));
#7276=SURFACE_STYLE_FILL_AREA(#10074);
#7277=ORIENTED_EDGE('',*,*,#10075,.F.);
#7278=ORIENTED_EDGE('',*,*,#10073,.F.);
#7279=ORIENTED_EDGE('',*,*,#10076,.F.);
#7280=ORIENTED_EDGE('',*,*,#10077,.T.);
#7281=CARTESIAN_POINT('',(25.146,-0.635,1.016));
#7282=DIRECTION('',(-1.0,0.0,0.0));
#7283=DIRECTION('',(0.0,-1.0,0.0));
#7284=SURFACE_STYLE_FILL_AREA(#10078);
#7285=ORIENTED_EDGE('',*,*,#10079,.F.);
#7286=ORIENTED_EDGE('',*,*,#10077,.F.);
#7287=ORIENTED_EDGE('',*,*,#10080,.F.);
#7288=ORIENTED_EDGE('',*,*,#10081,.F.);
#7289=ORIENTED_EDGE('',*,*,#10082,.F.);
#7290=ORIENTED_EDGE('',*,*,#10083,.T.);
#7291=CARTESIAN_POINT('',(25.527,1.651,1.016));
#7292=DIRECTION('',(0.0,1.0,0.0));
#7293=DIRECTION('',(-1.0,0.0,0.0));
#7294=SURFACE_STYLE_FILL_AREA(#10084);
#7295=ORIENTED_EDGE('',*,*,#10085,.F.);
#7296=ORIENTED_EDGE('',*,*,#10083,.F.);
#7297=ORIENTED_EDGE('',*,*,#10086,.F.);
#7298=ORIENTED_EDGE('',*,*,#10087,.T.);
#7299=CARTESIAN_POINT('',(25.908,1.905,1.016));
#7300=DIRECTION('',(-1.0,0.0,0.0));
#7301=DIRECTION('',(0.0,-1.0,0.0));
#7302=SURFACE_STYLE_FILL_AREA(#10088);
#7303=ORIENTED_EDGE('',*,*,#10089,.F.);
#7304=ORIENTED_EDGE('',*,*,#10090,.F.);
#7305=ORIENTED_EDGE('',*,*,#10091,.F.);
#7306=ORIENTED_EDGE('',*,*,#10092,.T.);
#7307=CARTESIAN_POINT('',(25.4,2.6035,1.016));
#7308=DIRECTION('',(-0.868243142124459,-0.496138938356834,0.0));
#7309=DIRECTION('',(0.496138938356834,-0.868243142124459,0.0));
#7310=SURFACE_STYLE_FILL_AREA(#10093);
#7311=ORIENTED_EDGE('',*,*,#8986,.T.);
#7312=ORIENTED_EDGE('',*,*,#10094,.T.);
#7313=ORIENTED_EDGE('',*,*,#8988,.T.);
#7314=ORIENTED_EDGE('',*,*,#10095,.F.);
#7315=CARTESIAN_POINT('',(26.67,-0.635,0.0875));
#7316=DIRECTION('',(0.0,-6.12323399573676E-17,-1.0));
#7317=DIRECTION('',(1.0,0.0,0.0));
#7318=SURFACE_STYLE_FILL_AREA(#10096);
#7319=ORIENTED_EDGE('',*,*,#9272,.T.);
#7320=ORIENTED_EDGE('',*,*,#9268,.T.);
#7321=ORIENTED_EDGE('',*,*,#9263,.T.);
#7322=ORIENTED_EDGE('',*,*,#9313,.T.);
#7323=ORIENTED_EDGE('',*,*,#10095,.T.);
#7324=ORIENTED_EDGE('',*,*,#8987,.T.);
#7325=CARTESIAN_POINT('',(26.67,-0.635,3.175));
#7326=DIRECTION('',(0.0,6.12323399573676E-17,1.0));
#7327=DIRECTION('',(-1.0,0.0,0.0));
#7328=SURFACE_STYLE_FILL_AREA(#10097);
#7329=ORIENTED_EDGE('',*,*,#10081,.T.);
#7330=ORIENTED_EDGE('',*,*,#10098,.T.);
#7331=ORIENTED_EDGE('',*,*,#10071,.T.);
#7332=ORIENTED_EDGE('',*,*,#10099,.T.);
#7333=CARTESIAN_POINT('',(25.654,-0.441,1.159));
#7334=DIRECTION('',(1.0,0.0,0.0));
#7335=DIRECTION('',(0.0,1.0,-6.12323399573676E-17));
#7336=SURFACE_STYLE_FILL_AREA(#10100);
#7337=ORIENTED_EDGE('',*,*,#8989,.F.);
#7338=ORIENTED_EDGE('',*,*,#10094,.F.);
#7339=ORIENTED_EDGE('',*,*,#10086,.T.);
#7340=ORIENTED_EDGE('',*,*,#10082,.T.);
#7341=ORIENTED_EDGE('',*,*,#10099,.F.);
#7342=ORIENTED_EDGE('',*,*,#10070,.T.);
#7343=ORIENTED_EDGE('',*,*,#10066,.T.);
#7344=ORIENTED_EDGE('',*,*,#10101,.T.);
#7345=ORIENTED_EDGE('',*,*,#10102,.T.);
#7346=ORIENTED_EDGE('',*,*,#10103,.T.);
#7347=ORIENTED_EDGE('',*,*,#10104,.T.);
#7348=ORIENTED_EDGE('',*,*,#10105,.F.);
#7349=CARTESIAN_POINT('',(26.67,-0.441,2.159));
#7350=DIRECTION('',(0.0,-6.12323399573676E-17,-1.0));
#7351=DIRECTION('',(0.0,1.0,-6.12323399573676E-17));
#7352=SURFACE_STYLE_FILL_AREA(#10106);
#7353=ORIENTED_EDGE('',*,*,#10107,.T.);
#7354=ORIENTED_EDGE('',*,*,#10102,.F.);
#7355=ORIENTED_EDGE('',*,*,#10108,.T.);
#7356=ORIENTED_EDGE('',*,*,#10109,.T.);
#7357=CARTESIAN_POINT('',(27.686,-0.441,1.159));
#7358=DIRECTION('',(-1.0,0.0,0.0));
#7359=DIRECTION('',(0.0,-1.0,6.12323399573676E-17));
#7360=SURFACE_STYLE_FILL_AREA(#10110);
#7361=ORIENTED_EDGE('',*,*,#10111,.F.);
#7362=ORIENTED_EDGE('',*,*,#10112,.F.);
#7363=ORIENTED_EDGE('',*,*,#10113,.F.);
#7364=ORIENTED_EDGE('',*,*,#10090,.T.);
#7365=ORIENTED_EDGE('',*,*,#10114,.F.);
#7366=ORIENTED_EDGE('',*,*,#10087,.F.);
#7367=ORIENTED_EDGE('',*,*,#10105,.T.);
#7368=ORIENTED_EDGE('',*,*,#10115,.T.);
#7369=CARTESIAN_POINT('',(25.781,2.159,1.016));
#7370=DIRECTION('',(0.0,-1.0,0.0));
#7371=DIRECTION('',(1.0,0.0,0.0));
#7372=SURFACE_STYLE_FILL_AREA(#10116);
#7373=ORIENTED_EDGE('',*,*,#10098,.F.);
#7374=ORIENTED_EDGE('',*,*,#10080,.T.);
#7375=ORIENTED_EDGE('',*,*,#10076,.T.);
#7376=ORIENTED_EDGE('',*,*,#10072,.T.);
#7377=CARTESIAN_POINT('',(26.67,0.265581521685628,1.016));
#7378=DIRECTION('',(0.0,0.0,1.0));
#7379=DIRECTION('',(1.0,0.0,0.0));
#7380=SURFACE_STYLE_FILL_AREA(#10117);
#7381=ORIENTED_EDGE('',*,*,#10109,.F.);
#7382=ORIENTED_EDGE('',*,*,#10118,.T.);
#7383=ORIENTED_EDGE('',*,*,#10119,.T.);
#7384=ORIENTED_EDGE('',*,*,#10120,.T.);
#7385=CARTESIAN_POINT('',(26.67,0.265581521685628,1.016));
#7386=DIRECTION('',(0.0,0.0,1.0));
#7387=DIRECTION('',(1.0,0.0,0.0));
#7388=SURFACE_STYLE_FILL_AREA(#10121);
#7389=ORIENTED_EDGE('',*,*,#10122,.F.);
#7390=ORIENTED_EDGE('',*,*,#10092,.F.);
#7391=ORIENTED_EDGE('',*,*,#10123,.F.);
#7392=ORIENTED_EDGE('',*,*,#10124,.T.);
#7393=CARTESIAN_POINT('',(26.67,3.048,1.016));
#7394=DIRECTION('',(0.0,1.0,0.0));
#7395=DIRECTION('',(-1.0,0.0,0.0));
#7396=SURFACE_STYLE_FILL_AREA(#10125);
#7397=ORIENTED_EDGE('',*,*,#10126,.F.);
#7398=ORIENTED_EDGE('',*,*,#10124,.F.);
#7399=ORIENTED_EDGE('',*,*,#10127,.F.);
#7400=ORIENTED_EDGE('',*,*,#10112,.T.);
#7401=CARTESIAN_POINT('',(27.94,2.6035,1.016));
#7402=DIRECTION('',(0.868243142124459,-0.496138938356834,0.0));
#7403=DIRECTION('',(0.496138938356834,0.868243142124459,0.0));
#7404=SURFACE_STYLE_FILL_AREA(#10128);
#7405=ORIENTED_EDGE('',*,*,#10129,.F.);
#7406=ORIENTED_EDGE('',*,*,#10115,.F.);
#7407=ORIENTED_EDGE('',*,*,#10104,.F.);
#7408=ORIENTED_EDGE('',*,*,#10130,.T.);
#7409=CARTESIAN_POINT('',(27.432,1.905,1.016));
#7410=DIRECTION('',(1.0,0.0,0.0));
#7411=DIRECTION('',(0.0,1.0,0.0));
#7412=SURFACE_STYLE_FILL_AREA(#10131);
#7413=ORIENTED_EDGE('',*,*,#10132,.F.);
#7414=ORIENTED_EDGE('',*,*,#10130,.F.);
#7415=ORIENTED_EDGE('',*,*,#10103,.F.);
#7416=ORIENTED_EDGE('',*,*,#10107,.F.);
#7417=ORIENTED_EDGE('',*,*,#10120,.F.);
#7418=ORIENTED_EDGE('',*,*,#10133,.T.);
#7419=CARTESIAN_POINT('',(27.813,1.651,1.016));
#7420=DIRECTION('',(0.0,1.0,0.0));
#7421=DIRECTION('',(-1.0,0.0,0.0));
#7422=SURFACE_STYLE_FILL_AREA(#10134);
#7423=ORIENTED_EDGE('',*,*,#10135,.F.);
#7424=ORIENTED_EDGE('',*,*,#10133,.F.);
#7425=ORIENTED_EDGE('',*,*,#10119,.F.);
#7426=ORIENTED_EDGE('',*,*,#10136,.T.);
#7427=CARTESIAN_POINT('',(28.194,-0.635,1.016));
#7428=DIRECTION('',(1.0,0.0,0.0));
#7429=DIRECTION('',(0.0,1.0,0.0));
#7430=SURFACE_STYLE_FILL_AREA(#10137);
#7431=ORIENTED_EDGE('',*,*,#10138,.F.);
#7432=ORIENTED_EDGE('',*,*,#10136,.F.);
#7433=ORIENTED_EDGE('',*,*,#10118,.F.);
#7434=ORIENTED_EDGE('',*,*,#10108,.F.);
#7435=ORIENTED_EDGE('',*,*,#10101,.F.);
#7436=ORIENTED_EDGE('',*,*,#10065,.T.);
#7437=CARTESIAN_POINT('',(27.8765,-2.921,1.016));
#7438=DIRECTION('',(0.0,-1.0,0.0));
#7439=DIRECTION('',(1.0,0.0,0.0));
#7440=SURFACE_STYLE_FILL_AREA(#10139);
#7441=ORIENTED_EDGE('',*,*,#10113,.T.);
#7442=ORIENTED_EDGE('',*,*,#10127,.T.);
#7443=ORIENTED_EDGE('',*,*,#10123,.T.);
#7444=ORIENTED_EDGE('',*,*,#10091,.T.);
#7445=CARTESIAN_POINT('',(26.67,0.265581521685628,1.016));
#7446=DIRECTION('',(0.0,0.0,1.0));
#7447=DIRECTION('',(1.0,0.0,0.0));
#7448=SURFACE_STYLE_FILL_AREA(#10140);
#7449=ORIENTED_EDGE('',*,*,#10141,.F.);
#7450=ORIENTED_EDGE('',*,*,#10142,.F.);
#7451=ORIENTED_EDGE('',*,*,#10143,.F.);
#7452=ORIENTED_EDGE('',*,*,#10144,.T.);
#7453=CARTESIAN_POINT('',(22.86,-4.15884288179062,1.016));
#7454=DIRECTION('',(0.0,0.0,1.0));
#7455=DIRECTION('',(1.0,0.0,0.0));
#7456=SURFACE_STYLE_FILL_AREA(#10145);
#7457=ORIENTED_EDGE('',*,*,#10146,.F.);
#7458=ORIENTED_EDGE('',*,*,#10144,.F.);
#7459=ORIENTED_EDGE('',*,*,#10147,.F.);
#7460=ORIENTED_EDGE('',*,*,#10148,.F.);
#7461=ORIENTED_EDGE('',*,*,#10149,.F.);
#7462=ORIENTED_EDGE('',*,*,#10150,.T.);
#7463=CARTESIAN_POINT('',(21.6535,-2.921,1.016));
#7464=DIRECTION('',(0.0,-1.0,0.0));
#7465=DIRECTION('',(1.0,0.0,0.0));
#7466=SURFACE_STYLE_FILL_AREA(#10151);
#7467=ORIENTED_EDGE('',*,*,#10152,.F.);
#7468=ORIENTED_EDGE('',*,*,#10150,.F.);
#7469=ORIENTED_EDGE('',*,*,#10153,.F.);
#7470=ORIENTED_EDGE('',*,*,#10154,.T.);
#7471=CARTESIAN_POINT('',(21.336,-0.635,1.016));
#7472=DIRECTION('',(-1.0,0.0,0.0));
#7473=DIRECTION('',(0.0,-1.0,0.0));
#7474=SURFACE_STYLE_FILL_AREA(#10155);
#7475=ORIENTED_EDGE('',*,*,#10156,.F.);
#7476=ORIENTED_EDGE('',*,*,#10154,.F.);
#7477=ORIENTED_EDGE('',*,*,#10157,.F.);
#7478=ORIENTED_EDGE('',*,*,#10158,.F.);
#7479=ORIENTED_EDGE('',*,*,#10159,.F.);
#7480=ORIENTED_EDGE('',*,*,#10160,.T.);
#7481=CARTESIAN_POINT('',(21.717,1.651,1.016));
#7482=DIRECTION('',(0.0,1.0,0.0));
#7483=DIRECTION('',(-1.0,0.0,0.0));
#7484=SURFACE_STYLE_FILL_AREA(#10161);
#7485=ORIENTED_EDGE('',*,*,#10162,.F.);
#7486=ORIENTED_EDGE('',*,*,#10160,.F.);
#7487=ORIENTED_EDGE('',*,*,#10163,.F.);
#7488=ORIENTED_EDGE('',*,*,#10164,.T.);
#7489=CARTESIAN_POINT('',(22.098,1.905,1.016));
#7490=DIRECTION('',(-1.0,0.0,0.0));
#7491=DIRECTION('',(0.0,-1.0,0.0));
#7492=SURFACE_STYLE_FILL_AREA(#10165);
#7493=ORIENTED_EDGE('',*,*,#10166,.F.);
#7494=ORIENTED_EDGE('',*,*,#10167,.F.);
#7495=ORIENTED_EDGE('',*,*,#10168,.F.);
#7496=ORIENTED_EDGE('',*,*,#10169,.T.);
#7497=CARTESIAN_POINT('',(21.59,2.6035,1.016));
#7498=DIRECTION('',(-0.868243142124459,-0.496138938356834,0.0));
#7499=DIRECTION('',(0.496138938356834,-0.868243142124459,0.0));
#7500=SURFACE_STYLE_FILL_AREA(#10170);
#7501=ORIENTED_EDGE('',*,*,#8981,.T.);
#7502=ORIENTED_EDGE('',*,*,#10171,.T.);
#7503=ORIENTED_EDGE('',*,*,#8983,.T.);
#7504=ORIENTED_EDGE('',*,*,#10172,.F.);
#7505=CARTESIAN_POINT('',(22.86,-0.635,0.0875));
#7506=DIRECTION('',(0.0,-6.12323399573676E-17,-1.0));
#7507=DIRECTION('',(1.0,0.0,0.0));
#7508=SURFACE_STYLE_FILL_AREA(#10173);
#7509=ORIENTED_EDGE('',*,*,#9333,.T.);
#7510=ORIENTED_EDGE('',*,*,#9329,.T.);
#7511=ORIENTED_EDGE('',*,*,#9324,.T.);
#7512=ORIENTED_EDGE('',*,*,#9374,.T.);
#7513=ORIENTED_EDGE('',*,*,#10172,.T.);
#7514=ORIENTED_EDGE('',*,*,#8982,.T.);
#7515=CARTESIAN_POINT('',(22.86,-0.635,3.175));
#7516=DIRECTION('',(0.0,6.12323399573676E-17,1.0));
#7517=DIRECTION('',(-1.0,0.0,0.0));
#7518=SURFACE_STYLE_FILL_AREA(#10174);
#7519=ORIENTED_EDGE('',*,*,#10158,.T.);
#7520=ORIENTED_EDGE('',*,*,#10175,.T.);
#7521=ORIENTED_EDGE('',*,*,#10148,.T.);
#7522=ORIENTED_EDGE('',*,*,#10176,.T.);
#7523=CARTESIAN_POINT('',(21.844,-0.441,1.159));
#7524=DIRECTION('',(1.0,0.0,0.0));
#7525=DIRECTION('',(0.0,1.0,-6.12323399573676E-17));
#7526=SURFACE_STYLE_FILL_AREA(#10177);
#7527=ORIENTED_EDGE('',*,*,#8984,.F.);
#7528=ORIENTED_EDGE('',*,*,#10171,.F.);
#7529=ORIENTED_EDGE('',*,*,#10163,.T.);
#7530=ORIENTED_EDGE('',*,*,#10159,.T.);
#7531=ORIENTED_EDGE('',*,*,#10176,.F.);
#7532=ORIENTED_EDGE('',*,*,#10147,.T.);
#7533=ORIENTED_EDGE('',*,*,#10143,.T.);
#7534=ORIENTED_EDGE('',*,*,#10178,.T.);
#7535=ORIENTED_EDGE('',*,*,#10179,.T.);
#7536=ORIENTED_EDGE('',*,*,#10180,.T.);
#7537=ORIENTED_EDGE('',*,*,#10181,.T.);
#7538=ORIENTED_EDGE('',*,*,#10182,.F.);
#7539=CARTESIAN_POINT('',(22.86,-0.441,2.159));
#7540=DIRECTION('',(0.0,-6.12323399573676E-17,-1.0));
#7541=DIRECTION('',(0.0,1.0,-6.12323399573676E-17));
#7542=SURFACE_STYLE_FILL_AREA(#10183);
#7543=ORIENTED_EDGE('',*,*,#10184,.T.);
#7544=ORIENTED_EDGE('',*,*,#10179,.F.);
#7545=ORIENTED_EDGE('',*,*,#10185,.T.);
#7546=ORIENTED_EDGE('',*,*,#10186,.T.);
#7547=CARTESIAN_POINT('',(23.876,-0.441,1.159));
#7548=DIRECTION('',(-1.0,0.0,0.0));
#7549=DIRECTION('',(0.0,-1.0,6.12323399573676E-17));
#7550=SURFACE_STYLE_FILL_AREA(#10187);
#7551=ORIENTED_EDGE('',*,*,#10188,.F.);
#7552=ORIENTED_EDGE('',*,*,#10189,.F.);
#7553=ORIENTED_EDGE('',*,*,#10190,.F.);
#7554=ORIENTED_EDGE('',*,*,#10167,.T.);
#7555=ORIENTED_EDGE('',*,*,#10191,.F.);
#7556=ORIENTED_EDGE('',*,*,#10164,.F.);
#7557=ORIENTED_EDGE('',*,*,#10182,.T.);
#7558=ORIENTED_EDGE('',*,*,#10192,.T.);
#7559=CARTESIAN_POINT('',(21.971,2.159,1.016));
#7560=DIRECTION('',(0.0,-1.0,0.0));
#7561=DIRECTION('',(1.0,0.0,0.0));
#7562=SURFACE_STYLE_FILL_AREA(#10193);
#7563=ORIENTED_EDGE('',*,*,#10175,.F.);
#7564=ORIENTED_EDGE('',*,*,#10157,.T.);
#7565=ORIENTED_EDGE('',*,*,#10153,.T.);
#7566=ORIENTED_EDGE('',*,*,#10149,.T.);
#7567=CARTESIAN_POINT('',(22.86,0.265581521685628,1.016));
#7568=DIRECTION('',(0.0,0.0,1.0));
#7569=DIRECTION('',(1.0,0.0,0.0));
#7570=SURFACE_STYLE_FILL_AREA(#10194);
#7571=ORIENTED_EDGE('',*,*,#10186,.F.);
#7572=ORIENTED_EDGE('',*,*,#10195,.T.);
#7573=ORIENTED_EDGE('',*,*,#10196,.T.);
#7574=ORIENTED_EDGE('',*,*,#10197,.T.);
#7575=CARTESIAN_POINT('',(22.86,0.265581521685628,1.016));
#7576=DIRECTION('',(0.0,0.0,1.0));
#7577=DIRECTION('',(1.0,0.0,0.0));
#7578=SURFACE_STYLE_FILL_AREA(#10198);
#7579=ORIENTED_EDGE('',*,*,#10199,.F.);
#7580=ORIENTED_EDGE('',*,*,#10169,.F.);
#7581=ORIENTED_EDGE('',*,*,#10200,.F.);
#7582=ORIENTED_EDGE('',*,*,#10201,.T.);
#7583=CARTESIAN_POINT('',(22.86,3.048,1.016));
#7584=DIRECTION('',(0.0,1.0,0.0));
#7585=DIRECTION('',(-1.0,0.0,0.0));
#7586=SURFACE_STYLE_FILL_AREA(#10202);
#7587=ORIENTED_EDGE('',*,*,#10203,.F.);
#7588=ORIENTED_EDGE('',*,*,#10201,.F.);
#7589=ORIENTED_EDGE('',*,*,#10204,.F.);
#7590=ORIENTED_EDGE('',*,*,#10189,.T.);
#7591=CARTESIAN_POINT('',(24.13,2.6035,1.016));
#7592=DIRECTION('',(0.868243142124459,-0.496138938356834,0.0));
#7593=DIRECTION('',(0.496138938356834,0.868243142124459,0.0));
#7594=SURFACE_STYLE_FILL_AREA(#10205);
#7595=ORIENTED_EDGE('',*,*,#10206,.F.);
#7596=ORIENTED_EDGE('',*,*,#10192,.F.);
#7597=ORIENTED_EDGE('',*,*,#10181,.F.);
#7598=ORIENTED_EDGE('',*,*,#10207,.T.);
#7599=CARTESIAN_POINT('',(23.622,1.905,1.016));
#7600=DIRECTION('',(1.0,0.0,0.0));
#7601=DIRECTION('',(0.0,1.0,0.0));
#7602=SURFACE_STYLE_FILL_AREA(#10208);
#7603=ORIENTED_EDGE('',*,*,#10209,.F.);
#7604=ORIENTED_EDGE('',*,*,#10207,.F.);
#7605=ORIENTED_EDGE('',*,*,#10180,.F.);
#7606=ORIENTED_EDGE('',*,*,#10184,.F.);
#7607=ORIENTED_EDGE('',*,*,#10197,.F.);
#7608=ORIENTED_EDGE('',*,*,#10210,.T.);
#7609=CARTESIAN_POINT('',(24.003,1.651,1.016));
#7610=DIRECTION('',(0.0,1.0,0.0));
#7611=DIRECTION('',(-1.0,0.0,0.0));
#7612=SURFACE_STYLE_FILL_AREA(#10211);
#7613=ORIENTED_EDGE('',*,*,#10212,.F.);
#7614=ORIENTED_EDGE('',*,*,#10210,.F.);
#7615=ORIENTED_EDGE('',*,*,#10196,.F.);
#7616=ORIENTED_EDGE('',*,*,#10213,.T.);
#7617=CARTESIAN_POINT('',(24.384,-0.635,1.016));
#7618=DIRECTION('',(1.0,0.0,0.0));
#7619=DIRECTION('',(0.0,1.0,0.0));
#7620=SURFACE_STYLE_FILL_AREA(#10214);
#7621=ORIENTED_EDGE('',*,*,#10215,.F.);
#7622=ORIENTED_EDGE('',*,*,#10213,.F.);
#7623=ORIENTED_EDGE('',*,*,#10195,.F.);
#7624=ORIENTED_EDGE('',*,*,#10185,.F.);
#7625=ORIENTED_EDGE('',*,*,#10178,.F.);
#7626=ORIENTED_EDGE('',*,*,#10142,.T.);
#7627=CARTESIAN_POINT('',(24.0665,-2.921,1.016));
#7628=DIRECTION('',(0.0,-1.0,0.0));
#7629=DIRECTION('',(1.0,0.0,0.0));
#7630=SURFACE_STYLE_FILL_AREA(#10216);
#7631=ORIENTED_EDGE('',*,*,#10190,.T.);
#7632=ORIENTED_EDGE('',*,*,#10204,.T.);
#7633=ORIENTED_EDGE('',*,*,#10200,.T.);
#7634=ORIENTED_EDGE('',*,*,#10168,.T.);
#7635=CARTESIAN_POINT('',(22.86,0.265581521685628,1.016));
#7636=DIRECTION('',(0.0,0.0,1.0));
#7637=DIRECTION('',(1.0,0.0,0.0));
#7638=SURFACE_STYLE_FILL_AREA(#10217);
#7639=ORIENTED_EDGE('',*,*,#10218,.F.);
#7640=ORIENTED_EDGE('',*,*,#10219,.F.);
#7641=ORIENTED_EDGE('',*,*,#10220,.F.);
#7642=ORIENTED_EDGE('',*,*,#10221,.T.);
#7643=CARTESIAN_POINT('',(19.05,-4.15884288179062,1.016));
#7644=DIRECTION('',(0.0,0.0,1.0));
#7645=DIRECTION('',(1.0,0.0,0.0));
#7646=SURFACE_STYLE_FILL_AREA(#10222);
#7647=ORIENTED_EDGE('',*,*,#10223,.F.);
#7648=ORIENTED_EDGE('',*,*,#10221,.F.);
#7649=ORIENTED_EDGE('',*,*,#10224,.F.);
#7650=ORIENTED_EDGE('',*,*,#10225,.F.);
#7651=ORIENTED_EDGE('',*,*,#10226,.F.);
#7652=ORIENTED_EDGE('',*,*,#10227,.T.);
#7653=CARTESIAN_POINT('',(17.8435,-2.921,1.016));
#7654=DIRECTION('',(0.0,-1.0,0.0));
#7655=DIRECTION('',(1.0,0.0,0.0));
#7656=SURFACE_STYLE_FILL_AREA(#10228);
#7657=ORIENTED_EDGE('',*,*,#10229,.F.);
#7658=ORIENTED_EDGE('',*,*,#10227,.F.);
#7659=ORIENTED_EDGE('',*,*,#10230,.F.);
#7660=ORIENTED_EDGE('',*,*,#10231,.T.);
#7661=CARTESIAN_POINT('',(17.526,-0.635,1.016));
#7662=DIRECTION('',(-1.0,0.0,0.0));
#7663=DIRECTION('',(0.0,-1.0,0.0));
#7664=SURFACE_STYLE_FILL_AREA(#10232);
#7665=ORIENTED_EDGE('',*,*,#10233,.F.);
#7666=ORIENTED_EDGE('',*,*,#10231,.F.);
#7667=ORIENTED_EDGE('',*,*,#10234,.F.);
#7668=ORIENTED_EDGE('',*,*,#10235,.F.);
#7669=ORIENTED_EDGE('',*,*,#10236,.F.);
#7670=ORIENTED_EDGE('',*,*,#10237,.T.);
#7671=CARTESIAN_POINT('',(17.907,1.651,1.016));
#7672=DIRECTION('',(0.0,1.0,0.0));
#7673=DIRECTION('',(-1.0,0.0,0.0));
#7674=SURFACE_STYLE_FILL_AREA(#10238);
#7675=ORIENTED_EDGE('',*,*,#10239,.F.);
#7676=ORIENTED_EDGE('',*,*,#10237,.F.);
#7677=ORIENTED_EDGE('',*,*,#10240,.F.);
#7678=ORIENTED_EDGE('',*,*,#10241,.T.);
#7679=CARTESIAN_POINT('',(18.288,1.905,1.016));
#7680=DIRECTION('',(-1.0,0.0,0.0));
#7681=DIRECTION('',(0.0,-1.0,0.0));
#7682=SURFACE_STYLE_FILL_AREA(#10242);
#7683=ORIENTED_EDGE('',*,*,#10243,.F.);
#7684=ORIENTED_EDGE('',*,*,#10244,.F.);
#7685=ORIENTED_EDGE('',*,*,#10245,.F.);
#7686=ORIENTED_EDGE('',*,*,#10246,.T.);
#7687=CARTESIAN_POINT('',(17.78,2.6035,1.016));
#7688=DIRECTION('',(-0.868243142124459,-0.496138938356834,0.0));
#7689=DIRECTION('',(0.496138938356834,-0.868243142124459,0.0));
#7690=SURFACE_STYLE_FILL_AREA(#10247);
#7691=ORIENTED_EDGE('',*,*,#8976,.T.);
#7692=ORIENTED_EDGE('',*,*,#10248,.T.);
#7693=ORIENTED_EDGE('',*,*,#8978,.T.);
#7694=ORIENTED_EDGE('',*,*,#10249,.F.);
#7695=CARTESIAN_POINT('',(19.05,-0.635,0.0875));
#7696=DIRECTION('',(0.0,-6.12323399573676E-17,-1.0));
#7697=DIRECTION('',(1.0,0.0,0.0));
#7698=SURFACE_STYLE_FILL_AREA(#10250);
#7699=ORIENTED_EDGE('',*,*,#9394,.T.);
#7700=ORIENTED_EDGE('',*,*,#9390,.T.);
#7701=ORIENTED_EDGE('',*,*,#9385,.T.);
#7702=ORIENTED_EDGE('',*,*,#9435,.T.);
#7703=ORIENTED_EDGE('',*,*,#10249,.T.);
#7704=ORIENTED_EDGE('',*,*,#8977,.T.);
#7705=CARTESIAN_POINT('',(19.05,-0.635,3.175));
#7706=DIRECTION('',(0.0,6.12323399573676E-17,1.0));
#7707=DIRECTION('',(-1.0,0.0,0.0));
#7708=SURFACE_STYLE_FILL_AREA(#10251);
#7709=ORIENTED_EDGE('',*,*,#10235,.T.);
#7710=ORIENTED_EDGE('',*,*,#10252,.T.);
#7711=ORIENTED_EDGE('',*,*,#10225,.T.);
#7712=ORIENTED_EDGE('',*,*,#10253,.T.);
#7713=CARTESIAN_POINT('',(18.034,-0.441,1.159));
#7714=DIRECTION('',(1.0,0.0,0.0));
#7715=DIRECTION('',(0.0,1.0,-6.12323399573676E-17));
#7716=SURFACE_STYLE_FILL_AREA(#10254);
#7717=ORIENTED_EDGE('',*,*,#8979,.F.);
#7718=ORIENTED_EDGE('',*,*,#10248,.F.);
#7719=ORIENTED_EDGE('',*,*,#10240,.T.);
#7720=ORIENTED_EDGE('',*,*,#10236,.T.);
#7721=ORIENTED_EDGE('',*,*,#10253,.F.);
#7722=ORIENTED_EDGE('',*,*,#10224,.T.);
#7723=ORIENTED_EDGE('',*,*,#10220,.T.);
#7724=ORIENTED_EDGE('',*,*,#10255,.T.);
#7725=ORIENTED_EDGE('',*,*,#10256,.T.);
#7726=ORIENTED_EDGE('',*,*,#10257,.T.);
#7727=ORIENTED_EDGE('',*,*,#10258,.T.);
#7728=ORIENTED_EDGE('',*,*,#10259,.F.);
#7729=CARTESIAN_POINT('',(19.05,-0.441,2.159));
#7730=DIRECTION('',(0.0,-6.12323399573676E-17,-1.0));
#7731=DIRECTION('',(0.0,1.0,-6.12323399573676E-17));
#7732=SURFACE_STYLE_FILL_AREA(#10260);
#7733=ORIENTED_EDGE('',*,*,#10261,.T.);
#7734=ORIENTED_EDGE('',*,*,#10256,.F.);
#7735=ORIENTED_EDGE('',*,*,#10262,.T.);
#7736=ORIENTED_EDGE('',*,*,#10263,.T.);
#7737=CARTESIAN_POINT('',(20.066,-0.441,1.159));
#7738=DIRECTION('',(-1.0,0.0,0.0));
#7739=DIRECTION('',(0.0,-1.0,6.12323399573676E-17));
#7740=SURFACE_STYLE_FILL_AREA(#10264);
#7741=ORIENTED_EDGE('',*,*,#10265,.F.);
#7742=ORIENTED_EDGE('',*,*,#10266,.F.);
#7743=ORIENTED_EDGE('',*,*,#10267,.F.);
#7744=ORIENTED_EDGE('',*,*,#10244,.T.);
#7745=ORIENTED_EDGE('',*,*,#10268,.F.);
#7746=ORIENTED_EDGE('',*,*,#10241,.F.);
#7747=ORIENTED_EDGE('',*,*,#10259,.T.);
#7748=ORIENTED_EDGE('',*,*,#10269,.T.);
#7749=CARTESIAN_POINT('',(18.161,2.159,1.016));
#7750=DIRECTION('',(0.0,-1.0,0.0));
#7751=DIRECTION('',(1.0,0.0,0.0));
#7752=SURFACE_STYLE_FILL_AREA(#10270);
#7753=ORIENTED_EDGE('',*,*,#10252,.F.);
#7754=ORIENTED_EDGE('',*,*,#10234,.T.);
#7755=ORIENTED_EDGE('',*,*,#10230,.T.);
#7756=ORIENTED_EDGE('',*,*,#10226,.T.);
#7757=CARTESIAN_POINT('',(19.05,0.265581521685628,1.016));
#7758=DIRECTION('',(0.0,0.0,1.0));
#7759=DIRECTION('',(1.0,0.0,0.0));
#7760=SURFACE_STYLE_FILL_AREA(#10271);
#7761=ORIENTED_EDGE('',*,*,#10263,.F.);
#7762=ORIENTED_EDGE('',*,*,#10272,.T.);
#7763=ORIENTED_EDGE('',*,*,#10273,.T.);
#7764=ORIENTED_EDGE('',*,*,#10274,.T.);
#7765=CARTESIAN_POINT('',(19.05,0.265581521685628,1.016));
#7766=DIRECTION('',(0.0,0.0,1.0));
#7767=DIRECTION('',(1.0,0.0,0.0));
#7768=SURFACE_STYLE_FILL_AREA(#10275);
#7769=ORIENTED_EDGE('',*,*,#10276,.F.);
#7770=ORIENTED_EDGE('',*,*,#10246,.F.);
#7771=ORIENTED_EDGE('',*,*,#10277,.F.);
#7772=ORIENTED_EDGE('',*,*,#10278,.T.);
#7773=CARTESIAN_POINT('',(19.05,3.048,1.016));
#7774=DIRECTION('',(0.0,1.0,0.0));
#7775=DIRECTION('',(-1.0,0.0,0.0));
#7776=SURFACE_STYLE_FILL_AREA(#10279);
#7777=ORIENTED_EDGE('',*,*,#10280,.F.);
#7778=ORIENTED_EDGE('',*,*,#10278,.F.);
#7779=ORIENTED_EDGE('',*,*,#10281,.F.);
#7780=ORIENTED_EDGE('',*,*,#10266,.T.);
#7781=CARTESIAN_POINT('',(20.32,2.6035,1.016));
#7782=DIRECTION('',(0.868243142124459,-0.496138938356834,0.0));
#7783=DIRECTION('',(0.496138938356834,0.868243142124459,0.0));
#7784=SURFACE_STYLE_FILL_AREA(#10282);
#7785=ORIENTED_EDGE('',*,*,#10283,.F.);
#7786=ORIENTED_EDGE('',*,*,#10269,.F.);
#7787=ORIENTED_EDGE('',*,*,#10258,.F.);
#7788=ORIENTED_EDGE('',*,*,#10284,.T.);
#7789=CARTESIAN_POINT('',(19.812,1.905,1.016));
#7790=DIRECTION('',(1.0,0.0,0.0));
#7791=DIRECTION('',(0.0,1.0,0.0));
#7792=SURFACE_STYLE_FILL_AREA(#10285);
#7793=ORIENTED_EDGE('',*,*,#10286,.F.);
#7794=ORIENTED_EDGE('',*,*,#10284,.F.);
#7795=ORIENTED_EDGE('',*,*,#10257,.F.);
#7796=ORIENTED_EDGE('',*,*,#10261,.F.);
#7797=ORIENTED_EDGE('',*,*,#10274,.F.);
#7798=ORIENTED_EDGE('',*,*,#10287,.T.);
#7799=CARTESIAN_POINT('',(20.193,1.651,1.016));
#7800=DIRECTION('',(0.0,1.0,0.0));
#7801=DIRECTION('',(-1.0,0.0,0.0));
#7802=SURFACE_STYLE_FILL_AREA(#10288);
#7803=ORIENTED_EDGE('',*,*,#10289,.F.);
#7804=ORIENTED_EDGE('',*,*,#10287,.F.);
#7805=ORIENTED_EDGE('',*,*,#10273,.F.);
#7806=ORIENTED_EDGE('',*,*,#10290,.T.);
#7807=CARTESIAN_POINT('',(20.574,-0.635,1.016));
#7808=DIRECTION('',(1.0,0.0,0.0));
#7809=DIRECTION('',(0.0,1.0,0.0));
#7810=SURFACE_STYLE_FILL_AREA(#10291);
#7811=ORIENTED_EDGE('',*,*,#10292,.F.);
#7812=ORIENTED_EDGE('',*,*,#10290,.F.);
#7813=ORIENTED_EDGE('',*,*,#10272,.F.);
#7814=ORIENTED_EDGE('',*,*,#10262,.F.);
#7815=ORIENTED_EDGE('',*,*,#10255,.F.);
#7816=ORIENTED_EDGE('',*,*,#10219,.T.);
#7817=CARTESIAN_POINT('',(20.2565,-2.921,1.016));
#7818=DIRECTION('',(0.0,-1.0,0.0));
#7819=DIRECTION('',(1.0,0.0,0.0));
#7820=SURFACE_STYLE_FILL_AREA(#10293);
#7821=ORIENTED_EDGE('',*,*,#10267,.T.);
#7822=ORIENTED_EDGE('',*,*,#10281,.T.);
#7823=ORIENTED_EDGE('',*,*,#10277,.T.);
#7824=ORIENTED_EDGE('',*,*,#10245,.T.);
#7825=CARTESIAN_POINT('',(19.05,0.265581521685628,1.016));
#7826=DIRECTION('',(0.0,0.0,1.0));
#7827=DIRECTION('',(1.0,0.0,0.0));
#7828=SURFACE_STYLE_FILL_AREA(#10294);
#7829=ORIENTED_EDGE('',*,*,#10295,.F.);
#7830=ORIENTED_EDGE('',*,*,#10296,.F.);
#7831=ORIENTED_EDGE('',*,*,#10297,.F.);
#7832=ORIENTED_EDGE('',*,*,#10298,.T.);
#7833=CARTESIAN_POINT('',(15.24,-4.15884288179062,1.016));
#7834=DIRECTION('',(0.0,0.0,1.0));
#7835=DIRECTION('',(1.0,0.0,0.0));
#7836=SURFACE_STYLE_FILL_AREA(#10299);
#7837=ORIENTED_EDGE('',*,*,#10300,.F.);
#7838=ORIENTED_EDGE('',*,*,#10298,.F.);
#7839=ORIENTED_EDGE('',*,*,#10301,.F.);
#7840=ORIENTED_EDGE('',*,*,#10302,.F.);
#7841=ORIENTED_EDGE('',*,*,#10303,.F.);
#7842=ORIENTED_EDGE('',*,*,#10304,.T.);
#7843=CARTESIAN_POINT('',(14.0335,-2.921,1.016));
#7844=DIRECTION('',(0.0,-1.0,0.0));
#7845=DIRECTION('',(1.0,0.0,0.0));
#7846=SURFACE_STYLE_FILL_AREA(#10305);
#7847=ORIENTED_EDGE('',*,*,#10306,.F.);
#7848=ORIENTED_EDGE('',*,*,#10304,.F.);
#7849=ORIENTED_EDGE('',*,*,#10307,.F.);
#7850=ORIENTED_EDGE('',*,*,#10308,.T.);
#7851=CARTESIAN_POINT('',(13.716,-0.635,1.016));
#7852=DIRECTION('',(-1.0,0.0,0.0));
#7853=DIRECTION('',(0.0,-1.0,0.0));
#7854=SURFACE_STYLE_FILL_AREA(#10309);
#7855=ORIENTED_EDGE('',*,*,#10310,.F.);
#7856=ORIENTED_EDGE('',*,*,#10308,.F.);
#7857=ORIENTED_EDGE('',*,*,#10311,.F.);
#7858=ORIENTED_EDGE('',*,*,#10312,.F.);
#7859=ORIENTED_EDGE('',*,*,#10313,.F.);
#7860=ORIENTED_EDGE('',*,*,#10314,.T.);
#7861=CARTESIAN_POINT('',(14.097,1.651,1.016));
#7862=DIRECTION('',(0.0,1.0,0.0));
#7863=DIRECTION('',(-1.0,0.0,0.0));
#7864=SURFACE_STYLE_FILL_AREA(#10315);
#7865=ORIENTED_EDGE('',*,*,#10316,.F.);
#7866=ORIENTED_EDGE('',*,*,#10314,.F.);
#7867=ORIENTED_EDGE('',*,*,#10317,.F.);
#7868=ORIENTED_EDGE('',*,*,#10318,.T.);
#7869=CARTESIAN_POINT('',(14.478,1.905,1.016));
#7870=DIRECTION('',(-1.0,0.0,0.0));
#7871=DIRECTION('',(0.0,-1.0,0.0));
#7872=SURFACE_STYLE_FILL_AREA(#10319);
#7873=ORIENTED_EDGE('',*,*,#10320,.F.);
#7874=ORIENTED_EDGE('',*,*,#10321,.F.);
#7875=ORIENTED_EDGE('',*,*,#10322,.F.);
#7876=ORIENTED_EDGE('',*,*,#10323,.T.);
#7877=CARTESIAN_POINT('',(13.97,2.6035,1.016));
#7878=DIRECTION('',(-0.868243142124459,-0.496138938356834,0.0));
#7879=DIRECTION('',(0.496138938356834,-0.868243142124459,0.0));
#7880=SURFACE_STYLE_FILL_AREA(#10324);
#7881=ORIENTED_EDGE('',*,*,#8971,.T.);
#7882=ORIENTED_EDGE('',*,*,#10325,.T.);
#7883=ORIENTED_EDGE('',*,*,#8973,.T.);
#7884=ORIENTED_EDGE('',*,*,#10326,.F.);
#7885=CARTESIAN_POINT('',(15.24,-0.635,0.0875));
#7886=DIRECTION('',(0.0,-6.12323399573676E-17,-1.0));
#7887=DIRECTION('',(1.0,0.0,0.0));
#7888=SURFACE_STYLE_FILL_AREA(#10327);
#7889=ORIENTED_EDGE('',*,*,#9455,.T.);
#7890=ORIENTED_EDGE('',*,*,#9451,.T.);
#7891=ORIENTED_EDGE('',*,*,#9446,.T.);
#7892=ORIENTED_EDGE('',*,*,#9496,.T.);
#7893=ORIENTED_EDGE('',*,*,#10326,.T.);
#7894=ORIENTED_EDGE('',*,*,#8972,.T.);
#7895=CARTESIAN_POINT('',(15.24,-0.635,3.175));
#7896=DIRECTION('',(0.0,6.12323399573676E-17,1.0));
#7897=DIRECTION('',(-1.0,0.0,0.0));
#7898=SURFACE_STYLE_FILL_AREA(#10328);
#7899=ORIENTED_EDGE('',*,*,#10312,.T.);
#7900=ORIENTED_EDGE('',*,*,#10329,.T.);
#7901=ORIENTED_EDGE('',*,*,#10302,.T.);
#7902=ORIENTED_EDGE('',*,*,#10330,.T.);
#7903=CARTESIAN_POINT('',(14.224,-0.441,1.159));
#7904=DIRECTION('',(1.0,0.0,0.0));
#7905=DIRECTION('',(0.0,1.0,-6.12323399573676E-17));
#7906=SURFACE_STYLE_FILL_AREA(#10331);
#7907=ORIENTED_EDGE('',*,*,#8974,.F.);
#7908=ORIENTED_EDGE('',*,*,#10325,.F.);
#7909=ORIENTED_EDGE('',*,*,#10317,.T.);
#7910=ORIENTED_EDGE('',*,*,#10313,.T.);
#7911=ORIENTED_EDGE('',*,*,#10330,.F.);
#7912=ORIENTED_EDGE('',*,*,#10301,.T.);
#7913=ORIENTED_EDGE('',*,*,#10297,.T.);
#7914=ORIENTED_EDGE('',*,*,#10332,.T.);
#7915=ORIENTED_EDGE('',*,*,#10333,.T.);
#7916=ORIENTED_EDGE('',*,*,#10334,.T.);
#7917=ORIENTED_EDGE('',*,*,#10335,.T.);
#7918=ORIENTED_EDGE('',*,*,#10336,.F.);
#7919=CARTESIAN_POINT('',(15.24,-0.441,2.159));
#7920=DIRECTION('',(0.0,-6.12323399573676E-17,-1.0));
#7921=DIRECTION('',(0.0,1.0,-6.12323399573676E-17));
#7922=SURFACE_STYLE_FILL_AREA(#10337);
#7923=ORIENTED_EDGE('',*,*,#10338,.T.);
#7924=ORIENTED_EDGE('',*,*,#10333,.F.);
#7925=ORIENTED_EDGE('',*,*,#10339,.T.);
#7926=ORIENTED_EDGE('',*,*,#10340,.T.);
#7927=CARTESIAN_POINT('',(16.256,-0.441,1.159));
#7928=DIRECTION('',(-1.0,0.0,0.0));
#7929=DIRECTION('',(0.0,-1.0,6.12323399573676E-17));
#7930=SURFACE_STYLE_FILL_AREA(#10341);
#7931=ORIENTED_EDGE('',*,*,#10342,.F.);
#7932=ORIENTED_EDGE('',*,*,#10343,.F.);
#7933=ORIENTED_EDGE('',*,*,#10344,.F.);
#7934=ORIENTED_EDGE('',*,*,#10321,.T.);
#7935=ORIENTED_EDGE('',*,*,#10345,.F.);
#7936=ORIENTED_EDGE('',*,*,#10318,.F.);
#7937=ORIENTED_EDGE('',*,*,#10336,.T.);
#7938=ORIENTED_EDGE('',*,*,#10346,.T.);
#7939=CARTESIAN_POINT('',(14.351,2.159,1.016));
#7940=DIRECTION('',(0.0,-1.0,0.0));
#7941=DIRECTION('',(1.0,0.0,0.0));
#7942=SURFACE_STYLE_FILL_AREA(#10347);
#7943=ORIENTED_EDGE('',*,*,#10329,.F.);
#7944=ORIENTED_EDGE('',*,*,#10311,.T.);
#7945=ORIENTED_EDGE('',*,*,#10307,.T.);
#7946=ORIENTED_EDGE('',*,*,#10303,.T.);
#7947=CARTESIAN_POINT('',(15.24,0.265581521685628,1.016));
#7948=DIRECTION('',(0.0,0.0,1.0));
#7949=DIRECTION('',(1.0,0.0,0.0));
#7950=SURFACE_STYLE_FILL_AREA(#10348);
#7951=ORIENTED_EDGE('',*,*,#10340,.F.);
#7952=ORIENTED_EDGE('',*,*,#10349,.T.);
#7953=ORIENTED_EDGE('',*,*,#10350,.T.);
#7954=ORIENTED_EDGE('',*,*,#10351,.T.);
#7955=CARTESIAN_POINT('',(15.24,0.265581521685628,1.016));
#7956=DIRECTION('',(0.0,0.0,1.0));
#7957=DIRECTION('',(1.0,0.0,0.0));
#7958=SURFACE_STYLE_FILL_AREA(#10352);
#7959=ORIENTED_EDGE('',*,*,#10353,.F.);
#7960=ORIENTED_EDGE('',*,*,#10323,.F.);
#7961=ORIENTED_EDGE('',*,*,#10354,.F.);
#7962=ORIENTED_EDGE('',*,*,#10355,.T.);
#7963=CARTESIAN_POINT('',(15.24,3.048,1.016));
#7964=DIRECTION('',(0.0,1.0,0.0));
#7965=DIRECTION('',(-1.0,0.0,0.0));
#7966=SURFACE_STYLE_FILL_AREA(#10356);
#7967=ORIENTED_EDGE('',*,*,#10357,.F.);
#7968=ORIENTED_EDGE('',*,*,#10355,.F.);
#7969=ORIENTED_EDGE('',*,*,#10358,.F.);
#7970=ORIENTED_EDGE('',*,*,#10343,.T.);
#7971=CARTESIAN_POINT('',(16.51,2.6035,1.016));
#7972=DIRECTION('',(0.868243142124459,-0.496138938356834,0.0));
#7973=DIRECTION('',(0.496138938356834,0.868243142124459,0.0));
#7974=SURFACE_STYLE_FILL_AREA(#10359);
#7975=ORIENTED_EDGE('',*,*,#10360,.F.);
#7976=ORIENTED_EDGE('',*,*,#10346,.F.);
#7977=ORIENTED_EDGE('',*,*,#10335,.F.);
#7978=ORIENTED_EDGE('',*,*,#10361,.T.);
#7979=CARTESIAN_POINT('',(16.002,1.905,1.016));
#7980=DIRECTION('',(1.0,0.0,0.0));
#7981=DIRECTION('',(0.0,1.0,0.0));
#7982=SURFACE_STYLE_FILL_AREA(#10362);
#7983=ORIENTED_EDGE('',*,*,#10363,.F.);
#7984=ORIENTED_EDGE('',*,*,#10361,.F.);
#7985=ORIENTED_EDGE('',*,*,#10334,.F.);
#7986=ORIENTED_EDGE('',*,*,#10338,.F.);
#7987=ORIENTED_EDGE('',*,*,#10351,.F.);
#7988=ORIENTED_EDGE('',*,*,#10364,.T.);
#7989=CARTESIAN_POINT('',(16.383,1.651,1.016));
#7990=DIRECTION('',(0.0,1.0,0.0));
#7991=DIRECTION('',(-1.0,0.0,0.0));
#7992=SURFACE_STYLE_FILL_AREA(#10365);
#7993=ORIENTED_EDGE('',*,*,#10366,.F.);
#7994=ORIENTED_EDGE('',*,*,#10364,.F.);
#7995=ORIENTED_EDGE('',*,*,#10350,.F.);
#7996=ORIENTED_EDGE('',*,*,#10367,.T.);
#7997=CARTESIAN_POINT('',(16.764,-0.635,1.016));
#7998=DIRECTION('',(1.0,0.0,0.0));
#7999=DIRECTION('',(0.0,1.0,0.0));
#8000=SURFACE_STYLE_FILL_AREA(#10368);
#8001=ORIENTED_EDGE('',*,*,#10369,.F.);
#8002=ORIENTED_EDGE('',*,*,#10367,.F.);
#8003=ORIENTED_EDGE('',*,*,#10349,.F.);
#8004=ORIENTED_EDGE('',*,*,#10339,.F.);
#8005=ORIENTED_EDGE('',*,*,#10332,.F.);
#8006=ORIENTED_EDGE('',*,*,#10296,.T.);
#8007=CARTESIAN_POINT('',(16.4465,-2.921,1.016));
#8008=DIRECTION('',(0.0,-1.0,0.0));
#8009=DIRECTION('',(1.0,0.0,0.0));
#8010=SURFACE_STYLE_FILL_AREA(#10370);
#8011=ORIENTED_EDGE('',*,*,#10344,.T.);
#8012=ORIENTED_EDGE('',*,*,#10358,.T.);
#8013=ORIENTED_EDGE('',*,*,#10354,.T.);
#8014=ORIENTED_EDGE('',*,*,#10322,.T.);
#8015=CARTESIAN_POINT('',(15.24,0.265581521685628,1.016));
#8016=DIRECTION('',(0.0,0.0,1.0));
#8017=DIRECTION('',(1.0,0.0,0.0));
#8018=SURFACE_STYLE_FILL_AREA(#10371);
#8019=ORIENTED_EDGE('',*,*,#10372,.F.);
#8020=ORIENTED_EDGE('',*,*,#10373,.F.);
#8021=ORIENTED_EDGE('',*,*,#10374,.F.);
#8022=ORIENTED_EDGE('',*,*,#10375,.T.);
#8023=CARTESIAN_POINT('',(11.43,-4.15884288179062,1.016));
#8024=DIRECTION('',(0.0,0.0,1.0));
#8025=DIRECTION('',(1.0,0.0,0.0));
#8026=SURFACE_STYLE_FILL_AREA(#10376);
#8027=ORIENTED_EDGE('',*,*,#10377,.F.);
#8028=ORIENTED_EDGE('',*,*,#10375,.F.);
#8029=ORIENTED_EDGE('',*,*,#10378,.F.);
#8030=ORIENTED_EDGE('',*,*,#10379,.F.);
#8031=ORIENTED_EDGE('',*,*,#10380,.F.);
#8032=ORIENTED_EDGE('',*,*,#10381,.T.);
#8033=CARTESIAN_POINT('',(10.2235,-2.921,1.016));
#8034=DIRECTION('',(0.0,-1.0,0.0));
#8035=DIRECTION('',(1.0,0.0,0.0));
#8036=SURFACE_STYLE_FILL_AREA(#10382);
#8037=ORIENTED_EDGE('',*,*,#10383,.F.);
#8038=ORIENTED_EDGE('',*,*,#10381,.F.);
#8039=ORIENTED_EDGE('',*,*,#10384,.F.);
#8040=ORIENTED_EDGE('',*,*,#10385,.T.);
#8041=CARTESIAN_POINT('',(9.906,-0.635,1.016));
#8042=DIRECTION('',(-1.0,0.0,0.0));
#8043=DIRECTION('',(0.0,-1.0,0.0));
#8044=SURFACE_STYLE_FILL_AREA(#10386);
#8045=ORIENTED_EDGE('',*,*,#10387,.F.);
#8046=ORIENTED_EDGE('',*,*,#10385,.F.);
#8047=ORIENTED_EDGE('',*,*,#10388,.F.);
#8048=ORIENTED_EDGE('',*,*,#10389,.F.);
#8049=ORIENTED_EDGE('',*,*,#10390,.F.);
#8050=ORIENTED_EDGE('',*,*,#10391,.T.);
#8051=CARTESIAN_POINT('',(10.287,1.651,1.016));
#8052=DIRECTION('',(0.0,1.0,0.0));
#8053=DIRECTION('',(-1.0,0.0,0.0));
#8054=SURFACE_STYLE_FILL_AREA(#10392);
#8055=ORIENTED_EDGE('',*,*,#10393,.F.);
#8056=ORIENTED_EDGE('',*,*,#10391,.F.);
#8057=ORIENTED_EDGE('',*,*,#10394,.F.);
#8058=ORIENTED_EDGE('',*,*,#10395,.T.);
#8059=CARTESIAN_POINT('',(10.668,1.905,1.016));
#8060=DIRECTION('',(-1.0,0.0,0.0));
#8061=DIRECTION('',(0.0,-1.0,0.0));
#8062=SURFACE_STYLE_FILL_AREA(#10396);
#8063=ORIENTED_EDGE('',*,*,#10397,.F.);
#8064=ORIENTED_EDGE('',*,*,#10398,.F.);
#8065=ORIENTED_EDGE('',*,*,#10399,.F.);
#8066=ORIENTED_EDGE('',*,*,#10400,.T.);
#8067=CARTESIAN_POINT('',(10.16,2.6035,1.016));
#8068=DIRECTION('',(-0.868243142124459,-0.496138938356834,0.0));
#8069=DIRECTION('',(0.496138938356834,-0.868243142124459,0.0));
#8070=SURFACE_STYLE_FILL_AREA(#10401);
#8071=ORIENTED_EDGE('',*,*,#8966,.T.);
#8072=ORIENTED_EDGE('',*,*,#10402,.T.);
#8073=ORIENTED_EDGE('',*,*,#8968,.T.);
#8074=ORIENTED_EDGE('',*,*,#10403,.F.);
#8075=CARTESIAN_POINT('',(11.43,-0.635,0.0875));
#8076=DIRECTION('',(0.0,-6.12323399573676E-17,-1.0));
#8077=DIRECTION('',(1.0,0.0,0.0));
#8078=SURFACE_STYLE_FILL_AREA(#10404);
#8079=ORIENTED_EDGE('',*,*,#9516,.T.);
#8080=ORIENTED_EDGE('',*,*,#9512,.T.);
#8081=ORIENTED_EDGE('',*,*,#9507,.T.);
#8082=ORIENTED_EDGE('',*,*,#9557,.T.);
#8083=ORIENTED_EDGE('',*,*,#10403,.T.);
#8084=ORIENTED_EDGE('',*,*,#8967,.T.);
#8085=CARTESIAN_POINT('',(11.43,-0.635,3.175));
#8086=DIRECTION('',(0.0,6.12323399573676E-17,1.0));
#8087=DIRECTION('',(-1.0,0.0,0.0));
#8088=SURFACE_STYLE_FILL_AREA(#10405);
#8089=ORIENTED_EDGE('',*,*,#10389,.T.);
#8090=ORIENTED_EDGE('',*,*,#10406,.T.);
#8091=ORIENTED_EDGE('',*,*,#10379,.T.);
#8092=ORIENTED_EDGE('',*,*,#10407,.T.);
#8093=CARTESIAN_POINT('',(10.414,-0.441,1.159));
#8094=DIRECTION('',(1.0,0.0,0.0));
#8095=DIRECTION('',(0.0,1.0,-6.12323399573676E-17));
#8096=SURFACE_STYLE_FILL_AREA(#10408);
#8097=ORIENTED_EDGE('',*,*,#8969,.F.);
#8098=ORIENTED_EDGE('',*,*,#10402,.F.);
#8099=ORIENTED_EDGE('',*,*,#10394,.T.);
#8100=ORIENTED_EDGE('',*,*,#10390,.T.);
#8101=ORIENTED_EDGE('',*,*,#10407,.F.);
#8102=ORIENTED_EDGE('',*,*,#10378,.T.);
#8103=ORIENTED_EDGE('',*,*,#10374,.T.);
#8104=ORIENTED_EDGE('',*,*,#10409,.T.);
#8105=ORIENTED_EDGE('',*,*,#10410,.T.);
#8106=ORIENTED_EDGE('',*,*,#10411,.T.);
#8107=ORIENTED_EDGE('',*,*,#10412,.T.);
#8108=ORIENTED_EDGE('',*,*,#10413,.F.);
#8109=CARTESIAN_POINT('',(11.43,-0.441,2.159));
#8110=DIRECTION('',(0.0,-6.12323399573676E-17,-1.0));
#8111=DIRECTION('',(0.0,1.0,-6.12323399573676E-17));
#8112=SURFACE_STYLE_FILL_AREA(#10414);
#8113=ORIENTED_EDGE('',*,*,#10415,.T.);
#8114=ORIENTED_EDGE('',*,*,#10410,.F.);
#8115=ORIENTED_EDGE('',*,*,#10416,.T.);
#8116=ORIENTED_EDGE('',*,*,#10417,.T.);
#8117=CARTESIAN_POINT('',(12.446,-0.441,1.159));
#8118=DIRECTION('',(-1.0,0.0,0.0));
#8119=DIRECTION('',(0.0,-1.0,6.12323399573676E-17));
#8120=SURFACE_STYLE_FILL_AREA(#10418);
#8121=ORIENTED_EDGE('',*,*,#10419,.F.);
#8122=ORIENTED_EDGE('',*,*,#10420,.F.);
#8123=ORIENTED_EDGE('',*,*,#10421,.F.);
#8124=ORIENTED_EDGE('',*,*,#10398,.T.);
#8125=ORIENTED_EDGE('',*,*,#10422,.F.);
#8126=ORIENTED_EDGE('',*,*,#10395,.F.);
#8127=ORIENTED_EDGE('',*,*,#10413,.T.);
#8128=ORIENTED_EDGE('',*,*,#10423,.T.);
#8129=CARTESIAN_POINT('',(10.541,2.159,1.016));
#8130=DIRECTION('',(0.0,-1.0,0.0));
#8131=DIRECTION('',(1.0,0.0,0.0));
#8132=SURFACE_STYLE_FILL_AREA(#10424);
#8133=ORIENTED_EDGE('',*,*,#10406,.F.);
#8134=ORIENTED_EDGE('',*,*,#10388,.T.);
#8135=ORIENTED_EDGE('',*,*,#10384,.T.);
#8136=ORIENTED_EDGE('',*,*,#10380,.T.);
#8137=CARTESIAN_POINT('',(11.43,0.265581521685628,1.016));
#8138=DIRECTION('',(0.0,0.0,1.0));
#8139=DIRECTION('',(1.0,0.0,0.0));
#8140=SURFACE_STYLE_FILL_AREA(#10425);
#8141=ORIENTED_EDGE('',*,*,#10417,.F.);
#8142=ORIENTED_EDGE('',*,*,#10426,.T.);
#8143=ORIENTED_EDGE('',*,*,#10427,.T.);
#8144=ORIENTED_EDGE('',*,*,#10428,.T.);
#8145=CARTESIAN_POINT('',(11.43,0.265581521685628,1.016));
#8146=DIRECTION('',(0.0,0.0,1.0));
#8147=DIRECTION('',(1.0,0.0,0.0));
#8148=SURFACE_STYLE_FILL_AREA(#10429);
#8149=ORIENTED_EDGE('',*,*,#10430,.F.);
#8150=ORIENTED_EDGE('',*,*,#10400,.F.);
#8151=ORIENTED_EDGE('',*,*,#10431,.F.);
#8152=ORIENTED_EDGE('',*,*,#10432,.T.);
#8153=CARTESIAN_POINT('',(11.43,3.048,1.016));
#8154=DIRECTION('',(0.0,1.0,0.0));
#8155=DIRECTION('',(-1.0,0.0,0.0));
#8156=SURFACE_STYLE_FILL_AREA(#10433);
#8157=ORIENTED_EDGE('',*,*,#10434,.F.);
#8158=ORIENTED_EDGE('',*,*,#10432,.F.);
#8159=ORIENTED_EDGE('',*,*,#10435,.F.);
#8160=ORIENTED_EDGE('',*,*,#10420,.T.);
#8161=CARTESIAN_POINT('',(12.7,2.6035,1.016));
#8162=DIRECTION('',(0.868243142124459,-0.496138938356834,0.0));
#8163=DIRECTION('',(0.496138938356834,0.868243142124459,0.0));
#8164=SURFACE_STYLE_FILL_AREA(#10436);
#8165=ORIENTED_EDGE('',*,*,#10437,.F.);
#8166=ORIENTED_EDGE('',*,*,#10423,.F.);
#8167=ORIENTED_EDGE('',*,*,#10412,.F.);
#8168=ORIENTED_EDGE('',*,*,#10438,.T.);
#8169=CARTESIAN_POINT('',(12.192,1.905,1.016));
#8170=DIRECTION('',(1.0,0.0,0.0));
#8171=DIRECTION('',(0.0,1.0,0.0));
#8172=SURFACE_STYLE_FILL_AREA(#10439);
#8173=ORIENTED_EDGE('',*,*,#10440,.F.);
#8174=ORIENTED_EDGE('',*,*,#10438,.F.);
#8175=ORIENTED_EDGE('',*,*,#10411,.F.);
#8176=ORIENTED_EDGE('',*,*,#10415,.F.);
#8177=ORIENTED_EDGE('',*,*,#10428,.F.);
#8178=ORIENTED_EDGE('',*,*,#10441,.T.);
#8179=CARTESIAN_POINT('',(12.573,1.651,1.016));
#8180=DIRECTION('',(0.0,1.0,0.0));
#8181=DIRECTION('',(-1.0,0.0,0.0));
#8182=SURFACE_STYLE_FILL_AREA(#10442);
#8183=ORIENTED_EDGE('',*,*,#10443,.F.);
#8184=ORIENTED_EDGE('',*,*,#10441,.F.);
#8185=ORIENTED_EDGE('',*,*,#10427,.F.);
#8186=ORIENTED_EDGE('',*,*,#10444,.T.);
#8187=CARTESIAN_POINT('',(12.954,-0.635,1.016));
#8188=DIRECTION('',(1.0,0.0,0.0));
#8189=DIRECTION('',(0.0,1.0,0.0));
#8190=SURFACE_STYLE_FILL_AREA(#10445);
#8191=ORIENTED_EDGE('',*,*,#10446,.F.);
#8192=ORIENTED_EDGE('',*,*,#10444,.F.);
#8193=ORIENTED_EDGE('',*,*,#10426,.F.);
#8194=ORIENTED_EDGE('',*,*,#10416,.F.);
#8195=ORIENTED_EDGE('',*,*,#10409,.F.);
#8196=ORIENTED_EDGE('',*,*,#10373,.T.);
#8197=CARTESIAN_POINT('',(12.6365,-2.921,1.016));
#8198=DIRECTION('',(0.0,-1.0,0.0));
#8199=DIRECTION('',(1.0,0.0,0.0));
#8200=SURFACE_STYLE_FILL_AREA(#10447);
#8201=ORIENTED_EDGE('',*,*,#10421,.T.);
#8202=ORIENTED_EDGE('',*,*,#10435,.T.);
#8203=ORIENTED_EDGE('',*,*,#10431,.T.);
#8204=ORIENTED_EDGE('',*,*,#10399,.T.);
#8205=CARTESIAN_POINT('',(11.43,0.265581521685628,1.016));
#8206=DIRECTION('',(0.0,0.0,1.0));
#8207=DIRECTION('',(1.0,0.0,0.0));
#8208=SURFACE_STYLE_FILL_AREA(#10448);
#8209=ORIENTED_EDGE('',*,*,#10449,.F.);
#8210=ORIENTED_EDGE('',*,*,#10450,.F.);
#8211=ORIENTED_EDGE('',*,*,#10451,.F.);
#8212=ORIENTED_EDGE('',*,*,#10452,.T.);
#8213=CARTESIAN_POINT('',(7.62,-4.15884288179062,1.016));
#8214=DIRECTION('',(0.0,0.0,1.0));
#8215=DIRECTION('',(1.0,0.0,0.0));
#8216=SURFACE_STYLE_FILL_AREA(#10453);
#8217=ORIENTED_EDGE('',*,*,#10454,.F.);
#8218=ORIENTED_EDGE('',*,*,#10452,.F.);
#8219=ORIENTED_EDGE('',*,*,#10455,.F.);
#8220=ORIENTED_EDGE('',*,*,#10456,.F.);
#8221=ORIENTED_EDGE('',*,*,#10457,.F.);
#8222=ORIENTED_EDGE('',*,*,#10458,.T.);
#8223=CARTESIAN_POINT('',(6.4135,-2.921,1.016));
#8224=DIRECTION('',(0.0,-1.0,0.0));
#8225=DIRECTION('',(1.0,0.0,0.0));
#8226=SURFACE_STYLE_FILL_AREA(#10459);
#8227=ORIENTED_EDGE('',*,*,#10460,.F.);
#8228=ORIENTED_EDGE('',*,*,#10458,.F.);
#8229=ORIENTED_EDGE('',*,*,#10461,.F.);
#8230=ORIENTED_EDGE('',*,*,#10462,.T.);
#8231=CARTESIAN_POINT('',(6.096,-0.635,1.016));
#8232=DIRECTION('',(-1.0,0.0,0.0));
#8233=DIRECTION('',(0.0,-1.0,0.0));
#8234=SURFACE_STYLE_FILL_AREA(#10463);
#8235=ORIENTED_EDGE('',*,*,#10464,.F.);
#8236=ORIENTED_EDGE('',*,*,#10462,.F.);
#8237=ORIENTED_EDGE('',*,*,#10465,.F.);
#8238=ORIENTED_EDGE('',*,*,#10466,.F.);
#8239=ORIENTED_EDGE('',*,*,#10467,.F.);
#8240=ORIENTED_EDGE('',*,*,#10468,.T.);
#8241=CARTESIAN_POINT('',(6.477,1.651,1.016));
#8242=DIRECTION('',(0.0,1.0,0.0));
#8243=DIRECTION('',(-1.0,0.0,0.0));
#8244=SURFACE_STYLE_FILL_AREA(#10469);
#8245=ORIENTED_EDGE('',*,*,#10470,.F.);
#8246=ORIENTED_EDGE('',*,*,#10468,.F.);
#8247=ORIENTED_EDGE('',*,*,#10471,.F.);
#8248=ORIENTED_EDGE('',*,*,#10472,.T.);
#8249=CARTESIAN_POINT('',(6.858,1.905,1.016));
#8250=DIRECTION('',(-1.0,0.0,0.0));
#8251=DIRECTION('',(0.0,-1.0,0.0));
#8252=SURFACE_STYLE_FILL_AREA(#10473);
#8253=ORIENTED_EDGE('',*,*,#10474,.F.);
#8254=ORIENTED_EDGE('',*,*,#10475,.F.);
#8255=ORIENTED_EDGE('',*,*,#10476,.F.);
#8256=ORIENTED_EDGE('',*,*,#10477,.T.);
#8257=CARTESIAN_POINT('',(6.35,2.6035,1.016));
#8258=DIRECTION('',(-0.868243142124459,-0.496138938356834,0.0));
#8259=DIRECTION('',(0.496138938356834,-0.868243142124459,0.0));
#8260=SURFACE_STYLE_FILL_AREA(#10478);
#8261=ORIENTED_EDGE('',*,*,#8961,.T.);
#8262=ORIENTED_EDGE('',*,*,#10479,.T.);
#8263=ORIENTED_EDGE('',*,*,#8963,.T.);
#8264=ORIENTED_EDGE('',*,*,#10480,.F.);
#8265=CARTESIAN_POINT('',(7.62,-0.635,0.0875));
#8266=DIRECTION('',(0.0,-6.12323399573676E-17,-1.0));
#8267=DIRECTION('',(1.0,0.0,0.0));
#8268=SURFACE_STYLE_FILL_AREA(#10481);
#8269=ORIENTED_EDGE('',*,*,#9577,.T.);
#8270=ORIENTED_EDGE('',*,*,#9573,.T.);
#8271=ORIENTED_EDGE('',*,*,#9568,.T.);
#8272=ORIENTED_EDGE('',*,*,#9618,.T.);
#8273=ORIENTED_EDGE('',*,*,#10480,.T.);
#8274=ORIENTED_EDGE('',*,*,#8962,.T.);
#8275=CARTESIAN_POINT('',(7.62,-0.635,3.175));
#8276=DIRECTION('',(0.0,6.12323399573676E-17,1.0));
#8277=DIRECTION('',(-1.0,0.0,0.0));
#8278=SURFACE_STYLE_FILL_AREA(#10482);
#8279=ORIENTED_EDGE('',*,*,#10466,.T.);
#8280=ORIENTED_EDGE('',*,*,#10483,.T.);
#8281=ORIENTED_EDGE('',*,*,#10456,.T.);
#8282=ORIENTED_EDGE('',*,*,#10484,.T.);
#8283=CARTESIAN_POINT('',(6.604,-0.441,1.159));
#8284=DIRECTION('',(1.0,0.0,0.0));
#8285=DIRECTION('',(0.0,1.0,-6.12323399573676E-17));
#8286=SURFACE_STYLE_FILL_AREA(#10485);
#8287=ORIENTED_EDGE('',*,*,#8964,.F.);
#8288=ORIENTED_EDGE('',*,*,#10479,.F.);
#8289=ORIENTED_EDGE('',*,*,#10471,.T.);
#8290=ORIENTED_EDGE('',*,*,#10467,.T.);
#8291=ORIENTED_EDGE('',*,*,#10484,.F.);
#8292=ORIENTED_EDGE('',*,*,#10455,.T.);
#8293=ORIENTED_EDGE('',*,*,#10451,.T.);
#8294=ORIENTED_EDGE('',*,*,#10486,.T.);
#8295=ORIENTED_EDGE('',*,*,#10487,.T.);
#8296=ORIENTED_EDGE('',*,*,#10488,.T.);
#8297=ORIENTED_EDGE('',*,*,#10489,.T.);
#8298=ORIENTED_EDGE('',*,*,#10490,.F.);
#8299=CARTESIAN_POINT('',(7.62,-0.441,2.159));
#8300=DIRECTION('',(0.0,-6.12323399573676E-17,-1.0));
#8301=DIRECTION('',(0.0,1.0,-6.12323399573676E-17));
#8302=SURFACE_STYLE_FILL_AREA(#10491);
#8303=ORIENTED_EDGE('',*,*,#10492,.T.);
#8304=ORIENTED_EDGE('',*,*,#10487,.F.);
#8305=ORIENTED_EDGE('',*,*,#10493,.T.);
#8306=ORIENTED_EDGE('',*,*,#10494,.T.);
#8307=CARTESIAN_POINT('',(8.636,-0.441,1.159));
#8308=DIRECTION('',(-1.0,0.0,0.0));
#8309=DIRECTION('',(0.0,-1.0,6.12323399573676E-17));
#8310=SURFACE_STYLE_FILL_AREA(#10495);
#8311=ORIENTED_EDGE('',*,*,#10496,.F.);
#8312=ORIENTED_EDGE('',*,*,#10497,.F.);
#8313=ORIENTED_EDGE('',*,*,#10498,.F.);
#8314=ORIENTED_EDGE('',*,*,#10475,.T.);
#8315=ORIENTED_EDGE('',*,*,#10499,.F.);
#8316=ORIENTED_EDGE('',*,*,#10472,.F.);
#8317=ORIENTED_EDGE('',*,*,#10490,.T.);
#8318=ORIENTED_EDGE('',*,*,#10500,.T.);
#8319=CARTESIAN_POINT('',(6.731,2.159,1.016));
#8320=DIRECTION('',(0.0,-1.0,0.0));
#8321=DIRECTION('',(1.0,0.0,0.0));
#8322=SURFACE_STYLE_FILL_AREA(#10501);
#8323=ORIENTED_EDGE('',*,*,#10483,.F.);
#8324=ORIENTED_EDGE('',*,*,#10465,.T.);
#8325=ORIENTED_EDGE('',*,*,#10461,.T.);
#8326=ORIENTED_EDGE('',*,*,#10457,.T.);
#8327=CARTESIAN_POINT('',(7.62,0.265581521685628,1.016));
#8328=DIRECTION('',(0.0,0.0,1.0));
#8329=DIRECTION('',(1.0,0.0,0.0));
#8330=SURFACE_STYLE_FILL_AREA(#10502);
#8331=ORIENTED_EDGE('',*,*,#10494,.F.);
#8332=ORIENTED_EDGE('',*,*,#10503,.T.);
#8333=ORIENTED_EDGE('',*,*,#10504,.T.);
#8334=ORIENTED_EDGE('',*,*,#10505,.T.);
#8335=CARTESIAN_POINT('',(7.62,0.265581521685628,1.016));
#8336=DIRECTION('',(0.0,0.0,1.0));
#8337=DIRECTION('',(1.0,0.0,0.0));
#8338=SURFACE_STYLE_FILL_AREA(#10506);
#8339=ORIENTED_EDGE('',*,*,#10507,.F.);
#8340=ORIENTED_EDGE('',*,*,#10477,.F.);
#8341=ORIENTED_EDGE('',*,*,#10508,.F.);
#8342=ORIENTED_EDGE('',*,*,#10509,.T.);
#8343=CARTESIAN_POINT('',(7.62,3.048,1.016));
#8344=DIRECTION('',(0.0,1.0,0.0));
#8345=DIRECTION('',(-1.0,0.0,0.0));
#8346=SURFACE_STYLE_FILL_AREA(#10510);
#8347=ORIENTED_EDGE('',*,*,#10511,.F.);
#8348=ORIENTED_EDGE('',*,*,#10509,.F.);
#8349=ORIENTED_EDGE('',*,*,#10512,.F.);
#8350=ORIENTED_EDGE('',*,*,#10497,.T.);
#8351=CARTESIAN_POINT('',(8.89,2.6035,1.016));
#8352=DIRECTION('',(0.868243142124459,-0.496138938356834,0.0));
#8353=DIRECTION('',(0.496138938356834,0.868243142124459,0.0));
#8354=SURFACE_STYLE_FILL_AREA(#10513);
#8355=ORIENTED_EDGE('',*,*,#10514,.F.);
#8356=ORIENTED_EDGE('',*,*,#10500,.F.);
#8357=ORIENTED_EDGE('',*,*,#10489,.F.);
#8358=ORIENTED_EDGE('',*,*,#10515,.T.);
#8359=CARTESIAN_POINT('',(8.382,1.905,1.016));
#8360=DIRECTION('',(1.0,0.0,0.0));
#8361=DIRECTION('',(0.0,1.0,0.0));
#8362=SURFACE_STYLE_FILL_AREA(#10516);
#8363=ORIENTED_EDGE('',*,*,#10517,.F.);
#8364=ORIENTED_EDGE('',*,*,#10515,.F.);
#8365=ORIENTED_EDGE('',*,*,#10488,.F.);
#8366=ORIENTED_EDGE('',*,*,#10492,.F.);
#8367=ORIENTED_EDGE('',*,*,#10505,.F.);
#8368=ORIENTED_EDGE('',*,*,#10518,.T.);
#8369=CARTESIAN_POINT('',(8.763,1.651,1.016));
#8370=DIRECTION('',(0.0,1.0,0.0));
#8371=DIRECTION('',(-1.0,0.0,0.0));
#8372=SURFACE_STYLE_FILL_AREA(#10519);
#8373=ORIENTED_EDGE('',*,*,#10520,.F.);
#8374=ORIENTED_EDGE('',*,*,#10518,.F.);
#8375=ORIENTED_EDGE('',*,*,#10504,.F.);
#8376=ORIENTED_EDGE('',*,*,#10521,.T.);
#8377=CARTESIAN_POINT('',(9.144,-0.635,1.016));
#8378=DIRECTION('',(1.0,0.0,0.0));
#8379=DIRECTION('',(0.0,1.0,0.0));
#8380=SURFACE_STYLE_FILL_AREA(#10522);
#8381=ORIENTED_EDGE('',*,*,#10523,.F.);
#8382=ORIENTED_EDGE('',*,*,#10521,.F.);
#8383=ORIENTED_EDGE('',*,*,#10503,.F.);
#8384=ORIENTED_EDGE('',*,*,#10493,.F.);
#8385=ORIENTED_EDGE('',*,*,#10486,.F.);
#8386=ORIENTED_EDGE('',*,*,#10450,.T.);
#8387=CARTESIAN_POINT('',(8.8265,-2.921,1.016));
#8388=DIRECTION('',(0.0,-1.0,0.0));
#8389=DIRECTION('',(1.0,0.0,0.0));
#8390=SURFACE_STYLE_FILL_AREA(#10524);
#8391=ORIENTED_EDGE('',*,*,#10498,.T.);
#8392=ORIENTED_EDGE('',*,*,#10512,.T.);
#8393=ORIENTED_EDGE('',*,*,#10508,.T.);
#8394=ORIENTED_EDGE('',*,*,#10476,.T.);
#8395=CARTESIAN_POINT('',(7.62,0.265581521685628,1.016));
#8396=DIRECTION('',(0.0,0.0,1.0));
#8397=DIRECTION('',(1.0,0.0,0.0));
#8398=SURFACE_STYLE_FILL_AREA(#10525);
#8399=ORIENTED_EDGE('',*,*,#10526,.F.);
#8400=ORIENTED_EDGE('',*,*,#10527,.F.);
#8401=ORIENTED_EDGE('',*,*,#10528,.F.);
#8402=ORIENTED_EDGE('',*,*,#10529,.T.);
#8403=CARTESIAN_POINT('',(3.81,-4.15884288179062,1.016));
#8404=DIRECTION('',(0.0,0.0,1.0));
#8405=DIRECTION('',(1.0,0.0,0.0));
#8406=SURFACE_STYLE_FILL_AREA(#10530);
#8407=ORIENTED_EDGE('',*,*,#10531,.F.);
#8408=ORIENTED_EDGE('',*,*,#10529,.F.);
#8409=ORIENTED_EDGE('',*,*,#10532,.F.);
#8410=ORIENTED_EDGE('',*,*,#10533,.F.);
#8411=ORIENTED_EDGE('',*,*,#10534,.F.);
#8412=ORIENTED_EDGE('',*,*,#10535,.T.);
#8413=CARTESIAN_POINT('',(2.6035,-2.921,1.016));
#8414=DIRECTION('',(0.0,-1.0,0.0));
#8415=DIRECTION('',(1.0,0.0,0.0));
#8416=SURFACE_STYLE_FILL_AREA(#10536);
#8417=ORIENTED_EDGE('',*,*,#10537,.F.);
#8418=ORIENTED_EDGE('',*,*,#10535,.F.);
#8419=ORIENTED_EDGE('',*,*,#10538,.F.);
#8420=ORIENTED_EDGE('',*,*,#10539,.T.);
#8421=CARTESIAN_POINT('',(2.286,-0.635,1.016));
#8422=DIRECTION('',(-1.0,0.0,0.0));
#8423=DIRECTION('',(0.0,-1.0,0.0));
#8424=SURFACE_STYLE_FILL_AREA(#10540);
#8425=ORIENTED_EDGE('',*,*,#10541,.F.);
#8426=ORIENTED_EDGE('',*,*,#10539,.F.);
#8427=ORIENTED_EDGE('',*,*,#10542,.F.);
#8428=ORIENTED_EDGE('',*,*,#10543,.F.);
#8429=ORIENTED_EDGE('',*,*,#10544,.F.);
#8430=ORIENTED_EDGE('',*,*,#10545,.T.);
#8431=CARTESIAN_POINT('',(2.667,1.651,1.016));
#8432=DIRECTION('',(0.0,1.0,0.0));
#8433=DIRECTION('',(-1.0,0.0,0.0));
#8434=SURFACE_STYLE_FILL_AREA(#10546);
#8435=ORIENTED_EDGE('',*,*,#10547,.F.);
#8436=ORIENTED_EDGE('',*,*,#10545,.F.);
#8437=ORIENTED_EDGE('',*,*,#10548,.F.);
#8438=ORIENTED_EDGE('',*,*,#10549,.T.);
#8439=CARTESIAN_POINT('',(3.048,1.905,1.016));
#8440=DIRECTION('',(-1.0,0.0,0.0));
#8441=DIRECTION('',(0.0,-1.0,0.0));
#8442=SURFACE_STYLE_FILL_AREA(#10550);
#8443=ORIENTED_EDGE('',*,*,#10551,.F.);
#8444=ORIENTED_EDGE('',*,*,#10552,.F.);
#8445=ORIENTED_EDGE('',*,*,#10553,.F.);
#8446=ORIENTED_EDGE('',*,*,#10554,.T.);
#8447=CARTESIAN_POINT('',(2.54,2.6035,1.016));
#8448=DIRECTION('',(-0.868243142124459,-0.496138938356834,0.0));
#8449=DIRECTION('',(0.496138938356834,-0.868243142124459,0.0));
#8450=SURFACE_STYLE_FILL_AREA(#10555);
#8451=ORIENTED_EDGE('',*,*,#8956,.T.);
#8452=ORIENTED_EDGE('',*,*,#10556,.T.);
#8453=ORIENTED_EDGE('',*,*,#8958,.T.);
#8454=ORIENTED_EDGE('',*,*,#10557,.F.);
#8455=CARTESIAN_POINT('',(3.81,-0.635,0.0875));
#8456=DIRECTION('',(0.0,-6.12323399573676E-17,-1.0));
#8457=DIRECTION('',(1.0,0.0,0.0));
#8458=SURFACE_STYLE_FILL_AREA(#10558);
#8459=ORIENTED_EDGE('',*,*,#9638,.T.);
#8460=ORIENTED_EDGE('',*,*,#9634,.T.);
#8461=ORIENTED_EDGE('',*,*,#9629,.T.);
#8462=ORIENTED_EDGE('',*,*,#9679,.T.);
#8463=ORIENTED_EDGE('',*,*,#10557,.T.);
#8464=ORIENTED_EDGE('',*,*,#8957,.T.);
#8465=CARTESIAN_POINT('',(3.81,-0.635,3.175));
#8466=DIRECTION('',(0.0,6.12323399573676E-17,1.0));
#8467=DIRECTION('',(-1.0,0.0,0.0));
#8468=SURFACE_STYLE_FILL_AREA(#10559);
#8469=ORIENTED_EDGE('',*,*,#10543,.T.);
#8470=ORIENTED_EDGE('',*,*,#10560,.T.);
#8471=ORIENTED_EDGE('',*,*,#10533,.T.);
#8472=ORIENTED_EDGE('',*,*,#10561,.T.);
#8473=CARTESIAN_POINT('',(2.794,-0.441,1.159));
#8474=DIRECTION('',(1.0,0.0,0.0));
#8475=DIRECTION('',(0.0,1.0,-6.12323399573676E-17));
#8476=SURFACE_STYLE_FILL_AREA(#10562);
#8477=ORIENTED_EDGE('',*,*,#8959,.F.);
#8478=ORIENTED_EDGE('',*,*,#10556,.F.);
#8479=ORIENTED_EDGE('',*,*,#10548,.T.);
#8480=ORIENTED_EDGE('',*,*,#10544,.T.);
#8481=ORIENTED_EDGE('',*,*,#10561,.F.);
#8482=ORIENTED_EDGE('',*,*,#10532,.T.);
#8483=ORIENTED_EDGE('',*,*,#10528,.T.);
#8484=ORIENTED_EDGE('',*,*,#10563,.T.);
#8485=ORIENTED_EDGE('',*,*,#10564,.T.);
#8486=ORIENTED_EDGE('',*,*,#10565,.T.);
#8487=ORIENTED_EDGE('',*,*,#10566,.T.);
#8488=ORIENTED_EDGE('',*,*,#10567,.F.);
#8489=CARTESIAN_POINT('',(3.81,-0.441,2.159));
#8490=DIRECTION('',(0.0,-6.12323399573676E-17,-1.0));
#8491=DIRECTION('',(0.0,1.0,-6.12323399573676E-17));
#8492=SURFACE_STYLE_FILL_AREA(#10568);
#8493=ORIENTED_EDGE('',*,*,#10569,.T.);
#8494=ORIENTED_EDGE('',*,*,#10564,.F.);
#8495=ORIENTED_EDGE('',*,*,#10570,.T.);
#8496=ORIENTED_EDGE('',*,*,#10571,.T.);
#8497=CARTESIAN_POINT('',(4.826,-0.441,1.159));
#8498=DIRECTION('',(-1.0,0.0,0.0));
#8499=DIRECTION('',(0.0,-1.0,6.12323399573676E-17));
#8500=SURFACE_STYLE_FILL_AREA(#10572);
#8501=ORIENTED_EDGE('',*,*,#10573,.F.);
#8502=ORIENTED_EDGE('',*,*,#10574,.F.);
#8503=ORIENTED_EDGE('',*,*,#10575,.F.);
#8504=ORIENTED_EDGE('',*,*,#10552,.T.);
#8505=ORIENTED_EDGE('',*,*,#10576,.F.);
#8506=ORIENTED_EDGE('',*,*,#10549,.F.);
#8507=ORIENTED_EDGE('',*,*,#10567,.T.);
#8508=ORIENTED_EDGE('',*,*,#10577,.T.);
#8509=CARTESIAN_POINT('',(2.921,2.159,1.016));
#8510=DIRECTION('',(0.0,-1.0,0.0));
#8511=DIRECTION('',(1.0,0.0,0.0));
#8512=SURFACE_STYLE_FILL_AREA(#10578);
#8513=ORIENTED_EDGE('',*,*,#10560,.F.);
#8514=ORIENTED_EDGE('',*,*,#10542,.T.);
#8515=ORIENTED_EDGE('',*,*,#10538,.T.);
#8516=ORIENTED_EDGE('',*,*,#10534,.T.);
#8517=CARTESIAN_POINT('',(3.81,0.265581521685628,1.016));
#8518=DIRECTION('',(0.0,0.0,1.0));
#8519=DIRECTION('',(1.0,0.0,0.0));
#8520=SURFACE_STYLE_FILL_AREA(#10579);
#8521=ORIENTED_EDGE('',*,*,#10571,.F.);
#8522=ORIENTED_EDGE('',*,*,#10580,.T.);
#8523=ORIENTED_EDGE('',*,*,#10581,.T.);
#8524=ORIENTED_EDGE('',*,*,#10582,.T.);
#8525=CARTESIAN_POINT('',(3.81,0.265581521685628,1.016));
#8526=DIRECTION('',(0.0,0.0,1.0));
#8527=DIRECTION('',(1.0,0.0,0.0));
#8528=SURFACE_STYLE_FILL_AREA(#10583);
#8529=ORIENTED_EDGE('',*,*,#10584,.F.);
#8530=ORIENTED_EDGE('',*,*,#10554,.F.);
#8531=ORIENTED_EDGE('',*,*,#10585,.F.);
#8532=ORIENTED_EDGE('',*,*,#10586,.T.);
#8533=CARTESIAN_POINT('',(3.81,3.048,1.016));
#8534=DIRECTION('',(0.0,1.0,0.0));
#8535=DIRECTION('',(-1.0,0.0,0.0));
#8536=SURFACE_STYLE_FILL_AREA(#10587);
#8537=ORIENTED_EDGE('',*,*,#10588,.F.);
#8538=ORIENTED_EDGE('',*,*,#10586,.F.);
#8539=ORIENTED_EDGE('',*,*,#10589,.F.);
#8540=ORIENTED_EDGE('',*,*,#10574,.T.);
#8541=CARTESIAN_POINT('',(5.08,2.6035,1.016));
#8542=DIRECTION('',(0.868243142124459,-0.496138938356834,0.0));
#8543=DIRECTION('',(0.496138938356834,0.868243142124459,0.0));
#8544=SURFACE_STYLE_FILL_AREA(#10590);
#8545=ORIENTED_EDGE('',*,*,#10591,.F.);
#8546=ORIENTED_EDGE('',*,*,#10577,.F.);
#8547=ORIENTED_EDGE('',*,*,#10566,.F.);
#8548=ORIENTED_EDGE('',*,*,#10592,.T.);
#8549=CARTESIAN_POINT('',(4.572,1.905,1.016));
#8550=DIRECTION('',(1.0,0.0,0.0));
#8551=DIRECTION('',(0.0,1.0,0.0));
#8552=SURFACE_STYLE_FILL_AREA(#10593);
#8553=ORIENTED_EDGE('',*,*,#10594,.F.);
#8554=ORIENTED_EDGE('',*,*,#10592,.F.);
#8555=ORIENTED_EDGE('',*,*,#10565,.F.);
#8556=ORIENTED_EDGE('',*,*,#10569,.F.);
#8557=ORIENTED_EDGE('',*,*,#10582,.F.);
#8558=ORIENTED_EDGE('',*,*,#10595,.T.);
#8559=CARTESIAN_POINT('',(4.953,1.651,1.016));
#8560=DIRECTION('',(0.0,1.0,0.0));
#8561=DIRECTION('',(-1.0,0.0,0.0));
#8562=SURFACE_STYLE_FILL_AREA(#10596);
#8563=ORIENTED_EDGE('',*,*,#10597,.F.);
#8564=ORIENTED_EDGE('',*,*,#10595,.F.);
#8565=ORIENTED_EDGE('',*,*,#10581,.F.);
#8566=ORIENTED_EDGE('',*,*,#10598,.T.);
#8567=CARTESIAN_POINT('',(5.334,-0.635,1.016));
#8568=DIRECTION('',(1.0,0.0,0.0));
#8569=DIRECTION('',(0.0,1.0,0.0));
#8570=SURFACE_STYLE_FILL_AREA(#10599);
#8571=ORIENTED_EDGE('',*,*,#10600,.F.);
#8572=ORIENTED_EDGE('',*,*,#10598,.F.);
#8573=ORIENTED_EDGE('',*,*,#10580,.F.);
#8574=ORIENTED_EDGE('',*,*,#10570,.F.);
#8575=ORIENTED_EDGE('',*,*,#10563,.F.);
#8576=ORIENTED_EDGE('',*,*,#10527,.T.);
#8577=CARTESIAN_POINT('',(5.0165,-2.921,1.016));
#8578=DIRECTION('',(0.0,-1.0,0.0));
#8579=DIRECTION('',(1.0,0.0,0.0));
#8580=SURFACE_STYLE_FILL_AREA(#10601);
#8581=ORIENTED_EDGE('',*,*,#10575,.T.);
#8582=ORIENTED_EDGE('',*,*,#10589,.T.);
#8583=ORIENTED_EDGE('',*,*,#10585,.T.);
#8584=ORIENTED_EDGE('',*,*,#10553,.T.);
#8585=CARTESIAN_POINT('',(3.81,0.265581521685628,1.016));
#8586=DIRECTION('',(0.0,0.0,1.0));
#8587=DIRECTION('',(1.0,0.0,0.0));
#8588=SURFACE_STYLE_FILL_AREA(#10602);
#8589=ORIENTED_EDGE('',*,*,#10603,.F.);
#8590=ORIENTED_EDGE('',*,*,#10604,.F.);
#8591=ORIENTED_EDGE('',*,*,#10605,.F.);
#8592=ORIENTED_EDGE('',*,*,#10606,.T.);
#8593=CARTESIAN_POINT('',(0.0,-4.15884288179062,1.016));
#8594=DIRECTION('',(0.0,0.0,1.0));
#8595=DIRECTION('',(1.0,0.0,0.0));
#8596=SURFACE_STYLE_FILL_AREA(#10607);
#8597=ORIENTED_EDGE('',*,*,#10608,.F.);
#8598=ORIENTED_EDGE('',*,*,#10606,.F.);
#8599=ORIENTED_EDGE('',*,*,#10609,.F.);
#8600=ORIENTED_EDGE('',*,*,#10610,.F.);
#8601=ORIENTED_EDGE('',*,*,#10611,.F.);
#8602=ORIENTED_EDGE('',*,*,#10612,.T.);
#8603=CARTESIAN_POINT('',(-1.2065,-2.921,1.016));
#8604=DIRECTION('',(0.0,-1.0,0.0));
#8605=DIRECTION('',(1.0,0.0,0.0));
#8606=SURFACE_STYLE_FILL_AREA(#10613);
#8607=ORIENTED_EDGE('',*,*,#10614,.F.);
#8608=ORIENTED_EDGE('',*,*,#10612,.F.);
#8609=ORIENTED_EDGE('',*,*,#10615,.F.);
#8610=ORIENTED_EDGE('',*,*,#10616,.T.);
#8611=CARTESIAN_POINT('',(-1.524,-0.635,1.016));
#8612=DIRECTION('',(-1.0,0.0,0.0));
#8613=DIRECTION('',(0.0,-1.0,0.0));
#8614=SURFACE_STYLE_FILL_AREA(#10617);
#8615=ORIENTED_EDGE('',*,*,#10618,.F.);
#8616=ORIENTED_EDGE('',*,*,#10616,.F.);
#8617=ORIENTED_EDGE('',*,*,#10619,.F.);
#8618=ORIENTED_EDGE('',*,*,#10620,.F.);
#8619=ORIENTED_EDGE('',*,*,#10621,.F.);
#8620=ORIENTED_EDGE('',*,*,#10622,.T.);
#8621=CARTESIAN_POINT('',(-1.143,1.651,1.016));
#8622=DIRECTION('',(0.0,1.0,0.0));
#8623=DIRECTION('',(-1.0,0.0,0.0));
#8624=SURFACE_STYLE_FILL_AREA(#10623);
#8625=ORIENTED_EDGE('',*,*,#10624,.F.);
#8626=ORIENTED_EDGE('',*,*,#10622,.F.);
#8627=ORIENTED_EDGE('',*,*,#10625,.F.);
#8628=ORIENTED_EDGE('',*,*,#10626,.T.);
#8629=CARTESIAN_POINT('',(-0.762,1.905,1.016));
#8630=DIRECTION('',(-1.0,0.0,0.0));
#8631=DIRECTION('',(0.0,-1.0,0.0));
#8632=SURFACE_STYLE_FILL_AREA(#10627);
#8633=ORIENTED_EDGE('',*,*,#10628,.F.);
#8634=ORIENTED_EDGE('',*,*,#10629,.F.);
#8635=ORIENTED_EDGE('',*,*,#10630,.F.);
#8636=ORIENTED_EDGE('',*,*,#10631,.T.);
#8637=CARTESIAN_POINT('',(-1.27,2.6035,1.016));
#8638=DIRECTION('',(-0.868243142124459,-0.496138938356834,0.0));
#8639=DIRECTION('',(0.496138938356834,-0.868243142124459,0.0));
#8640=SURFACE_STYLE_FILL_AREA(#10632);
#8641=ORIENTED_EDGE('',*,*,#8951,.T.);
#8642=ORIENTED_EDGE('',*,*,#10633,.T.);
#8643=ORIENTED_EDGE('',*,*,#8953,.T.);
#8644=ORIENTED_EDGE('',*,*,#10634,.F.);
#8645=CARTESIAN_POINT('',(0.0,-0.635,0.0875));
#8646=DIRECTION('',(0.0,-6.12323399573676E-17,-1.0));
#8647=DIRECTION('',(1.0,0.0,0.0));
#8648=SURFACE_STYLE_FILL_AREA(#10635);
#8649=ORIENTED_EDGE('',*,*,#9699,.T.);
#8650=ORIENTED_EDGE('',*,*,#9695,.T.);
#8651=ORIENTED_EDGE('',*,*,#9690,.T.);
#8652=ORIENTED_EDGE('',*,*,#9740,.T.);
#8653=ORIENTED_EDGE('',*,*,#10634,.T.);
#8654=ORIENTED_EDGE('',*,*,#8952,.T.);
#8655=CARTESIAN_POINT('',(0.0,-0.635,3.175));
#8656=DIRECTION('',(0.0,6.12323399573676E-17,1.0));
#8657=DIRECTION('',(-1.0,0.0,0.0));
#8658=SURFACE_STYLE_FILL_AREA(#10636);
#8659=ORIENTED_EDGE('',*,*,#10620,.T.);
#8660=ORIENTED_EDGE('',*,*,#10637,.T.);
#8661=ORIENTED_EDGE('',*,*,#10610,.T.);
#8662=ORIENTED_EDGE('',*,*,#10638,.T.);
#8663=CARTESIAN_POINT('',(-1.016,-0.441,1.159));
#8664=DIRECTION('',(1.0,0.0,0.0));
#8665=DIRECTION('',(0.0,1.0,-6.12323399573676E-17));
#8666=SURFACE_STYLE_FILL_AREA(#10639);
#8667=ORIENTED_EDGE('',*,*,#8954,.F.);
#8668=ORIENTED_EDGE('',*,*,#10633,.F.);
#8669=ORIENTED_EDGE('',*,*,#10625,.T.);
#8670=ORIENTED_EDGE('',*,*,#10621,.T.);
#8671=ORIENTED_EDGE('',*,*,#10638,.F.);
#8672=ORIENTED_EDGE('',*,*,#10609,.T.);
#8673=ORIENTED_EDGE('',*,*,#10605,.T.);
#8674=ORIENTED_EDGE('',*,*,#10640,.T.);
#8675=ORIENTED_EDGE('',*,*,#10641,.T.);
#8676=ORIENTED_EDGE('',*,*,#10642,.T.);
#8677=ORIENTED_EDGE('',*,*,#10643,.T.);
#8678=ORIENTED_EDGE('',*,*,#10644,.F.);
#8679=CARTESIAN_POINT('',(0.0,-0.441,2.159));
#8680=DIRECTION('',(0.0,-6.12323399573676E-17,-1.0));
#8681=DIRECTION('',(0.0,1.0,-6.12323399573676E-17));
#8682=SURFACE_STYLE_FILL_AREA(#10645);
#8683=ORIENTED_EDGE('',*,*,#10646,.T.);
#8684=ORIENTED_EDGE('',*,*,#10641,.F.);
#8685=ORIENTED_EDGE('',*,*,#10647,.T.);
#8686=ORIENTED_EDGE('',*,*,#10648,.T.);
#8687=CARTESIAN_POINT('',(1.016,-0.441,1.159));
#8688=DIRECTION('',(-1.0,0.0,0.0));
#8689=DIRECTION('',(0.0,-1.0,6.12323399573676E-17));
#8690=SURFACE_STYLE_FILL_AREA(#10649);
#8691=ORIENTED_EDGE('',*,*,#10650,.F.);
#8692=ORIENTED_EDGE('',*,*,#10651,.F.);
#8693=ORIENTED_EDGE('',*,*,#10652,.F.);
#8694=ORIENTED_EDGE('',*,*,#10629,.T.);
#8695=ORIENTED_EDGE('',*,*,#10653,.F.);
#8696=ORIENTED_EDGE('',*,*,#10626,.F.);
#8697=ORIENTED_EDGE('',*,*,#10644,.T.);
#8698=ORIENTED_EDGE('',*,*,#10654,.T.);
#8699=CARTESIAN_POINT('',(-0.889,2.159,1.016));
#8700=DIRECTION('',(0.0,-1.0,0.0));
#8701=DIRECTION('',(1.0,0.0,0.0));
#8702=SURFACE_STYLE_FILL_AREA(#10655);
#8703=ORIENTED_EDGE('',*,*,#10637,.F.);
#8704=ORIENTED_EDGE('',*,*,#10619,.T.);
#8705=ORIENTED_EDGE('',*,*,#10615,.T.);
#8706=ORIENTED_EDGE('',*,*,#10611,.T.);
#8707=CARTESIAN_POINT('',(4.14961489602372E-16,0.265581521685628,1.016));
#8708=DIRECTION('',(0.0,0.0,1.0));
#8709=DIRECTION('',(1.0,0.0,0.0));
#8710=SURFACE_STYLE_FILL_AREA(#10656);
#8711=ORIENTED_EDGE('',*,*,#10648,.F.);
#8712=ORIENTED_EDGE('',*,*,#10657,.T.);
#8713=ORIENTED_EDGE('',*,*,#10658,.T.);
#8714=ORIENTED_EDGE('',*,*,#10659,.T.);
#8715=CARTESIAN_POINT('',(4.14961489602372E-16,0.265581521685628,1.016));
#8716=DIRECTION('',(0.0,0.0,1.0));
#8717=DIRECTION('',(1.0,0.0,0.0));
#8718=SURFACE_STYLE_FILL_AREA(#10660);
#8719=ORIENTED_EDGE('',*,*,#10661,.F.);
#8720=ORIENTED_EDGE('',*,*,#10631,.F.);
#8721=ORIENTED_EDGE('',*,*,#10662,.F.);
#8722=ORIENTED_EDGE('',*,*,#10663,.T.);
#8723=CARTESIAN_POINT('',(4.44089209850063E-16,3.048,1.016));
#8724=DIRECTION('',(0.0,1.0,0.0));
#8725=DIRECTION('',(-1.0,0.0,0.0));
#8726=SURFACE_STYLE_FILL_AREA(#10664);
#8727=ORIENTED_EDGE('',*,*,#10665,.F.);
#8728=ORIENTED_EDGE('',*,*,#10663,.F.);
#8729=ORIENTED_EDGE('',*,*,#10666,.F.);
#8730=ORIENTED_EDGE('',*,*,#10651,.T.);
#8731=CARTESIAN_POINT('',(1.27,2.6035,1.016));
#8732=DIRECTION('',(0.868243142124459,-0.496138938356834,0.0));
#8733=DIRECTION('',(0.496138938356834,0.868243142124459,0.0));
#8734=SURFACE_STYLE_FILL_AREA(#10667);
#8735=ORIENTED_EDGE('',*,*,#10668,.F.);
#8736=ORIENTED_EDGE('',*,*,#10654,.F.);
#8737=ORIENTED_EDGE('',*,*,#10643,.F.);
#8738=ORIENTED_EDGE('',*,*,#10669,.T.);
#8739=CARTESIAN_POINT('',(0.762,1.905,1.016));
#8740=DIRECTION('',(1.0,0.0,0.0));
#8741=DIRECTION('',(0.0,1.0,0.0));
#8742=SURFACE_STYLE_FILL_AREA(#10670);
#8743=ORIENTED_EDGE('',*,*,#10671,.F.);
#8744=ORIENTED_EDGE('',*,*,#10669,.F.);
#8745=ORIENTED_EDGE('',*,*,#10642,.F.);
#8746=ORIENTED_EDGE('',*,*,#10646,.F.);
#8747=ORIENTED_EDGE('',*,*,#10659,.F.);
#8748=ORIENTED_EDGE('',*,*,#10672,.T.);
#8749=CARTESIAN_POINT('',(1.143,1.651,1.016));
#8750=DIRECTION('',(0.0,1.0,0.0));
#8751=DIRECTION('',(-1.0,0.0,0.0));
#8752=SURFACE_STYLE_FILL_AREA(#10673);
#8753=ORIENTED_EDGE('',*,*,#10674,.F.);
#8754=ORIENTED_EDGE('',*,*,#10672,.F.);
#8755=ORIENTED_EDGE('',*,*,#10658,.F.);
#8756=ORIENTED_EDGE('',*,*,#10675,.T.);
#8757=CARTESIAN_POINT('',(1.524,-0.635,1.016));
#8758=DIRECTION('',(1.0,0.0,0.0));
#8759=DIRECTION('',(0.0,1.0,0.0));
#8760=SURFACE_STYLE_FILL_AREA(#10676);
#8761=ORIENTED_EDGE('',*,*,#10677,.F.);
#8762=ORIENTED_EDGE('',*,*,#10675,.F.);
#8763=ORIENTED_EDGE('',*,*,#10657,.F.);
#8764=ORIENTED_EDGE('',*,*,#10647,.F.);
#8765=ORIENTED_EDGE('',*,*,#10640,.F.);
#8766=ORIENTED_EDGE('',*,*,#10604,.T.);
#8767=CARTESIAN_POINT('',(1.2065,-2.921,1.016));
#8768=DIRECTION('',(0.0,-1.0,0.0));
#8769=DIRECTION('',(1.0,0.0,0.0));
#8770=SURFACE_STYLE_FILL_AREA(#10678);
#8771=ORIENTED_EDGE('',*,*,#10652,.T.);
#8772=ORIENTED_EDGE('',*,*,#10666,.T.);
#8773=ORIENTED_EDGE('',*,*,#10662,.T.);
#8774=ORIENTED_EDGE('',*,*,#10630,.T.);
#8775=CARTESIAN_POINT('',(4.14961489602372E-16,0.265581521685628,1.016));
#8776=DIRECTION('',(0.0,0.0,1.0));
#8777=DIRECTION('',(1.0,0.0,0.0));
#8778=SURFACE_STYLE_FILL_AREA(#10679);
#8779=ORIENTED_EDGE('',*,*,#10680,.T.);
#8780=ORIENTED_EDGE('',*,*,#9835,.T.);
#8781=ORIENTED_EDGE('',*,*,#10681,.T.);
#8782=ORIENTED_EDGE('',*,*,#10682,.T.);
#8783=CARTESIAN_POINT('',(17.145,3.429,4.572));
#8784=DIRECTION('',(0.0,-1.0,6.12323399573676E-17));
#8785=DIRECTION('',(1.0,0.0,0.0));
#8786=SURFACE_STYLE_FILL_AREA(#10683);
#8787=ORIENTED_EDGE('',*,*,#10684,.T.);
#8788=ORIENTED_EDGE('',*,*,#10681,.F.);
#8789=ORIENTED_EDGE('',*,*,#9834,.F.);
#8790=ORIENTED_EDGE('',*,*,#9120,.F.);
#8791=CARTESIAN_POINT('',(-2.6,2.79954258285085E-16,4.572));
#8792=DIRECTION('',(1.0,0.0,0.0));
#8793=DIRECTION('',(0.0,1.0,-6.12323399573676E-17));
#8794=SURFACE_STYLE_FILL_AREA(#10685);
#8795=ORIENTED_EDGE('',*,*,#9968,.T.);
#8796=ORIENTED_EDGE('',*,*,#9972,.T.);
#8797=ORIENTED_EDGE('',*,*,#9957,.T.);
#8798=ORIENTED_EDGE('',*,*,#9975,.T.);
#8799=ORIENTED_EDGE('',*,*,#9978,.T.);
#8800=ORIENTED_EDGE('',*,*,#9981,.T.);
#8801=ORIENTED_EDGE('',*,*,#9984,.T.);
#8802=ORIENTED_EDGE('',*,*,#9910,.T.);
#8803=ORIENTED_EDGE('',*,*,#9915,.T.);
#8804=ORIENTED_EDGE('',*,*,#9921,.T.);
#8805=ORIENTED_EDGE('',*,*,#9925,.T.);
#8806=ORIENTED_EDGE('',*,*,#9931,.T.);
#8807=ORIENTED_EDGE('',*,*,#9960,.T.);
#8808=ORIENTED_EDGE('',*,*,#9935,.T.);
#8809=ORIENTED_EDGE('',*,*,#10045,.T.);
#8810=ORIENTED_EDGE('',*,*,#10049,.T.);
#8811=ORIENTED_EDGE('',*,*,#10034,.T.);
#8812=ORIENTED_EDGE('',*,*,#10052,.T.);
#8813=ORIENTED_EDGE('',*,*,#10055,.T.);
#8814=ORIENTED_EDGE('',*,*,#10058,.T.);
#8815=ORIENTED_EDGE('',*,*,#10061,.T.);
#8816=ORIENTED_EDGE('',*,*,#9987,.T.);
#8817=ORIENTED_EDGE('',*,*,#9992,.T.);
#8818=ORIENTED_EDGE('',*,*,#9998,.T.);
#8819=ORIENTED_EDGE('',*,*,#10002,.T.);
#8820=ORIENTED_EDGE('',*,*,#10008,.T.);
#8821=ORIENTED_EDGE('',*,*,#10037,.T.);
#8822=ORIENTED_EDGE('',*,*,#10012,.T.);
#8823=ORIENTED_EDGE('',*,*,#10122,.T.);
#8824=ORIENTED_EDGE('',*,*,#10126,.T.);
#8825=ORIENTED_EDGE('',*,*,#10111,.T.);
#8826=ORIENTED_EDGE('',*,*,#10129,.T.);
#8827=ORIENTED_EDGE('',*,*,#10132,.T.);
#8828=ORIENTED_EDGE('',*,*,#10135,.T.);
#8829=ORIENTED_EDGE('',*,*,#10138,.T.);
#8830=ORIENTED_EDGE('',*,*,#10064,.T.);
#8831=ORIENTED_EDGE('',*,*,#10069,.T.);
#8832=ORIENTED_EDGE('',*,*,#10075,.T.);
#8833=ORIENTED_EDGE('',*,*,#10079,.T.);
#8834=ORIENTED_EDGE('',*,*,#10085,.T.);
#8835=ORIENTED_EDGE('',*,*,#10114,.T.);
#8836=ORIENTED_EDGE('',*,*,#10089,.T.);
#8837=ORIENTED_EDGE('',*,*,#10199,.T.);
#8838=ORIENTED_EDGE('',*,*,#10203,.T.);
#8839=ORIENTED_EDGE('',*,*,#10188,.T.);
#8840=ORIENTED_EDGE('',*,*,#10206,.T.);
#8841=ORIENTED_EDGE('',*,*,#10209,.T.);
#8842=ORIENTED_EDGE('',*,*,#10212,.T.);
#8843=ORIENTED_EDGE('',*,*,#10215,.T.);
#8844=ORIENTED_EDGE('',*,*,#10141,.T.);
#8845=ORIENTED_EDGE('',*,*,#10146,.T.);
#8846=ORIENTED_EDGE('',*,*,#10152,.T.);
#8847=ORIENTED_EDGE('',*,*,#10156,.T.);
#8848=ORIENTED_EDGE('',*,*,#10162,.T.);
#8849=ORIENTED_EDGE('',*,*,#10191,.T.);
#8850=ORIENTED_EDGE('',*,*,#10166,.T.);
#8851=ORIENTED_EDGE('',*,*,#10276,.T.);
#8852=ORIENTED_EDGE('',*,*,#10280,.T.);
#8853=ORIENTED_EDGE('',*,*,#10265,.T.);
#8854=ORIENTED_EDGE('',*,*,#10283,.T.);
#8855=ORIENTED_EDGE('',*,*,#10286,.T.);
#8856=ORIENTED_EDGE('',*,*,#10289,.T.);
#8857=ORIENTED_EDGE('',*,*,#10292,.T.);
#8858=ORIENTED_EDGE('',*,*,#10218,.T.);
#8859=ORIENTED_EDGE('',*,*,#10223,.T.);
#8860=ORIENTED_EDGE('',*,*,#10229,.T.);
#8861=ORIENTED_EDGE('',*,*,#10233,.T.);
#8862=ORIENTED_EDGE('',*,*,#10239,.T.);
#8863=ORIENTED_EDGE('',*,*,#10268,.T.);
#8864=ORIENTED_EDGE('',*,*,#10243,.T.);
#8865=ORIENTED_EDGE('',*,*,#10353,.T.);
#8866=ORIENTED_EDGE('',*,*,#10357,.T.);
#8867=ORIENTED_EDGE('',*,*,#10342,.T.);
#8868=ORIENTED_EDGE('',*,*,#10360,.T.);
#8869=ORIENTED_EDGE('',*,*,#10363,.T.);
#8870=ORIENTED_EDGE('',*,*,#10366,.T.);
#8871=ORIENTED_EDGE('',*,*,#10369,.T.);
#8872=ORIENTED_EDGE('',*,*,#10295,.T.);
#8873=ORIENTED_EDGE('',*,*,#10300,.T.);
#8874=ORIENTED_EDGE('',*,*,#10306,.T.);
#8875=ORIENTED_EDGE('',*,*,#10310,.T.);
#8876=ORIENTED_EDGE('',*,*,#10316,.T.);
#8877=ORIENTED_EDGE('',*,*,#10345,.T.);
#8878=ORIENTED_EDGE('',*,*,#10320,.T.);
#8879=ORIENTED_EDGE('',*,*,#10430,.T.);
#8880=ORIENTED_EDGE('',*,*,#10434,.T.);
#8881=ORIENTED_EDGE('',*,*,#10419,.T.);
#8882=ORIENTED_EDGE('',*,*,#10437,.T.);
#8883=ORIENTED_EDGE('',*,*,#10440,.T.);
#8884=ORIENTED_EDGE('',*,*,#10443,.T.);
#8885=ORIENTED_EDGE('',*,*,#10446,.T.);
#8886=ORIENTED_EDGE('',*,*,#10372,.T.);
#8887=ORIENTED_EDGE('',*,*,#10377,.T.);
#8888=ORIENTED_EDGE('',*,*,#10383,.T.);
#8889=ORIENTED_EDGE('',*,*,#10387,.T.);
#8890=ORIENTED_EDGE('',*,*,#10393,.T.);
#8891=ORIENTED_EDGE('',*,*,#10422,.T.);
#8892=ORIENTED_EDGE('',*,*,#10397,.T.);
#8893=ORIENTED_EDGE('',*,*,#10507,.T.);
#8894=ORIENTED_EDGE('',*,*,#10511,.T.);
#8895=ORIENTED_EDGE('',*,*,#10496,.T.);
#8896=ORIENTED_EDGE('',*,*,#10514,.T.);
#8897=ORIENTED_EDGE('',*,*,#10517,.T.);
#8898=ORIENTED_EDGE('',*,*,#10520,.T.);
#8899=ORIENTED_EDGE('',*,*,#10523,.T.);
#8900=ORIENTED_EDGE('',*,*,#10449,.T.);
#8901=ORIENTED_EDGE('',*,*,#10454,.T.);
#8902=ORIENTED_EDGE('',*,*,#10460,.T.);
#8903=ORIENTED_EDGE('',*,*,#10464,.T.);
#8904=ORIENTED_EDGE('',*,*,#10470,.T.);
#8905=ORIENTED_EDGE('',*,*,#10499,.T.);
#8906=ORIENTED_EDGE('',*,*,#10474,.T.);
#8907=ORIENTED_EDGE('',*,*,#10584,.T.);
#8908=ORIENTED_EDGE('',*,*,#10588,.T.);
#8909=ORIENTED_EDGE('',*,*,#10573,.T.);
#8910=ORIENTED_EDGE('',*,*,#10591,.T.);
#8911=ORIENTED_EDGE('',*,*,#10594,.T.);
#8912=ORIENTED_EDGE('',*,*,#10597,.T.);
#8913=ORIENTED_EDGE('',*,*,#10600,.T.);
#8914=ORIENTED_EDGE('',*,*,#10526,.T.);
#8915=ORIENTED_EDGE('',*,*,#10531,.T.);
#8916=ORIENTED_EDGE('',*,*,#10537,.T.);
#8917=ORIENTED_EDGE('',*,*,#10541,.T.);
#8918=ORIENTED_EDGE('',*,*,#10547,.T.);
#8919=ORIENTED_EDGE('',*,*,#10576,.T.);
#8920=ORIENTED_EDGE('',*,*,#10551,.T.);
#8921=ORIENTED_EDGE('',*,*,#10661,.T.);
#8922=ORIENTED_EDGE('',*,*,#10665,.T.);
#8923=ORIENTED_EDGE('',*,*,#10650,.T.);
#8924=ORIENTED_EDGE('',*,*,#10668,.T.);
#8925=ORIENTED_EDGE('',*,*,#10671,.T.);
#8926=ORIENTED_EDGE('',*,*,#10674,.T.);
#8927=ORIENTED_EDGE('',*,*,#10677,.T.);
#8928=ORIENTED_EDGE('',*,*,#10603,.T.);
#8929=ORIENTED_EDGE('',*,*,#10608,.T.);
#8930=ORIENTED_EDGE('',*,*,#10614,.T.);
#8931=ORIENTED_EDGE('',*,*,#10618,.T.);
#8932=ORIENTED_EDGE('',*,*,#10624,.T.);
#8933=ORIENTED_EDGE('',*,*,#10653,.T.);
#8934=ORIENTED_EDGE('',*,*,#10628,.T.);
#8935=ORIENTED_EDGE('',*,*,#10686,.T.);
#8936=ORIENTED_EDGE('',*,*,#10682,.F.);
#8937=ORIENTED_EDGE('',*,*,#10684,.F.);
#8938=ORIENTED_EDGE('',*,*,#9119,.F.);
#8939=CARTESIAN_POINT('',(17.145,5.5990851657017E-16,9.144));
#8940=DIRECTION('',(0.0,-6.12323399573676E-17,-1.0));
#8941=DIRECTION('',(0.0,1.0,-6.12323399573676E-17));
#8942=SURFACE_STYLE_FILL_AREA(#10687);
#8943=ORIENTED_EDGE('',*,*,#9836,.T.);
#8944=ORIENTED_EDGE('',*,*,#10680,.F.);
#8945=ORIENTED_EDGE('',*,*,#10686,.F.);
#8946=ORIENTED_EDGE('',*,*,#9118,.F.);
#8947=CARTESIAN_POINT('',(36.89,2.79954258285085E-16,4.572));
#8948=DIRECTION('',(-1.0,0.0,0.0));
#8949=DIRECTION('',(0.0,-1.0,6.12323399573676E-17));
#8950=FILL_AREA_STYLE('',(#10688));
#8951=EDGE_CURVE('',#10689,#10690,#10691,.T.);
#8952=EDGE_CURVE('',#10692,#10689,#10693,.T.);
#8953=EDGE_CURVE('',#10694,#10692,#10695,.T.);
#8954=EDGE_CURVE('',#10694,#10690,#10696,.T.);
#8955=FILL_AREA_STYLE('',(#10697));
#8956=EDGE_CURVE('',#10698,#10699,#10700,.T.);
#8957=EDGE_CURVE('',#10701,#10698,#10702,.T.);
#8958=EDGE_CURVE('',#10703,#10701,#10704,.T.);
#8959=EDGE_CURVE('',#10703,#10699,#10705,.T.);
#8960=FILL_AREA_STYLE('',(#10706));
#8961=EDGE_CURVE('',#10707,#10708,#10709,.T.);
#8962=EDGE_CURVE('',#10710,#10707,#10711,.T.);
#8963=EDGE_CURVE('',#10712,#10710,#10713,.T.);
#8964=EDGE_CURVE('',#10712,#10708,#10714,.T.);
#8965=FILL_AREA_STYLE('',(#10715));
#8966=EDGE_CURVE('',#10716,#10717,#10718,.T.);
#8967=EDGE_CURVE('',#10719,#10716,#10720,.T.);
#8968=EDGE_CURVE('',#10721,#10719,#10722,.T.);
#8969=EDGE_CURVE('',#10721,#10717,#10723,.T.);
#8970=FILL_AREA_STYLE('',(#10724));
#8971=EDGE_CURVE('',#10725,#10726,#10727,.T.);
#8972=EDGE_CURVE('',#10728,#10725,#10729,.T.);
#8973=EDGE_CURVE('',#10730,#10728,#10731,.T.);
#8974=EDGE_CURVE('',#10730,#10726,#10732,.T.);
#8975=FILL_AREA_STYLE('',(#10733));
#8976=EDGE_CURVE('',#10734,#10735,#10736,.T.);
#8977=EDGE_CURVE('',#10737,#10734,#10738,.T.);
#8978=EDGE_CURVE('',#10739,#10737,#10740,.T.);
#8979=EDGE_CURVE('',#10739,#10735,#10741,.T.);
#8980=FILL_AREA_STYLE('',(#10742));
#8981=EDGE_CURVE('',#10743,#10744,#10745,.T.);
#8982=EDGE_CURVE('',#10746,#10743,#10747,.T.);
#8983=EDGE_CURVE('',#10748,#10746,#10749,.T.);
#8984=EDGE_CURVE('',#10748,#10744,#10750,.T.);
#8985=FILL_AREA_STYLE('',(#10751));
#8986=EDGE_CURVE('',#10752,#10753,#10754,.T.);
#8987=EDGE_CURVE('',#10755,#10752,#10756,.T.);
#8988=EDGE_CURVE('',#10757,#10755,#10758,.T.);
#8989=EDGE_CURVE('',#10757,#10753,#10759,.T.);
#8990=FILL_AREA_STYLE('',(#10760));
#8991=EDGE_CURVE('',#10761,#10762,#10763,.T.);
#8992=EDGE_CURVE('',#10764,#10761,#10765,.T.);
#8993=EDGE_CURVE('',#10766,#10764,#10767,.T.);
#8994=EDGE_CURVE('',#10766,#10762,#10768,.T.);
#8995=FILL_AREA_STYLE('',(#10769));
#8996=EDGE_CURVE('',#10770,#10771,#10772,.T.);
#8997=EDGE_CURVE('',#10773,#10770,#10774,.T.);
#8998=EDGE_CURVE('',#10775,#10773,#10776,.T.);
#8999=EDGE_CURVE('',#10775,#10771,#10777,.T.);
#9000=FILL_AREA_STYLE('',(#10778));
#9001=EDGE_CURVE('',#10779,#10780,#10781,.T.);
#9002=EDGE_CURVE('',#10782,#10779,#10783,.T.);
#9003=EDGE_CURVE('',#10784,#10782,#10785,.T.);
#9004=EDGE_CURVE('',#10784,#10780,#10786,.T.);
#9005=FILL_AREA_STYLE('',(#10787));
#9006=EDGE_CURVE('',#10788,#10789,#10790,.T.);
#9007=EDGE_CURVE('',#10791,#10788,#10792,.T.);
#9008=EDGE_CURVE('',#10793,#10791,#10794,.T.);
#9009=EDGE_CURVE('',#10793,#10789,#10795,.T.);
#9010=FILL_AREA_STYLE('',(#10796));
#9011=EDGE_CURVE('',#10797,#10798,#10799,.T.);
#9012=EDGE_CURVE('',#10800,#10797,#10801,.T.);
#9013=EDGE_CURVE('',#10802,#10800,#10803,.T.);
#9014=EDGE_CURVE('',#10802,#10798,#10804,.T.);
#9015=FILL_AREA_STYLE('',(#10805));
#9016=EDGE_CURVE('',#10806,#10807,#10808,.T.);
#9017=EDGE_CURVE('',#10809,#10806,#10810,.T.);
#9018=EDGE_CURVE('',#10811,#10809,#10812,.T.);
#9019=EDGE_CURVE('',#10811,#10807,#10813,.T.);
#9020=FILL_AREA_STYLE('',(#10814));
#9021=EDGE_CURVE('',#10815,#10816,#10817,.T.);
#9022=EDGE_CURVE('',#10818,#10815,#10819,.T.);
#9023=EDGE_CURVE('',#10820,#10818,#10821,.T.);
#9024=EDGE_CURVE('',#10820,#10816,#10822,.T.);
#9025=FILL_AREA_STYLE('',(#10823));
#9026=EDGE_CURVE('',#10824,#10825,#10826,.T.);
#9027=EDGE_CURVE('',#10827,#10824,#10828,.T.);
#9028=EDGE_CURVE('',#10829,#10827,#10830,.T.);
#9029=EDGE_CURVE('',#10829,#10825,#10831,.T.);
#9030=FILL_AREA_STYLE('',(#10832));
#9031=EDGE_CURVE('',#10833,#10834,#10835,.T.);
#9032=EDGE_CURVE('',#10836,#10833,#10837,.T.);
#9033=EDGE_CURVE('',#10838,#10836,#10839,.T.);
#9034=EDGE_CURVE('',#10838,#10834,#10840,.T.);
#9035=FILL_AREA_STYLE('',(#10841));
#9036=EDGE_CURVE('',#10842,#10843,#10844,.T.);
#9037=EDGE_CURVE('',#10845,#10842,#10846,.T.);
#9038=EDGE_CURVE('',#10847,#10845,#10848,.T.);
#9039=EDGE_CURVE('',#10847,#10843,#10849,.T.);
#9040=FILL_AREA_STYLE('',(#10850));
#9041=EDGE_CURVE('',#10851,#10852,#10853,.T.);
#9042=EDGE_CURVE('',#10854,#10851,#10855,.T.);
#9043=EDGE_CURVE('',#10856,#10854,#10857,.T.);
#9044=EDGE_CURVE('',#10856,#10852,#10858,.T.);
#9045=FILL_AREA_STYLE('',(#10859));
#9046=EDGE_CURVE('',#10860,#10861,#10862,.T.);
#9047=EDGE_CURVE('',#10863,#10860,#10864,.T.);
#9048=EDGE_CURVE('',#10865,#10863,#10866,.T.);
#9049=EDGE_CURVE('',#10865,#10861,#10867,.T.);
#9050=FILL_AREA_STYLE('',(#10868));
#9051=EDGE_CURVE('',#10869,#10870,#10871,.T.);
#9052=EDGE_CURVE('',#10869,#10872,#10873,.T.);
#9053=EDGE_CURVE('',#10872,#10874,#10875,.T.);
#9054=EDGE_CURVE('',#10874,#10870,#10876,.T.);
#9055=FILL_AREA_STYLE('',(#10877));
#9056=EDGE_CURVE('',#10878,#10879,#10880,.T.);
#9057=EDGE_CURVE('',#10881,#10878,#10882,.T.);
#9058=EDGE_CURVE('',#10881,#10883,#10884,.T.);
#9059=EDGE_CURVE('',#10879,#10883,#10885,.T.);
#9060=FILL_AREA_STYLE('',(#10886));
#9061=EDGE_CURVE('',#10887,#10878,#10888,.T.);
#9062=EDGE_CURVE('',#10889,#10887,#10890,.T.);
#9063=EDGE_CURVE('',#10889,#10881,#10891,.T.);
#9064=FILL_AREA_STYLE('',(#10892));
#9065=EDGE_CURVE('',#10893,#10887,#10894,.T.);
#9066=EDGE_CURVE('',#10893,#10895,#10896,.T.);
#9067=EDGE_CURVE('',#10895,#10889,#10897,.T.);
#9068=FILL_AREA_STYLE('',(#10898));
#9069=EDGE_CURVE('',#10899,#10869,#10900,.T.);
#9070=EDGE_CURVE('',#10901,#10899,#10902,.T.);
#9071=EDGE_CURVE('',#10901,#10903,#10904,.T.);
#9072=EDGE_CURVE('',#10903,#10905,#10906,.T.);
#9073=EDGE_CURVE('',#10905,#10872,#10907,.T.);
#9074=FILL_AREA_STYLE('',(#10908));
#9075=EDGE_CURVE('',#10909,#10881,#10910,.T.);
#9076=EDGE_CURVE('',#10911,#10909,#10912,.T.);
#9077=EDGE_CURVE('',#10883,#10911,#10913,.T.);
#9078=FILL_AREA_STYLE('',(#10914));
#9079=EDGE_CURVE('',#10889,#10915,#10916,.T.);
#9080=EDGE_CURVE('',#10917,#10895,#10918,.T.);
#9081=EDGE_CURVE('',#10915,#10917,#10919,.T.);
#9082=FILL_AREA_STYLE('',(#10920));
#9083=EDGE_CURVE('',#10870,#10921,#10922,.T.);
#9084=EDGE_CURVE('',#10923,#10874,#10924,.T.);
#9085=EDGE_CURVE('',#10923,#10925,#10926,.T.);
#9086=EDGE_CURVE('',#10927,#10925,#10928,.T.);
#9087=EDGE_CURVE('',#10921,#10927,#10929,.T.);
#9088=FILL_AREA_STYLE('',(#10930));
#9089=EDGE_CURVE('',#10917,#10911,#10931,.T.);
#9090=EDGE_CURVE('',#10895,#10883,#10932,.T.);
#9091=FILL_AREA_STYLE('',(#10933));
#9092=EDGE_CURVE('',#10925,#10934,#10935,.T.);
#9093=EDGE_CURVE('',#10936,#10923,#10937,.T.);
#9094=EDGE_CURVE('',#10934,#10936,#10938,.T.);
#9095=FILL_AREA_STYLE('',(#10939));
#9096=EDGE_CURVE('',#10940,#10903,#10941,.T.);
#9097=EDGE_CURVE('',#10942,#10940,#10943,.T.);
#9098=EDGE_CURVE('',#10905,#10942,#10944,.T.);
#9099=FILL_AREA_STYLE('',(#10945));
#9100=EDGE_CURVE('',#10942,#10936,#10946,.T.);
#9101=EDGE_CURVE('',#10905,#10923,#10947,.T.);
#9102=FILL_AREA_STYLE('',(#10948));
#9103=EDGE_CURVE('',#10903,#10925,#10949,.T.);
#9104=EDGE_CURVE('',#10940,#10934,#10950,.T.);
#9105=FILL_AREA_STYLE('',(#10951));
#9106=FILL_AREA_STYLE('',(#10952));
#9107=FILL_AREA_STYLE('',(#10953));
#9108=EDGE_CURVE('',#10879,#10893,#10954,.T.);
#9109=FILL_AREA_STYLE('',(#10955));
#9110=EDGE_CURVE('',#10915,#10909,#10956,.T.);
#9111=FILL_AREA_STYLE('',(#10957));
#9112=FILL_AREA_STYLE('',(#10958));
#9113=EDGE_CURVE('',#10927,#10901,#10959,.T.);
#9114=FILL_AREA_STYLE('',(#10960));
#9115=EDGE_CURVE('',#10899,#10961,#10962,.T.);
#9116=EDGE_CURVE('',#10961,#10963,#10964,.T.);
#9117=EDGE_CURVE('',#10963,#10965,#10966,.T.);
#9118=EDGE_CURVE('',#10965,#10967,#10968,.T.);
#9119=EDGE_CURVE('',#10967,#10969,#10970,.T.);
#9120=EDGE_CURVE('',#10969,#10971,#10972,.T.);
#9121=EDGE_CURVE('',#10971,#10973,#10974,.T.);
#9122=EDGE_CURVE('',#10973,#10975,#10976,.T.);
#9123=EDGE_CURVE('',#10975,#10977,#10978,.T.);
#9124=EDGE_CURVE('',#10977,#10979,#10980,.T.);
#9125=EDGE_CURVE('',#10979,#10981,#10982,.T.);
#9126=EDGE_CURVE('',#10981,#10983,#10984,.T.);
#9127=EDGE_CURVE('',#10983,#10985,#10986,.T.);
#9128=EDGE_CURVE('',#10985,#10987,#10988,.T.);
#9129=EDGE_CURVE('',#10987,#10989,#10990,.T.);
#9130=EDGE_CURVE('',#10989,#10991,#10992,.T.);
#9131=EDGE_CURVE('',#10991,#10993,#10994,.T.);
#9132=EDGE_CURVE('',#10993,#10995,#10996,.T.);
#9133=EDGE_CURVE('',#10995,#10997,#10998,.T.);
#9134=EDGE_CURVE('',#10997,#10999,#11000,.T.);
#9135=EDGE_CURVE('',#10999,#11001,#11002,.T.);
#9136=EDGE_CURVE('',#11001,#11003,#11004,.T.);
#9137=EDGE_CURVE('',#11003,#11005,#11006,.T.);
#9138=EDGE_CURVE('',#11005,#11007,#11008,.T.);
#9139=EDGE_CURVE('',#11007,#11009,#11010,.T.);
#9140=EDGE_CURVE('',#11009,#11011,#11012,.T.);
#9141=EDGE_CURVE('',#11011,#11013,#11014,.T.);
#9142=EDGE_CURVE('',#11013,#11015,#11016,.T.);
#9143=EDGE_CURVE('',#11015,#11017,#11018,.T.);
#9144=EDGE_CURVE('',#11017,#11019,#11020,.T.);
#9145=EDGE_CURVE('',#11019,#11021,#11022,.T.);
#9146=EDGE_CURVE('',#11021,#11023,#11024,.T.);
#9147=EDGE_CURVE('',#11023,#11025,#11026,.T.);
#9148=EDGE_CURVE('',#11025,#11027,#11028,.T.);
#9149=EDGE_CURVE('',#11027,#11029,#11030,.T.);
#9150=EDGE_CURVE('',#11029,#11031,#11032,.T.);
#9151=EDGE_CURVE('',#11031,#11033,#11034,.T.);
#9152=EDGE_CURVE('',#11033,#11035,#11036,.T.);
#9153=EDGE_CURVE('',#11035,#11037,#11038,.T.);
#9154=EDGE_CURVE('',#11037,#11039,#11040,.T.);
#9155=EDGE_CURVE('',#11039,#11041,#11042,.T.);
#9156=EDGE_CURVE('',#11041,#11043,#11044,.T.);
#9157=EDGE_CURVE('',#11043,#11045,#11046,.T.);
#9158=EDGE_CURVE('',#11045,#11047,#11048,.T.);
#9159=EDGE_CURVE('',#11047,#11049,#11050,.T.);
#9160=EDGE_CURVE('',#11049,#11051,#11052,.T.);
#9161=EDGE_CURVE('',#11051,#11053,#11054,.T.);
#9162=EDGE_CURVE('',#11053,#11055,#11056,.T.);
#9163=EDGE_CURVE('',#11055,#11057,#11058,.T.);
#9164=EDGE_CURVE('',#11057,#11059,#11060,.T.);
#9165=EDGE_CURVE('',#11059,#11061,#11062,.T.);
#9166=EDGE_CURVE('',#11061,#11063,#11064,.T.);
#9167=EDGE_CURVE('',#11063,#11065,#11066,.T.);
#9168=EDGE_CURVE('',#11065,#11067,#11068,.T.);
#9169=EDGE_CURVE('',#11067,#11069,#11070,.T.);
#9170=EDGE_CURVE('',#11069,#11071,#11072,.T.);
#9171=EDGE_CURVE('',#11071,#11073,#11074,.T.);
#9172=EDGE_CURVE('',#11073,#11075,#11076,.T.);
#9173=EDGE_CURVE('',#11075,#11077,#11078,.T.);
#9174=EDGE_CURVE('',#11077,#11079,#11080,.T.);
#9175=EDGE_CURVE('',#11079,#11081,#11082,.T.);
#9176=EDGE_CURVE('',#11081,#11083,#11084,.T.);
#9177=EDGE_CURVE('',#11083,#11085,#11086,.T.);
#9178=EDGE_CURVE('',#11085,#11087,#11088,.T.);
#9179=EDGE_CURVE('',#11087,#11089,#11090,.T.);
#9180=EDGE_CURVE('',#11089,#11091,#11092,.T.);
#9181=EDGE_CURVE('',#11091,#11093,#11094,.T.);
#9182=EDGE_CURVE('',#11093,#11095,#11096,.T.);
#9183=EDGE_CURVE('',#11095,#11097,#11098,.T.);
#9184=EDGE_CURVE('',#11097,#11099,#11100,.T.);
#9185=EDGE_CURVE('',#11099,#11101,#11102,.T.);
#9186=EDGE_CURVE('',#11101,#11103,#11104,.T.);
#9187=EDGE_CURVE('',#11103,#11105,#11106,.T.);
#9188=EDGE_CURVE('',#11105,#11107,#11108,.T.);
#9189=EDGE_CURVE('',#11107,#11109,#11110,.T.);
#9190=EDGE_CURVE('',#11109,#11111,#11112,.T.);
#9191=EDGE_CURVE('',#11111,#11113,#11114,.T.);
#9192=EDGE_CURVE('',#11113,#11115,#11116,.T.);
#9193=EDGE_CURVE('',#11115,#11117,#11118,.T.);
#9194=EDGE_CURVE('',#11117,#11119,#11120,.T.);
#9195=EDGE_CURVE('',#11119,#10921,#11121,.T.);
#9196=FILL_AREA_STYLE('',(#11122));
#9197=EDGE_CURVE('',#11123,#11124,#11125,.T.);
#9198=EDGE_CURVE('',#11123,#11126,#11127,.T.);
#9199=EDGE_CURVE('',#11126,#11128,#11129,.T.);
#9200=EDGE_CURVE('',#11128,#11124,#11130,.T.);
#9201=FILL_AREA_STYLE('',(#11131));
#9202=EDGE_CURVE('',#11132,#11133,#11134,.T.);
#9203=EDGE_CURVE('',#11135,#11132,#11136,.T.);
#9204=EDGE_CURVE('',#11135,#11137,#11138,.T.);
#9205=EDGE_CURVE('',#11133,#11137,#11139,.T.);
#9206=FILL_AREA_STYLE('',(#11140));
#9207=EDGE_CURVE('',#11141,#11132,#11142,.T.);
#9208=EDGE_CURVE('',#11143,#11141,#11144,.T.);
#9209=EDGE_CURVE('',#11143,#11135,#11145,.T.);
#9210=FILL_AREA_STYLE('',(#11146));
#9211=EDGE_CURVE('',#11147,#11141,#11148,.T.);
#9212=EDGE_CURVE('',#11147,#11149,#11150,.T.);
#9213=EDGE_CURVE('',#11149,#11143,#11151,.T.);
#9214=FILL_AREA_STYLE('',(#11152));
#9215=EDGE_CURVE('',#11111,#11123,#11153,.T.);
#9216=EDGE_CURVE('',#11109,#11154,#11155,.T.);
#9217=EDGE_CURVE('',#11154,#11156,#11157,.T.);
#9218=EDGE_CURVE('',#11156,#11126,#11158,.T.);
#9219=FILL_AREA_STYLE('',(#11159));
#9220=EDGE_CURVE('',#11160,#11135,#11161,.T.);
#9221=EDGE_CURVE('',#11162,#11160,#11163,.T.);
#9222=EDGE_CURVE('',#11137,#11162,#11164,.T.);
#9223=FILL_AREA_STYLE('',(#11165));
#9224=EDGE_CURVE('',#11143,#11166,#11167,.T.);
#9225=EDGE_CURVE('',#11168,#11149,#11169,.T.);
#9226=EDGE_CURVE('',#11166,#11168,#11170,.T.);
#9227=FILL_AREA_STYLE('',(#11171));
#9228=EDGE_CURVE('',#11124,#11105,#11172,.T.);
#9229=EDGE_CURVE('',#11173,#11128,#11174,.T.);
#9230=EDGE_CURVE('',#11173,#11175,#11176,.T.);
#9231=EDGE_CURVE('',#11107,#11175,#11177,.T.);
#9232=FILL_AREA_STYLE('',(#11178));
#9233=EDGE_CURVE('',#11168,#11162,#11179,.T.);
#9234=EDGE_CURVE('',#11149,#11137,#11180,.T.);
#9235=FILL_AREA_STYLE('',(#11181));
#9236=EDGE_CURVE('',#11175,#11182,#11183,.T.);
#9237=EDGE_CURVE('',#11184,#11173,#11185,.T.);
#9238=EDGE_CURVE('',#11182,#11184,#11186,.T.);
#9239=FILL_AREA_STYLE('',(#11187));
#9240=EDGE_CURVE('',#11188,#11154,#11189,.T.);
#9241=EDGE_CURVE('',#11190,#11188,#11191,.T.);
#9242=EDGE_CURVE('',#11156,#11190,#11192,.T.);
#9243=FILL_AREA_STYLE('',(#11193));
#9244=EDGE_CURVE('',#11190,#11184,#11194,.T.);
#9245=EDGE_CURVE('',#11156,#11173,#11195,.T.);
#9246=FILL_AREA_STYLE('',(#11196));
#9247=EDGE_CURVE('',#11154,#11175,#11197,.T.);
#9248=EDGE_CURVE('',#11188,#11182,#11198,.T.);
#9249=FILL_AREA_STYLE('',(#11199));
#9250=FILL_AREA_STYLE('',(#11200));
#9251=FILL_AREA_STYLE('',(#11201));
#9252=EDGE_CURVE('',#11133,#11147,#11202,.T.);
#9253=FILL_AREA_STYLE('',(#11203));
#9254=EDGE_CURVE('',#11166,#11160,#11204,.T.);
#9255=FILL_AREA_STYLE('',(#11205));
#9256=FILL_AREA_STYLE('',(#11206));
#9257=FILL_AREA_STYLE('',(#11207));
#9258=EDGE_CURVE('',#11208,#11209,#11210,.T.);
#9259=EDGE_CURVE('',#11208,#11211,#11212,.T.);
#9260=EDGE_CURVE('',#11211,#11213,#11214,.T.);
#9261=EDGE_CURVE('',#11213,#11209,#11215,.T.);
#9262=FILL_AREA_STYLE('',(#11216));
#9263=EDGE_CURVE('',#11217,#11218,#11219,.T.);
#9264=EDGE_CURVE('',#11220,#11217,#11221,.T.);
#9265=EDGE_CURVE('',#11220,#11222,#11223,.T.);
#9266=EDGE_CURVE('',#11218,#11222,#11224,.T.);
#9267=FILL_AREA_STYLE('',(#11225));
#9268=EDGE_CURVE('',#11226,#11217,#11227,.T.);
#9269=EDGE_CURVE('',#11228,#11226,#11229,.T.);
#9270=EDGE_CURVE('',#11228,#11220,#11230,.T.);
#9271=FILL_AREA_STYLE('',(#11231));
#9272=EDGE_CURVE('',#11232,#11226,#11233,.T.);
#9273=EDGE_CURVE('',#11232,#11234,#11235,.T.);
#9274=EDGE_CURVE('',#11234,#11228,#11236,.T.);
#9275=FILL_AREA_STYLE('',(#11237));
#9276=EDGE_CURVE('',#11095,#11208,#11238,.T.);
#9277=EDGE_CURVE('',#11093,#11239,#11240,.T.);
#9278=EDGE_CURVE('',#11239,#11241,#11242,.T.);
#9279=EDGE_CURVE('',#11241,#11211,#11243,.T.);
#9280=FILL_AREA_STYLE('',(#11244));
#9281=EDGE_CURVE('',#11245,#11220,#11246,.T.);
#9282=EDGE_CURVE('',#11247,#11245,#11248,.T.);
#9283=EDGE_CURVE('',#11222,#11247,#11249,.T.);
#9284=FILL_AREA_STYLE('',(#11250));
#9285=EDGE_CURVE('',#11228,#11251,#11252,.T.);
#9286=EDGE_CURVE('',#11253,#11234,#11254,.T.);
#9287=EDGE_CURVE('',#11251,#11253,#11255,.T.);
#9288=FILL_AREA_STYLE('',(#11256));
#9289=EDGE_CURVE('',#11209,#11089,#11257,.T.);
#9290=EDGE_CURVE('',#11258,#11213,#11259,.T.);
#9291=EDGE_CURVE('',#11258,#11260,#11261,.T.);
#9292=EDGE_CURVE('',#11091,#11260,#11262,.T.);
#9293=FILL_AREA_STYLE('',(#11263));
#9294=EDGE_CURVE('',#11253,#11247,#11264,.T.);
#9295=EDGE_CURVE('',#11234,#11222,#11265,.T.);
#9296=FILL_AREA_STYLE('',(#11266));
#9297=EDGE_CURVE('',#11260,#11267,#11268,.T.);
#9298=EDGE_CURVE('',#11269,#11258,#11270,.T.);
#9299=EDGE_CURVE('',#11267,#11269,#11271,.T.);
#9300=FILL_AREA_STYLE('',(#11272));
#9301=EDGE_CURVE('',#11273,#11239,#11274,.T.);
#9302=EDGE_CURVE('',#11275,#11273,#11276,.T.);
#9303=EDGE_CURVE('',#11241,#11275,#11277,.T.);
#9304=FILL_AREA_STYLE('',(#11278));
#9305=EDGE_CURVE('',#11275,#11269,#11279,.T.);
#9306=EDGE_CURVE('',#11241,#11258,#11280,.T.);
#9307=FILL_AREA_STYLE('',(#11281));
#9308=EDGE_CURVE('',#11239,#11260,#11282,.T.);
#9309=EDGE_CURVE('',#11273,#11267,#11283,.T.);
#9310=FILL_AREA_STYLE('',(#11284));
#9311=FILL_AREA_STYLE('',(#11285));
#9312=FILL_AREA_STYLE('',(#11286));
#9313=EDGE_CURVE('',#11218,#11232,#11287,.T.);
#9314=FILL_AREA_STYLE('',(#11288));
#9315=EDGE_CURVE('',#11251,#11245,#11289,.T.);
#9316=FILL_AREA_STYLE('',(#11290));
#9317=FILL_AREA_STYLE('',(#11291));
#9318=FILL_AREA_STYLE('',(#11292));
#9319=EDGE_CURVE('',#11293,#11294,#11295,.T.);
#9320=EDGE_CURVE('',#11293,#11296,#11297,.T.);
#9321=EDGE_CURVE('',#11296,#11298,#11299,.T.);
#9322=EDGE_CURVE('',#11298,#11294,#11300,.T.);
#9323=FILL_AREA_STYLE('',(#11301));
#9324=EDGE_CURVE('',#11302,#11303,#11304,.T.);
#9325=EDGE_CURVE('',#11305,#11302,#11306,.T.);
#9326=EDGE_CURVE('',#11305,#11307,#11308,.T.);
#9327=EDGE_CURVE('',#11303,#11307,#11309,.T.);
#9328=FILL_AREA_STYLE('',(#11310));
#9329=EDGE_CURVE('',#11311,#11302,#11312,.T.);
#9330=EDGE_CURVE('',#11313,#11311,#11314,.T.);
#9331=EDGE_CURVE('',#11313,#11305,#11315,.T.);
#9332=FILL_AREA_STYLE('',(#11316));
#9333=EDGE_CURVE('',#11317,#11311,#11318,.T.);
#9334=EDGE_CURVE('',#11317,#11319,#11320,.T.);
#9335=EDGE_CURVE('',#11319,#11313,#11321,.T.);
#9336=FILL_AREA_STYLE('',(#11322));
#9337=EDGE_CURVE('',#11079,#11293,#11323,.T.);
#9338=EDGE_CURVE('',#11077,#11324,#11325,.T.);
#9339=EDGE_CURVE('',#11324,#11326,#11327,.T.);
#9340=EDGE_CURVE('',#11326,#11296,#11328,.T.);
#9341=FILL_AREA_STYLE('',(#11329));
#9342=EDGE_CURVE('',#11330,#11305,#11331,.T.);
#9343=EDGE_CURVE('',#11332,#11330,#11333,.T.);
#9344=EDGE_CURVE('',#11307,#11332,#11334,.T.);
#9345=FILL_AREA_STYLE('',(#11335));
#9346=EDGE_CURVE('',#11313,#11336,#11337,.T.);
#9347=EDGE_CURVE('',#11338,#11319,#11339,.T.);
#9348=EDGE_CURVE('',#11336,#11338,#11340,.T.);
#9349=FILL_AREA_STYLE('',(#11341));
#9350=EDGE_CURVE('',#11294,#11073,#11342,.T.);
#9351=EDGE_CURVE('',#11343,#11298,#11344,.T.);
#9352=EDGE_CURVE('',#11343,#11345,#11346,.T.);
#9353=EDGE_CURVE('',#11075,#11345,#11347,.T.);
#9354=FILL_AREA_STYLE('',(#11348));
#9355=EDGE_CURVE('',#11338,#11332,#11349,.T.);
#9356=EDGE_CURVE('',#11319,#11307,#11350,.T.);
#9357=FILL_AREA_STYLE('',(#11351));
#9358=EDGE_CURVE('',#11345,#11352,#11353,.T.);
#9359=EDGE_CURVE('',#11354,#11343,#11355,.T.);
#9360=EDGE_CURVE('',#11352,#11354,#11356,.T.);
#9361=FILL_AREA_STYLE('',(#11357));
#9362=EDGE_CURVE('',#11358,#11324,#11359,.T.);
#9363=EDGE_CURVE('',#11360,#11358,#11361,.T.);
#9364=EDGE_CURVE('',#11326,#11360,#11362,.T.);
#9365=FILL_AREA_STYLE('',(#11363));
#9366=EDGE_CURVE('',#11360,#11354,#11364,.T.);
#9367=EDGE_CURVE('',#11326,#11343,#11365,.T.);
#9368=FILL_AREA_STYLE('',(#11366));
#9369=EDGE_CURVE('',#11324,#11345,#11367,.T.);
#9370=EDGE_CURVE('',#11358,#11352,#11368,.T.);
#9371=FILL_AREA_STYLE('',(#11369));
#9372=FILL_AREA_STYLE('',(#11370));
#9373=FILL_AREA_STYLE('',(#11371));
#9374=EDGE_CURVE('',#11303,#11317,#11372,.T.);
#9375=FILL_AREA_STYLE('',(#11373));
#9376=EDGE_CURVE('',#11336,#11330,#11374,.T.);
#9377=FILL_AREA_STYLE('',(#11375));
#9378=FILL_AREA_STYLE('',(#11376));
#9379=FILL_AREA_STYLE('',(#11377));
#9380=EDGE_CURVE('',#11378,#11379,#11380,.T.);
#9381=EDGE_CURVE('',#11378,#11381,#11382,.T.);
#9382=EDGE_CURVE('',#11381,#11383,#11384,.T.);
#9383=EDGE_CURVE('',#11383,#11379,#11385,.T.);
#9384=FILL_AREA_STYLE('',(#11386));
#9385=EDGE_CURVE('',#11387,#11388,#11389,.T.);
#9386=EDGE_CURVE('',#11390,#11387,#11391,.T.);
#9387=EDGE_CURVE('',#11390,#11392,#11393,.T.);
#9388=EDGE_CURVE('',#11388,#11392,#11394,.T.);
#9389=FILL_AREA_STYLE('',(#11395));
#9390=EDGE_CURVE('',#11396,#11387,#11397,.T.);
#9391=EDGE_CURVE('',#11398,#11396,#11399,.T.);
#9392=EDGE_CURVE('',#11398,#11390,#11400,.T.);
#9393=FILL_AREA_STYLE('',(#11401));
#9394=EDGE_CURVE('',#11402,#11396,#11403,.T.);
#9395=EDGE_CURVE('',#11402,#11404,#11405,.T.);
#9396=EDGE_CURVE('',#11404,#11398,#11406,.T.);
#9397=FILL_AREA_STYLE('',(#11407));
#9398=EDGE_CURVE('',#11063,#11378,#11408,.T.);
#9399=EDGE_CURVE('',#11061,#11409,#11410,.T.);
#9400=EDGE_CURVE('',#11409,#11411,#11412,.T.);
#9401=EDGE_CURVE('',#11411,#11381,#11413,.T.);
#9402=FILL_AREA_STYLE('',(#11414));
#9403=EDGE_CURVE('',#11415,#11390,#11416,.T.);
#9404=EDGE_CURVE('',#11417,#11415,#11418,.T.);
#9405=EDGE_CURVE('',#11392,#11417,#11419,.T.);
#9406=FILL_AREA_STYLE('',(#11420));
#9407=EDGE_CURVE('',#11398,#11421,#11422,.T.);
#9408=EDGE_CURVE('',#11423,#11404,#11424,.T.);
#9409=EDGE_CURVE('',#11421,#11423,#11425,.T.);
#9410=FILL_AREA_STYLE('',(#11426));
#9411=EDGE_CURVE('',#11379,#11057,#11427,.T.);
#9412=EDGE_CURVE('',#11428,#11383,#11429,.T.);
#9413=EDGE_CURVE('',#11428,#11430,#11431,.T.);
#9414=EDGE_CURVE('',#11059,#11430,#11432,.T.);
#9415=FILL_AREA_STYLE('',(#11433));
#9416=EDGE_CURVE('',#11423,#11417,#11434,.T.);
#9417=EDGE_CURVE('',#11404,#11392,#11435,.T.);
#9418=FILL_AREA_STYLE('',(#11436));
#9419=EDGE_CURVE('',#11430,#11437,#11438,.T.);
#9420=EDGE_CURVE('',#11439,#11428,#11440,.T.);
#9421=EDGE_CURVE('',#11437,#11439,#11441,.T.);
#9422=FILL_AREA_STYLE('',(#11442));
#9423=EDGE_CURVE('',#11443,#11409,#11444,.T.);
#9424=EDGE_CURVE('',#11445,#11443,#11446,.T.);
#9425=EDGE_CURVE('',#11411,#11445,#11447,.T.);
#9426=FILL_AREA_STYLE('',(#11448));
#9427=EDGE_CURVE('',#11445,#11439,#11449,.T.);
#9428=EDGE_CURVE('',#11411,#11428,#11450,.T.);
#9429=FILL_AREA_STYLE('',(#11451));
#9430=EDGE_CURVE('',#11409,#11430,#11452,.T.);
#9431=EDGE_CURVE('',#11443,#11437,#11453,.T.);
#9432=FILL_AREA_STYLE('',(#11454));
#9433=FILL_AREA_STYLE('',(#11455));
#9434=FILL_AREA_STYLE('',(#11456));
#9435=EDGE_CURVE('',#11388,#11402,#11457,.T.);
#9436=FILL_AREA_STYLE('',(#11458));
#9437=EDGE_CURVE('',#11421,#11415,#11459,.T.);
#9438=FILL_AREA_STYLE('',(#11460));
#9439=FILL_AREA_STYLE('',(#11461));
#9440=FILL_AREA_STYLE('',(#11462));
#9441=EDGE_CURVE('',#11463,#11464,#11465,.T.);
#9442=EDGE_CURVE('',#11463,#11466,#11467,.T.);
#9443=EDGE_CURVE('',#11466,#11468,#11469,.T.);
#9444=EDGE_CURVE('',#11468,#11464,#11470,.T.);
#9445=FILL_AREA_STYLE('',(#11471));
#9446=EDGE_CURVE('',#11472,#11473,#11474,.T.);
#9447=EDGE_CURVE('',#11475,#11472,#11476,.T.);
#9448=EDGE_CURVE('',#11475,#11477,#11478,.T.);
#9449=EDGE_CURVE('',#11473,#11477,#11479,.T.);
#9450=FILL_AREA_STYLE('',(#11480));
#9451=EDGE_CURVE('',#11481,#11472,#11482,.T.);
#9452=EDGE_CURVE('',#11483,#11481,#11484,.T.);
#9453=EDGE_CURVE('',#11483,#11475,#11485,.T.);
#9454=FILL_AREA_STYLE('',(#11486));
#9455=EDGE_CURVE('',#11487,#11481,#11488,.T.);
#9456=EDGE_CURVE('',#11487,#11489,#11490,.T.);
#9457=EDGE_CURVE('',#11489,#11483,#11491,.T.);
#9458=FILL_AREA_STYLE('',(#11492));
#9459=EDGE_CURVE('',#11047,#11463,#11493,.T.);
#9460=EDGE_CURVE('',#11045,#11494,#11495,.T.);
#9461=EDGE_CURVE('',#11494,#11496,#11497,.T.);
#9462=EDGE_CURVE('',#11496,#11466,#11498,.T.);
#9463=FILL_AREA_STYLE('',(#11499));
#9464=EDGE_CURVE('',#11500,#11475,#11501,.T.);
#9465=EDGE_CURVE('',#11502,#11500,#11503,.T.);
#9466=EDGE_CURVE('',#11477,#11502,#11504,.T.);
#9467=FILL_AREA_STYLE('',(#11505));
#9468=EDGE_CURVE('',#11483,#11506,#11507,.T.);
#9469=EDGE_CURVE('',#11508,#11489,#11509,.T.);
#9470=EDGE_CURVE('',#11506,#11508,#11510,.T.);
#9471=FILL_AREA_STYLE('',(#11511));
#9472=EDGE_CURVE('',#11464,#11041,#11512,.T.);
#9473=EDGE_CURVE('',#11513,#11468,#11514,.T.);
#9474=EDGE_CURVE('',#11513,#11515,#11516,.T.);
#9475=EDGE_CURVE('',#11043,#11515,#11517,.T.);
#9476=FILL_AREA_STYLE('',(#11518));
#9477=EDGE_CURVE('',#11508,#11502,#11519,.T.);
#9478=EDGE_CURVE('',#11489,#11477,#11520,.T.);
#9479=FILL_AREA_STYLE('',(#11521));
#9480=EDGE_CURVE('',#11515,#11522,#11523,.T.);
#9481=EDGE_CURVE('',#11524,#11513,#11525,.T.);
#9482=EDGE_CURVE('',#11522,#11524,#11526,.T.);
#9483=FILL_AREA_STYLE('',(#11527));
#9484=EDGE_CURVE('',#11528,#11494,#11529,.T.);
#9485=EDGE_CURVE('',#11530,#11528,#11531,.T.);
#9486=EDGE_CURVE('',#11496,#11530,#11532,.T.);
#9487=FILL_AREA_STYLE('',(#11533));
#9488=EDGE_CURVE('',#11530,#11524,#11534,.T.);
#9489=EDGE_CURVE('',#11496,#11513,#11535,.T.);
#9490=FILL_AREA_STYLE('',(#11536));
#9491=EDGE_CURVE('',#11494,#11515,#11537,.T.);
#9492=EDGE_CURVE('',#11528,#11522,#11538,.T.);
#9493=FILL_AREA_STYLE('',(#11539));
#9494=FILL_AREA_STYLE('',(#11540));
#9495=FILL_AREA_STYLE('',(#11541));
#9496=EDGE_CURVE('',#11473,#11487,#11542,.T.);
#9497=FILL_AREA_STYLE('',(#11543));
#9498=EDGE_CURVE('',#11506,#11500,#11544,.T.);
#9499=FILL_AREA_STYLE('',(#11545));
#9500=FILL_AREA_STYLE('',(#11546));
#9501=FILL_AREA_STYLE('',(#11547));
#9502=EDGE_CURVE('',#11548,#11549,#11550,.T.);
#9503=EDGE_CURVE('',#11548,#11551,#11552,.T.);
#9504=EDGE_CURVE('',#11551,#11553,#11554,.T.);
#9505=EDGE_CURVE('',#11553,#11549,#11555,.T.);
#9506=FILL_AREA_STYLE('',(#11556));
#9507=EDGE_CURVE('',#11557,#11558,#11559,.T.);
#9508=EDGE_CURVE('',#11560,#11557,#11561,.T.);
#9509=EDGE_CURVE('',#11560,#11562,#11563,.T.);
#9510=EDGE_CURVE('',#11558,#11562,#11564,.T.);
#9511=FILL_AREA_STYLE('',(#11565));
#9512=EDGE_CURVE('',#11566,#11557,#11567,.T.);
#9513=EDGE_CURVE('',#11568,#11566,#11569,.T.);
#9514=EDGE_CURVE('',#11568,#11560,#11570,.T.);
#9515=FILL_AREA_STYLE('',(#11571));
#9516=EDGE_CURVE('',#11572,#11566,#11573,.T.);
#9517=EDGE_CURVE('',#11572,#11574,#11575,.T.);
#9518=EDGE_CURVE('',#11574,#11568,#11576,.T.);
#9519=FILL_AREA_STYLE('',(#11577));
#9520=EDGE_CURVE('',#11031,#11548,#11578,.T.);
#9521=EDGE_CURVE('',#11029,#11579,#11580,.T.);
#9522=EDGE_CURVE('',#11579,#11581,#11582,.T.);
#9523=EDGE_CURVE('',#11581,#11551,#11583,.T.);
#9524=FILL_AREA_STYLE('',(#11584));
#9525=EDGE_CURVE('',#11585,#11560,#11586,.T.);
#9526=EDGE_CURVE('',#11587,#11585,#11588,.T.);
#9527=EDGE_CURVE('',#11562,#11587,#11589,.T.);
#9528=FILL_AREA_STYLE('',(#11590));
#9529=EDGE_CURVE('',#11568,#11591,#11592,.T.);
#9530=EDGE_CURVE('',#11593,#11574,#11594,.T.);
#9531=EDGE_CURVE('',#11591,#11593,#11595,.T.);
#9532=FILL_AREA_STYLE('',(#11596));
#9533=EDGE_CURVE('',#11549,#11025,#11597,.T.);
#9534=EDGE_CURVE('',#11598,#11553,#11599,.T.);
#9535=EDGE_CURVE('',#11598,#11600,#11601,.T.);
#9536=EDGE_CURVE('',#11027,#11600,#11602,.T.);
#9537=FILL_AREA_STYLE('',(#11603));
#9538=EDGE_CURVE('',#11593,#11587,#11604,.T.);
#9539=EDGE_CURVE('',#11574,#11562,#11605,.T.);
#9540=FILL_AREA_STYLE('',(#11606));
#9541=EDGE_CURVE('',#11600,#11607,#11608,.T.);
#9542=EDGE_CURVE('',#11609,#11598,#11610,.T.);
#9543=EDGE_CURVE('',#11607,#11609,#11611,.T.);
#9544=FILL_AREA_STYLE('',(#11612));
#9545=EDGE_CURVE('',#11613,#11579,#11614,.T.);
#9546=EDGE_CURVE('',#11615,#11613,#11616,.T.);
#9547=EDGE_CURVE('',#11581,#11615,#11617,.T.);
#9548=FILL_AREA_STYLE('',(#11618));
#9549=EDGE_CURVE('',#11615,#11609,#11619,.T.);
#9550=EDGE_CURVE('',#11581,#11598,#11620,.T.);
#9551=FILL_AREA_STYLE('',(#11621));
#9552=EDGE_CURVE('',#11579,#11600,#11622,.T.);
#9553=EDGE_CURVE('',#11613,#11607,#11623,.T.);
#9554=FILL_AREA_STYLE('',(#11624));
#9555=FILL_AREA_STYLE('',(#11625));
#9556=FILL_AREA_STYLE('',(#11626));
#9557=EDGE_CURVE('',#11558,#11572,#11627,.T.);
#9558=FILL_AREA_STYLE('',(#11628));
#9559=EDGE_CURVE('',#11591,#11585,#11629,.T.);
#9560=FILL_AREA_STYLE('',(#11630));
#9561=FILL_AREA_STYLE('',(#11631));
#9562=FILL_AREA_STYLE('',(#11632));
#9563=EDGE_CURVE('',#11633,#11634,#11635,.T.);
#9564=EDGE_CURVE('',#11633,#11636,#11637,.T.);
#9565=EDGE_CURVE('',#11636,#11638,#11639,.T.);
#9566=EDGE_CURVE('',#11638,#11634,#11640,.T.);
#9567=FILL_AREA_STYLE('',(#11641));
#9568=EDGE_CURVE('',#11642,#11643,#11644,.T.);
#9569=EDGE_CURVE('',#11645,#11642,#11646,.T.);
#9570=EDGE_CURVE('',#11645,#11647,#11648,.T.);
#9571=EDGE_CURVE('',#11643,#11647,#11649,.T.);
#9572=FILL_AREA_STYLE('',(#11650));
#9573=EDGE_CURVE('',#11651,#11642,#11652,.T.);
#9574=EDGE_CURVE('',#11653,#11651,#11654,.T.);
#9575=EDGE_CURVE('',#11653,#11645,#11655,.T.);
#9576=FILL_AREA_STYLE('',(#11656));
#9577=EDGE_CURVE('',#11657,#11651,#11658,.T.);
#9578=EDGE_CURVE('',#11657,#11659,#11660,.T.);
#9579=EDGE_CURVE('',#11659,#11653,#11661,.T.);
#9580=FILL_AREA_STYLE('',(#11662));
#9581=EDGE_CURVE('',#11015,#11633,#11663,.T.);
#9582=EDGE_CURVE('',#11013,#11664,#11665,.T.);
#9583=EDGE_CURVE('',#11664,#11666,#11667,.T.);
#9584=EDGE_CURVE('',#11666,#11636,#11668,.T.);
#9585=FILL_AREA_STYLE('',(#11669));
#9586=EDGE_CURVE('',#11670,#11645,#11671,.T.);
#9587=EDGE_CURVE('',#11672,#11670,#11673,.T.);
#9588=EDGE_CURVE('',#11647,#11672,#11674,.T.);
#9589=FILL_AREA_STYLE('',(#11675));
#9590=EDGE_CURVE('',#11653,#11676,#11677,.T.);
#9591=EDGE_CURVE('',#11678,#11659,#11679,.T.);
#9592=EDGE_CURVE('',#11676,#11678,#11680,.T.);
#9593=FILL_AREA_STYLE('',(#11681));
#9594=EDGE_CURVE('',#11634,#11009,#11682,.T.);
#9595=EDGE_CURVE('',#11683,#11638,#11684,.T.);
#9596=EDGE_CURVE('',#11683,#11685,#11686,.T.);
#9597=EDGE_CURVE('',#11011,#11685,#11687,.T.);
#9598=FILL_AREA_STYLE('',(#11688));
#9599=EDGE_CURVE('',#11678,#11672,#11689,.T.);
#9600=EDGE_CURVE('',#11659,#11647,#11690,.T.);
#9601=FILL_AREA_STYLE('',(#11691));
#9602=EDGE_CURVE('',#11685,#11692,#11693,.T.);
#9603=EDGE_CURVE('',#11694,#11683,#11695,.T.);
#9604=EDGE_CURVE('',#11692,#11694,#11696,.T.);
#9605=FILL_AREA_STYLE('',(#11697));
#9606=EDGE_CURVE('',#11698,#11664,#11699,.T.);
#9607=EDGE_CURVE('',#11700,#11698,#11701,.T.);
#9608=EDGE_CURVE('',#11666,#11700,#11702,.T.);
#9609=FILL_AREA_STYLE('',(#11703));
#9610=EDGE_CURVE('',#11700,#11694,#11704,.T.);
#9611=EDGE_CURVE('',#11666,#11683,#11705,.T.);
#9612=FILL_AREA_STYLE('',(#11706));
#9613=EDGE_CURVE('',#11664,#11685,#11707,.T.);
#9614=EDGE_CURVE('',#11698,#11692,#11708,.T.);
#9615=FILL_AREA_STYLE('',(#11709));
#9616=FILL_AREA_STYLE('',(#11710));
#9617=FILL_AREA_STYLE('',(#11711));
#9618=EDGE_CURVE('',#11643,#11657,#11712,.T.);
#9619=FILL_AREA_STYLE('',(#11713));
#9620=EDGE_CURVE('',#11676,#11670,#11714,.T.);
#9621=FILL_AREA_STYLE('',(#11715));
#9622=FILL_AREA_STYLE('',(#11716));
#9623=FILL_AREA_STYLE('',(#11717));
#9624=EDGE_CURVE('',#11718,#11719,#11720,.T.);
#9625=EDGE_CURVE('',#11718,#11721,#11722,.T.);
#9626=EDGE_CURVE('',#11721,#11723,#11724,.T.);
#9627=EDGE_CURVE('',#11723,#11719,#11725,.T.);
#9628=FILL_AREA_STYLE('',(#11726));
#9629=EDGE_CURVE('',#11727,#11728,#11729,.T.);
#9630=EDGE_CURVE('',#11730,#11727,#11731,.T.);
#9631=EDGE_CURVE('',#11730,#11732,#11733,.T.);
#9632=EDGE_CURVE('',#11728,#11732,#11734,.T.);
#9633=FILL_AREA_STYLE('',(#11735));
#9634=EDGE_CURVE('',#11736,#11727,#11737,.T.);
#9635=EDGE_CURVE('',#11738,#11736,#11739,.T.);
#9636=EDGE_CURVE('',#11738,#11730,#11740,.T.);
#9637=FILL_AREA_STYLE('',(#11741));
#9638=EDGE_CURVE('',#11742,#11736,#11743,.T.);
#9639=EDGE_CURVE('',#11742,#11744,#11745,.T.);
#9640=EDGE_CURVE('',#11744,#11738,#11746,.T.);
#9641=FILL_AREA_STYLE('',(#11747));
#9642=EDGE_CURVE('',#10999,#11718,#11748,.T.);
#9643=EDGE_CURVE('',#10997,#11749,#11750,.T.);
#9644=EDGE_CURVE('',#11749,#11751,#11752,.T.);
#9645=EDGE_CURVE('',#11751,#11721,#11753,.T.);
#9646=FILL_AREA_STYLE('',(#11754));
#9647=EDGE_CURVE('',#11755,#11730,#11756,.T.);
#9648=EDGE_CURVE('',#11757,#11755,#11758,.T.);
#9649=EDGE_CURVE('',#11732,#11757,#11759,.T.);
#9650=FILL_AREA_STYLE('',(#11760));
#9651=EDGE_CURVE('',#11738,#11761,#11762,.T.);
#9652=EDGE_CURVE('',#11763,#11744,#11764,.T.);
#9653=EDGE_CURVE('',#11761,#11763,#11765,.T.);
#9654=FILL_AREA_STYLE('',(#11766));
#9655=EDGE_CURVE('',#11719,#10993,#11767,.T.);
#9656=EDGE_CURVE('',#11768,#11723,#11769,.T.);
#9657=EDGE_CURVE('',#11768,#11770,#11771,.T.);
#9658=EDGE_CURVE('',#10995,#11770,#11772,.T.);
#9659=FILL_AREA_STYLE('',(#11773));
#9660=EDGE_CURVE('',#11763,#11757,#11774,.T.);
#9661=EDGE_CURVE('',#11744,#11732,#11775,.T.);
#9662=FILL_AREA_STYLE('',(#11776));
#9663=EDGE_CURVE('',#11770,#11777,#11778,.T.);
#9664=EDGE_CURVE('',#11779,#11768,#11780,.T.);
#9665=EDGE_CURVE('',#11777,#11779,#11781,.T.);
#9666=FILL_AREA_STYLE('',(#11782));
#9667=EDGE_CURVE('',#11783,#11749,#11784,.T.);
#9668=EDGE_CURVE('',#11785,#11783,#11786,.T.);
#9669=EDGE_CURVE('',#11751,#11785,#11787,.T.);
#9670=FILL_AREA_STYLE('',(#11788));
#9671=EDGE_CURVE('',#11785,#11779,#11789,.T.);
#9672=EDGE_CURVE('',#11751,#11768,#11790,.T.);
#9673=FILL_AREA_STYLE('',(#11791));
#9674=EDGE_CURVE('',#11749,#11770,#11792,.T.);
#9675=EDGE_CURVE('',#11783,#11777,#11793,.T.);
#9676=FILL_AREA_STYLE('',(#11794));
#9677=FILL_AREA_STYLE('',(#11795));
#9678=FILL_AREA_STYLE('',(#11796));
#9679=EDGE_CURVE('',#11728,#11742,#11797,.T.);
#9680=FILL_AREA_STYLE('',(#11798));
#9681=EDGE_CURVE('',#11761,#11755,#11799,.T.);
#9682=FILL_AREA_STYLE('',(#11800));
#9683=FILL_AREA_STYLE('',(#11801));
#9684=FILL_AREA_STYLE('',(#11802));
#9685=EDGE_CURVE('',#11803,#11804,#11805,.T.);
#9686=EDGE_CURVE('',#11803,#11806,#11807,.T.);
#9687=EDGE_CURVE('',#11806,#11808,#11809,.T.);
#9688=EDGE_CURVE('',#11808,#11804,#11810,.T.);
#9689=FILL_AREA_STYLE('',(#11811));
#9690=EDGE_CURVE('',#11812,#11813,#11814,.T.);
#9691=EDGE_CURVE('',#11815,#11812,#11816,.T.);
#9692=EDGE_CURVE('',#11815,#11817,#11818,.T.);
#9693=EDGE_CURVE('',#11813,#11817,#11819,.T.);
#9694=FILL_AREA_STYLE('',(#11820));
#9695=EDGE_CURVE('',#11821,#11812,#11822,.T.);
#9696=EDGE_CURVE('',#11823,#11821,#11824,.T.);
#9697=EDGE_CURVE('',#11823,#11815,#11825,.T.);
#9698=FILL_AREA_STYLE('',(#11826));
#9699=EDGE_CURVE('',#11827,#11821,#11828,.T.);
#9700=EDGE_CURVE('',#11827,#11829,#11830,.T.);
#9701=EDGE_CURVE('',#11829,#11823,#11831,.T.);
#9702=FILL_AREA_STYLE('',(#11832));
#9703=EDGE_CURVE('',#10983,#11803,#11833,.T.);
#9704=EDGE_CURVE('',#10981,#11834,#11835,.T.);
#9705=EDGE_CURVE('',#11834,#11836,#11837,.T.);
#9706=EDGE_CURVE('',#11836,#11806,#11838,.T.);
#9707=FILL_AREA_STYLE('',(#11839));
#9708=EDGE_CURVE('',#11840,#11815,#11841,.T.);
#9709=EDGE_CURVE('',#11842,#11840,#11843,.T.);
#9710=EDGE_CURVE('',#11817,#11842,#11844,.T.);
#9711=FILL_AREA_STYLE('',(#11845));
#9712=EDGE_CURVE('',#11823,#11846,#11847,.T.);
#9713=EDGE_CURVE('',#11848,#11829,#11849,.T.);
#9714=EDGE_CURVE('',#11846,#11848,#11850,.T.);
#9715=FILL_AREA_STYLE('',(#11851));
#9716=EDGE_CURVE('',#11804,#10977,#11852,.T.);
#9717=EDGE_CURVE('',#11853,#11808,#11854,.T.);
#9718=EDGE_CURVE('',#11853,#11855,#11856,.T.);
#9719=EDGE_CURVE('',#10979,#11855,#11857,.T.);
#9720=FILL_AREA_STYLE('',(#11858));
#9721=EDGE_CURVE('',#11848,#11842,#11859,.T.);
#9722=EDGE_CURVE('',#11829,#11817,#11860,.T.);
#9723=FILL_AREA_STYLE('',(#11861));
#9724=EDGE_CURVE('',#11855,#11862,#11863,.T.);
#9725=EDGE_CURVE('',#11864,#11853,#11865,.T.);
#9726=EDGE_CURVE('',#11862,#11864,#11866,.T.);
#9727=FILL_AREA_STYLE('',(#11867));
#9728=EDGE_CURVE('',#11868,#11834,#11869,.T.);
#9729=EDGE_CURVE('',#11870,#11868,#11871,.T.);
#9730=EDGE_CURVE('',#11836,#11870,#11872,.T.);
#9731=FILL_AREA_STYLE('',(#11873));
#9732=EDGE_CURVE('',#11870,#11864,#11874,.T.);
#9733=EDGE_CURVE('',#11836,#11853,#11875,.T.);
#9734=FILL_AREA_STYLE('',(#11876));
#9735=EDGE_CURVE('',#11834,#11855,#11877,.T.);
#9736=EDGE_CURVE('',#11868,#11862,#11878,.T.);
#9737=FILL_AREA_STYLE('',(#11879));
#9738=FILL_AREA_STYLE('',(#11880));
#9739=FILL_AREA_STYLE('',(#11881));
#9740=EDGE_CURVE('',#11813,#11827,#11882,.T.);
#9741=FILL_AREA_STYLE('',(#11883));
#9742=EDGE_CURVE('',#11846,#11840,#11884,.T.);
#9743=FILL_AREA_STYLE('',(#11885));
#9744=FILL_AREA_STYLE('',(#11886));
#9745=FILL_AREA_STYLE('',(#11887));
#9746=EDGE_CURVE('',#10861,#10865,#11888,.T.);
#9747=EDGE_CURVE('',#10860,#10863,#11889,.T.);
#9748=FILL_AREA_STYLE('',(#11890));
#9749=FILL_AREA_STYLE('',(#11891));
#9750=EDGE_CURVE('',#10852,#10856,#11892,.T.);
#9751=EDGE_CURVE('',#10851,#10854,#11893,.T.);
#9752=FILL_AREA_STYLE('',(#11894));
#9753=FILL_AREA_STYLE('',(#11895));
#9754=EDGE_CURVE('',#10843,#10847,#11896,.T.);
#9755=EDGE_CURVE('',#10842,#10845,#11897,.T.);
#9756=FILL_AREA_STYLE('',(#11898));
#9757=FILL_AREA_STYLE('',(#11899));
#9758=EDGE_CURVE('',#10834,#10838,#11900,.T.);
#9759=EDGE_CURVE('',#10833,#10836,#11901,.T.);
#9760=FILL_AREA_STYLE('',(#11902));
#9761=FILL_AREA_STYLE('',(#11903));
#9762=EDGE_CURVE('',#10825,#10829,#11904,.T.);
#9763=EDGE_CURVE('',#10824,#10827,#11905,.T.);
#9764=FILL_AREA_STYLE('',(#11906));
#9765=FILL_AREA_STYLE('',(#11907));
#9766=EDGE_CURVE('',#10816,#10820,#11908,.T.);
#9767=EDGE_CURVE('',#10815,#10818,#11909,.T.);
#9768=FILL_AREA_STYLE('',(#11910));
#9769=FILL_AREA_STYLE('',(#11911));
#9770=EDGE_CURVE('',#10807,#10811,#11912,.T.);
#9771=EDGE_CURVE('',#10806,#10809,#11913,.T.);
#9772=FILL_AREA_STYLE('',(#11914));
#9773=FILL_AREA_STYLE('',(#11915));
#9774=EDGE_CURVE('',#10798,#10802,#11916,.T.);
#9775=EDGE_CURVE('',#10797,#10800,#11917,.T.);
#9776=FILL_AREA_STYLE('',(#11918));
#9777=FILL_AREA_STYLE('',(#11919));
#9778=EDGE_CURVE('',#10789,#10793,#11920,.T.);
#9779=EDGE_CURVE('',#10788,#10791,#11921,.T.);
#9780=FILL_AREA_STYLE('',(#11922));
#9781=FILL_AREA_STYLE('',(#11923));
#9782=EDGE_CURVE('',#10780,#10784,#11924,.T.);
#9783=EDGE_CURVE('',#10779,#10782,#11925,.T.);
#9784=FILL_AREA_STYLE('',(#11926));
#9785=FILL_AREA_STYLE('',(#11927));
#9786=EDGE_CURVE('',#11119,#11928,#11929,.T.);
#9787=EDGE_CURVE('',#11928,#11930,#11931,.T.);
#9788=EDGE_CURVE('',#10961,#11930,#11932,.T.);
#9789=FILL_AREA_STYLE('',(#11933));
#9790=EDGE_CURVE('',#11930,#11934,#11935,.T.);
#9791=EDGE_CURVE('',#10963,#11934,#11936,.T.);
#9792=FILL_AREA_STYLE('',(#11937));
#9793=EDGE_CURVE('',#11934,#11938,#11939,.T.);
#9794=EDGE_CURVE('',#11938,#11928,#11940,.T.);
#9795=FILL_AREA_STYLE('',(#11941));
#9796=EDGE_CURVE('',#11938,#11117,#11942,.T.);
#9797=FILL_AREA_STYLE('',(#11943));
#9798=EDGE_CURVE('',#11944,#11945,#11946,.T.);
#9799=EDGE_CURVE('',#11947,#11944,#11948,.T.);
#9800=EDGE_CURVE('',#11949,#11947,#11950,.T.);
#9801=EDGE_CURVE('',#11945,#11949,#11951,.T.);
#9802=FILL_AREA_STYLE('',(#11952));
#9803=EDGE_CURVE('',#11945,#11101,#11953,.T.);
#9804=EDGE_CURVE('',#11103,#11949,#11954,.T.);
#9805=FILL_AREA_STYLE('',(#11955));
#9806=EDGE_CURVE('',#11113,#11947,#11956,.T.);
#9807=FILL_AREA_STYLE('',(#11957));
#9808=EDGE_CURVE('',#11115,#11944,#11958,.T.);
#9809=FILL_AREA_STYLE('',(#11959));
#9810=EDGE_CURVE('',#11099,#11960,#11961,.T.);
#9811=EDGE_CURVE('',#11960,#11962,#11963,.T.);
#9812=EDGE_CURVE('',#11962,#11085,#11964,.T.);
#9813=EDGE_CURVE('',#11083,#11965,#11966,.T.);
#9814=EDGE_CURVE('',#11965,#11967,#11968,.T.);
#9815=EDGE_CURVE('',#11967,#11069,#11969,.T.);
#9816=EDGE_CURVE('',#11067,#11970,#11971,.T.);
#9817=EDGE_CURVE('',#11970,#11972,#11973,.T.);
#9818=EDGE_CURVE('',#11972,#11053,#11974,.T.);
#9819=EDGE_CURVE('',#11051,#11975,#11976,.T.);
#9820=EDGE_CURVE('',#11975,#11977,#11978,.T.);
#9821=EDGE_CURVE('',#11977,#11037,#11979,.T.);
#9822=EDGE_CURVE('',#11035,#11980,#11981,.T.);
#9823=EDGE_CURVE('',#11980,#11982,#11983,.T.);
#9824=EDGE_CURVE('',#11982,#11021,#11984,.T.);
#9825=EDGE_CURVE('',#11019,#11985,#11986,.T.);
#9826=EDGE_CURVE('',#11985,#11987,#11988,.T.);
#9827=EDGE_CURVE('',#11987,#11005,#11989,.T.);
#9828=EDGE_CURVE('',#11003,#11990,#11991,.T.);
#9829=EDGE_CURVE('',#11990,#11992,#11993,.T.);
#9830=EDGE_CURVE('',#11992,#10989,#11994,.T.);
#9831=EDGE_CURVE('',#10987,#11995,#11996,.T.);
#9832=EDGE_CURVE('',#11995,#11997,#11998,.T.);
#9833=EDGE_CURVE('',#11997,#10973,#11999,.T.);
#9834=EDGE_CURVE('',#10971,#12000,#12001,.T.);
#9835=EDGE_CURVE('',#12002,#12000,#12003,.T.);
#9836=EDGE_CURVE('',#10965,#12002,#12004,.T.);
#9837=FILL_AREA_STYLE('',(#12005));
#9838=EDGE_CURVE('',#11087,#12006,#12007,.T.);
#9839=EDGE_CURVE('',#12006,#12008,#12009,.T.);
#9840=EDGE_CURVE('',#11097,#12008,#12010,.T.);
#9841=FILL_AREA_STYLE('',(#12011));
#9842=EDGE_CURVE('',#12008,#11960,#12012,.T.);
#9843=FILL_AREA_STYLE('',(#12013));
#9844=EDGE_CURVE('',#11962,#12006,#12014,.T.);
#9845=FILL_AREA_STYLE('',(#12015));
#9846=FILL_AREA_STYLE('',(#12016));
#9847=EDGE_CURVE('',#12017,#11965,#12018,.T.);
#9848=EDGE_CURVE('',#12019,#12017,#12020,.T.);
#9849=EDGE_CURVE('',#11967,#12019,#12021,.T.);
#9850=FILL_AREA_STYLE('',(#12022));
#9851=EDGE_CURVE('',#11071,#12019,#12023,.T.);
#9852=FILL_AREA_STYLE('',(#12024));
#9853=EDGE_CURVE('',#11081,#12017,#12025,.T.);
#9854=FILL_AREA_STYLE('',(#12026));
#9855=FILL_AREA_STYLE('',(#12027));
#9856=EDGE_CURVE('',#11055,#12028,#12029,.T.);
#9857=EDGE_CURVE('',#12028,#12030,#12031,.T.);
#9858=EDGE_CURVE('',#11065,#12030,#12032,.T.);
#9859=FILL_AREA_STYLE('',(#12033));
#9860=EDGE_CURVE('',#12030,#11970,#12034,.T.);
#9861=FILL_AREA_STYLE('',(#12035));
#9862=EDGE_CURVE('',#11972,#12028,#12036,.T.);
#9863=FILL_AREA_STYLE('',(#12037));
#9864=FILL_AREA_STYLE('',(#12038));
#9865=EDGE_CURVE('',#12039,#11975,#12040,.T.);
#9866=EDGE_CURVE('',#12041,#12039,#12042,.T.);
#9867=EDGE_CURVE('',#11977,#12041,#12043,.T.);
#9868=FILL_AREA_STYLE('',(#12044));
#9869=EDGE_CURVE('',#11039,#12041,#12045,.T.);
#9870=FILL_AREA_STYLE('',(#12046));
#9871=EDGE_CURVE('',#11049,#12039,#12047,.T.);
#9872=FILL_AREA_STYLE('',(#12048));
#9873=FILL_AREA_STYLE('',(#12049));
#9874=EDGE_CURVE('',#11023,#12050,#12051,.T.);
#9875=EDGE_CURVE('',#12050,#12052,#12053,.T.);
#9876=EDGE_CURVE('',#11033,#12052,#12054,.T.);
#9877=FILL_AREA_STYLE('',(#12055));
#9878=EDGE_CURVE('',#12052,#11980,#12056,.T.);
#9879=FILL_AREA_STYLE('',(#12057));
#9880=EDGE_CURVE('',#11982,#12050,#12058,.T.);
#9881=FILL_AREA_STYLE('',(#12059));
#9882=FILL_AREA_STYLE('',(#12060));
#9883=EDGE_CURVE('',#12061,#11985,#12062,.T.);
#9884=EDGE_CURVE('',#12063,#12061,#12064,.T.);
#9885=EDGE_CURVE('',#11987,#12063,#12065,.T.);
#9886=FILL_AREA_STYLE('',(#12066));
#9887=EDGE_CURVE('',#11007,#12063,#12067,.T.);
#9888=FILL_AREA_STYLE('',(#12068));
#9889=EDGE_CURVE('',#11017,#12061,#12069,.T.);
#9890=FILL_AREA_STYLE('',(#12070));
#9891=FILL_AREA_STYLE('',(#12071));
#9892=EDGE_CURVE('',#10991,#12072,#12073,.T.);
#9893=EDGE_CURVE('',#12072,#12074,#12075,.T.);
#9894=EDGE_CURVE('',#11001,#12074,#12076,.T.);
#9895=FILL_AREA_STYLE('',(#12077));
#9896=EDGE_CURVE('',#12074,#11990,#12078,.T.);
#9897=FILL_AREA_STYLE('',(#12079));
#9898=EDGE_CURVE('',#11992,#12072,#12080,.T.);
#9899=FILL_AREA_STYLE('',(#12081));
#9900=FILL_AREA_STYLE('',(#12082));
#9901=EDGE_CURVE('',#12083,#11995,#12084,.T.);
#9902=EDGE_CURVE('',#12085,#12083,#12086,.T.);
#9903=EDGE_CURVE('',#11997,#12085,#12087,.T.);
#9904=FILL_AREA_STYLE('',(#12088));
#9905=EDGE_CURVE('',#10975,#12085,#12089,.T.);
#9906=FILL_AREA_STYLE('',(#12090));
#9907=EDGE_CURVE('',#10985,#12083,#12091,.T.);
#9908=FILL_AREA_STYLE('',(#12092));
#9909=FILL_AREA_STYLE('',(#12093));
#9910=EDGE_CURVE('',#12094,#12095,#12096,.T.);
#9911=EDGE_CURVE('',#12097,#12094,#12098,.T.);
#9912=EDGE_CURVE('',#12099,#12097,#12100,.T.);
#9913=EDGE_CURVE('',#12099,#12095,#12101,.T.);
#9914=FILL_AREA_STYLE('',(#12102));
#9915=EDGE_CURVE('',#12095,#12103,#12104,.T.);
#9916=EDGE_CURVE('',#12105,#12099,#12106,.T.);
#9917=EDGE_CURVE('',#12107,#12105,#12108,.T.);
#9918=EDGE_CURVE('',#12109,#12107,#12110,.T.);
#9919=EDGE_CURVE('',#12109,#12103,#12111,.T.);
#9920=FILL_AREA_STYLE('',(#12112));
#9921=EDGE_CURVE('',#12103,#12113,#12114,.T.);
#9922=EDGE_CURVE('',#12115,#12109,#12116,.T.);
#9923=EDGE_CURVE('',#12115,#12113,#12117,.T.);
#9924=FILL_AREA_STYLE('',(#12118));
#9925=EDGE_CURVE('',#12113,#12119,#12120,.T.);
#9926=EDGE_CURVE('',#12121,#12115,#12122,.T.);
#9927=EDGE_CURVE('',#12123,#12121,#12124,.T.);
#9928=EDGE_CURVE('',#12125,#12123,#12126,.T.);
#9929=EDGE_CURVE('',#12125,#12119,#12127,.T.);
#9930=FILL_AREA_STYLE('',(#12128));
#9931=EDGE_CURVE('',#12119,#12129,#12130,.T.);
#9932=EDGE_CURVE('',#12131,#12125,#12132,.T.);
#9933=EDGE_CURVE('',#12131,#12129,#12133,.T.);
#9934=FILL_AREA_STYLE('',(#12134));
#9935=EDGE_CURVE('',#12135,#12136,#12137,.T.);
#9936=EDGE_CURVE('',#12138,#12135,#12139,.T.);
#9937=EDGE_CURVE('',#12140,#12138,#12141,.T.);
#9938=EDGE_CURVE('',#12140,#12136,#12142,.T.);
#9939=FILL_AREA_STYLE('',(#12143));
#9940=EDGE_CURVE('',#10771,#10775,#12144,.T.);
#9941=EDGE_CURVE('',#10770,#10773,#12145,.T.);
#9942=FILL_AREA_STYLE('',(#12146));
#9943=FILL_AREA_STYLE('',(#12147));
#9944=EDGE_CURVE('',#12121,#12107,#12148,.T.);
#9945=EDGE_CURVE('',#12105,#12123,#12149,.T.);
#9946=FILL_AREA_STYLE('',(#12150));
#9947=EDGE_CURVE('',#12097,#12151,#12152,.T.);
#9948=EDGE_CURVE('',#12151,#12153,#12154,.T.);
#9949=EDGE_CURVE('',#12153,#12155,#12156,.T.);
#9950=EDGE_CURVE('',#12155,#12157,#12158,.T.);
#9951=EDGE_CURVE('',#12131,#12157,#12159,.T.);
#9952=FILL_AREA_STYLE('',(#12160));
#9953=EDGE_CURVE('',#12161,#12153,#12162,.T.);
#9954=EDGE_CURVE('',#12151,#12163,#12164,.T.);
#9955=EDGE_CURVE('',#12163,#12161,#12165,.T.);
#9956=FILL_AREA_STYLE('',(#12166));
#9957=EDGE_CURVE('',#12167,#12168,#12169,.T.);
#9958=EDGE_CURVE('',#12170,#12167,#12171,.T.);
#9959=EDGE_CURVE('',#12138,#12170,#12172,.T.);
#9960=EDGE_CURVE('',#12129,#12135,#12173,.T.);
#9961=EDGE_CURVE('',#12157,#12168,#12174,.T.);
#9962=FILL_AREA_STYLE('',(#12175));
#9963=FILL_AREA_STYLE('',(#12176));
#9964=EDGE_CURVE('',#12163,#12177,#12178,.T.);
#9965=EDGE_CURVE('',#12177,#12179,#12180,.T.);
#9966=EDGE_CURVE('',#12179,#12161,#12181,.T.);
#9967=FILL_AREA_STYLE('',(#12182));
#9968=EDGE_CURVE('',#12136,#12183,#12184,.T.);
#9969=EDGE_CURVE('',#12185,#12140,#12186,.T.);
#9970=EDGE_CURVE('',#12185,#12183,#12187,.T.);
#9971=FILL_AREA_STYLE('',(#12188));
#9972=EDGE_CURVE('',#12183,#12167,#12189,.T.);
#9973=EDGE_CURVE('',#12170,#12185,#12190,.T.);
#9974=FILL_AREA_STYLE('',(#12191));
#9975=EDGE_CURVE('',#12168,#12192,#12193,.T.);
#9976=EDGE_CURVE('',#12155,#12192,#12194,.T.);
#9977=FILL_AREA_STYLE('',(#12195));
#9978=EDGE_CURVE('',#12192,#12196,#12197,.T.);
#9979=EDGE_CURVE('',#12179,#12196,#12198,.T.);
#9980=FILL_AREA_STYLE('',(#12199));
#9981=EDGE_CURVE('',#12196,#12200,#12201,.T.);
#9982=EDGE_CURVE('',#12177,#12200,#12202,.T.);
#9983=FILL_AREA_STYLE('',(#12203));
#9984=EDGE_CURVE('',#12200,#12094,#12204,.T.);
#9985=FILL_AREA_STYLE('',(#12205));
#9986=FILL_AREA_STYLE('',(#12206));
#9987=EDGE_CURVE('',#12207,#12208,#12209,.T.);
#9988=EDGE_CURVE('',#12210,#12207,#12211,.T.);
#9989=EDGE_CURVE('',#12212,#12210,#12213,.T.);
#9990=EDGE_CURVE('',#12212,#12208,#12214,.T.);
#9991=FILL_AREA_STYLE('',(#12215));
#9992=EDGE_CURVE('',#12208,#12216,#12217,.T.);
#9993=EDGE_CURVE('',#12218,#12212,#12219,.T.);
#9994=EDGE_CURVE('',#12220,#12218,#12221,.T.);
#9995=EDGE_CURVE('',#12222,#12220,#12223,.T.);
#9996=EDGE_CURVE('',#12222,#12216,#12224,.T.);
#9997=FILL_AREA_STYLE('',(#12225));
#9998=EDGE_CURVE('',#12216,#12226,#12227,.T.);
#9999=EDGE_CURVE('',#12228,#12222,#12229,.T.);
#10000=EDGE_CURVE('',#12228,#12226,#12230,.T.);
#10001=FILL_AREA_STYLE('',(#12231));
#10002=EDGE_CURVE('',#12226,#12232,#12233,.T.);
#10003=EDGE_CURVE('',#12234,#12228,#12235,.T.);
#10004=EDGE_CURVE('',#12236,#12234,#12237,.T.);
#10005=EDGE_CURVE('',#12238,#12236,#12239,.T.);
#10006=EDGE_CURVE('',#12238,#12232,#12240,.T.);
#10007=FILL_AREA_STYLE('',(#12241));
#10008=EDGE_CURVE('',#12232,#12242,#12243,.T.);
#10009=EDGE_CURVE('',#12244,#12238,#12245,.T.);
#10010=EDGE_CURVE('',#12244,#12242,#12246,.T.);
#10011=FILL_AREA_STYLE('',(#12247));
#10012=EDGE_CURVE('',#12248,#12249,#12250,.T.);
#10013=EDGE_CURVE('',#12251,#12248,#12252,.T.);
#10014=EDGE_CURVE('',#12253,#12251,#12254,.T.);
#10015=EDGE_CURVE('',#12253,#12249,#12255,.T.);
#10016=FILL_AREA_STYLE('',(#12256));
#10017=EDGE_CURVE('',#10762,#10766,#12257,.T.);
#10018=EDGE_CURVE('',#10761,#10764,#12258,.T.);
#10019=FILL_AREA_STYLE('',(#12259));
#10020=FILL_AREA_STYLE('',(#12260));
#10021=EDGE_CURVE('',#12234,#12220,#12261,.T.);
#10022=EDGE_CURVE('',#12218,#12236,#12262,.T.);
#10023=FILL_AREA_STYLE('',(#12263));
#10024=EDGE_CURVE('',#12210,#12264,#12265,.T.);
#10025=EDGE_CURVE('',#12264,#12266,#12267,.T.);
#10026=EDGE_CURVE('',#12266,#12268,#12269,.T.);
#10027=EDGE_CURVE('',#12268,#12270,#12271,.T.);
#10028=EDGE_CURVE('',#12244,#12270,#12272,.T.);
#10029=FILL_AREA_STYLE('',(#12273));
#10030=EDGE_CURVE('',#12274,#12266,#12275,.T.);
#10031=EDGE_CURVE('',#12264,#12276,#12277,.T.);
#10032=EDGE_CURVE('',#12276,#12274,#12278,.T.);
#10033=FILL_AREA_STYLE('',(#12279));
#10034=EDGE_CURVE('',#12280,#12281,#12282,.T.);
#10035=EDGE_CURVE('',#12283,#12280,#12284,.T.);
#10036=EDGE_CURVE('',#12251,#12283,#12285,.T.);
#10037=EDGE_CURVE('',#12242,#12248,#12286,.T.);
#10038=EDGE_CURVE('',#12270,#12281,#12287,.T.);
#10039=FILL_AREA_STYLE('',(#12288));
#10040=FILL_AREA_STYLE('',(#12289));
#10041=EDGE_CURVE('',#12276,#12290,#12291,.T.);
#10042=EDGE_CURVE('',#12290,#12292,#12293,.T.);
#10043=EDGE_CURVE('',#12292,#12274,#12294,.T.);
#10044=FILL_AREA_STYLE('',(#12295));
#10045=EDGE_CURVE('',#12249,#12296,#12297,.T.);
#10046=EDGE_CURVE('',#12298,#12253,#12299,.T.);
#10047=EDGE_CURVE('',#12298,#12296,#12300,.T.);
#10048=FILL_AREA_STYLE('',(#12301));
#10049=EDGE_CURVE('',#12296,#12280,#12302,.T.);
#10050=EDGE_CURVE('',#12283,#12298,#12303,.T.);
#10051=FILL_AREA_STYLE('',(#12304));
#10052=EDGE_CURVE('',#12281,#12305,#12306,.T.);
#10053=EDGE_CURVE('',#12268,#12305,#12307,.T.);
#10054=FILL_AREA_STYLE('',(#12308));
#10055=EDGE_CURVE('',#12305,#12309,#12310,.T.);
#10056=EDGE_CURVE('',#12292,#12309,#12311,.T.);
#10057=FILL_AREA_STYLE('',(#12312));
#10058=EDGE_CURVE('',#12309,#12313,#12314,.T.);
#10059=EDGE_CURVE('',#12290,#12313,#12315,.T.);
#10060=FILL_AREA_STYLE('',(#12316));
#10061=EDGE_CURVE('',#12313,#12207,#12317,.T.);
#10062=FILL_AREA_STYLE('',(#12318));
#10063=FILL_AREA_STYLE('',(#12319));
#10064=EDGE_CURVE('',#12320,#12321,#12322,.T.);
#10065=EDGE_CURVE('',#12323,#12320,#12324,.T.);
#10066=EDGE_CURVE('',#12325,#12323,#12326,.T.);
#10067=EDGE_CURVE('',#12325,#12321,#12327,.T.);
#10068=FILL_AREA_STYLE('',(#12328));
#10069=EDGE_CURVE('',#12321,#12329,#12330,.T.);
#10070=EDGE_CURVE('',#12331,#12325,#12332,.T.);
#10071=EDGE_CURVE('',#12333,#12331,#12334,.T.);
#10072=EDGE_CURVE('',#12335,#12333,#12336,.T.);
#10073=EDGE_CURVE('',#12335,#12329,#12337,.T.);
#10074=FILL_AREA_STYLE('',(#12338));
#10075=EDGE_CURVE('',#12329,#12339,#12340,.T.);
#10076=EDGE_CURVE('',#12341,#12335,#12342,.T.);
#10077=EDGE_CURVE('',#12341,#12339,#12343,.T.);
#10078=FILL_AREA_STYLE('',(#12344));
#10079=EDGE_CURVE('',#12339,#12345,#12346,.T.);
#10080=EDGE_CURVE('',#12347,#12341,#12348,.T.);
#10081=EDGE_CURVE('',#12349,#12347,#12350,.T.);
#10082=EDGE_CURVE('',#12351,#12349,#12352,.T.);
#10083=EDGE_CURVE('',#12351,#12345,#12353,.T.);
#10084=FILL_AREA_STYLE('',(#12354));
#10085=EDGE_CURVE('',#12345,#12355,#12356,.T.);
#10086=EDGE_CURVE('',#12357,#12351,#12358,.T.);
#10087=EDGE_CURVE('',#12357,#12355,#12359,.T.);
#10088=FILL_AREA_STYLE('',(#12360));
#10089=EDGE_CURVE('',#12361,#12362,#12363,.T.);
#10090=EDGE_CURVE('',#12364,#12361,#12365,.T.);
#10091=EDGE_CURVE('',#12366,#12364,#12367,.T.);
#10092=EDGE_CURVE('',#12366,#12362,#12368,.T.);
#10093=FILL_AREA_STYLE('',(#12369));
#10094=EDGE_CURVE('',#10753,#10757,#12370,.T.);
#10095=EDGE_CURVE('',#10752,#10755,#12371,.T.);
#10096=FILL_AREA_STYLE('',(#12372));
#10097=FILL_AREA_STYLE('',(#12373));
#10098=EDGE_CURVE('',#12347,#12333,#12374,.T.);
#10099=EDGE_CURVE('',#12331,#12349,#12375,.T.);
#10100=FILL_AREA_STYLE('',(#12376));
#10101=EDGE_CURVE('',#12323,#12377,#12378,.T.);
#10102=EDGE_CURVE('',#12377,#12379,#12380,.T.);
#10103=EDGE_CURVE('',#12379,#12381,#12382,.T.);
#10104=EDGE_CURVE('',#12381,#12383,#12384,.T.);
#10105=EDGE_CURVE('',#12357,#12383,#12385,.T.);
#10106=FILL_AREA_STYLE('',(#12386));
#10107=EDGE_CURVE('',#12387,#12379,#12388,.T.);
#10108=EDGE_CURVE('',#12377,#12389,#12390,.T.);
#10109=EDGE_CURVE('',#12389,#12387,#12391,.T.);
#10110=FILL_AREA_STYLE('',(#12392));
#10111=EDGE_CURVE('',#12393,#12394,#12395,.T.);
#10112=EDGE_CURVE('',#12396,#12393,#12397,.T.);
#10113=EDGE_CURVE('',#12364,#12396,#12398,.T.);
#10114=EDGE_CURVE('',#12355,#12361,#12399,.T.);
#10115=EDGE_CURVE('',#12383,#12394,#12400,.T.);
#10116=FILL_AREA_STYLE('',(#12401));
#10117=FILL_AREA_STYLE('',(#12402));
#10118=EDGE_CURVE('',#12389,#12403,#12404,.T.);
#10119=EDGE_CURVE('',#12403,#12405,#12406,.T.);
#10120=EDGE_CURVE('',#12405,#12387,#12407,.T.);
#10121=FILL_AREA_STYLE('',(#12408));
#10122=EDGE_CURVE('',#12362,#12409,#12410,.T.);
#10123=EDGE_CURVE('',#12411,#12366,#12412,.T.);
#10124=EDGE_CURVE('',#12411,#12409,#12413,.T.);
#10125=FILL_AREA_STYLE('',(#12414));
#10126=EDGE_CURVE('',#12409,#12393,#12415,.T.);
#10127=EDGE_CURVE('',#12396,#12411,#12416,.T.);
#10128=FILL_AREA_STYLE('',(#12417));
#10129=EDGE_CURVE('',#12394,#12418,#12419,.T.);
#10130=EDGE_CURVE('',#12381,#12418,#12420,.T.);
#10131=FILL_AREA_STYLE('',(#12421));
#10132=EDGE_CURVE('',#12418,#12422,#12423,.T.);
#10133=EDGE_CURVE('',#12405,#12422,#12424,.T.);
#10134=FILL_AREA_STYLE('',(#12425));
#10135=EDGE_CURVE('',#12422,#12426,#12427,.T.);
#10136=EDGE_CURVE('',#12403,#12426,#12428,.T.);
#10137=FILL_AREA_STYLE('',(#12429));
#10138=EDGE_CURVE('',#12426,#12320,#12430,.T.);
#10139=FILL_AREA_STYLE('',(#12431));
#10140=FILL_AREA_STYLE('',(#12432));
#10141=EDGE_CURVE('',#12433,#12434,#12435,.T.);
#10142=EDGE_CURVE('',#12436,#12433,#12437,.T.);
#10143=EDGE_CURVE('',#12438,#12436,#12439,.T.);
#10144=EDGE_CURVE('',#12438,#12434,#12440,.T.);
#10145=FILL_AREA_STYLE('',(#12441));
#10146=EDGE_CURVE('',#12434,#12442,#12443,.T.);
#10147=EDGE_CURVE('',#12444,#12438,#12445,.T.);
#10148=EDGE_CURVE('',#12446,#12444,#12447,.T.);
#10149=EDGE_CURVE('',#12448,#12446,#12449,.T.);
#10150=EDGE_CURVE('',#12448,#12442,#12450,.T.);
#10151=FILL_AREA_STYLE('',(#12451));
#10152=EDGE_CURVE('',#12442,#12452,#12453,.T.);
#10153=EDGE_CURVE('',#12454,#12448,#12455,.T.);
#10154=EDGE_CURVE('',#12454,#12452,#12456,.T.);
#10155=FILL_AREA_STYLE('',(#12457));
#10156=EDGE_CURVE('',#12452,#12458,#12459,.T.);
#10157=EDGE_CURVE('',#12460,#12454,#12461,.T.);
#10158=EDGE_CURVE('',#12462,#12460,#12463,.T.);
#10159=EDGE_CURVE('',#12464,#12462,#12465,.T.);
#10160=EDGE_CURVE('',#12464,#12458,#12466,.T.);
#10161=FILL_AREA_STYLE('',(#12467));
#10162=EDGE_CURVE('',#12458,#12468,#12469,.T.);
#10163=EDGE_CURVE('',#12470,#12464,#12471,.T.);
#10164=EDGE_CURVE('',#12470,#12468,#12472,.T.);
#10165=FILL_AREA_STYLE('',(#12473));
#10166=EDGE_CURVE('',#12474,#12475,#12476,.T.);
#10167=EDGE_CURVE('',#12477,#12474,#12478,.T.);
#10168=EDGE_CURVE('',#12479,#12477,#12480,.T.);
#10169=EDGE_CURVE('',#12479,#12475,#12481,.T.);
#10170=FILL_AREA_STYLE('',(#12482));
#10171=EDGE_CURVE('',#10744,#10748,#12483,.T.);
#10172=EDGE_CURVE('',#10743,#10746,#12484,.T.);
#10173=FILL_AREA_STYLE('',(#12485));
#10174=FILL_AREA_STYLE('',(#12486));
#10175=EDGE_CURVE('',#12460,#12446,#12487,.T.);
#10176=EDGE_CURVE('',#12444,#12462,#12488,.T.);
#10177=FILL_AREA_STYLE('',(#12489));
#10178=EDGE_CURVE('',#12436,#12490,#12491,.T.);
#10179=EDGE_CURVE('',#12490,#12492,#12493,.T.);
#10180=EDGE_CURVE('',#12492,#12494,#12495,.T.);
#10181=EDGE_CURVE('',#12494,#12496,#12497,.T.);
#10182=EDGE_CURVE('',#12470,#12496,#12498,.T.);
#10183=FILL_AREA_STYLE('',(#12499));
#10184=EDGE_CURVE('',#12500,#12492,#12501,.T.);
#10185=EDGE_CURVE('',#12490,#12502,#12503,.T.);
#10186=EDGE_CURVE('',#12502,#12500,#12504,.T.);
#10187=FILL_AREA_STYLE('',(#12505));
#10188=EDGE_CURVE('',#12506,#12507,#12508,.T.);
#10189=EDGE_CURVE('',#12509,#12506,#12510,.T.);
#10190=EDGE_CURVE('',#12477,#12509,#12511,.T.);
#10191=EDGE_CURVE('',#12468,#12474,#12512,.T.);
#10192=EDGE_CURVE('',#12496,#12507,#12513,.T.);
#10193=FILL_AREA_STYLE('',(#12514));
#10194=FILL_AREA_STYLE('',(#12515));
#10195=EDGE_CURVE('',#12502,#12516,#12517,.T.);
#10196=EDGE_CURVE('',#12516,#12518,#12519,.T.);
#10197=EDGE_CURVE('',#12518,#12500,#12520,.T.);
#10198=FILL_AREA_STYLE('',(#12521));
#10199=EDGE_CURVE('',#12475,#12522,#12523,.T.);
#10200=EDGE_CURVE('',#12524,#12479,#12525,.T.);
#10201=EDGE_CURVE('',#12524,#12522,#12526,.T.);
#10202=FILL_AREA_STYLE('',(#12527));
#10203=EDGE_CURVE('',#12522,#12506,#12528,.T.);
#10204=EDGE_CURVE('',#12509,#12524,#12529,.T.);
#10205=FILL_AREA_STYLE('',(#12530));
#10206=EDGE_CURVE('',#12507,#12531,#12532,.T.);
#10207=EDGE_CURVE('',#12494,#12531,#12533,.T.);
#10208=FILL_AREA_STYLE('',(#12534));
#10209=EDGE_CURVE('',#12531,#12535,#12536,.T.);
#10210=EDGE_CURVE('',#12518,#12535,#12537,.T.);
#10211=FILL_AREA_STYLE('',(#12538));
#10212=EDGE_CURVE('',#12535,#12539,#12540,.T.);
#10213=EDGE_CURVE('',#12516,#12539,#12541,.T.);
#10214=FILL_AREA_STYLE('',(#12542));
#10215=EDGE_CURVE('',#12539,#12433,#12543,.T.);
#10216=FILL_AREA_STYLE('',(#12544));
#10217=FILL_AREA_STYLE('',(#12545));
#10218=EDGE_CURVE('',#12546,#12547,#12548,.T.);
#10219=EDGE_CURVE('',#12549,#12546,#12550,.T.);
#10220=EDGE_CURVE('',#12551,#12549,#12552,.T.);
#10221=EDGE_CURVE('',#12551,#12547,#12553,.T.);
#10222=FILL_AREA_STYLE('',(#12554));
#10223=EDGE_CURVE('',#12547,#12555,#12556,.T.);
#10224=EDGE_CURVE('',#12557,#12551,#12558,.T.);
#10225=EDGE_CURVE('',#12559,#12557,#12560,.T.);
#10226=EDGE_CURVE('',#12561,#12559,#12562,.T.);
#10227=EDGE_CURVE('',#12561,#12555,#12563,.T.);
#10228=FILL_AREA_STYLE('',(#12564));
#10229=EDGE_CURVE('',#12555,#12565,#12566,.T.);
#10230=EDGE_CURVE('',#12567,#12561,#12568,.T.);
#10231=EDGE_CURVE('',#12567,#12565,#12569,.T.);
#10232=FILL_AREA_STYLE('',(#12570));
#10233=EDGE_CURVE('',#12565,#12571,#12572,.T.);
#10234=EDGE_CURVE('',#12573,#12567,#12574,.T.);
#10235=EDGE_CURVE('',#12575,#12573,#12576,.T.);
#10236=EDGE_CURVE('',#12577,#12575,#12578,.T.);
#10237=EDGE_CURVE('',#12577,#12571,#12579,.T.);
#10238=FILL_AREA_STYLE('',(#12580));
#10239=EDGE_CURVE('',#12571,#12581,#12582,.T.);
#10240=EDGE_CURVE('',#12583,#12577,#12584,.T.);
#10241=EDGE_CURVE('',#12583,#12581,#12585,.T.);
#10242=FILL_AREA_STYLE('',(#12586));
#10243=EDGE_CURVE('',#12587,#12588,#12589,.T.);
#10244=EDGE_CURVE('',#12590,#12587,#12591,.T.);
#10245=EDGE_CURVE('',#12592,#12590,#12593,.T.);
#10246=EDGE_CURVE('',#12592,#12588,#12594,.T.);
#10247=FILL_AREA_STYLE('',(#12595));
#10248=EDGE_CURVE('',#10735,#10739,#12596,.T.);
#10249=EDGE_CURVE('',#10734,#10737,#12597,.T.);
#10250=FILL_AREA_STYLE('',(#12598));
#10251=FILL_AREA_STYLE('',(#12599));
#10252=EDGE_CURVE('',#12573,#12559,#12600,.T.);
#10253=EDGE_CURVE('',#12557,#12575,#12601,.T.);
#10254=FILL_AREA_STYLE('',(#12602));
#10255=EDGE_CURVE('',#12549,#12603,#12604,.T.);
#10256=EDGE_CURVE('',#12603,#12605,#12606,.T.);
#10257=EDGE_CURVE('',#12605,#12607,#12608,.T.);
#10258=EDGE_CURVE('',#12607,#12609,#12610,.T.);
#10259=EDGE_CURVE('',#12583,#12609,#12611,.T.);
#10260=FILL_AREA_STYLE('',(#12612));
#10261=EDGE_CURVE('',#12613,#12605,#12614,.T.);
#10262=EDGE_CURVE('',#12603,#12615,#12616,.T.);
#10263=EDGE_CURVE('',#12615,#12613,#12617,.T.);
#10264=FILL_AREA_STYLE('',(#12618));
#10265=EDGE_CURVE('',#12619,#12620,#12621,.T.);
#10266=EDGE_CURVE('',#12622,#12619,#12623,.T.);
#10267=EDGE_CURVE('',#12590,#12622,#12624,.T.);
#10268=EDGE_CURVE('',#12581,#12587,#12625,.T.);
#10269=EDGE_CURVE('',#12609,#12620,#12626,.T.);
#10270=FILL_AREA_STYLE('',(#12627));
#10271=FILL_AREA_STYLE('',(#12628));
#10272=EDGE_CURVE('',#12615,#12629,#12630,.T.);
#10273=EDGE_CURVE('',#12629,#12631,#12632,.T.);
#10274=EDGE_CURVE('',#12631,#12613,#12633,.T.);
#10275=FILL_AREA_STYLE('',(#12634));
#10276=EDGE_CURVE('',#12588,#12635,#12636,.T.);
#10277=EDGE_CURVE('',#12637,#12592,#12638,.T.);
#10278=EDGE_CURVE('',#12637,#12635,#12639,.T.);
#10279=FILL_AREA_STYLE('',(#12640));
#10280=EDGE_CURVE('',#12635,#12619,#12641,.T.);
#10281=EDGE_CURVE('',#12622,#12637,#12642,.T.);
#10282=FILL_AREA_STYLE('',(#12643));
#10283=EDGE_CURVE('',#12620,#12644,#12645,.T.);
#10284=EDGE_CURVE('',#12607,#12644,#12646,.T.);
#10285=FILL_AREA_STYLE('',(#12647));
#10286=EDGE_CURVE('',#12644,#12648,#12649,.T.);
#10287=EDGE_CURVE('',#12631,#12648,#12650,.T.);
#10288=FILL_AREA_STYLE('',(#12651));
#10289=EDGE_CURVE('',#12648,#12652,#12653,.T.);
#10290=EDGE_CURVE('',#12629,#12652,#12654,.T.);
#10291=FILL_AREA_STYLE('',(#12655));
#10292=EDGE_CURVE('',#12652,#12546,#12656,.T.);
#10293=FILL_AREA_STYLE('',(#12657));
#10294=FILL_AREA_STYLE('',(#12658));
#10295=EDGE_CURVE('',#12659,#12660,#12661,.T.);
#10296=EDGE_CURVE('',#12662,#12659,#12663,.T.);
#10297=EDGE_CURVE('',#12664,#12662,#12665,.T.);
#10298=EDGE_CURVE('',#12664,#12660,#12666,.T.);
#10299=FILL_AREA_STYLE('',(#12667));
#10300=EDGE_CURVE('',#12660,#12668,#12669,.T.);
#10301=EDGE_CURVE('',#12670,#12664,#12671,.T.);
#10302=EDGE_CURVE('',#12672,#12670,#12673,.T.);
#10303=EDGE_CURVE('',#12674,#12672,#12675,.T.);
#10304=EDGE_CURVE('',#12674,#12668,#12676,.T.);
#10305=FILL_AREA_STYLE('',(#12677));
#10306=EDGE_CURVE('',#12668,#12678,#12679,.T.);
#10307=EDGE_CURVE('',#12680,#12674,#12681,.T.);
#10308=EDGE_CURVE('',#12680,#12678,#12682,.T.);
#10309=FILL_AREA_STYLE('',(#12683));
#10310=EDGE_CURVE('',#12678,#12684,#12685,.T.);
#10311=EDGE_CURVE('',#12686,#12680,#12687,.T.);
#10312=EDGE_CURVE('',#12688,#12686,#12689,.T.);
#10313=EDGE_CURVE('',#12690,#12688,#12691,.T.);
#10314=EDGE_CURVE('',#12690,#12684,#12692,.T.);
#10315=FILL_AREA_STYLE('',(#12693));
#10316=EDGE_CURVE('',#12684,#12694,#12695,.T.);
#10317=EDGE_CURVE('',#12696,#12690,#12697,.T.);
#10318=EDGE_CURVE('',#12696,#12694,#12698,.T.);
#10319=FILL_AREA_STYLE('',(#12699));
#10320=EDGE_CURVE('',#12700,#12701,#12702,.T.);
#10321=EDGE_CURVE('',#12703,#12700,#12704,.T.);
#10322=EDGE_CURVE('',#12705,#12703,#12706,.T.);
#10323=EDGE_CURVE('',#12705,#12701,#12707,.T.);
#10324=FILL_AREA_STYLE('',(#12708));
#10325=EDGE_CURVE('',#10726,#10730,#12709,.T.);
#10326=EDGE_CURVE('',#10725,#10728,#12710,.T.);
#10327=FILL_AREA_STYLE('',(#12711));
#10328=FILL_AREA_STYLE('',(#12712));
#10329=EDGE_CURVE('',#12686,#12672,#12713,.T.);
#10330=EDGE_CURVE('',#12670,#12688,#12714,.T.);
#10331=FILL_AREA_STYLE('',(#12715));
#10332=EDGE_CURVE('',#12662,#12716,#12717,.T.);
#10333=EDGE_CURVE('',#12716,#12718,#12719,.T.);
#10334=EDGE_CURVE('',#12718,#12720,#12721,.T.);
#10335=EDGE_CURVE('',#12720,#12722,#12723,.T.);
#10336=EDGE_CURVE('',#12696,#12722,#12724,.T.);
#10337=FILL_AREA_STYLE('',(#12725));
#10338=EDGE_CURVE('',#12726,#12718,#12727,.T.);
#10339=EDGE_CURVE('',#12716,#12728,#12729,.T.);
#10340=EDGE_CURVE('',#12728,#12726,#12730,.T.);
#10341=FILL_AREA_STYLE('',(#12731));
#10342=EDGE_CURVE('',#12732,#12733,#12734,.T.);
#10343=EDGE_CURVE('',#12735,#12732,#12736,.T.);
#10344=EDGE_CURVE('',#12703,#12735,#12737,.T.);
#10345=EDGE_CURVE('',#12694,#12700,#12738,.T.);
#10346=EDGE_CURVE('',#12722,#12733,#12739,.T.);
#10347=FILL_AREA_STYLE('',(#12740));
#10348=FILL_AREA_STYLE('',(#12741));
#10349=EDGE_CURVE('',#12728,#12742,#12743,.T.);
#10350=EDGE_CURVE('',#12742,#12744,#12745,.T.);
#10351=EDGE_CURVE('',#12744,#12726,#12746,.T.);
#10352=FILL_AREA_STYLE('',(#12747));
#10353=EDGE_CURVE('',#12701,#12748,#12749,.T.);
#10354=EDGE_CURVE('',#12750,#12705,#12751,.T.);
#10355=EDGE_CURVE('',#12750,#12748,#12752,.T.);
#10356=FILL_AREA_STYLE('',(#12753));
#10357=EDGE_CURVE('',#12748,#12732,#12754,.T.);
#10358=EDGE_CURVE('',#12735,#12750,#12755,.T.);
#10359=FILL_AREA_STYLE('',(#12756));
#10360=EDGE_CURVE('',#12733,#12757,#12758,.T.);
#10361=EDGE_CURVE('',#12720,#12757,#12759,.T.);
#10362=FILL_AREA_STYLE('',(#12760));
#10363=EDGE_CURVE('',#12757,#12761,#12762,.T.);
#10364=EDGE_CURVE('',#12744,#12761,#12763,.T.);
#10365=FILL_AREA_STYLE('',(#12764));
#10366=EDGE_CURVE('',#12761,#12765,#12766,.T.);
#10367=EDGE_CURVE('',#12742,#12765,#12767,.T.);
#10368=FILL_AREA_STYLE('',(#12768));
#10369=EDGE_CURVE('',#12765,#12659,#12769,.T.);
#10370=FILL_AREA_STYLE('',(#12770));
#10371=FILL_AREA_STYLE('',(#12771));
#10372=EDGE_CURVE('',#12772,#12773,#12774,.T.);
#10373=EDGE_CURVE('',#12775,#12772,#12776,.T.);
#10374=EDGE_CURVE('',#12777,#12775,#12778,.T.);
#10375=EDGE_CURVE('',#12777,#12773,#12779,.T.);
#10376=FILL_AREA_STYLE('',(#12780));
#10377=EDGE_CURVE('',#12773,#12781,#12782,.T.);
#10378=EDGE_CURVE('',#12783,#12777,#12784,.T.);
#10379=EDGE_CURVE('',#12785,#12783,#12786,.T.);
#10380=EDGE_CURVE('',#12787,#12785,#12788,.T.);
#10381=EDGE_CURVE('',#12787,#12781,#12789,.T.);
#10382=FILL_AREA_STYLE('',(#12790));
#10383=EDGE_CURVE('',#12781,#12791,#12792,.T.);
#10384=EDGE_CURVE('',#12793,#12787,#12794,.T.);
#10385=EDGE_CURVE('',#12793,#12791,#12795,.T.);
#10386=FILL_AREA_STYLE('',(#12796));
#10387=EDGE_CURVE('',#12791,#12797,#12798,.T.);
#10388=EDGE_CURVE('',#12799,#12793,#12800,.T.);
#10389=EDGE_CURVE('',#12801,#12799,#12802,.T.);
#10390=EDGE_CURVE('',#12803,#12801,#12804,.T.);
#10391=EDGE_CURVE('',#12803,#12797,#12805,.T.);
#10392=FILL_AREA_STYLE('',(#12806));
#10393=EDGE_CURVE('',#12797,#12807,#12808,.T.);
#10394=EDGE_CURVE('',#12809,#12803,#12810,.T.);
#10395=EDGE_CURVE('',#12809,#12807,#12811,.T.);
#10396=FILL_AREA_STYLE('',(#12812));
#10397=EDGE_CURVE('',#12813,#12814,#12815,.T.);
#10398=EDGE_CURVE('',#12816,#12813,#12817,.T.);
#10399=EDGE_CURVE('',#12818,#12816,#12819,.T.);
#10400=EDGE_CURVE('',#12818,#12814,#12820,.T.);
#10401=FILL_AREA_STYLE('',(#12821));
#10402=EDGE_CURVE('',#10717,#10721,#12822,.T.);
#10403=EDGE_CURVE('',#10716,#10719,#12823,.T.);
#10404=FILL_AREA_STYLE('',(#12824));
#10405=FILL_AREA_STYLE('',(#12825));
#10406=EDGE_CURVE('',#12799,#12785,#12826,.T.);
#10407=EDGE_CURVE('',#12783,#12801,#12827,.T.);
#10408=FILL_AREA_STYLE('',(#12828));
#10409=EDGE_CURVE('',#12775,#12829,#12830,.T.);
#10410=EDGE_CURVE('',#12829,#12831,#12832,.T.);
#10411=EDGE_CURVE('',#12831,#12833,#12834,.T.);
#10412=EDGE_CURVE('',#12833,#12835,#12836,.T.);
#10413=EDGE_CURVE('',#12809,#12835,#12837,.T.);
#10414=FILL_AREA_STYLE('',(#12838));
#10415=EDGE_CURVE('',#12839,#12831,#12840,.T.);
#10416=EDGE_CURVE('',#12829,#12841,#12842,.T.);
#10417=EDGE_CURVE('',#12841,#12839,#12843,.T.);
#10418=FILL_AREA_STYLE('',(#12844));
#10419=EDGE_CURVE('',#12845,#12846,#12847,.T.);
#10420=EDGE_CURVE('',#12848,#12845,#12849,.T.);
#10421=EDGE_CURVE('',#12816,#12848,#12850,.T.);
#10422=EDGE_CURVE('',#12807,#12813,#12851,.T.);
#10423=EDGE_CURVE('',#12835,#12846,#12852,.T.);
#10424=FILL_AREA_STYLE('',(#12853));
#10425=FILL_AREA_STYLE('',(#12854));
#10426=EDGE_CURVE('',#12841,#12855,#12856,.T.);
#10427=EDGE_CURVE('',#12855,#12857,#12858,.T.);
#10428=EDGE_CURVE('',#12857,#12839,#12859,.T.);
#10429=FILL_AREA_STYLE('',(#12860));
#10430=EDGE_CURVE('',#12814,#12861,#12862,.T.);
#10431=EDGE_CURVE('',#12863,#12818,#12864,.T.);
#10432=EDGE_CURVE('',#12863,#12861,#12865,.T.);
#10433=FILL_AREA_STYLE('',(#12866));
#10434=EDGE_CURVE('',#12861,#12845,#12867,.T.);
#10435=EDGE_CURVE('',#12848,#12863,#12868,.T.);
#10436=FILL_AREA_STYLE('',(#12869));
#10437=EDGE_CURVE('',#12846,#12870,#12871,.T.);
#10438=EDGE_CURVE('',#12833,#12870,#12872,.T.);
#10439=FILL_AREA_STYLE('',(#12873));
#10440=EDGE_CURVE('',#12870,#12874,#12875,.T.);
#10441=EDGE_CURVE('',#12857,#12874,#12876,.T.);
#10442=FILL_AREA_STYLE('',(#12877));
#10443=EDGE_CURVE('',#12874,#12878,#12879,.T.);
#10444=EDGE_CURVE('',#12855,#12878,#12880,.T.);
#10445=FILL_AREA_STYLE('',(#12881));
#10446=EDGE_CURVE('',#12878,#12772,#12882,.T.);
#10447=FILL_AREA_STYLE('',(#12883));
#10448=FILL_AREA_STYLE('',(#12884));
#10449=EDGE_CURVE('',#12885,#12886,#12887,.T.);
#10450=EDGE_CURVE('',#12888,#12885,#12889,.T.);
#10451=EDGE_CURVE('',#12890,#12888,#12891,.T.);
#10452=EDGE_CURVE('',#12890,#12886,#12892,.T.);
#10453=FILL_AREA_STYLE('',(#12893));
#10454=EDGE_CURVE('',#12886,#12894,#12895,.T.);
#10455=EDGE_CURVE('',#12896,#12890,#12897,.T.);
#10456=EDGE_CURVE('',#12898,#12896,#12899,.T.);
#10457=EDGE_CURVE('',#12900,#12898,#12901,.T.);
#10458=EDGE_CURVE('',#12900,#12894,#12902,.T.);
#10459=FILL_AREA_STYLE('',(#12903));
#10460=EDGE_CURVE('',#12894,#12904,#12905,.T.);
#10461=EDGE_CURVE('',#12906,#12900,#12907,.T.);
#10462=EDGE_CURVE('',#12906,#12904,#12908,.T.);
#10463=FILL_AREA_STYLE('',(#12909));
#10464=EDGE_CURVE('',#12904,#12910,#12911,.T.);
#10465=EDGE_CURVE('',#12912,#12906,#12913,.T.);
#10466=EDGE_CURVE('',#12914,#12912,#12915,.T.);
#10467=EDGE_CURVE('',#12916,#12914,#12917,.T.);
#10468=EDGE_CURVE('',#12916,#12910,#12918,.T.);
#10469=FILL_AREA_STYLE('',(#12919));
#10470=EDGE_CURVE('',#12910,#12920,#12921,.T.);
#10471=EDGE_CURVE('',#12922,#12916,#12923,.T.);
#10472=EDGE_CURVE('',#12922,#12920,#12924,.T.);
#10473=FILL_AREA_STYLE('',(#12925));
#10474=EDGE_CURVE('',#12926,#12927,#12928,.T.);
#10475=EDGE_CURVE('',#12929,#12926,#12930,.T.);
#10476=EDGE_CURVE('',#12931,#12929,#12932,.T.);
#10477=EDGE_CURVE('',#12931,#12927,#12933,.T.);
#10478=FILL_AREA_STYLE('',(#12934));
#10479=EDGE_CURVE('',#10708,#10712,#12935,.T.);
#10480=EDGE_CURVE('',#10707,#10710,#12936,.T.);
#10481=FILL_AREA_STYLE('',(#12937));
#10482=FILL_AREA_STYLE('',(#12938));
#10483=EDGE_CURVE('',#12912,#12898,#12939,.T.);
#10484=EDGE_CURVE('',#12896,#12914,#12940,.T.);
#10485=FILL_AREA_STYLE('',(#12941));
#10486=EDGE_CURVE('',#12888,#12942,#12943,.T.);
#10487=EDGE_CURVE('',#12942,#12944,#12945,.T.);
#10488=EDGE_CURVE('',#12944,#12946,#12947,.T.);
#10489=EDGE_CURVE('',#12946,#12948,#12949,.T.);
#10490=EDGE_CURVE('',#12922,#12948,#12950,.T.);
#10491=FILL_AREA_STYLE('',(#12951));
#10492=EDGE_CURVE('',#12952,#12944,#12953,.T.);
#10493=EDGE_CURVE('',#12942,#12954,#12955,.T.);
#10494=EDGE_CURVE('',#12954,#12952,#12956,.T.);
#10495=FILL_AREA_STYLE('',(#12957));
#10496=EDGE_CURVE('',#12958,#12959,#12960,.T.);
#10497=EDGE_CURVE('',#12961,#12958,#12962,.T.);
#10498=EDGE_CURVE('',#12929,#12961,#12963,.T.);
#10499=EDGE_CURVE('',#12920,#12926,#12964,.T.);
#10500=EDGE_CURVE('',#12948,#12959,#12965,.T.);
#10501=FILL_AREA_STYLE('',(#12966));
#10502=FILL_AREA_STYLE('',(#12967));
#10503=EDGE_CURVE('',#12954,#12968,#12969,.T.);
#10504=EDGE_CURVE('',#12968,#12970,#12971,.T.);
#10505=EDGE_CURVE('',#12970,#12952,#12972,.T.);
#10506=FILL_AREA_STYLE('',(#12973));
#10507=EDGE_CURVE('',#12927,#12974,#12975,.T.);
#10508=EDGE_CURVE('',#12976,#12931,#12977,.T.);
#10509=EDGE_CURVE('',#12976,#12974,#12978,.T.);
#10510=FILL_AREA_STYLE('',(#12979));
#10511=EDGE_CURVE('',#12974,#12958,#12980,.T.);
#10512=EDGE_CURVE('',#12961,#12976,#12981,.T.);
#10513=FILL_AREA_STYLE('',(#12982));
#10514=EDGE_CURVE('',#12959,#12983,#12984,.T.);
#10515=EDGE_CURVE('',#12946,#12983,#12985,.T.);
#10516=FILL_AREA_STYLE('',(#12986));
#10517=EDGE_CURVE('',#12983,#12987,#12988,.T.);
#10518=EDGE_CURVE('',#12970,#12987,#12989,.T.);
#10519=FILL_AREA_STYLE('',(#12990));
#10520=EDGE_CURVE('',#12987,#12991,#12992,.T.);
#10521=EDGE_CURVE('',#12968,#12991,#12993,.T.);
#10522=FILL_AREA_STYLE('',(#12994));
#10523=EDGE_CURVE('',#12991,#12885,#12995,.T.);
#10524=FILL_AREA_STYLE('',(#12996));
#10525=FILL_AREA_STYLE('',(#12997));
#10526=EDGE_CURVE('',#12998,#12999,#13000,.T.);
#10527=EDGE_CURVE('',#13001,#12998,#13002,.T.);
#10528=EDGE_CURVE('',#13003,#13001,#13004,.T.);
#10529=EDGE_CURVE('',#13003,#12999,#13005,.T.);
#10530=FILL_AREA_STYLE('',(#13006));
#10531=EDGE_CURVE('',#12999,#13007,#13008,.T.);
#10532=EDGE_CURVE('',#13009,#13003,#13010,.T.);
#10533=EDGE_CURVE('',#13011,#13009,#13012,.T.);
#10534=EDGE_CURVE('',#13013,#13011,#13014,.T.);
#10535=EDGE_CURVE('',#13013,#13007,#13015,.T.);
#10536=FILL_AREA_STYLE('',(#13016));
#10537=EDGE_CURVE('',#13007,#13017,#13018,.T.);
#10538=EDGE_CURVE('',#13019,#13013,#13020,.T.);
#10539=EDGE_CURVE('',#13019,#13017,#13021,.T.);
#10540=FILL_AREA_STYLE('',(#13022));
#10541=EDGE_CURVE('',#13017,#13023,#13024,.T.);
#10542=EDGE_CURVE('',#13025,#13019,#13026,.T.);
#10543=EDGE_CURVE('',#13027,#13025,#13028,.T.);
#10544=EDGE_CURVE('',#13029,#13027,#13030,.T.);
#10545=EDGE_CURVE('',#13029,#13023,#13031,.T.);
#10546=FILL_AREA_STYLE('',(#13032));
#10547=EDGE_CURVE('',#13023,#13033,#13034,.T.);
#10548=EDGE_CURVE('',#13035,#13029,#13036,.T.);
#10549=EDGE_CURVE('',#13035,#13033,#13037,.T.);
#10550=FILL_AREA_STYLE('',(#13038));
#10551=EDGE_CURVE('',#13039,#13040,#13041,.T.);
#10552=EDGE_CURVE('',#13042,#13039,#13043,.T.);
#10553=EDGE_CURVE('',#13044,#13042,#13045,.T.);
#10554=EDGE_CURVE('',#13044,#13040,#13046,.T.);
#10555=FILL_AREA_STYLE('',(#13047));
#10556=EDGE_CURVE('',#10699,#10703,#13048,.T.);
#10557=EDGE_CURVE('',#10698,#10701,#13049,.T.);
#10558=FILL_AREA_STYLE('',(#13050));
#10559=FILL_AREA_STYLE('',(#13051));
#10560=EDGE_CURVE('',#13025,#13011,#13052,.T.);
#10561=EDGE_CURVE('',#13009,#13027,#13053,.T.);
#10562=FILL_AREA_STYLE('',(#13054));
#10563=EDGE_CURVE('',#13001,#13055,#13056,.T.);
#10564=EDGE_CURVE('',#13055,#13057,#13058,.T.);
#10565=EDGE_CURVE('',#13057,#13059,#13060,.T.);
#10566=EDGE_CURVE('',#13059,#13061,#13062,.T.);
#10567=EDGE_CURVE('',#13035,#13061,#13063,.T.);
#10568=FILL_AREA_STYLE('',(#13064));
#10569=EDGE_CURVE('',#13065,#13057,#13066,.T.);
#10570=EDGE_CURVE('',#13055,#13067,#13068,.T.);
#10571=EDGE_CURVE('',#13067,#13065,#13069,.T.);
#10572=FILL_AREA_STYLE('',(#13070));
#10573=EDGE_CURVE('',#13071,#13072,#13073,.T.);
#10574=EDGE_CURVE('',#13074,#13071,#13075,.T.);
#10575=EDGE_CURVE('',#13042,#13074,#13076,.T.);
#10576=EDGE_CURVE('',#13033,#13039,#13077,.T.);
#10577=EDGE_CURVE('',#13061,#13072,#13078,.T.);
#10578=FILL_AREA_STYLE('',(#13079));
#10579=FILL_AREA_STYLE('',(#13080));
#10580=EDGE_CURVE('',#13067,#13081,#13082,.T.);
#10581=EDGE_CURVE('',#13081,#13083,#13084,.T.);
#10582=EDGE_CURVE('',#13083,#13065,#13085,.T.);
#10583=FILL_AREA_STYLE('',(#13086));
#10584=EDGE_CURVE('',#13040,#13087,#13088,.T.);
#10585=EDGE_CURVE('',#13089,#13044,#13090,.T.);
#10586=EDGE_CURVE('',#13089,#13087,#13091,.T.);
#10587=FILL_AREA_STYLE('',(#13092));
#10588=EDGE_CURVE('',#13087,#13071,#13093,.T.);
#10589=EDGE_CURVE('',#13074,#13089,#13094,.T.);
#10590=FILL_AREA_STYLE('',(#13095));
#10591=EDGE_CURVE('',#13072,#13096,#13097,.T.);
#10592=EDGE_CURVE('',#13059,#13096,#13098,.T.);
#10593=FILL_AREA_STYLE('',(#13099));
#10594=EDGE_CURVE('',#13096,#13100,#13101,.T.);
#10595=EDGE_CURVE('',#13083,#13100,#13102,.T.);
#10596=FILL_AREA_STYLE('',(#13103));
#10597=EDGE_CURVE('',#13100,#13104,#13105,.T.);
#10598=EDGE_CURVE('',#13081,#13104,#13106,.T.);
#10599=FILL_AREA_STYLE('',(#13107));
#10600=EDGE_CURVE('',#13104,#12998,#13108,.T.);
#10601=FILL_AREA_STYLE('',(#13109));
#10602=FILL_AREA_STYLE('',(#13110));
#10603=EDGE_CURVE('',#13111,#13112,#13113,.T.);
#10604=EDGE_CURVE('',#13114,#13111,#13115,.T.);
#10605=EDGE_CURVE('',#13116,#13114,#13117,.T.);
#10606=EDGE_CURVE('',#13116,#13112,#13118,.T.);
#10607=FILL_AREA_STYLE('',(#13119));
#10608=EDGE_CURVE('',#13112,#13120,#13121,.T.);
#10609=EDGE_CURVE('',#13122,#13116,#13123,.T.);
#10610=EDGE_CURVE('',#13124,#13122,#13125,.T.);
#10611=EDGE_CURVE('',#13126,#13124,#13127,.T.);
#10612=EDGE_CURVE('',#13126,#13120,#13128,.T.);
#10613=FILL_AREA_STYLE('',(#13129));
#10614=EDGE_CURVE('',#13120,#13130,#13131,.T.);
#10615=EDGE_CURVE('',#13132,#13126,#13133,.T.);
#10616=EDGE_CURVE('',#13132,#13130,#13134,.T.);
#10617=FILL_AREA_STYLE('',(#13135));
#10618=EDGE_CURVE('',#13130,#13136,#13137,.T.);
#10619=EDGE_CURVE('',#13138,#13132,#13139,.T.);
#10620=EDGE_CURVE('',#13140,#13138,#13141,.T.);
#10621=EDGE_CURVE('',#13142,#13140,#13143,.T.);
#10622=EDGE_CURVE('',#13142,#13136,#13144,.T.);
#10623=FILL_AREA_STYLE('',(#13145));
#10624=EDGE_CURVE('',#13136,#13146,#13147,.T.);
#10625=EDGE_CURVE('',#13148,#13142,#13149,.T.);
#10626=EDGE_CURVE('',#13148,#13146,#13150,.T.);
#10627=FILL_AREA_STYLE('',(#13151));
#10628=EDGE_CURVE('',#13152,#13153,#13154,.T.);
#10629=EDGE_CURVE('',#13155,#13152,#13156,.T.);
#10630=EDGE_CURVE('',#13157,#13155,#13158,.T.);
#10631=EDGE_CURVE('',#13157,#13153,#13159,.T.);
#10632=FILL_AREA_STYLE('',(#13160));
#10633=EDGE_CURVE('',#10690,#10694,#13161,.T.);
#10634=EDGE_CURVE('',#10689,#10692,#13162,.T.);
#10635=FILL_AREA_STYLE('',(#13163));
#10636=FILL_AREA_STYLE('',(#13164));
#10637=EDGE_CURVE('',#13138,#13124,#13165,.T.);
#10638=EDGE_CURVE('',#13122,#13140,#13166,.T.);
#10639=FILL_AREA_STYLE('',(#13167));
#10640=EDGE_CURVE('',#13114,#13168,#13169,.T.);
#10641=EDGE_CURVE('',#13168,#13170,#13171,.T.);
#10642=EDGE_CURVE('',#13170,#13172,#13173,.T.);
#10643=EDGE_CURVE('',#13172,#13174,#13175,.T.);
#10644=EDGE_CURVE('',#13148,#13174,#13176,.T.);
#10645=FILL_AREA_STYLE('',(#13177));
#10646=EDGE_CURVE('',#13178,#13170,#13179,.T.);
#10647=EDGE_CURVE('',#13168,#13180,#13181,.T.);
#10648=EDGE_CURVE('',#13180,#13178,#13182,.T.);
#10649=FILL_AREA_STYLE('',(#13183));
#10650=EDGE_CURVE('',#13184,#13185,#13186,.T.);
#10651=EDGE_CURVE('',#13187,#13184,#13188,.T.);
#10652=EDGE_CURVE('',#13155,#13187,#13189,.T.);
#10653=EDGE_CURVE('',#13146,#13152,#13190,.T.);
#10654=EDGE_CURVE('',#13174,#13185,#13191,.T.);
#10655=FILL_AREA_STYLE('',(#13192));
#10656=FILL_AREA_STYLE('',(#13193));
#10657=EDGE_CURVE('',#13180,#13194,#13195,.T.);
#10658=EDGE_CURVE('',#13194,#13196,#13197,.T.);
#10659=EDGE_CURVE('',#13196,#13178,#13198,.T.);
#10660=FILL_AREA_STYLE('',(#13199));
#10661=EDGE_CURVE('',#13153,#13200,#13201,.T.);
#10662=EDGE_CURVE('',#13202,#13157,#13203,.T.);
#10663=EDGE_CURVE('',#13202,#13200,#13204,.T.);
#10664=FILL_AREA_STYLE('',(#13205));
#10665=EDGE_CURVE('',#13200,#13184,#13206,.T.);
#10666=EDGE_CURVE('',#13187,#13202,#13207,.T.);
#10667=FILL_AREA_STYLE('',(#13208));
#10668=EDGE_CURVE('',#13185,#13209,#13210,.T.);
#10669=EDGE_CURVE('',#13172,#13209,#13211,.T.);
#10670=FILL_AREA_STYLE('',(#13212));
#10671=EDGE_CURVE('',#13209,#13213,#13214,.T.);
#10672=EDGE_CURVE('',#13196,#13213,#13215,.T.);
#10673=FILL_AREA_STYLE('',(#13216));
#10674=EDGE_CURVE('',#13213,#13217,#13218,.T.);
#10675=EDGE_CURVE('',#13194,#13217,#13219,.T.);
#10676=FILL_AREA_STYLE('',(#13220));
#10677=EDGE_CURVE('',#13217,#13111,#13221,.T.);
#10678=FILL_AREA_STYLE('',(#13222));
#10679=FILL_AREA_STYLE('',(#13223));
#10680=EDGE_CURVE('',#13224,#12002,#13225,.T.);
#10681=EDGE_CURVE('',#12000,#13226,#13227,.T.);
#10682=EDGE_CURVE('',#13226,#13224,#13228,.T.);
#10683=FILL_AREA_STYLE('',(#13229));
#10684=EDGE_CURVE('',#10969,#13226,#13230,.T.);
#10685=FILL_AREA_STYLE('',(#13231));
#10686=EDGE_CURVE('',#10967,#13224,#13232,.T.);
#10687=FILL_AREA_STYLE('',(#13233));
#10688=FILL_AREA_STYLE_COLOUR('',#13234);
#10689=VERTEX_POINT('',#13235);
#10690=VERTEX_POINT('',#13236);
#10691=LINE('',#13237,#13238);
#10692=VERTEX_POINT('',#13239);
#10693=CIRCLE('',#13240,1.015);
#10694=VERTEX_POINT('',#13241);
#10695=LINE('',#13242,#13243);
#10696=CIRCLE('',#13244,1.015);
#10697=FILL_AREA_STYLE_COLOUR('',#13245);
#10698=VERTEX_POINT('',#13246);
#10699=VERTEX_POINT('',#13247);
#10700=LINE('',#13248,#13249);
#10701=VERTEX_POINT('',#13250);
#10702=CIRCLE('',#13251,1.015);
#10703=VERTEX_POINT('',#13252);
#10704=LINE('',#13253,#13254);
#10705=CIRCLE('',#13255,1.015);
#10706=FILL_AREA_STYLE_COLOUR('',#13256);
#10707=VERTEX_POINT('',#13257);
#10708=VERTEX_POINT('',#13258);
#10709=LINE('',#13259,#13260);
#10710=VERTEX_POINT('',#13261);
#10711=CIRCLE('',#13262,1.015);
#10712=VERTEX_POINT('',#13263);
#10713=LINE('',#13264,#13265);
#10714=CIRCLE('',#13266,1.015);
#10715=FILL_AREA_STYLE_COLOUR('',#13267);
#10716=VERTEX_POINT('',#13268);
#10717=VERTEX_POINT('',#13269);
#10718=LINE('',#13270,#13271);
#10719=VERTEX_POINT('',#13272);
#10720=CIRCLE('',#13273,1.015);
#10721=VERTEX_POINT('',#13274);
#10722=LINE('',#13275,#13276);
#10723=CIRCLE('',#13277,1.015);
#10724=FILL_AREA_STYLE_COLOUR('',#13278);
#10725=VERTEX_POINT('',#13279);
#10726=VERTEX_POINT('',#13280);
#10727=LINE('',#13281,#13282);
#10728=VERTEX_POINT('',#13283);
#10729=CIRCLE('',#13284,1.015);
#10730=VERTEX_POINT('',#13285);
#10731=LINE('',#13286,#13287);
#10732=CIRCLE('',#13288,1.015);
#10733=FILL_AREA_STYLE_COLOUR('',#13289);
#10734=VERTEX_POINT('',#13290);
#10735=VERTEX_POINT('',#13291);
#10736=LINE('',#13292,#13293);
#10737=VERTEX_POINT('',#13294);
#10738=CIRCLE('',#13295,1.015);
#10739=VERTEX_POINT('',#13296);
#10740=LINE('',#13297,#13298);
#10741=CIRCLE('',#13299,1.015);
#10742=FILL_AREA_STYLE_COLOUR('',#13300);
#10743=VERTEX_POINT('',#13301);
#10744=VERTEX_POINT('',#13302);
#10745=LINE('',#13303,#13304);
#10746=VERTEX_POINT('',#13305);
#10747=CIRCLE('',#13306,1.015);
#10748=VERTEX_POINT('',#13307);
#10749=LINE('',#13308,#13309);
#10750=CIRCLE('',#13310,1.015);
#10751=FILL_AREA_STYLE_COLOUR('',#13311);
#10752=VERTEX_POINT('',#13312);
#10753=VERTEX_POINT('',#13313);
#10754=LINE('',#13314,#13315);
#10755=VERTEX_POINT('',#13316);
#10756=CIRCLE('',#13317,1.015);
#10757=VERTEX_POINT('',#13318);
#10758=LINE('',#13319,#13320);
#10759=CIRCLE('',#13321,1.015);
#10760=FILL_AREA_STYLE_COLOUR('',#13322);
#10761=VERTEX_POINT('',#13323);
#10762=VERTEX_POINT('',#13324);
#10763=LINE('',#13325,#13326);
#10764=VERTEX_POINT('',#13327);
#10765=CIRCLE('',#13328,1.015);
#10766=VERTEX_POINT('',#13329);
#10767=LINE('',#13330,#13331);
#10768=CIRCLE('',#13332,1.015);
#10769=FILL_AREA_STYLE_COLOUR('',#13333);
#10770=VERTEX_POINT('',#13334);
#10771=VERTEX_POINT('',#13335);
#10772=LINE('',#13336,#13337);
#10773=VERTEX_POINT('',#13338);
#10774=CIRCLE('',#13339,1.015);
#10775=VERTEX_POINT('',#13340);
#10776=LINE('',#13341,#13342);
#10777=CIRCLE('',#13343,1.015);
#10778=FILL_AREA_STYLE_COLOUR('',#13344);
#10779=VERTEX_POINT('',#13345);
#10780=VERTEX_POINT('',#13346);
#10781=LINE('',#13347,#13348);
#10782=VERTEX_POINT('',#13349);
#10783=CIRCLE('',#13350,0.508);
#10784=VERTEX_POINT('',#13351);
#10785=LINE('',#13352,#13353);
#10786=CIRCLE('',#13354,0.508);
#10787=FILL_AREA_STYLE_COLOUR('',#13355);
#10788=VERTEX_POINT('',#13356);
#10789=VERTEX_POINT('',#13357);
#10790=LINE('',#13358,#13359);
#10791=VERTEX_POINT('',#13360);
#10792=CIRCLE('',#13361,0.508);
#10793=VERTEX_POINT('',#13362);
#10794=LINE('',#13363,#13364);
#10795=CIRCLE('',#13365,0.508);
#10796=FILL_AREA_STYLE_COLOUR('',#13366);
#10797=VERTEX_POINT('',#13367);
#10798=VERTEX_POINT('',#13368);
#10799=LINE('',#13369,#13370);
#10800=VERTEX_POINT('',#13371);
#10801=CIRCLE('',#13372,0.508);
#10802=VERTEX_POINT('',#13373);
#10803=LINE('',#13374,#13375);
#10804=CIRCLE('',#13376,0.508);
#10805=FILL_AREA_STYLE_COLOUR('',#13377);
#10806=VERTEX_POINT('',#13378);
#10807=VERTEX_POINT('',#13379);
#10808=LINE('',#13380,#13381);
#10809=VERTEX_POINT('',#13382);
#10810=CIRCLE('',#13383,0.508);
#10811=VERTEX_POINT('',#13384);
#10812=LINE('',#13385,#13386);
#10813=CIRCLE('',#13387,0.508);
#10814=FILL_AREA_STYLE_COLOUR('',#13388);
#10815=VERTEX_POINT('',#13389);
#10816=VERTEX_POINT('',#13390);
#10817=LINE('',#13391,#13392);
#10818=VERTEX_POINT('',#13393);
#10819=CIRCLE('',#13394,0.508);
#10820=VERTEX_POINT('',#13395);
#10821=LINE('',#13396,#13397);
#10822=CIRCLE('',#13398,0.508);
#10823=FILL_AREA_STYLE_COLOUR('',#13399);
#10824=VERTEX_POINT('',#13400);
#10825=VERTEX_POINT('',#13401);
#10826=LINE('',#13402,#13403);
#10827=VERTEX_POINT('',#13404);
#10828=CIRCLE('',#13405,0.508);
#10829=VERTEX_POINT('',#13406);
#10830=LINE('',#13407,#13408);
#10831=CIRCLE('',#13409,0.508);
#10832=FILL_AREA_STYLE_COLOUR('',#13410);
#10833=VERTEX_POINT('',#13411);
#10834=VERTEX_POINT('',#13412);
#10835=LINE('',#13413,#13414);
#10836=VERTEX_POINT('',#13415);
#10837=CIRCLE('',#13416,0.508);
#10838=VERTEX_POINT('',#13417);
#10839=LINE('',#13418,#13419);
#10840=CIRCLE('',#13420,0.508);
#10841=FILL_AREA_STYLE_COLOUR('',#13421);
#10842=VERTEX_POINT('',#13422);
#10843=VERTEX_POINT('',#13423);
#10844=LINE('',#13424,#13425);
#10845=VERTEX_POINT('',#13426);
#10846=CIRCLE('',#13427,0.508);
#10847=VERTEX_POINT('',#13428);
#10848=LINE('',#13429,#13430);
#10849=CIRCLE('',#13431,0.508);
#10850=FILL_AREA_STYLE_COLOUR('',#13432);
#10851=VERTEX_POINT('',#13433);
#10852=VERTEX_POINT('',#13434);
#10853=LINE('',#13435,#13436);
#10854=VERTEX_POINT('',#13437);
#10855=CIRCLE('',#13438,0.508);
#10856=VERTEX_POINT('',#13439);
#10857=LINE('',#13440,#13441);
#10858=CIRCLE('',#13442,0.508);
#10859=FILL_AREA_STYLE_COLOUR('',#13443);
#10860=VERTEX_POINT('',#13444);
#10861=VERTEX_POINT('',#13445);
#10862=LINE('',#13446,#13447);
#10863=VERTEX_POINT('',#13448);
#10864=CIRCLE('',#13449,0.508);
#10865=VERTEX_POINT('',#13450);
#10866=LINE('',#13451,#13452);
#10867=CIRCLE('',#13453,0.508);
#10868=FILL_AREA_STYLE_COLOUR('',#13454);
#10869=VERTEX_POINT('',#13455);
#10870=VERTEX_POINT('',#13456);
#10871=LINE('',#13457,#13458);
#10872=VERTEX_POINT('',#13459);
#10873=CIRCLE('',#13460,1.016);
#10874=VERTEX_POINT('',#13461);
#10875=LINE('',#13462,#13463);
#10876=CIRCLE('',#13464,1.016);
#10877=FILL_AREA_STYLE_COLOUR('',#13465);
#10878=VERTEX_POINT('',#13466);
#10879=VERTEX_POINT('',#13467);
#10880=LINE('',#13468,#13469);
#10881=VERTEX_POINT('',#13470);
#10882=LINE('',#13471,#13472);
#10883=VERTEX_POINT('',#13473);
#10884=LINE('',#13474,#13475);
#10885=LINE('',#13476,#13477);
#10886=FILL_AREA_STYLE_COLOUR('',#13478);
#10887=VERTEX_POINT('',#13479);
#10888=LINE('',#13480,#13481);
#10889=VERTEX_POINT('',#13482);
#10890=LINE('',#13483,#13484);
#10891=LINE('',#13485,#13486);
#10892=FILL_AREA_STYLE_COLOUR('',#13487);
#10893=VERTEX_POINT('',#13488);
#10894=LINE('',#13489,#13490);
#10895=VERTEX_POINT('',#13491);
#10896=LINE('',#13492,#13493);
#10897=LINE('',#13494,#13495);
#10898=FILL_AREA_STYLE_COLOUR('',#13496);
#10899=VERTEX_POINT('',#13497);
#10900=LINE('',#13498,#13499);
#10901=VERTEX_POINT('',#13500);
#10902=LINE('',#13501,#13502);
#10903=VERTEX_POINT('',#13503);
#10904=LINE('',#13504,#13505);
#10905=VERTEX_POINT('',#13506);
#10906=LINE('',#13507,#13508);
#10907=LINE('',#13509,#13510);
#10908=FILL_AREA_STYLE_COLOUR('',#13511);
#10909=VERTEX_POINT('',#13512);
#10910=LINE('',#13513,#13514);
#10911=VERTEX_POINT('',#13515);
#10912=LINE('',#13516,#13517);
#10913=LINE('',#13518,#13519);
#10914=FILL_AREA_STYLE_COLOUR('',#13520);
#10915=VERTEX_POINT('',#13521);
#10916=LINE('',#13522,#13523);
#10917=VERTEX_POINT('',#13524);
#10918=LINE('',#13525,#13526);
#10919=LINE('',#13527,#13528);
#10920=FILL_AREA_STYLE_COLOUR('',#13529);
#10921=VERTEX_POINT('',#13530);
#10922=LINE('',#13531,#13532);
#10923=VERTEX_POINT('',#13533);
#10924=LINE('',#13534,#13535);
#10925=VERTEX_POINT('',#13536);
#10926=LINE('',#13537,#13538);
#10927=VERTEX_POINT('',#13539);
#10928=LINE('',#13540,#13541);
#10929=LINE('',#13542,#13543);
#10930=FILL_AREA_STYLE_COLOUR('',#13544);
#10931=LINE('',#13545,#13546);
#10932=LINE('',#13547,#13548);
#10933=FILL_AREA_STYLE_COLOUR('',#13549);
#10934=VERTEX_POINT('',#13550);
#10935=LINE('',#13551,#13552);
#10936=VERTEX_POINT('',#13553);
#10937=LINE('',#13554,#13555);
#10938=LINE('',#13556,#13557);
#10939=FILL_AREA_STYLE_COLOUR('',#13558);
#10940=VERTEX_POINT('',#13559);
#10941=LINE('',#13560,#13561);
#10942=VERTEX_POINT('',#13562);
#10943=LINE('',#13563,#13564);
#10944=LINE('',#13565,#13566);
#10945=FILL_AREA_STYLE_COLOUR('',#13567);
#10946=LINE('',#13568,#13569);
#10947=LINE('',#13570,#13571);
#10948=FILL_AREA_STYLE_COLOUR('',#13572);
#10949=LINE('',#13573,#13574);
#10950=LINE('',#13575,#13576);
#10951=FILL_AREA_STYLE_COLOUR('',#13577);
#10952=FILL_AREA_STYLE_COLOUR('',#13578);
#10953=FILL_AREA_STYLE_COLOUR('',#13579);
#10954=LINE('',#13580,#13581);
#10955=FILL_AREA_STYLE_COLOUR('',#13582);
#10956=LINE('',#13583,#13584);
#10957=FILL_AREA_STYLE_COLOUR('',#13585);
#10958=FILL_AREA_STYLE_COLOUR('',#13586);
#10959=LINE('',#13587,#13588);
#10960=FILL_AREA_STYLE_COLOUR('',#13589);
#10961=VERTEX_POINT('',#13590);
#10962=LINE('',#13591,#13592);
#10963=VERTEX_POINT('',#13593);
#10964=LINE('',#13594,#13595);
#10965=VERTEX_POINT('',#13596);
#10966=LINE('',#13597,#13598);
#10967=VERTEX_POINT('',#13599);
#10968=LINE('',#13600,#13601);
#10969=VERTEX_POINT('',#13602);
#10970=LINE('',#13603,#13604);
#10971=VERTEX_POINT('',#13605);
#10972=LINE('',#13606,#13607);
#10973=VERTEX_POINT('',#13608);
#10974=LINE('',#13609,#13610);
#10975=VERTEX_POINT('',#13611);
#10976=LINE('',#13612,#13613);
#10977=VERTEX_POINT('',#13614);
#10978=LINE('',#13615,#13616);
#10979=VERTEX_POINT('',#13617);
#10980=LINE('',#13618,#13619);
#10981=VERTEX_POINT('',#13620);
#10982=LINE('',#13621,#13622);
#10983=VERTEX_POINT('',#13623);
#10984=LINE('',#13624,#13625);
#10985=VERTEX_POINT('',#13626);
#10986=LINE('',#13627,#13628);
#10987=VERTEX_POINT('',#13629);
#10988=LINE('',#13630,#13631);
#10989=VERTEX_POINT('',#13632);
#10990=LINE('',#13633,#13634);
#10991=VERTEX_POINT('',#13635);
#10992=LINE('',#13636,#13637);
#10993=VERTEX_POINT('',#13638);
#10994=LINE('',#13639,#13640);
#10995=VERTEX_POINT('',#13641);
#10996=LINE('',#13642,#13643);
#10997=VERTEX_POINT('',#13644);
#10998=LINE('',#13645,#13646);
#10999=VERTEX_POINT('',#13647);
#11000=LINE('',#13648,#13649);
#11001=VERTEX_POINT('',#13650);
#11002=LINE('',#13651,#13652);
#11003=VERTEX_POINT('',#13653);
#11004=LINE('',#13654,#13655);
#11005=VERTEX_POINT('',#13656);
#11006=LINE('',#13657,#13658);
#11007=VERTEX_POINT('',#13659);
#11008=LINE('',#13660,#13661);
#11009=VERTEX_POINT('',#13662);
#11010=LINE('',#13663,#13664);
#11011=VERTEX_POINT('',#13665);
#11012=LINE('',#13666,#13667);
#11013=VERTEX_POINT('',#13668);
#11014=LINE('',#13669,#13670);
#11015=VERTEX_POINT('',#13671);
#11016=LINE('',#13672,#13673);
#11017=VERTEX_POINT('',#13674);
#11018=LINE('',#13675,#13676);
#11019=VERTEX_POINT('',#13677);
#11020=LINE('',#13678,#13679);
#11021=VERTEX_POINT('',#13680);
#11022=LINE('',#13681,#13682);
#11023=VERTEX_POINT('',#13683);
#11024=LINE('',#13684,#13685);
#11025=VERTEX_POINT('',#13686);
#11026=LINE('',#13687,#13688);
#11027=VERTEX_POINT('',#13689);
#11028=LINE('',#13690,#13691);
#11029=VERTEX_POINT('',#13692);
#11030=LINE('',#13693,#13694);
#11031=VERTEX_POINT('',#13695);
#11032=LINE('',#13696,#13697);
#11033=VERTEX_POINT('',#13698);
#11034=LINE('',#13699,#13700);
#11035=VERTEX_POINT('',#13701);
#11036=LINE('',#13702,#13703);
#11037=VERTEX_POINT('',#13704);
#11038=LINE('',#13705,#13706);
#11039=VERTEX_POINT('',#13707);
#11040=LINE('',#13708,#13709);
#11041=VERTEX_POINT('',#13710);
#11042=LINE('',#13711,#13712);
#11043=VERTEX_POINT('',#13713);
#11044=LINE('',#13714,#13715);
#11045=VERTEX_POINT('',#13716);
#11046=LINE('',#13717,#13718);
#11047=VERTEX_POINT('',#13719);
#11048=LINE('',#13720,#13721);
#11049=VERTEX_POINT('',#13722);
#11050=LINE('',#13723,#13724);
#11051=VERTEX_POINT('',#13725);
#11052=LINE('',#13726,#13727);
#11053=VERTEX_POINT('',#13728);
#11054=LINE('',#13729,#13730);
#11055=VERTEX_POINT('',#13731);
#11056=LINE('',#13732,#13733);
#11057=VERTEX_POINT('',#13734);
#11058=LINE('',#13735,#13736);
#11059=VERTEX_POINT('',#13737);
#11060=LINE('',#13738,#13739);
#11061=VERTEX_POINT('',#13740);
#11062=LINE('',#13741,#13742);
#11063=VERTEX_POINT('',#13743);
#11064=LINE('',#13744,#13745);
#11065=VERTEX_POINT('',#13746);
#11066=LINE('',#13747,#13748);
#11067=VERTEX_POINT('',#13749);
#11068=LINE('',#13750,#13751);
#11069=VERTEX_POINT('',#13752);
#11070=LINE('',#13753,#13754);
#11071=VERTEX_POINT('',#13755);
#11072=LINE('',#13756,#13757);
#11073=VERTEX_POINT('',#13758);
#11074=LINE('',#13759,#13760);
#11075=VERTEX_POINT('',#13761);
#11076=LINE('',#13762,#13763);
#11077=VERTEX_POINT('',#13764);
#11078=LINE('',#13765,#13766);
#11079=VERTEX_POINT('',#13767);
#11080=LINE('',#13768,#13769);
#11081=VERTEX_POINT('',#13770);
#11082=LINE('',#13771,#13772);
#11083=VERTEX_POINT('',#13773);
#11084=LINE('',#13774,#13775);
#11085=VERTEX_POINT('',#13776);
#11086=LINE('',#13777,#13778);
#11087=VERTEX_POINT('',#13779);
#11088=LINE('',#13780,#13781);
#11089=VERTEX_POINT('',#13782);
#11090=LINE('',#13783,#13784);
#11091=VERTEX_POINT('',#13785);
#11092=LINE('',#13786,#13787);
#11093=VERTEX_POINT('',#13788);
#11094=LINE('',#13789,#13790);
#11095=VERTEX_POINT('',#13791);
#11096=LINE('',#13792,#13793);
#11097=VERTEX_POINT('',#13794);
#11098=LINE('',#13795,#13796);
#11099=VERTEX_POINT('',#13797);
#11100=LINE('',#13798,#13799);
#11101=VERTEX_POINT('',#13800);
#11102=LINE('',#13801,#13802);
#11103=VERTEX_POINT('',#13803);
#11104=LINE('',#13804,#13805);
#11105=VERTEX_POINT('',#13806);
#11106=LINE('',#13807,#13808);
#11107=VERTEX_POINT('',#13809);
#11108=LINE('',#13810,#13811);
#11109=VERTEX_POINT('',#13812);
#11110=LINE('',#13813,#13814);
#11111=VERTEX_POINT('',#13815);
#11112=LINE('',#13816,#13817);
#11113=VERTEX_POINT('',#13818);
#11114=LINE('',#13819,#13820);
#11115=VERTEX_POINT('',#13821);
#11116=LINE('',#13822,#13823);
#11117=VERTEX_POINT('',#13824);
#11118=LINE('',#13825,#13826);
#11119=VERTEX_POINT('',#13827);
#11120=LINE('',#13828,#13829);
#11121=LINE('',#13830,#13831);
#11122=FILL_AREA_STYLE_COLOUR('',#13832);
#11123=VERTEX_POINT('',#13833);
#11124=VERTEX_POINT('',#13834);
#11125=LINE('',#13835,#13836);
#11126=VERTEX_POINT('',#13837);
#11127=CIRCLE('',#13838,1.016);
#11128=VERTEX_POINT('',#13839);
#11129=LINE('',#13840,#13841);
#11130=CIRCLE('',#13842,1.016);
#11131=FILL_AREA_STYLE_COLOUR('',#13843);
#11132=VERTEX_POINT('',#13844);
#11133=VERTEX_POINT('',#13845);
#11134=LINE('',#13846,#13847);
#11135=VERTEX_POINT('',#13848);
#11136=LINE('',#13849,#13850);
#11137=VERTEX_POINT('',#13851);
#11138=LINE('',#13852,#13853);
#11139=LINE('',#13854,#13855);
#11140=FILL_AREA_STYLE_COLOUR('',#13856);
#11141=VERTEX_POINT('',#13857);
#11142=LINE('',#13858,#13859);
#11143=VERTEX_POINT('',#13860);
#11144=LINE('',#13861,#13862);
#11145=LINE('',#13863,#13864);
#11146=FILL_AREA_STYLE_COLOUR('',#13865);
#11147=VERTEX_POINT('',#13866);
#11148=LINE('',#13867,#13868);
#11149=VERTEX_POINT('',#13869);
#11150=LINE('',#13870,#13871);
#11151=LINE('',#13872,#13873);
#11152=FILL_AREA_STYLE_COLOUR('',#13874);
#11153=LINE('',#13875,#13876);
#11154=VERTEX_POINT('',#13877);
#11155=LINE('',#13878,#13879);
#11156=VERTEX_POINT('',#13880);
#11157=LINE('',#13881,#13882);
#11158=LINE('',#13883,#13884);
#11159=FILL_AREA_STYLE_COLOUR('',#13885);
#11160=VERTEX_POINT('',#13886);
#11161=LINE('',#13887,#13888);
#11162=VERTEX_POINT('',#13889);
#11163=LINE('',#13890,#13891);
#11164=LINE('',#13892,#13893);
#11165=FILL_AREA_STYLE_COLOUR('',#13894);
#11166=VERTEX_POINT('',#13895);
#11167=LINE('',#13896,#13897);
#11168=VERTEX_POINT('',#13898);
#11169=LINE('',#13899,#13900);
#11170=LINE('',#13901,#13902);
#11171=FILL_AREA_STYLE_COLOUR('',#13903);
#11172=LINE('',#13904,#13905);
#11173=VERTEX_POINT('',#13906);
#11174=LINE('',#13907,#13908);
#11175=VERTEX_POINT('',#13909);
#11176=LINE('',#13910,#13911);
#11177=LINE('',#13912,#13913);
#11178=FILL_AREA_STYLE_COLOUR('',#13914);
#11179=LINE('',#13915,#13916);
#11180=LINE('',#13917,#13918);
#11181=FILL_AREA_STYLE_COLOUR('',#13919);
#11182=VERTEX_POINT('',#13920);
#11183=LINE('',#13921,#13922);
#11184=VERTEX_POINT('',#13923);
#11185=LINE('',#13924,#13925);
#11186=LINE('',#13926,#13927);
#11187=FILL_AREA_STYLE_COLOUR('',#13928);
#11188=VERTEX_POINT('',#13929);
#11189=LINE('',#13930,#13931);
#11190=VERTEX_POINT('',#13932);
#11191=LINE('',#13933,#13934);
#11192=LINE('',#13935,#13936);
#11193=FILL_AREA_STYLE_COLOUR('',#13937);
#11194=LINE('',#13938,#13939);
#11195=LINE('',#13940,#13941);
#11196=FILL_AREA_STYLE_COLOUR('',#13942);
#11197=LINE('',#13943,#13944);
#11198=LINE('',#13945,#13946);
#11199=FILL_AREA_STYLE_COLOUR('',#13947);
#11200=FILL_AREA_STYLE_COLOUR('',#13948);
#11201=FILL_AREA_STYLE_COLOUR('',#13949);
#11202=LINE('',#13950,#13951);
#11203=FILL_AREA_STYLE_COLOUR('',#13952);
#11204=LINE('',#13953,#13954);
#11205=FILL_AREA_STYLE_COLOUR('',#13955);
#11206=FILL_AREA_STYLE_COLOUR('',#13956);
#11207=FILL_AREA_STYLE_COLOUR('',#13957);
#11208=VERTEX_POINT('',#13958);
#11209=VERTEX_POINT('',#13959);
#11210=LINE('',#13960,#13961);
#11211=VERTEX_POINT('',#13962);
#11212=CIRCLE('',#13963,1.016);
#11213=VERTEX_POINT('',#13964);
#11214=LINE('',#13965,#13966);
#11215=CIRCLE('',#13967,1.016);
#11216=FILL_AREA_STYLE_COLOUR('',#13968);
#11217=VERTEX_POINT('',#13969);
#11218=VERTEX_POINT('',#13970);
#11219=LINE('',#13971,#13972);
#11220=VERTEX_POINT('',#13973);
#11221=LINE('',#13974,#13975);
#11222=VERTEX_POINT('',#13976);
#11223=LINE('',#13977,#13978);
#11224=LINE('',#13979,#13980);
#11225=FILL_AREA_STYLE_COLOUR('',#13981);
#11226=VERTEX_POINT('',#13982);
#11227=LINE('',#13983,#13984);
#11228=VERTEX_POINT('',#13985);
#11229=LINE('',#13986,#13987);
#11230=LINE('',#13988,#13989);
#11231=FILL_AREA_STYLE_COLOUR('',#13990);
#11232=VERTEX_POINT('',#13991);
#11233=LINE('',#13992,#13993);
#11234=VERTEX_POINT('',#13994);
#11235=LINE('',#13995,#13996);
#11236=LINE('',#13997,#13998);
#11237=FILL_AREA_STYLE_COLOUR('',#13999);
#11238=LINE('',#14000,#14001);
#11239=VERTEX_POINT('',#14002);
#11240=LINE('',#14003,#14004);
#11241=VERTEX_POINT('',#14005);
#11242=LINE('',#14006,#14007);
#11243=LINE('',#14008,#14009);
#11244=FILL_AREA_STYLE_COLOUR('',#14010);
#11245=VERTEX_POINT('',#14011);
#11246=LINE('',#14012,#14013);
#11247=VERTEX_POINT('',#14014);
#11248=LINE('',#14015,#14016);
#11249=LINE('',#14017,#14018);
#11250=FILL_AREA_STYLE_COLOUR('',#14019);
#11251=VERTEX_POINT('',#14020);
#11252=LINE('',#14021,#14022);
#11253=VERTEX_POINT('',#14023);
#11254=LINE('',#14024,#14025);
#11255=LINE('',#14026,#14027);
#11256=FILL_AREA_STYLE_COLOUR('',#14028);
#11257=LINE('',#14029,#14030);
#11258=VERTEX_POINT('',#14031);
#11259=LINE('',#14032,#14033);
#11260=VERTEX_POINT('',#14034);
#11261=LINE('',#14035,#14036);
#11262=LINE('',#14037,#14038);
#11263=FILL_AREA_STYLE_COLOUR('',#14039);
#11264=LINE('',#14040,#14041);
#11265=LINE('',#14042,#14043);
#11266=FILL_AREA_STYLE_COLOUR('',#14044);
#11267=VERTEX_POINT('',#14045);
#11268=LINE('',#14046,#14047);
#11269=VERTEX_POINT('',#14048);
#11270=LINE('',#14049,#14050);
#11271=LINE('',#14051,#14052);
#11272=FILL_AREA_STYLE_COLOUR('',#14053);
#11273=VERTEX_POINT('',#14054);
#11274=LINE('',#14055,#14056);
#11275=VERTEX_POINT('',#14057);
#11276=LINE('',#14058,#14059);
#11277=LINE('',#14060,#14061);
#11278=FILL_AREA_STYLE_COLOUR('',#14062);
#11279=LINE('',#14063,#14064);
#11280=LINE('',#14065,#14066);
#11281=FILL_AREA_STYLE_COLOUR('',#14067);
#11282=LINE('',#14068,#14069);
#11283=LINE('',#14070,#14071);
#11284=FILL_AREA_STYLE_COLOUR('',#14072);
#11285=FILL_AREA_STYLE_COLOUR('',#14073);
#11286=FILL_AREA_STYLE_COLOUR('',#14074);
#11287=LINE('',#14075,#14076);
#11288=FILL_AREA_STYLE_COLOUR('',#14077);
#11289=LINE('',#14078,#14079);
#11290=FILL_AREA_STYLE_COLOUR('',#14080);
#11291=FILL_AREA_STYLE_COLOUR('',#14081);
#11292=FILL_AREA_STYLE_COLOUR('',#14082);
#11293=VERTEX_POINT('',#14083);
#11294=VERTEX_POINT('',#14084);
#11295=LINE('',#14085,#14086);
#11296=VERTEX_POINT('',#14087);
#11297=CIRCLE('',#14088,1.016);
#11298=VERTEX_POINT('',#14089);
#11299=LINE('',#14090,#14091);
#11300=CIRCLE('',#14092,1.016);
#11301=FILL_AREA_STYLE_COLOUR('',#14093);
#11302=VERTEX_POINT('',#14094);
#11303=VERTEX_POINT('',#14095);
#11304=LINE('',#14096,#14097);
#11305=VERTEX_POINT('',#14098);
#11306=LINE('',#14099,#14100);
#11307=VERTEX_POINT('',#14101);
#11308=LINE('',#14102,#14103);
#11309=LINE('',#14104,#14105);
#11310=FILL_AREA_STYLE_COLOUR('',#14106);
#11311=VERTEX_POINT('',#14107);
#11312=LINE('',#14108,#14109);
#11313=VERTEX_POINT('',#14110);
#11314=LINE('',#14111,#14112);
#11315=LINE('',#14113,#14114);
#11316=FILL_AREA_STYLE_COLOUR('',#14115);
#11317=VERTEX_POINT('',#14116);
#11318=LINE('',#14117,#14118);
#11319=VERTEX_POINT('',#14119);
#11320=LINE('',#14120,#14121);
#11321=LINE('',#14122,#14123);
#11322=FILL_AREA_STYLE_COLOUR('',#14124);
#11323=LINE('',#14125,#14126);
#11324=VERTEX_POINT('',#14127);
#11325=LINE('',#14128,#14129);
#11326=VERTEX_POINT('',#14130);
#11327=LINE('',#14131,#14132);
#11328=LINE('',#14133,#14134);
#11329=FILL_AREA_STYLE_COLOUR('',#14135);
#11330=VERTEX_POINT('',#14136);
#11331=LINE('',#14137,#14138);
#11332=VERTEX_POINT('',#14139);
#11333=LINE('',#14140,#14141);
#11334=LINE('',#14142,#14143);
#11335=FILL_AREA_STYLE_COLOUR('',#14144);
#11336=VERTEX_POINT('',#14145);
#11337=LINE('',#14146,#14147);
#11338=VERTEX_POINT('',#14148);
#11339=LINE('',#14149,#14150);
#11340=LINE('',#14151,#14152);
#11341=FILL_AREA_STYLE_COLOUR('',#14153);
#11342=LINE('',#14154,#14155);
#11343=VERTEX_POINT('',#14156);
#11344=LINE('',#14157,#14158);
#11345=VERTEX_POINT('',#14159);
#11346=LINE('',#14160,#14161);
#11347=LINE('',#14162,#14163);
#11348=FILL_AREA_STYLE_COLOUR('',#14164);
#11349=LINE('',#14165,#14166);
#11350=LINE('',#14167,#14168);
#11351=FILL_AREA_STYLE_COLOUR('',#14169);
#11352=VERTEX_POINT('',#14170);
#11353=LINE('',#14171,#14172);
#11354=VERTEX_POINT('',#14173);
#11355=LINE('',#14174,#14175);
#11356=LINE('',#14176,#14177);
#11357=FILL_AREA_STYLE_COLOUR('',#14178);
#11358=VERTEX_POINT('',#14179);
#11359=LINE('',#14180,#14181);
#11360=VERTEX_POINT('',#14182);
#11361=LINE('',#14183,#14184);
#11362=LINE('',#14185,#14186);
#11363=FILL_AREA_STYLE_COLOUR('',#14187);
#11364=LINE('',#14188,#14189);
#11365=LINE('',#14190,#14191);
#11366=FILL_AREA_STYLE_COLOUR('',#14192);
#11367=LINE('',#14193,#14194);
#11368=LINE('',#14195,#14196);
#11369=FILL_AREA_STYLE_COLOUR('',#14197);
#11370=FILL_AREA_STYLE_COLOUR('',#14198);
#11371=FILL_AREA_STYLE_COLOUR('',#14199);
#11372=LINE('',#14200,#14201);
#11373=FILL_AREA_STYLE_COLOUR('',#14202);
#11374=LINE('',#14203,#14204);
#11375=FILL_AREA_STYLE_COLOUR('',#14205);
#11376=FILL_AREA_STYLE_COLOUR('',#14206);
#11377=FILL_AREA_STYLE_COLOUR('',#14207);
#11378=VERTEX_POINT('',#14208);
#11379=VERTEX_POINT('',#14209);
#11380=LINE('',#14210,#14211);
#11381=VERTEX_POINT('',#14212);
#11382=CIRCLE('',#14213,1.016);
#11383=VERTEX_POINT('',#14214);
#11384=LINE('',#14215,#14216);
#11385=CIRCLE('',#14217,1.016);
#11386=FILL_AREA_STYLE_COLOUR('',#14218);
#11387=VERTEX_POINT('',#14219);
#11388=VERTEX_POINT('',#14220);
#11389=LINE('',#14221,#14222);
#11390=VERTEX_POINT('',#14223);
#11391=LINE('',#14224,#14225);
#11392=VERTEX_POINT('',#14226);
#11393=LINE('',#14227,#14228);
#11394=LINE('',#14229,#14230);
#11395=FILL_AREA_STYLE_COLOUR('',#14231);
#11396=VERTEX_POINT('',#14232);
#11397=LINE('',#14233,#14234);
#11398=VERTEX_POINT('',#14235);
#11399=LINE('',#14236,#14237);
#11400=LINE('',#14238,#14239);
#11401=FILL_AREA_STYLE_COLOUR('',#14240);
#11402=VERTEX_POINT('',#14241);
#11403=LINE('',#14242,#14243);
#11404=VERTEX_POINT('',#14244);
#11405=LINE('',#14245,#14246);
#11406=LINE('',#14247,#14248);
#11407=FILL_AREA_STYLE_COLOUR('',#14249);
#11408=LINE('',#14250,#14251);
#11409=VERTEX_POINT('',#14252);
#11410=LINE('',#14253,#14254);
#11411=VERTEX_POINT('',#14255);
#11412=LINE('',#14256,#14257);
#11413=LINE('',#14258,#14259);
#11414=FILL_AREA_STYLE_COLOUR('',#14260);
#11415=VERTEX_POINT('',#14261);
#11416=LINE('',#14262,#14263);
#11417=VERTEX_POINT('',#14264);
#11418=LINE('',#14265,#14266);
#11419=LINE('',#14267,#14268);
#11420=FILL_AREA_STYLE_COLOUR('',#14269);
#11421=VERTEX_POINT('',#14270);
#11422=LINE('',#14271,#14272);
#11423=VERTEX_POINT('',#14273);
#11424=LINE('',#14274,#14275);
#11425=LINE('',#14276,#14277);
#11426=FILL_AREA_STYLE_COLOUR('',#14278);
#11427=LINE('',#14279,#14280);
#11428=VERTEX_POINT('',#14281);
#11429=LINE('',#14282,#14283);
#11430=VERTEX_POINT('',#14284);
#11431=LINE('',#14285,#14286);
#11432=LINE('',#14287,#14288);
#11433=FILL_AREA_STYLE_COLOUR('',#14289);
#11434=LINE('',#14290,#14291);
#11435=LINE('',#14292,#14293);
#11436=FILL_AREA_STYLE_COLOUR('',#14294);
#11437=VERTEX_POINT('',#14295);
#11438=LINE('',#14296,#14297);
#11439=VERTEX_POINT('',#14298);
#11440=LINE('',#14299,#14300);
#11441=LINE('',#14301,#14302);
#11442=FILL_AREA_STYLE_COLOUR('',#14303);
#11443=VERTEX_POINT('',#14304);
#11444=LINE('',#14305,#14306);
#11445=VERTEX_POINT('',#14307);
#11446=LINE('',#14308,#14309);
#11447=LINE('',#14310,#14311);
#11448=FILL_AREA_STYLE_COLOUR('',#14312);
#11449=LINE('',#14313,#14314);
#11450=LINE('',#14315,#14316);
#11451=FILL_AREA_STYLE_COLOUR('',#14317);
#11452=LINE('',#14318,#14319);
#11453=LINE('',#14320,#14321);
#11454=FILL_AREA_STYLE_COLOUR('',#14322);
#11455=FILL_AREA_STYLE_COLOUR('',#14323);
#11456=FILL_AREA_STYLE_COLOUR('',#14324);
#11457=LINE('',#14325,#14326);
#11458=FILL_AREA_STYLE_COLOUR('',#14327);
#11459=LINE('',#14328,#14329);
#11460=FILL_AREA_STYLE_COLOUR('',#14330);
#11461=FILL_AREA_STYLE_COLOUR('',#14331);
#11462=FILL_AREA_STYLE_COLOUR('',#14332);
#11463=VERTEX_POINT('',#14333);
#11464=VERTEX_POINT('',#14334);
#11465=LINE('',#14335,#14336);
#11466=VERTEX_POINT('',#14337);
#11467=CIRCLE('',#14338,1.016);
#11468=VERTEX_POINT('',#14339);
#11469=LINE('',#14340,#14341);
#11470=CIRCLE('',#14342,1.016);
#11471=FILL_AREA_STYLE_COLOUR('',#14343);
#11472=VERTEX_POINT('',#14344);
#11473=VERTEX_POINT('',#14345);
#11474=LINE('',#14346,#14347);
#11475=VERTEX_POINT('',#14348);
#11476=LINE('',#14349,#14350);
#11477=VERTEX_POINT('',#14351);
#11478=LINE('',#14352,#14353);
#11479=LINE('',#14354,#14355);
#11480=FILL_AREA_STYLE_COLOUR('',#14356);
#11481=VERTEX_POINT('',#14357);
#11482=LINE('',#14358,#14359);
#11483=VERTEX_POINT('',#14360);
#11484=LINE('',#14361,#14362);
#11485=LINE('',#14363,#14364);
#11486=FILL_AREA_STYLE_COLOUR('',#14365);
#11487=VERTEX_POINT('',#14366);
#11488=LINE('',#14367,#14368);
#11489=VERTEX_POINT('',#14369);
#11490=LINE('',#14370,#14371);
#11491=LINE('',#14372,#14373);
#11492=FILL_AREA_STYLE_COLOUR('',#14374);
#11493=LINE('',#14375,#14376);
#11494=VERTEX_POINT('',#14377);
#11495=LINE('',#14378,#14379);
#11496=VERTEX_POINT('',#14380);
#11497=LINE('',#14381,#14382);
#11498=LINE('',#14383,#14384);
#11499=FILL_AREA_STYLE_COLOUR('',#14385);
#11500=VERTEX_POINT('',#14386);
#11501=LINE('',#14387,#14388);
#11502=VERTEX_POINT('',#14389);
#11503=LINE('',#14390,#14391);
#11504=LINE('',#14392,#14393);
#11505=FILL_AREA_STYLE_COLOUR('',#14394);
#11506=VERTEX_POINT('',#14395);
#11507=LINE('',#14396,#14397);
#11508=VERTEX_POINT('',#14398);
#11509=LINE('',#14399,#14400);
#11510=LINE('',#14401,#14402);
#11511=FILL_AREA_STYLE_COLOUR('',#14403);
#11512=LINE('',#14404,#14405);
#11513=VERTEX_POINT('',#14406);
#11514=LINE('',#14407,#14408);
#11515=VERTEX_POINT('',#14409);
#11516=LINE('',#14410,#14411);
#11517=LINE('',#14412,#14413);
#11518=FILL_AREA_STYLE_COLOUR('',#14414);
#11519=LINE('',#14415,#14416);
#11520=LINE('',#14417,#14418);
#11521=FILL_AREA_STYLE_COLOUR('',#14419);
#11522=VERTEX_POINT('',#14420);
#11523=LINE('',#14421,#14422);
#11524=VERTEX_POINT('',#14423);
#11525=LINE('',#14424,#14425);
#11526=LINE('',#14426,#14427);
#11527=FILL_AREA_STYLE_COLOUR('',#14428);
#11528=VERTEX_POINT('',#14429);
#11529=LINE('',#14430,#14431);
#11530=VERTEX_POINT('',#14432);
#11531=LINE('',#14433,#14434);
#11532=LINE('',#14435,#14436);
#11533=FILL_AREA_STYLE_COLOUR('',#14437);
#11534=LINE('',#14438,#14439);
#11535=LINE('',#14440,#14441);
#11536=FILL_AREA_STYLE_COLOUR('',#14442);
#11537=LINE('',#14443,#14444);
#11538=LINE('',#14445,#14446);
#11539=FILL_AREA_STYLE_COLOUR('',#14447);
#11540=FILL_AREA_STYLE_COLOUR('',#14448);
#11541=FILL_AREA_STYLE_COLOUR('',#14449);
#11542=LINE('',#14450,#14451);
#11543=FILL_AREA_STYLE_COLOUR('',#14452);
#11544=LINE('',#14453,#14454);
#11545=FILL_AREA_STYLE_COLOUR('',#14455);
#11546=FILL_AREA_STYLE_COLOUR('',#14456);
#11547=FILL_AREA_STYLE_COLOUR('',#14457);
#11548=VERTEX_POINT('',#14458);
#11549=VERTEX_POINT('',#14459);
#11550=LINE('',#14460,#14461);
#11551=VERTEX_POINT('',#14462);
#11552=CIRCLE('',#14463,1.016);
#11553=VERTEX_POINT('',#14464);
#11554=LINE('',#14465,#14466);
#11555=CIRCLE('',#14467,1.016);
#11556=FILL_AREA_STYLE_COLOUR('',#14468);
#11557=VERTEX_POINT('',#14469);
#11558=VERTEX_POINT('',#14470);
#11559=LINE('',#14471,#14472);
#11560=VERTEX_POINT('',#14473);
#11561=LINE('',#14474,#14475);
#11562=VERTEX_POINT('',#14476);
#11563=LINE('',#14477,#14478);
#11564=LINE('',#14479,#14480);
#11565=FILL_AREA_STYLE_COLOUR('',#14481);
#11566=VERTEX_POINT('',#14482);
#11567=LINE('',#14483,#14484);
#11568=VERTEX_POINT('',#14485);
#11569=LINE('',#14486,#14487);
#11570=LINE('',#14488,#14489);
#11571=FILL_AREA_STYLE_COLOUR('',#14490);
#11572=VERTEX_POINT('',#14491);
#11573=LINE('',#14492,#14493);
#11574=VERTEX_POINT('',#14494);
#11575=LINE('',#14495,#14496);
#11576=LINE('',#14497,#14498);
#11577=FILL_AREA_STYLE_COLOUR('',#14499);
#11578=LINE('',#14500,#14501);
#11579=VERTEX_POINT('',#14502);
#11580=LINE('',#14503,#14504);
#11581=VERTEX_POINT('',#14505);
#11582=LINE('',#14506,#14507);
#11583=LINE('',#14508,#14509);
#11584=FILL_AREA_STYLE_COLOUR('',#14510);
#11585=VERTEX_POINT('',#14511);
#11586=LINE('',#14512,#14513);
#11587=VERTEX_POINT('',#14514);
#11588=LINE('',#14515,#14516);
#11589=LINE('',#14517,#14518);
#11590=FILL_AREA_STYLE_COLOUR('',#14519);
#11591=VERTEX_POINT('',#14520);
#11592=LINE('',#14521,#14522);
#11593=VERTEX_POINT('',#14523);
#11594=LINE('',#14524,#14525);
#11595=LINE('',#14526,#14527);
#11596=FILL_AREA_STYLE_COLOUR('',#14528);
#11597=LINE('',#14529,#14530);
#11598=VERTEX_POINT('',#14531);
#11599=LINE('',#14532,#14533);
#11600=VERTEX_POINT('',#14534);
#11601=LINE('',#14535,#14536);
#11602=LINE('',#14537,#14538);
#11603=FILL_AREA_STYLE_COLOUR('',#14539);
#11604=LINE('',#14540,#14541);
#11605=LINE('',#14542,#14543);
#11606=FILL_AREA_STYLE_COLOUR('',#14544);
#11607=VERTEX_POINT('',#14545);
#11608=LINE('',#14546,#14547);
#11609=VERTEX_POINT('',#14548);
#11610=LINE('',#14549,#14550);
#11611=LINE('',#14551,#14552);
#11612=FILL_AREA_STYLE_COLOUR('',#14553);
#11613=VERTEX_POINT('',#14554);
#11614=LINE('',#14555,#14556);
#11615=VERTEX_POINT('',#14557);
#11616=LINE('',#14558,#14559);
#11617=LINE('',#14560,#14561);
#11618=FILL_AREA_STYLE_COLOUR('',#14562);
#11619=LINE('',#14563,#14564);
#11620=LINE('',#14565,#14566);
#11621=FILL_AREA_STYLE_COLOUR('',#14567);
#11622=LINE('',#14568,#14569);
#11623=LINE('',#14570,#14571);
#11624=FILL_AREA_STYLE_COLOUR('',#14572);
#11625=FILL_AREA_STYLE_COLOUR('',#14573);
#11626=FILL_AREA_STYLE_COLOUR('',#14574);
#11627=LINE('',#14575,#14576);
#11628=FILL_AREA_STYLE_COLOUR('',#14577);
#11629=LINE('',#14578,#14579);
#11630=FILL_AREA_STYLE_COLOUR('',#14580);
#11631=FILL_AREA_STYLE_COLOUR('',#14581);
#11632=FILL_AREA_STYLE_COLOUR('',#14582);
#11633=VERTEX_POINT('',#14583);
#11634=VERTEX_POINT('',#14584);
#11635=LINE('',#14585,#14586);
#11636=VERTEX_POINT('',#14587);
#11637=CIRCLE('',#14588,1.016);
#11638=VERTEX_POINT('',#14589);
#11639=LINE('',#14590,#14591);
#11640=CIRCLE('',#14592,1.016);
#11641=FILL_AREA_STYLE_COLOUR('',#14593);
#11642=VERTEX_POINT('',#14594);
#11643=VERTEX_POINT('',#14595);
#11644=LINE('',#14596,#14597);
#11645=VERTEX_POINT('',#14598);
#11646=LINE('',#14599,#14600);
#11647=VERTEX_POINT('',#14601);
#11648=LINE('',#14602,#14603);
#11649=LINE('',#14604,#14605);
#11650=FILL_AREA_STYLE_COLOUR('',#14606);
#11651=VERTEX_POINT('',#14607);
#11652=LINE('',#14608,#14609);
#11653=VERTEX_POINT('',#14610);
#11654=LINE('',#14611,#14612);
#11655=LINE('',#14613,#14614);
#11656=FILL_AREA_STYLE_COLOUR('',#14615);
#11657=VERTEX_POINT('',#14616);
#11658=LINE('',#14617,#14618);
#11659=VERTEX_POINT('',#14619);
#11660=LINE('',#14620,#14621);
#11661=LINE('',#14622,#14623);
#11662=FILL_AREA_STYLE_COLOUR('',#14624);
#11663=LINE('',#14625,#14626);
#11664=VERTEX_POINT('',#14627);
#11665=LINE('',#14628,#14629);
#11666=VERTEX_POINT('',#14630);
#11667=LINE('',#14631,#14632);
#11668=LINE('',#14633,#14634);
#11669=FILL_AREA_STYLE_COLOUR('',#14635);
#11670=VERTEX_POINT('',#14636);
#11671=LINE('',#14637,#14638);
#11672=VERTEX_POINT('',#14639);
#11673=LINE('',#14640,#14641);
#11674=LINE('',#14642,#14643);
#11675=FILL_AREA_STYLE_COLOUR('',#14644);
#11676=VERTEX_POINT('',#14645);
#11677=LINE('',#14646,#14647);
#11678=VERTEX_POINT('',#14648);
#11679=LINE('',#14649,#14650);
#11680=LINE('',#14651,#14652);
#11681=FILL_AREA_STYLE_COLOUR('',#14653);
#11682=LINE('',#14654,#14655);
#11683=VERTEX_POINT('',#14656);
#11684=LINE('',#14657,#14658);
#11685=VERTEX_POINT('',#14659);
#11686=LINE('',#14660,#14661);
#11687=LINE('',#14662,#14663);
#11688=FILL_AREA_STYLE_COLOUR('',#14664);
#11689=LINE('',#14665,#14666);
#11690=LINE('',#14667,#14668);
#11691=FILL_AREA_STYLE_COLOUR('',#14669);
#11692=VERTEX_POINT('',#14670);
#11693=LINE('',#14671,#14672);
#11694=VERTEX_POINT('',#14673);
#11695=LINE('',#14674,#14675);
#11696=LINE('',#14676,#14677);
#11697=FILL_AREA_STYLE_COLOUR('',#14678);
#11698=VERTEX_POINT('',#14679);
#11699=LINE('',#14680,#14681);
#11700=VERTEX_POINT('',#14682);
#11701=LINE('',#14683,#14684);
#11702=LINE('',#14685,#14686);
#11703=FILL_AREA_STYLE_COLOUR('',#14687);
#11704=LINE('',#14688,#14689);
#11705=LINE('',#14690,#14691);
#11706=FILL_AREA_STYLE_COLOUR('',#14692);
#11707=LINE('',#14693,#14694);
#11708=LINE('',#14695,#14696);
#11709=FILL_AREA_STYLE_COLOUR('',#14697);
#11710=FILL_AREA_STYLE_COLOUR('',#14698);
#11711=FILL_AREA_STYLE_COLOUR('',#14699);
#11712=LINE('',#14700,#14701);
#11713=FILL_AREA_STYLE_COLOUR('',#14702);
#11714=LINE('',#14703,#14704);
#11715=FILL_AREA_STYLE_COLOUR('',#14705);
#11716=FILL_AREA_STYLE_COLOUR('',#14706);
#11717=FILL_AREA_STYLE_COLOUR('',#14707);
#11718=VERTEX_POINT('',#14708);
#11719=VERTEX_POINT('',#14709);
#11720=LINE('',#14710,#14711);
#11721=VERTEX_POINT('',#14712);
#11722=CIRCLE('',#14713,1.016);
#11723=VERTEX_POINT('',#14714);
#11724=LINE('',#14715,#14716);
#11725=CIRCLE('',#14717,1.016);
#11726=FILL_AREA_STYLE_COLOUR('',#14718);
#11727=VERTEX_POINT('',#14719);
#11728=VERTEX_POINT('',#14720);
#11729=LINE('',#14721,#14722);
#11730=VERTEX_POINT('',#14723);
#11731=LINE('',#14724,#14725);
#11732=VERTEX_POINT('',#14726);
#11733=LINE('',#14727,#14728);
#11734=LINE('',#14729,#14730);
#11735=FILL_AREA_STYLE_COLOUR('',#14731);
#11736=VERTEX_POINT('',#14732);
#11737=LINE('',#14733,#14734);
#11738=VERTEX_POINT('',#14735);
#11739=LINE('',#14736,#14737);
#11740=LINE('',#14738,#14739);
#11741=FILL_AREA_STYLE_COLOUR('',#14740);
#11742=VERTEX_POINT('',#14741);
#11743=LINE('',#14742,#14743);
#11744=VERTEX_POINT('',#14744);
#11745=LINE('',#14745,#14746);
#11746=LINE('',#14747,#14748);
#11747=FILL_AREA_STYLE_COLOUR('',#14749);
#11748=LINE('',#14750,#14751);
#11749=VERTEX_POINT('',#14752);
#11750=LINE('',#14753,#14754);
#11751=VERTEX_POINT('',#14755);
#11752=LINE('',#14756,#14757);
#11753=LINE('',#14758,#14759);
#11754=FILL_AREA_STYLE_COLOUR('',#14760);
#11755=VERTEX_POINT('',#14761);
#11756=LINE('',#14762,#14763);
#11757=VERTEX_POINT('',#14764);
#11758=LINE('',#14765,#14766);
#11759=LINE('',#14767,#14768);
#11760=FILL_AREA_STYLE_COLOUR('',#14769);
#11761=VERTEX_POINT('',#14770);
#11762=LINE('',#14771,#14772);
#11763=VERTEX_POINT('',#14773);
#11764=LINE('',#14774,#14775);
#11765=LINE('',#14776,#14777);
#11766=FILL_AREA_STYLE_COLOUR('',#14778);
#11767=LINE('',#14779,#14780);
#11768=VERTEX_POINT('',#14781);
#11769=LINE('',#14782,#14783);
#11770=VERTEX_POINT('',#14784);
#11771=LINE('',#14785,#14786);
#11772=LINE('',#14787,#14788);
#11773=FILL_AREA_STYLE_COLOUR('',#14789);
#11774=LINE('',#14790,#14791);
#11775=LINE('',#14792,#14793);
#11776=FILL_AREA_STYLE_COLOUR('',#14794);
#11777=VERTEX_POINT('',#14795);
#11778=LINE('',#14796,#14797);
#11779=VERTEX_POINT('',#14798);
#11780=LINE('',#14799,#14800);
#11781=LINE('',#14801,#14802);
#11782=FILL_AREA_STYLE_COLOUR('',#14803);
#11783=VERTEX_POINT('',#14804);
#11784=LINE('',#14805,#14806);
#11785=VERTEX_POINT('',#14807);
#11786=LINE('',#14808,#14809);
#11787=LINE('',#14810,#14811);
#11788=FILL_AREA_STYLE_COLOUR('',#14812);
#11789=LINE('',#14813,#14814);
#11790=LINE('',#14815,#14816);
#11791=FILL_AREA_STYLE_COLOUR('',#14817);
#11792=LINE('',#14818,#14819);
#11793=LINE('',#14820,#14821);
#11794=FILL_AREA_STYLE_COLOUR('',#14822);
#11795=FILL_AREA_STYLE_COLOUR('',#14823);
#11796=FILL_AREA_STYLE_COLOUR('',#14824);
#11797=LINE('',#14825,#14826);
#11798=FILL_AREA_STYLE_COLOUR('',#14827);
#11799=LINE('',#14828,#14829);
#11800=FILL_AREA_STYLE_COLOUR('',#14830);
#11801=FILL_AREA_STYLE_COLOUR('',#14831);
#11802=FILL_AREA_STYLE_COLOUR('',#14832);
#11803=VERTEX_POINT('',#14833);
#11804=VERTEX_POINT('',#14834);
#11805=LINE('',#14835,#14836);
#11806=VERTEX_POINT('',#14837);
#11807=CIRCLE('',#14838,1.016);
#11808=VERTEX_POINT('',#14839);
#11809=LINE('',#14840,#14841);
#11810=CIRCLE('',#14842,1.016);
#11811=FILL_AREA_STYLE_COLOUR('',#14843);
#11812=VERTEX_POINT('',#14844);
#11813=VERTEX_POINT('',#14845);
#11814=LINE('',#14846,#14847);
#11815=VERTEX_POINT('',#14848);
#11816=LINE('',#14849,#14850);
#11817=VERTEX_POINT('',#14851);
#11818=LINE('',#14852,#14853);
#11819=LINE('',#14854,#14855);
#11820=FILL_AREA_STYLE_COLOUR('',#14856);
#11821=VERTEX_POINT('',#14857);
#11822=LINE('',#14858,#14859);
#11823=VERTEX_POINT('',#14860);
#11824=LINE('',#14861,#14862);
#11825=LINE('',#14863,#14864);
#11826=FILL_AREA_STYLE_COLOUR('',#14865);
#11827=VERTEX_POINT('',#14866);
#11828=LINE('',#14867,#14868);
#11829=VERTEX_POINT('',#14869);
#11830=LINE('',#14870,#14871);
#11831=LINE('',#14872,#14873);
#11832=FILL_AREA_STYLE_COLOUR('',#14874);
#11833=LINE('',#14875,#14876);
#11834=VERTEX_POINT('',#14877);
#11835=LINE('',#14878,#14879);
#11836=VERTEX_POINT('',#14880);
#11837=LINE('',#14881,#14882);
#11838=LINE('',#14883,#14884);
#11839=FILL_AREA_STYLE_COLOUR('',#14885);
#11840=VERTEX_POINT('',#14886);
#11841=LINE('',#14887,#14888);
#11842=VERTEX_POINT('',#14889);
#11843=LINE('',#14890,#14891);
#11844=LINE('',#14892,#14893);
#11845=FILL_AREA_STYLE_COLOUR('',#14894);
#11846=VERTEX_POINT('',#14895);
#11847=LINE('',#14896,#14897);
#11848=VERTEX_POINT('',#14898);
#11849=LINE('',#14899,#14900);
#11850=LINE('',#14901,#14902);
#11851=FILL_AREA_STYLE_COLOUR('',#14903);
#11852=LINE('',#14904,#14905);
#11853=VERTEX_POINT('',#14906);
#11854=LINE('',#14907,#14908);
#11855=VERTEX_POINT('',#14909);
#11856=LINE('',#14910,#14911);
#11857=LINE('',#14912,#14913);
#11858=FILL_AREA_STYLE_COLOUR('',#14914);
#11859=LINE('',#14915,#14916);
#11860=LINE('',#14917,#14918);
#11861=FILL_AREA_STYLE_COLOUR('',#14919);
#11862=VERTEX_POINT('',#14920);
#11863=LINE('',#14921,#14922);
#11864=VERTEX_POINT('',#14923);
#11865=LINE('',#14924,#14925);
#11866=LINE('',#14926,#14927);
#11867=FILL_AREA_STYLE_COLOUR('',#14928);
#11868=VERTEX_POINT('',#14929);
#11869=LINE('',#14930,#14931);
#11870=VERTEX_POINT('',#14932);
#11871=LINE('',#14933,#14934);
#11872=LINE('',#14935,#14936);
#11873=FILL_AREA_STYLE_COLOUR('',#14937);
#11874=LINE('',#14938,#14939);
#11875=LINE('',#14940,#14941);
#11876=FILL_AREA_STYLE_COLOUR('',#14942);
#11877=LINE('',#14943,#14944);
#11878=LINE('',#14945,#14946);
#11879=FILL_AREA_STYLE_COLOUR('',#14947);
#11880=FILL_AREA_STYLE_COLOUR('',#14948);
#11881=FILL_AREA_STYLE_COLOUR('',#14949);
#11882=LINE('',#14950,#14951);
#11883=FILL_AREA_STYLE_COLOUR('',#14952);
#11884=LINE('',#14953,#14954);
#11885=FILL_AREA_STYLE_COLOUR('',#14955);
#11886=FILL_AREA_STYLE_COLOUR('',#14956);
#11887=FILL_AREA_STYLE_COLOUR('',#14957);
#11888=CIRCLE('',#14958,0.508);
#11889=CIRCLE('',#14959,0.508);
#11890=FILL_AREA_STYLE_COLOUR('',#14960);
#11891=FILL_AREA_STYLE_COLOUR('',#14961);
#11892=CIRCLE('',#14962,0.508);
#11893=CIRCLE('',#14963,0.508);
#11894=FILL_AREA_STYLE_COLOUR('',#14964);
#11895=FILL_AREA_STYLE_COLOUR('',#14965);
#11896=CIRCLE('',#14966,0.508);
#11897=CIRCLE('',#14967,0.508);
#11898=FILL_AREA_STYLE_COLOUR('',#14968);
#11899=FILL_AREA_STYLE_COLOUR('',#14969);
#11900=CIRCLE('',#14970,0.508);
#11901=CIRCLE('',#14971,0.508);
#11902=FILL_AREA_STYLE_COLOUR('',#14972);
#11903=FILL_AREA_STYLE_COLOUR('',#14973);
#11904=CIRCLE('',#14974,0.508);
#11905=CIRCLE('',#14975,0.508);
#11906=FILL_AREA_STYLE_COLOUR('',#14976);
#11907=FILL_AREA_STYLE_COLOUR('',#14977);
#11908=CIRCLE('',#14978,0.508);
#11909=CIRCLE('',#14979,0.508);
#11910=FILL_AREA_STYLE_COLOUR('',#14980);
#11911=FILL_AREA_STYLE_COLOUR('',#14981);
#11912=CIRCLE('',#14982,0.508);
#11913=CIRCLE('',#14983,0.508);
#11914=FILL_AREA_STYLE_COLOUR('',#14984);
#11915=FILL_AREA_STYLE_COLOUR('',#14985);
#11916=CIRCLE('',#14986,0.508);
#11917=CIRCLE('',#14987,0.508);
#11918=FILL_AREA_STYLE_COLOUR('',#14988);
#11919=FILL_AREA_STYLE_COLOUR('',#14989);
#11920=CIRCLE('',#14990,0.508);
#11921=CIRCLE('',#14991,0.508);
#11922=FILL_AREA_STYLE_COLOUR('',#14992);
#11923=FILL_AREA_STYLE_COLOUR('',#14993);
#11924=CIRCLE('',#14994,0.508);
#11925=CIRCLE('',#14995,0.508);
#11926=FILL_AREA_STYLE_COLOUR('',#14996);
#11927=FILL_AREA_STYLE_COLOUR('',#14997);
#11928=VERTEX_POINT('',#14998);
#11929=LINE('',#14999,#15000);
#11930=VERTEX_POINT('',#15001);
#11931=LINE('',#15002,#15003);
#11932=LINE('',#15004,#15005);
#11933=FILL_AREA_STYLE_COLOUR('',#15006);
#11934=VERTEX_POINT('',#15007);
#11935=LINE('',#15008,#15009);
#11936=LINE('',#15010,#15011);
#11937=FILL_AREA_STYLE_COLOUR('',#15012);
#11938=VERTEX_POINT('',#15013);
#11939=LINE('',#15014,#15015);
#11940=LINE('',#15016,#15017);
#11941=FILL_AREA_STYLE_COLOUR('',#15018);
#11942=LINE('',#15019,#15020);
#11943=FILL_AREA_STYLE_COLOUR('',#15021);
#11944=VERTEX_POINT('',#15022);
#11945=VERTEX_POINT('',#15023);
#11946=LINE('',#15024,#15025);
#11947=VERTEX_POINT('',#15026);
#11948=LINE('',#15027,#15028);
#11949=VERTEX_POINT('',#15029);
#11950=LINE('',#15030,#15031);
#11951=LINE('',#15032,#15033);
#11952=FILL_AREA_STYLE_COLOUR('',#15034);
#11953=LINE('',#15035,#15036);
#11954=LINE('',#15037,#15038);
#11955=FILL_AREA_STYLE_COLOUR('',#15039);
#11956=LINE('',#15040,#15041);
#11957=FILL_AREA_STYLE_COLOUR('',#15042);
#11958=LINE('',#15043,#15044);
#11959=FILL_AREA_STYLE_COLOUR('',#15045);
#11960=VERTEX_POINT('',#15046);
#11961=LINE('',#15047,#15048);
#11962=VERTEX_POINT('',#15049);
#11963=LINE('',#15050,#15051);
#11964=LINE('',#15052,#15053);
#11965=VERTEX_POINT('',#15054);
#11966=LINE('',#15055,#15056);
#11967=VERTEX_POINT('',#15057);
#11968=LINE('',#15058,#15059);
#11969=LINE('',#15060,#15061);
#11970=VERTEX_POINT('',#15062);
#11971=LINE('',#15063,#15064);
#11972=VERTEX_POINT('',#15065);
#11973=LINE('',#15066,#15067);
#11974=LINE('',#15068,#15069);
#11975=VERTEX_POINT('',#15070);
#11976=LINE('',#15071,#15072);
#11977=VERTEX_POINT('',#15073);
#11978=LINE('',#15074,#15075);
#11979=LINE('',#15076,#15077);
#11980=VERTEX_POINT('',#15078);
#11981=LINE('',#15079,#15080);
#11982=VERTEX_POINT('',#15081);
#11983=LINE('',#15082,#15083);
#11984=LINE('',#15084,#15085);
#11985=VERTEX_POINT('',#15086);
#11986=LINE('',#15087,#15088);
#11987=VERTEX_POINT('',#15089);
#11988=LINE('',#15090,#15091);
#11989=LINE('',#15092,#15093);
#11990=VERTEX_POINT('',#15094);
#11991=LINE('',#15095,#15096);
#11992=VERTEX_POINT('',#15097);
#11993=LINE('',#15098,#15099);
#11994=LINE('',#15100,#15101);
#11995=VERTEX_POINT('',#15102);
#11996=LINE('',#15103,#15104);
#11997=VERTEX_POINT('',#15105);
#11998=LINE('',#15106,#15107);
#11999=LINE('',#15108,#15109);
#12000=VERTEX_POINT('',#15110);
#12001=LINE('',#15111,#15112);
#12002=VERTEX_POINT('',#15113);
#12003=LINE('',#15114,#15115);
#12004=LINE('',#15116,#15117);
#12005=FILL_AREA_STYLE_COLOUR('',#15118);
#12006=VERTEX_POINT('',#15119);
#12007=LINE('',#15120,#15121);
#12008=VERTEX_POINT('',#15122);
#12009=LINE('',#15123,#15124);
#12010=LINE('',#15125,#15126);
#12011=FILL_AREA_STYLE_COLOUR('',#15127);
#12012=LINE('',#15128,#15129);
#12013=FILL_AREA_STYLE_COLOUR('',#15130);
#12014=LINE('',#15131,#15132);
#12015=FILL_AREA_STYLE_COLOUR('',#15133);
#12016=FILL_AREA_STYLE_COLOUR('',#15134);
#12017=VERTEX_POINT('',#15135);
#12018=LINE('',#15136,#15137);
#12019=VERTEX_POINT('',#15138);
#12020=LINE('',#15139,#15140);
#12021=LINE('',#15141,#15142);
#12022=FILL_AREA_STYLE_COLOUR('',#15143);
#12023=LINE('',#15144,#15145);
#12024=FILL_AREA_STYLE_COLOUR('',#15146);
#12025=LINE('',#15147,#15148);
#12026=FILL_AREA_STYLE_COLOUR('',#15149);
#12027=FILL_AREA_STYLE_COLOUR('',#15150);
#12028=VERTEX_POINT('',#15151);
#12029=LINE('',#15152,#15153);
#12030=VERTEX_POINT('',#15154);
#12031=LINE('',#15155,#15156);
#12032=LINE('',#15157,#15158);
#12033=FILL_AREA_STYLE_COLOUR('',#15159);
#12034=LINE('',#15160,#15161);
#12035=FILL_AREA_STYLE_COLOUR('',#15162);
#12036=LINE('',#15163,#15164);
#12037=FILL_AREA_STYLE_COLOUR('',#15165);
#12038=FILL_AREA_STYLE_COLOUR('',#15166);
#12039=VERTEX_POINT('',#15167);
#12040=LINE('',#15168,#15169);
#12041=VERTEX_POINT('',#15170);
#12042=LINE('',#15171,#15172);
#12043=LINE('',#15173,#15174);
#12044=FILL_AREA_STYLE_COLOUR('',#15175);
#12045=LINE('',#15176,#15177);
#12046=FILL_AREA_STYLE_COLOUR('',#15178);
#12047=LINE('',#15179,#15180);
#12048=FILL_AREA_STYLE_COLOUR('',#15181);
#12049=FILL_AREA_STYLE_COLOUR('',#15182);
#12050=VERTEX_POINT('',#15183);
#12051=LINE('',#15184,#15185);
#12052=VERTEX_POINT('',#15186);
#12053=LINE('',#15187,#15188);
#12054=LINE('',#15189,#15190);
#12055=FILL_AREA_STYLE_COLOUR('',#15191);
#12056=LINE('',#15192,#15193);
#12057=FILL_AREA_STYLE_COLOUR('',#15194);
#12058=LINE('',#15195,#15196);
#12059=FILL_AREA_STYLE_COLOUR('',#15197);
#12060=FILL_AREA_STYLE_COLOUR('',#15198);
#12061=VERTEX_POINT('',#15199);
#12062=LINE('',#15200,#15201);
#12063=VERTEX_POINT('',#15202);
#12064=LINE('',#15203,#15204);
#12065=LINE('',#15205,#15206);
#12066=FILL_AREA_STYLE_COLOUR('',#15207);
#12067=LINE('',#15208,#15209);
#12068=FILL_AREA_STYLE_COLOUR('',#15210);
#12069=LINE('',#15211,#15212);
#12070=FILL_AREA_STYLE_COLOUR('',#15213);
#12071=FILL_AREA_STYLE_COLOUR('',#15214);
#12072=VERTEX_POINT('',#15215);
#12073=LINE('',#15216,#15217);
#12074=VERTEX_POINT('',#15218);
#12075=LINE('',#15219,#15220);
#12076=LINE('',#15221,#15222);
#12077=FILL_AREA_STYLE_COLOUR('',#15223);
#12078=LINE('',#15224,#15225);
#12079=FILL_AREA_STYLE_COLOUR('',#15226);
#12080=LINE('',#15227,#15228);
#12081=FILL_AREA_STYLE_COLOUR('',#15229);
#12082=FILL_AREA_STYLE_COLOUR('',#15230);
#12083=VERTEX_POINT('',#15231);
#12084=LINE('',#15232,#15233);
#12085=VERTEX_POINT('',#15234);
#12086=LINE('',#15235,#15236);
#12087=LINE('',#15237,#15238);
#12088=FILL_AREA_STYLE_COLOUR('',#15239);
#12089=LINE('',#15240,#15241);
#12090=FILL_AREA_STYLE_COLOUR('',#15242);
#12091=LINE('',#15243,#15244);
#12092=FILL_AREA_STYLE_COLOUR('',#15245);
#12093=FILL_AREA_STYLE_COLOUR('',#15246);
#12094=VERTEX_POINT('',#15247);
#12095=VERTEX_POINT('',#15248);
#12096=CIRCLE('',#15249,1.5239999999999);
#12097=VERTEX_POINT('',#15250);
#12098=LINE('',#15251,#15252);
#12099=VERTEX_POINT('',#15253);
#12100=CIRCLE('',#15254,1.5239999999999);
#12101=LINE('',#15255,#15256);
#12102=FILL_AREA_STYLE_COLOUR('',#15257);
#12103=VERTEX_POINT('',#15258);
#12104=LINE('',#15259,#15260);
#12105=VERTEX_POINT('',#15261);
#12106=LINE('',#15262,#15263);
#12107=VERTEX_POINT('',#15264);
#12108=LINE('',#15265,#15266);
#12109=VERTEX_POINT('',#15267);
#12110=LINE('',#15268,#15269);
#12111=LINE('',#15270,#15271);
#12112=FILL_AREA_STYLE_COLOUR('',#15272);
#12113=VERTEX_POINT('',#15273);
#12114=LINE('',#15274,#15275);
#12115=VERTEX_POINT('',#15276);
#12116=LINE('',#15277,#15278);
#12117=LINE('',#15279,#15280);
#12118=FILL_AREA_STYLE_COLOUR('',#15281);
#12119=VERTEX_POINT('',#15282);
#12120=LINE('',#15283,#15284);
#12121=VERTEX_POINT('',#15285);
#12122=LINE('',#15286,#15287);
#12123=VERTEX_POINT('',#15288);
#12124=LINE('',#15289,#15290);
#12125=VERTEX_POINT('',#15291);
#12126=LINE('',#15292,#15293);
#12127=LINE('',#15294,#15295);
#12128=FILL_AREA_STYLE_COLOUR('',#15296);
#12129=VERTEX_POINT('',#15297);
#12130=LINE('',#15298,#15299);
#12131=VERTEX_POINT('',#15300);
#12132=LINE('',#15301,#15302);
#12133=LINE('',#15303,#15304);
#12134=FILL_AREA_STYLE_COLOUR('',#15305);
#12135=VERTEX_POINT('',#15306);
#12136=VERTEX_POINT('',#15307);
#12137=LINE('',#15308,#15309);
#12138=VERTEX_POINT('',#15310);
#12139=LINE('',#15311,#15312);
#12140=VERTEX_POINT('',#15313);
#12141=LINE('',#15314,#15315);
#12142=LINE('',#15316,#15317);
#12143=FILL_AREA_STYLE_COLOUR('',#15318);
#12144=CIRCLE('',#15319,1.015);
#12145=CIRCLE('',#15320,1.015);
#12146=FILL_AREA_STYLE_COLOUR('',#15321);
#12147=FILL_AREA_STYLE_COLOUR('',#15322);
#12148=LINE('',#15323,#15324);
#12149=LINE('',#15325,#15326);
#12150=FILL_AREA_STYLE_COLOUR('',#15327);
#12151=VERTEX_POINT('',#15328);
#12152=LINE('',#15329,#15330);
#12153=VERTEX_POINT('',#15331);
#12154=LINE('',#15332,#15333);
#12155=VERTEX_POINT('',#15334);
#12156=LINE('',#15335,#15336);
#12157=VERTEX_POINT('',#15337);
#12158=LINE('',#15338,#15339);
#12159=LINE('',#15340,#15341);
#12160=FILL_AREA_STYLE_COLOUR('',#15342);
#12161=VERTEX_POINT('',#15343);
#12162=LINE('',#15344,#15345);
#12163=VERTEX_POINT('',#15346);
#12164=LINE('',#15347,#15348);
#12165=LINE('',#15349,#15350);
#12166=FILL_AREA_STYLE_COLOUR('',#15351);
#12167=VERTEX_POINT('',#15352);
#12168=VERTEX_POINT('',#15353);
#12169=LINE('',#15354,#15355);
#12170=VERTEX_POINT('',#15356);
#12171=LINE('',#15357,#15358);
#12172=LINE('',#15359,#15360);
#12173=LINE('',#15361,#15362);
#12174=LINE('',#15363,#15364);
#12175=FILL_AREA_STYLE_COLOUR('',#15365);
#12176=FILL_AREA_STYLE_COLOUR('',#15366);
#12177=VERTEX_POINT('',#15367);
#12178=LINE('',#15368,#15369);
#12179=VERTEX_POINT('',#15370);
#12180=LINE('',#15371,#15372);
#12181=LINE('',#15373,#15374);
#12182=FILL_AREA_STYLE_COLOUR('',#15375);
#12183=VERTEX_POINT('',#15376);
#12184=LINE('',#15377,#15378);
#12185=VERTEX_POINT('',#15379);
#12186=LINE('',#15380,#15381);
#12187=LINE('',#15382,#15383);
#12188=FILL_AREA_STYLE_COLOUR('',#15384);
#12189=LINE('',#15385,#15386);
#12190=LINE('',#15387,#15388);
#12191=FILL_AREA_STYLE_COLOUR('',#15389);
#12192=VERTEX_POINT('',#15390);
#12193=LINE('',#15391,#15392);
#12194=LINE('',#15393,#15394);
#12195=FILL_AREA_STYLE_COLOUR('',#15395);
#12196=VERTEX_POINT('',#15396);
#12197=LINE('',#15397,#15398);
#12198=LINE('',#15399,#15400);
#12199=FILL_AREA_STYLE_COLOUR('',#15401);
#12200=VERTEX_POINT('',#15402);
#12201=LINE('',#15403,#15404);
#12202=LINE('',#15405,#15406);
#12203=FILL_AREA_STYLE_COLOUR('',#15407);
#12204=LINE('',#15408,#15409);
#12205=FILL_AREA_STYLE_COLOUR('',#15410);
#12206=FILL_AREA_STYLE_COLOUR('',#15411);
#12207=VERTEX_POINT('',#15412);
#12208=VERTEX_POINT('',#15413);
#12209=CIRCLE('',#15414,1.5239999999999);
#12210=VERTEX_POINT('',#15415);
#12211=LINE('',#15416,#15417);
#12212=VERTEX_POINT('',#15418);
#12213=CIRCLE('',#15419,1.5239999999999);
#12214=LINE('',#15420,#15421);
#12215=FILL_AREA_STYLE_COLOUR('',#15422);
#12216=VERTEX_POINT('',#15423);
#12217=LINE('',#15424,#15425);
#12218=VERTEX_POINT('',#15426);
#12219=LINE('',#15427,#15428);
#12220=VERTEX_POINT('',#15429);
#12221=LINE('',#15430,#15431);
#12222=VERTEX_POINT('',#15432);
#12223=LINE('',#15433,#15434);
#12224=LINE('',#15435,#15436);
#12225=FILL_AREA_STYLE_COLOUR('',#15437);
#12226=VERTEX_POINT('',#15438);
#12227=LINE('',#15439,#15440);
#12228=VERTEX_POINT('',#15441);
#12229=LINE('',#15442,#15443);
#12230=LINE('',#15444,#15445);
#12231=FILL_AREA_STYLE_COLOUR('',#15446);
#12232=VERTEX_POINT('',#15447);
#12233=LINE('',#15448,#15449);
#12234=VERTEX_POINT('',#15450);
#12235=LINE('',#15451,#15452);
#12236=VERTEX_POINT('',#15453);
#12237=LINE('',#15454,#15455);
#12238=VERTEX_POINT('',#15456);
#12239=LINE('',#15457,#15458);
#12240=LINE('',#15459,#15460);
#12241=FILL_AREA_STYLE_COLOUR('',#15461);
#12242=VERTEX_POINT('',#15462);
#12243=LINE('',#15463,#15464);
#12244=VERTEX_POINT('',#15465);
#12245=LINE('',#15466,#15467);
#12246=LINE('',#15468,#15469);
#12247=FILL_AREA_STYLE_COLOUR('',#15470);
#12248=VERTEX_POINT('',#15471);
#12249=VERTEX_POINT('',#15472);
#12250=LINE('',#15473,#15474);
#12251=VERTEX_POINT('',#15475);
#12252=LINE('',#15476,#15477);
#12253=VERTEX_POINT('',#15478);
#12254=LINE('',#15479,#15480);
#12255=LINE('',#15481,#15482);
#12256=FILL_AREA_STYLE_COLOUR('',#15483);
#12257=CIRCLE('',#15484,1.015);
#12258=CIRCLE('',#15485,1.015);
#12259=FILL_AREA_STYLE_COLOUR('',#15486);
#12260=FILL_AREA_STYLE_COLOUR('',#15487);
#12261=LINE('',#15488,#15489);
#12262=LINE('',#15490,#15491);
#12263=FILL_AREA_STYLE_COLOUR('',#15492);
#12264=VERTEX_POINT('',#15493);
#12265=LINE('',#15494,#15495);
#12266=VERTEX_POINT('',#15496);
#12267=LINE('',#15497,#15498);
#12268=VERTEX_POINT('',#15499);
#12269=LINE('',#15500,#15501);
#12270=VERTEX_POINT('',#15502);
#12271=LINE('',#15503,#15504);
#12272=LINE('',#15505,#15506);
#12273=FILL_AREA_STYLE_COLOUR('',#15507);
#12274=VERTEX_POINT('',#15508);
#12275=LINE('',#15509,#15510);
#12276=VERTEX_POINT('',#15511);
#12277=LINE('',#15512,#15513);
#12278=LINE('',#15514,#15515);
#12279=FILL_AREA_STYLE_COLOUR('',#15516);
#12280=VERTEX_POINT('',#15517);
#12281=VERTEX_POINT('',#15518);
#12282=LINE('',#15519,#15520);
#12283=VERTEX_POINT('',#15521);
#12284=LINE('',#15522,#15523);
#12285=LINE('',#15524,#15525);
#12286=LINE('',#15526,#15527);
#12287=LINE('',#15528,#15529);
#12288=FILL_AREA_STYLE_COLOUR('',#15530);
#12289=FILL_AREA_STYLE_COLOUR('',#15531);
#12290=VERTEX_POINT('',#15532);
#12291=LINE('',#15533,#15534);
#12292=VERTEX_POINT('',#15535);
#12293=LINE('',#15536,#15537);
#12294=LINE('',#15538,#15539);
#12295=FILL_AREA_STYLE_COLOUR('',#15540);
#12296=VERTEX_POINT('',#15541);
#12297=LINE('',#15542,#15543);
#12298=VERTEX_POINT('',#15544);
#12299=LINE('',#15545,#15546);
#12300=LINE('',#15547,#15548);
#12301=FILL_AREA_STYLE_COLOUR('',#15549);
#12302=LINE('',#15550,#15551);
#12303=LINE('',#15552,#15553);
#12304=FILL_AREA_STYLE_COLOUR('',#15554);
#12305=VERTEX_POINT('',#15555);
#12306=LINE('',#15556,#15557);
#12307=LINE('',#15558,#15559);
#12308=FILL_AREA_STYLE_COLOUR('',#15560);
#12309=VERTEX_POINT('',#15561);
#12310=LINE('',#15562,#15563);
#12311=LINE('',#15564,#15565);
#12312=FILL_AREA_STYLE_COLOUR('',#15566);
#12313=VERTEX_POINT('',#15567);
#12314=LINE('',#15568,#15569);
#12315=LINE('',#15570,#15571);
#12316=FILL_AREA_STYLE_COLOUR('',#15572);
#12317=LINE('',#15573,#15574);
#12318=FILL_AREA_STYLE_COLOUR('',#15575);
#12319=FILL_AREA_STYLE_COLOUR('',#15576);
#12320=VERTEX_POINT('',#15577);
#12321=VERTEX_POINT('',#15578);
#12322=CIRCLE('',#15579,1.5239999999999);
#12323=VERTEX_POINT('',#15580);
#12324=LINE('',#15581,#15582);
#12325=VERTEX_POINT('',#15583);
#12326=CIRCLE('',#15584,1.5239999999999);
#12327=LINE('',#15585,#15586);
#12328=FILL_AREA_STYLE_COLOUR('',#15587);
#12329=VERTEX_POINT('',#15588);
#12330=LINE('',#15589,#15590);
#12331=VERTEX_POINT('',#15591);
#12332=LINE('',#15592,#15593);
#12333=VERTEX_POINT('',#15594);
#12334=LINE('',#15595,#15596);
#12335=VERTEX_POINT('',#15597);
#12336=LINE('',#15598,#15599);
#12337=LINE('',#15600,#15601);
#12338=FILL_AREA_STYLE_COLOUR('',#15602);
#12339=VERTEX_POINT('',#15603);
#12340=LINE('',#15604,#15605);
#12341=VERTEX_POINT('',#15606);
#12342=LINE('',#15607,#15608);
#12343=LINE('',#15609,#15610);
#12344=FILL_AREA_STYLE_COLOUR('',#15611);
#12345=VERTEX_POINT('',#15612);
#12346=LINE('',#15613,#15614);
#12347=VERTEX_POINT('',#15615);
#12348=LINE('',#15616,#15617);
#12349=VERTEX_POINT('',#15618);
#12350=LINE('',#15619,#15620);
#12351=VERTEX_POINT('',#15621);
#12352=LINE('',#15622,#15623);
#12353=LINE('',#15624,#15625);
#12354=FILL_AREA_STYLE_COLOUR('',#15626);
#12355=VERTEX_POINT('',#15627);
#12356=LINE('',#15628,#15629);
#12357=VERTEX_POINT('',#15630);
#12358=LINE('',#15631,#15632);
#12359=LINE('',#15633,#15634);
#12360=FILL_AREA_STYLE_COLOUR('',#15635);
#12361=VERTEX_POINT('',#15636);
#12362=VERTEX_POINT('',#15637);
#12363=LINE('',#15638,#15639);
#12364=VERTEX_POINT('',#15640);
#12365=LINE('',#15641,#15642);
#12366=VERTEX_POINT('',#15643);
#12367=LINE('',#15644,#15645);
#12368=LINE('',#15646,#15647);
#12369=FILL_AREA_STYLE_COLOUR('',#15648);
#12370=CIRCLE('',#15649,1.015);
#12371=CIRCLE('',#15650,1.015);
#12372=FILL_AREA_STYLE_COLOUR('',#15651);
#12373=FILL_AREA_STYLE_COLOUR('',#15652);
#12374=LINE('',#15653,#15654);
#12375=LINE('',#15655,#15656);
#12376=FILL_AREA_STYLE_COLOUR('',#15657);
#12377=VERTEX_POINT('',#15658);
#12378=LINE('',#15659,#15660);
#12379=VERTEX_POINT('',#15661);
#12380=LINE('',#15662,#15663);
#12381=VERTEX_POINT('',#15664);
#12382=LINE('',#15665,#15666);
#12383=VERTEX_POINT('',#15667);
#12384=LINE('',#15668,#15669);
#12385=LINE('',#15670,#15671);
#12386=FILL_AREA_STYLE_COLOUR('',#15672);
#12387=VERTEX_POINT('',#15673);
#12388=LINE('',#15674,#15675);
#12389=VERTEX_POINT('',#15676);
#12390=LINE('',#15677,#15678);
#12391=LINE('',#15679,#15680);
#12392=FILL_AREA_STYLE_COLOUR('',#15681);
#12393=VERTEX_POINT('',#15682);
#12394=VERTEX_POINT('',#15683);
#12395=LINE('',#15684,#15685);
#12396=VERTEX_POINT('',#15686);
#12397=LINE('',#15687,#15688);
#12398=LINE('',#15689,#15690);
#12399=LINE('',#15691,#15692);
#12400=LINE('',#15693,#15694);
#12401=FILL_AREA_STYLE_COLOUR('',#15695);
#12402=FILL_AREA_STYLE_COLOUR('',#15696);
#12403=VERTEX_POINT('',#15697);
#12404=LINE('',#15698,#15699);
#12405=VERTEX_POINT('',#15700);
#12406=LINE('',#15701,#15702);
#12407=LINE('',#15703,#15704);
#12408=FILL_AREA_STYLE_COLOUR('',#15705);
#12409=VERTEX_POINT('',#15706);
#12410=LINE('',#15707,#15708);
#12411=VERTEX_POINT('',#15709);
#12412=LINE('',#15710,#15711);
#12413=LINE('',#15712,#15713);
#12414=FILL_AREA_STYLE_COLOUR('',#15714);
#12415=LINE('',#15715,#15716);
#12416=LINE('',#15717,#15718);
#12417=FILL_AREA_STYLE_COLOUR('',#15719);
#12418=VERTEX_POINT('',#15720);
#12419=LINE('',#15721,#15722);
#12420=LINE('',#15723,#15724);
#12421=FILL_AREA_STYLE_COLOUR('',#15725);
#12422=VERTEX_POINT('',#15726);
#12423=LINE('',#15727,#15728);
#12424=LINE('',#15729,#15730);
#12425=FILL_AREA_STYLE_COLOUR('',#15731);
#12426=VERTEX_POINT('',#15732);
#12427=LINE('',#15733,#15734);
#12428=LINE('',#15735,#15736);
#12429=FILL_AREA_STYLE_COLOUR('',#15737);
#12430=LINE('',#15738,#15739);
#12431=FILL_AREA_STYLE_COLOUR('',#15740);
#12432=FILL_AREA_STYLE_COLOUR('',#15741);
#12433=VERTEX_POINT('',#15742);
#12434=VERTEX_POINT('',#15743);
#12435=CIRCLE('',#15744,1.5239999999999);
#12436=VERTEX_POINT('',#15745);
#12437=LINE('',#15746,#15747);
#12438=VERTEX_POINT('',#15748);
#12439=CIRCLE('',#15749,1.5239999999999);
#12440=LINE('',#15750,#15751);
#12441=FILL_AREA_STYLE_COLOUR('',#15752);
#12442=VERTEX_POINT('',#15753);
#12443=LINE('',#15754,#15755);
#12444=VERTEX_POINT('',#15756);
#12445=LINE('',#15757,#15758);
#12446=VERTEX_POINT('',#15759);
#12447=LINE('',#15760,#15761);
#12448=VERTEX_POINT('',#15762);
#12449=LINE('',#15763,#15764);
#12450=LINE('',#15765,#15766);
#12451=FILL_AREA_STYLE_COLOUR('',#15767);
#12452=VERTEX_POINT('',#15768);
#12453=LINE('',#15769,#15770);
#12454=VERTEX_POINT('',#15771);
#12455=LINE('',#15772,#15773);
#12456=LINE('',#15774,#15775);
#12457=FILL_AREA_STYLE_COLOUR('',#15776);
#12458=VERTEX_POINT('',#15777);
#12459=LINE('',#15778,#15779);
#12460=VERTEX_POINT('',#15780);
#12461=LINE('',#15781,#15782);
#12462=VERTEX_POINT('',#15783);
#12463=LINE('',#15784,#15785);
#12464=VERTEX_POINT('',#15786);
#12465=LINE('',#15787,#15788);
#12466=LINE('',#15789,#15790);
#12467=FILL_AREA_STYLE_COLOUR('',#15791);
#12468=VERTEX_POINT('',#15792);
#12469=LINE('',#15793,#15794);
#12470=VERTEX_POINT('',#15795);
#12471=LINE('',#15796,#15797);
#12472=LINE('',#15798,#15799);
#12473=FILL_AREA_STYLE_COLOUR('',#15800);
#12474=VERTEX_POINT('',#15801);
#12475=VERTEX_POINT('',#15802);
#12476=LINE('',#15803,#15804);
#12477=VERTEX_POINT('',#15805);
#12478=LINE('',#15806,#15807);
#12479=VERTEX_POINT('',#15808);
#12480=LINE('',#15809,#15810);
#12481=LINE('',#15811,#15812);
#12482=FILL_AREA_STYLE_COLOUR('',#15813);
#12483=CIRCLE('',#15814,1.015);
#12484=CIRCLE('',#15815,1.015);
#12485=FILL_AREA_STYLE_COLOUR('',#15816);
#12486=FILL_AREA_STYLE_COLOUR('',#15817);
#12487=LINE('',#15818,#15819);
#12488=LINE('',#15820,#15821);
#12489=FILL_AREA_STYLE_COLOUR('',#15822);
#12490=VERTEX_POINT('',#15823);
#12491=LINE('',#15824,#15825);
#12492=VERTEX_POINT('',#15826);
#12493=LINE('',#15827,#15828);
#12494=VERTEX_POINT('',#15829);
#12495=LINE('',#15830,#15831);
#12496=VERTEX_POINT('',#15832);
#12497=LINE('',#15833,#15834);
#12498=LINE('',#15835,#15836);
#12499=FILL_AREA_STYLE_COLOUR('',#15837);
#12500=VERTEX_POINT('',#15838);
#12501=LINE('',#15839,#15840);
#12502=VERTEX_POINT('',#15841);
#12503=LINE('',#15842,#15843);
#12504=LINE('',#15844,#15845);
#12505=FILL_AREA_STYLE_COLOUR('',#15846);
#12506=VERTEX_POINT('',#15847);
#12507=VERTEX_POINT('',#15848);
#12508=LINE('',#15849,#15850);
#12509=VERTEX_POINT('',#15851);
#12510=LINE('',#15852,#15853);
#12511=LINE('',#15854,#15855);
#12512=LINE('',#15856,#15857);
#12513=LINE('',#15858,#15859);
#12514=FILL_AREA_STYLE_COLOUR('',#15860);
#12515=FILL_AREA_STYLE_COLOUR('',#15861);
#12516=VERTEX_POINT('',#15862);
#12517=LINE('',#15863,#15864);
#12518=VERTEX_POINT('',#15865);
#12519=LINE('',#15866,#15867);
#12520=LINE('',#15868,#15869);
#12521=FILL_AREA_STYLE_COLOUR('',#15870);
#12522=VERTEX_POINT('',#15871);
#12523=LINE('',#15872,#15873);
#12524=VERTEX_POINT('',#15874);
#12525=LINE('',#15875,#15876);
#12526=LINE('',#15877,#15878);
#12527=FILL_AREA_STYLE_COLOUR('',#15879);
#12528=LINE('',#15880,#15881);
#12529=LINE('',#15882,#15883);
#12530=FILL_AREA_STYLE_COLOUR('',#15884);
#12531=VERTEX_POINT('',#15885);
#12532=LINE('',#15886,#15887);
#12533=LINE('',#15888,#15889);
#12534=FILL_AREA_STYLE_COLOUR('',#15890);
#12535=VERTEX_POINT('',#15891);
#12536=LINE('',#15892,#15893);
#12537=LINE('',#15894,#15895);
#12538=FILL_AREA_STYLE_COLOUR('',#15896);
#12539=VERTEX_POINT('',#15897);
#12540=LINE('',#15898,#15899);
#12541=LINE('',#15900,#15901);
#12542=FILL_AREA_STYLE_COLOUR('',#15902);
#12543=LINE('',#15903,#15904);
#12544=FILL_AREA_STYLE_COLOUR('',#15905);
#12545=FILL_AREA_STYLE_COLOUR('',#15906);
#12546=VERTEX_POINT('',#15907);
#12547=VERTEX_POINT('',#15908);
#12548=CIRCLE('',#15909,1.5239999999999);
#12549=VERTEX_POINT('',#15910);
#12550=LINE('',#15911,#15912);
#12551=VERTEX_POINT('',#15913);
#12552=CIRCLE('',#15914,1.5239999999999);
#12553=LINE('',#15915,#15916);
#12554=FILL_AREA_STYLE_COLOUR('',#15917);
#12555=VERTEX_POINT('',#15918);
#12556=LINE('',#15919,#15920);
#12557=VERTEX_POINT('',#15921);
#12558=LINE('',#15922,#15923);
#12559=VERTEX_POINT('',#15924);
#12560=LINE('',#15925,#15926);
#12561=VERTEX_POINT('',#15927);
#12562=LINE('',#15928,#15929);
#12563=LINE('',#15930,#15931);
#12564=FILL_AREA_STYLE_COLOUR('',#15932);
#12565=VERTEX_POINT('',#15933);
#12566=LINE('',#15934,#15935);
#12567=VERTEX_POINT('',#15936);
#12568=LINE('',#15937,#15938);
#12569=LINE('',#15939,#15940);
#12570=FILL_AREA_STYLE_COLOUR('',#15941);
#12571=VERTEX_POINT('',#15942);
#12572=LINE('',#15943,#15944);
#12573=VERTEX_POINT('',#15945);
#12574=LINE('',#15946,#15947);
#12575=VERTEX_POINT('',#15948);
#12576=LINE('',#15949,#15950);
#12577=VERTEX_POINT('',#15951);
#12578=LINE('',#15952,#15953);
#12579=LINE('',#15954,#15955);
#12580=FILL_AREA_STYLE_COLOUR('',#15956);
#12581=VERTEX_POINT('',#15957);
#12582=LINE('',#15958,#15959);
#12583=VERTEX_POINT('',#15960);
#12584=LINE('',#15961,#15962);
#12585=LINE('',#15963,#15964);
#12586=FILL_AREA_STYLE_COLOUR('',#15965);
#12587=VERTEX_POINT('',#15966);
#12588=VERTEX_POINT('',#15967);
#12589=LINE('',#15968,#15969);
#12590=VERTEX_POINT('',#15970);
#12591=LINE('',#15971,#15972);
#12592=VERTEX_POINT('',#15973);
#12593=LINE('',#15974,#15975);
#12594=LINE('',#15976,#15977);
#12595=FILL_AREA_STYLE_COLOUR('',#15978);
#12596=CIRCLE('',#15979,1.015);
#12597=CIRCLE('',#15980,1.015);
#12598=FILL_AREA_STYLE_COLOUR('',#15981);
#12599=FILL_AREA_STYLE_COLOUR('',#15982);
#12600=LINE('',#15983,#15984);
#12601=LINE('',#15985,#15986);
#12602=FILL_AREA_STYLE_COLOUR('',#15987);
#12603=VERTEX_POINT('',#15988);
#12604=LINE('',#15989,#15990);
#12605=VERTEX_POINT('',#15991);
#12606=LINE('',#15992,#15993);
#12607=VERTEX_POINT('',#15994);
#12608=LINE('',#15995,#15996);
#12609=VERTEX_POINT('',#15997);
#12610=LINE('',#15998,#15999);
#12611=LINE('',#16000,#16001);
#12612=FILL_AREA_STYLE_COLOUR('',#16002);
#12613=VERTEX_POINT('',#16003);
#12614=LINE('',#16004,#16005);
#12615=VERTEX_POINT('',#16006);
#12616=LINE('',#16007,#16008);
#12617=LINE('',#16009,#16010);
#12618=FILL_AREA_STYLE_COLOUR('',#16011);
#12619=VERTEX_POINT('',#16012);
#12620=VERTEX_POINT('',#16013);
#12621=LINE('',#16014,#16015);
#12622=VERTEX_POINT('',#16016);
#12623=LINE('',#16017,#16018);
#12624=LINE('',#16019,#16020);
#12625=LINE('',#16021,#16022);
#12626=LINE('',#16023,#16024);
#12627=FILL_AREA_STYLE_COLOUR('',#16025);
#12628=FILL_AREA_STYLE_COLOUR('',#16026);
#12629=VERTEX_POINT('',#16027);
#12630=LINE('',#16028,#16029);
#12631=VERTEX_POINT('',#16030);
#12632=LINE('',#16031,#16032);
#12633=LINE('',#16033,#16034);
#12634=FILL_AREA_STYLE_COLOUR('',#16035);
#12635=VERTEX_POINT('',#16036);
#12636=LINE('',#16037,#16038);
#12637=VERTEX_POINT('',#16039);
#12638=LINE('',#16040,#16041);
#12639=LINE('',#16042,#16043);
#12640=FILL_AREA_STYLE_COLOUR('',#16044);
#12641=LINE('',#16045,#16046);
#12642=LINE('',#16047,#16048);
#12643=FILL_AREA_STYLE_COLOUR('',#16049);
#12644=VERTEX_POINT('',#16050);
#12645=LINE('',#16051,#16052);
#12646=LINE('',#16053,#16054);
#12647=FILL_AREA_STYLE_COLOUR('',#16055);
#12648=VERTEX_POINT('',#16056);
#12649=LINE('',#16057,#16058);
#12650=LINE('',#16059,#16060);
#12651=FILL_AREA_STYLE_COLOUR('',#16061);
#12652=VERTEX_POINT('',#16062);
#12653=LINE('',#16063,#16064);
#12654=LINE('',#16065,#16066);
#12655=FILL_AREA_STYLE_COLOUR('',#16067);
#12656=LINE('',#16068,#16069);
#12657=FILL_AREA_STYLE_COLOUR('',#16070);
#12658=FILL_AREA_STYLE_COLOUR('',#16071);
#12659=VERTEX_POINT('',#16072);
#12660=VERTEX_POINT('',#16073);
#12661=CIRCLE('',#16074,1.5239999999999);
#12662=VERTEX_POINT('',#16075);
#12663=LINE('',#16076,#16077);
#12664=VERTEX_POINT('',#16078);
#12665=CIRCLE('',#16079,1.5239999999999);
#12666=LINE('',#16080,#16081);
#12667=FILL_AREA_STYLE_COLOUR('',#16082);
#12668=VERTEX_POINT('',#16083);
#12669=LINE('',#16084,#16085);
#12670=VERTEX_POINT('',#16086);
#12671=LINE('',#16087,#16088);
#12672=VERTEX_POINT('',#16089);
#12673=LINE('',#16090,#16091);
#12674=VERTEX_POINT('',#16092);
#12675=LINE('',#16093,#16094);
#12676=LINE('',#16095,#16096);
#12677=FILL_AREA_STYLE_COLOUR('',#16097);
#12678=VERTEX_POINT('',#16098);
#12679=LINE('',#16099,#16100);
#12680=VERTEX_POINT('',#16101);
#12681=LINE('',#16102,#16103);
#12682=LINE('',#16104,#16105);
#12683=FILL_AREA_STYLE_COLOUR('',#16106);
#12684=VERTEX_POINT('',#16107);
#12685=LINE('',#16108,#16109);
#12686=VERTEX_POINT('',#16110);
#12687=LINE('',#16111,#16112);
#12688=VERTEX_POINT('',#16113);
#12689=LINE('',#16114,#16115);
#12690=VERTEX_POINT('',#16116);
#12691=LINE('',#16117,#16118);
#12692=LINE('',#16119,#16120);
#12693=FILL_AREA_STYLE_COLOUR('',#16121);
#12694=VERTEX_POINT('',#16122);
#12695=LINE('',#16123,#16124);
#12696=VERTEX_POINT('',#16125);
#12697=LINE('',#16126,#16127);
#12698=LINE('',#16128,#16129);
#12699=FILL_AREA_STYLE_COLOUR('',#16130);
#12700=VERTEX_POINT('',#16131);
#12701=VERTEX_POINT('',#16132);
#12702=LINE('',#16133,#16134);
#12703=VERTEX_POINT('',#16135);
#12704=LINE('',#16136,#16137);
#12705=VERTEX_POINT('',#16138);
#12706=LINE('',#16139,#16140);
#12707=LINE('',#16141,#16142);
#12708=FILL_AREA_STYLE_COLOUR('',#16143);
#12709=CIRCLE('',#16144,1.015);
#12710=CIRCLE('',#16145,1.015);
#12711=FILL_AREA_STYLE_COLOUR('',#16146);
#12712=FILL_AREA_STYLE_COLOUR('',#16147);
#12713=LINE('',#16148,#16149);
#12714=LINE('',#16150,#16151);
#12715=FILL_AREA_STYLE_COLOUR('',#16152);
#12716=VERTEX_POINT('',#16153);
#12717=LINE('',#16154,#16155);
#12718=VERTEX_POINT('',#16156);
#12719=LINE('',#16157,#16158);
#12720=VERTEX_POINT('',#16159);
#12721=LINE('',#16160,#16161);
#12722=VERTEX_POINT('',#16162);
#12723=LINE('',#16163,#16164);
#12724=LINE('',#16165,#16166);
#12725=FILL_AREA_STYLE_COLOUR('',#16167);
#12726=VERTEX_POINT('',#16168);
#12727=LINE('',#16169,#16170);
#12728=VERTEX_POINT('',#16171);
#12729=LINE('',#16172,#16173);
#12730=LINE('',#16174,#16175);
#12731=FILL_AREA_STYLE_COLOUR('',#16176);
#12732=VERTEX_POINT('',#16177);
#12733=VERTEX_POINT('',#16178);
#12734=LINE('',#16179,#16180);
#12735=VERTEX_POINT('',#16181);
#12736=LINE('',#16182,#16183);
#12737=LINE('',#16184,#16185);
#12738=LINE('',#16186,#16187);
#12739=LINE('',#16188,#16189);
#12740=FILL_AREA_STYLE_COLOUR('',#16190);
#12741=FILL_AREA_STYLE_COLOUR('',#16191);
#12742=VERTEX_POINT('',#16192);
#12743=LINE('',#16193,#16194);
#12744=VERTEX_POINT('',#16195);
#12745=LINE('',#16196,#16197);
#12746=LINE('',#16198,#16199);
#12747=FILL_AREA_STYLE_COLOUR('',#16200);
#12748=VERTEX_POINT('',#16201);
#12749=LINE('',#16202,#16203);
#12750=VERTEX_POINT('',#16204);
#12751=LINE('',#16205,#16206);
#12752=LINE('',#16207,#16208);
#12753=FILL_AREA_STYLE_COLOUR('',#16209);
#12754=LINE('',#16210,#16211);
#12755=LINE('',#16212,#16213);
#12756=FILL_AREA_STYLE_COLOUR('',#16214);
#12757=VERTEX_POINT('',#16215);
#12758=LINE('',#16216,#16217);
#12759=LINE('',#16218,#16219);
#12760=FILL_AREA_STYLE_COLOUR('',#16220);
#12761=VERTEX_POINT('',#16221);
#12762=LINE('',#16222,#16223);
#12763=LINE('',#16224,#16225);
#12764=FILL_AREA_STYLE_COLOUR('',#16226);
#12765=VERTEX_POINT('',#16227);
#12766=LINE('',#16228,#16229);
#12767=LINE('',#16230,#16231);
#12768=FILL_AREA_STYLE_COLOUR('',#16232);
#12769=LINE('',#16233,#16234);
#12770=FILL_AREA_STYLE_COLOUR('',#16235);
#12771=FILL_AREA_STYLE_COLOUR('',#16236);
#12772=VERTEX_POINT('',#16237);
#12773=VERTEX_POINT('',#16238);
#12774=CIRCLE('',#16239,1.5239999999999);
#12775=VERTEX_POINT('',#16240);
#12776=LINE('',#16241,#16242);
#12777=VERTEX_POINT('',#16243);
#12778=CIRCLE('',#16244,1.5239999999999);
#12779=LINE('',#16245,#16246);
#12780=FILL_AREA_STYLE_COLOUR('',#16247);
#12781=VERTEX_POINT('',#16248);
#12782=LINE('',#16249,#16250);
#12783=VERTEX_POINT('',#16251);
#12784=LINE('',#16252,#16253);
#12785=VERTEX_POINT('',#16254);
#12786=LINE('',#16255,#16256);
#12787=VERTEX_POINT('',#16257);
#12788=LINE('',#16258,#16259);
#12789=LINE('',#16260,#16261);
#12790=FILL_AREA_STYLE_COLOUR('',#16262);
#12791=VERTEX_POINT('',#16263);
#12792=LINE('',#16264,#16265);
#12793=VERTEX_POINT('',#16266);
#12794=LINE('',#16267,#16268);
#12795=LINE('',#16269,#16270);
#12796=FILL_AREA_STYLE_COLOUR('',#16271);
#12797=VERTEX_POINT('',#16272);
#12798=LINE('',#16273,#16274);
#12799=VERTEX_POINT('',#16275);
#12800=LINE('',#16276,#16277);
#12801=VERTEX_POINT('',#16278);
#12802=LINE('',#16279,#16280);
#12803=VERTEX_POINT('',#16281);
#12804=LINE('',#16282,#16283);
#12805=LINE('',#16284,#16285);
#12806=FILL_AREA_STYLE_COLOUR('',#16286);
#12807=VERTEX_POINT('',#16287);
#12808=LINE('',#16288,#16289);
#12809=VERTEX_POINT('',#16290);
#12810=LINE('',#16291,#16292);
#12811=LINE('',#16293,#16294);
#12812=FILL_AREA_STYLE_COLOUR('',#16295);
#12813=VERTEX_POINT('',#16296);
#12814=VERTEX_POINT('',#16297);
#12815=LINE('',#16298,#16299);
#12816=VERTEX_POINT('',#16300);
#12817=LINE('',#16301,#16302);
#12818=VERTEX_POINT('',#16303);
#12819=LINE('',#16304,#16305);
#12820=LINE('',#16306,#16307);
#12821=FILL_AREA_STYLE_COLOUR('',#16308);
#12822=CIRCLE('',#16309,1.015);
#12823=CIRCLE('',#16310,1.015);
#12824=FILL_AREA_STYLE_COLOUR('',#16311);
#12825=FILL_AREA_STYLE_COLOUR('',#16312);
#12826=LINE('',#16313,#16314);
#12827=LINE('',#16315,#16316);
#12828=FILL_AREA_STYLE_COLOUR('',#16317);
#12829=VERTEX_POINT('',#16318);
#12830=LINE('',#16319,#16320);
#12831=VERTEX_POINT('',#16321);
#12832=LINE('',#16322,#16323);
#12833=VERTEX_POINT('',#16324);
#12834=LINE('',#16325,#16326);
#12835=VERTEX_POINT('',#16327);
#12836=LINE('',#16328,#16329);
#12837=LINE('',#16330,#16331);
#12838=FILL_AREA_STYLE_COLOUR('',#16332);
#12839=VERTEX_POINT('',#16333);
#12840=LINE('',#16334,#16335);
#12841=VERTEX_POINT('',#16336);
#12842=LINE('',#16337,#16338);
#12843=LINE('',#16339,#16340);
#12844=FILL_AREA_STYLE_COLOUR('',#16341);
#12845=VERTEX_POINT('',#16342);
#12846=VERTEX_POINT('',#16343);
#12847=LINE('',#16344,#16345);
#12848=VERTEX_POINT('',#16346);
#12849=LINE('',#16347,#16348);
#12850=LINE('',#16349,#16350);
#12851=LINE('',#16351,#16352);
#12852=LINE('',#16353,#16354);
#12853=FILL_AREA_STYLE_COLOUR('',#16355);
#12854=FILL_AREA_STYLE_COLOUR('',#16356);
#12855=VERTEX_POINT('',#16357);
#12856=LINE('',#16358,#16359);
#12857=VERTEX_POINT('',#16360);
#12858=LINE('',#16361,#16362);
#12859=LINE('',#16363,#16364);
#12860=FILL_AREA_STYLE_COLOUR('',#16365);
#12861=VERTEX_POINT('',#16366);
#12862=LINE('',#16367,#16368);
#12863=VERTEX_POINT('',#16369);
#12864=LINE('',#16370,#16371);
#12865=LINE('',#16372,#16373);
#12866=FILL_AREA_STYLE_COLOUR('',#16374);
#12867=LINE('',#16375,#16376);
#12868=LINE('',#16377,#16378);
#12869=FILL_AREA_STYLE_COLOUR('',#16379);
#12870=VERTEX_POINT('',#16380);
#12871=LINE('',#16381,#16382);
#12872=LINE('',#16383,#16384);
#12873=FILL_AREA_STYLE_COLOUR('',#16385);
#12874=VERTEX_POINT('',#16386);
#12875=LINE('',#16387,#16388);
#12876=LINE('',#16389,#16390);
#12877=FILL_AREA_STYLE_COLOUR('',#16391);
#12878=VERTEX_POINT('',#16392);
#12879=LINE('',#16393,#16394);
#12880=LINE('',#16395,#16396);
#12881=FILL_AREA_STYLE_COLOUR('',#16397);
#12882=LINE('',#16398,#16399);
#12883=FILL_AREA_STYLE_COLOUR('',#16400);
#12884=FILL_AREA_STYLE_COLOUR('',#16401);
#12885=VERTEX_POINT('',#16402);
#12886=VERTEX_POINT('',#16403);
#12887=CIRCLE('',#16404,1.5239999999999);
#12888=VERTEX_POINT('',#16405);
#12889=LINE('',#16406,#16407);
#12890=VERTEX_POINT('',#16408);
#12891=CIRCLE('',#16409,1.5239999999999);
#12892=LINE('',#16410,#16411);
#12893=FILL_AREA_STYLE_COLOUR('',#16412);
#12894=VERTEX_POINT('',#16413);
#12895=LINE('',#16414,#16415);
#12896=VERTEX_POINT('',#16416);
#12897=LINE('',#16417,#16418);
#12898=VERTEX_POINT('',#16419);
#12899=LINE('',#16420,#16421);
#12900=VERTEX_POINT('',#16422);
#12901=LINE('',#16423,#16424);
#12902=LINE('',#16425,#16426);
#12903=FILL_AREA_STYLE_COLOUR('',#16427);
#12904=VERTEX_POINT('',#16428);
#12905=LINE('',#16429,#16430);
#12906=VERTEX_POINT('',#16431);
#12907=LINE('',#16432,#16433);
#12908=LINE('',#16434,#16435);
#12909=FILL_AREA_STYLE_COLOUR('',#16436);
#12910=VERTEX_POINT('',#16437);
#12911=LINE('',#16438,#16439);
#12912=VERTEX_POINT('',#16440);
#12913=LINE('',#16441,#16442);
#12914=VERTEX_POINT('',#16443);
#12915=LINE('',#16444,#16445);
#12916=VERTEX_POINT('',#16446);
#12917=LINE('',#16447,#16448);
#12918=LINE('',#16449,#16450);
#12919=FILL_AREA_STYLE_COLOUR('',#16451);
#12920=VERTEX_POINT('',#16452);
#12921=LINE('',#16453,#16454);
#12922=VERTEX_POINT('',#16455);
#12923=LINE('',#16456,#16457);
#12924=LINE('',#16458,#16459);
#12925=FILL_AREA_STYLE_COLOUR('',#16460);
#12926=VERTEX_POINT('',#16461);
#12927=VERTEX_POINT('',#16462);
#12928=LINE('',#16463,#16464);
#12929=VERTEX_POINT('',#16465);
#12930=LINE('',#16466,#16467);
#12931=VERTEX_POINT('',#16468);
#12932=LINE('',#16469,#16470);
#12933=LINE('',#16471,#16472);
#12934=FILL_AREA_STYLE_COLOUR('',#16473);
#12935=CIRCLE('',#16474,1.015);
#12936=CIRCLE('',#16475,1.015);
#12937=FILL_AREA_STYLE_COLOUR('',#16476);
#12938=FILL_AREA_STYLE_COLOUR('',#16477);
#12939=LINE('',#16478,#16479);
#12940=LINE('',#16480,#16481);
#12941=FILL_AREA_STYLE_COLOUR('',#16482);
#12942=VERTEX_POINT('',#16483);
#12943=LINE('',#16484,#16485);
#12944=VERTEX_POINT('',#16486);
#12945=LINE('',#16487,#16488);
#12946=VERTEX_POINT('',#16489);
#12947=LINE('',#16490,#16491);
#12948=VERTEX_POINT('',#16492);
#12949=LINE('',#16493,#16494);
#12950=LINE('',#16495,#16496);
#12951=FILL_AREA_STYLE_COLOUR('',#16497);
#12952=VERTEX_POINT('',#16498);
#12953=LINE('',#16499,#16500);
#12954=VERTEX_POINT('',#16501);
#12955=LINE('',#16502,#16503);
#12956=LINE('',#16504,#16505);
#12957=FILL_AREA_STYLE_COLOUR('',#16506);
#12958=VERTEX_POINT('',#16507);
#12959=VERTEX_POINT('',#16508);
#12960=LINE('',#16509,#16510);
#12961=VERTEX_POINT('',#16511);
#12962=LINE('',#16512,#16513);
#12963=LINE('',#16514,#16515);
#12964=LINE('',#16516,#16517);
#12965=LINE('',#16518,#16519);
#12966=FILL_AREA_STYLE_COLOUR('',#16520);
#12967=FILL_AREA_STYLE_COLOUR('',#16521);
#12968=VERTEX_POINT('',#16522);
#12969=LINE('',#16523,#16524);
#12970=VERTEX_POINT('',#16525);
#12971=LINE('',#16526,#16527);
#12972=LINE('',#16528,#16529);
#12973=FILL_AREA_STYLE_COLOUR('',#16530);
#12974=VERTEX_POINT('',#16531);
#12975=LINE('',#16532,#16533);
#12976=VERTEX_POINT('',#16534);
#12977=LINE('',#16535,#16536);
#12978=LINE('',#16537,#16538);
#12979=FILL_AREA_STYLE_COLOUR('',#16539);
#12980=LINE('',#16540,#16541);
#12981=LINE('',#16542,#16543);
#12982=FILL_AREA_STYLE_COLOUR('',#16544);
#12983=VERTEX_POINT('',#16545);
#12984=LINE('',#16546,#16547);
#12985=LINE('',#16548,#16549);
#12986=FILL_AREA_STYLE_COLOUR('',#16550);
#12987=VERTEX_POINT('',#16551);
#12988=LINE('',#16552,#16553);
#12989=LINE('',#16554,#16555);
#12990=FILL_AREA_STYLE_COLOUR('',#16556);
#12991=VERTEX_POINT('',#16557);
#12992=LINE('',#16558,#16559);
#12993=LINE('',#16560,#16561);
#12994=FILL_AREA_STYLE_COLOUR('',#16562);
#12995=LINE('',#16563,#16564);
#12996=FILL_AREA_STYLE_COLOUR('',#16565);
#12997=FILL_AREA_STYLE_COLOUR('',#16566);
#12998=VERTEX_POINT('',#16567);
#12999=VERTEX_POINT('',#16568);
#13000=CIRCLE('',#16569,1.5239999999999);
#13001=VERTEX_POINT('',#16570);
#13002=LINE('',#16571,#16572);
#13003=VERTEX_POINT('',#16573);
#13004=CIRCLE('',#16574,1.5239999999999);
#13005=LINE('',#16575,#16576);
#13006=FILL_AREA_STYLE_COLOUR('',#16577);
#13007=VERTEX_POINT('',#16578);
#13008=LINE('',#16579,#16580);
#13009=VERTEX_POINT('',#16581);
#13010=LINE('',#16582,#16583);
#13011=VERTEX_POINT('',#16584);
#13012=LINE('',#16585,#16586);
#13013=VERTEX_POINT('',#16587);
#13014=LINE('',#16588,#16589);
#13015=LINE('',#16590,#16591);
#13016=FILL_AREA_STYLE_COLOUR('',#16592);
#13017=VERTEX_POINT('',#16593);
#13018=LINE('',#16594,#16595);
#13019=VERTEX_POINT('',#16596);
#13020=LINE('',#16597,#16598);
#13021=LINE('',#16599,#16600);
#13022=FILL_AREA_STYLE_COLOUR('',#16601);
#13023=VERTEX_POINT('',#16602);
#13024=LINE('',#16603,#16604);
#13025=VERTEX_POINT('',#16605);
#13026=LINE('',#16606,#16607);
#13027=VERTEX_POINT('',#16608);
#13028=LINE('',#16609,#16610);
#13029=VERTEX_POINT('',#16611);
#13030=LINE('',#16612,#16613);
#13031=LINE('',#16614,#16615);
#13032=FILL_AREA_STYLE_COLOUR('',#16616);
#13033=VERTEX_POINT('',#16617);
#13034=LINE('',#16618,#16619);
#13035=VERTEX_POINT('',#16620);
#13036=LINE('',#16621,#16622);
#13037=LINE('',#16623,#16624);
#13038=FILL_AREA_STYLE_COLOUR('',#16625);
#13039=VERTEX_POINT('',#16626);
#13040=VERTEX_POINT('',#16627);
#13041=LINE('',#16628,#16629);
#13042=VERTEX_POINT('',#16630);
#13043=LINE('',#16631,#16632);
#13044=VERTEX_POINT('',#16633);
#13045=LINE('',#16634,#16635);
#13046=LINE('',#16636,#16637);
#13047=FILL_AREA_STYLE_COLOUR('',#16638);
#13048=CIRCLE('',#16639,1.015);
#13049=CIRCLE('',#16640,1.015);
#13050=FILL_AREA_STYLE_COLOUR('',#16641);
#13051=FILL_AREA_STYLE_COLOUR('',#16642);
#13052=LINE('',#16643,#16644);
#13053=LINE('',#16645,#16646);
#13054=FILL_AREA_STYLE_COLOUR('',#16647);
#13055=VERTEX_POINT('',#16648);
#13056=LINE('',#16649,#16650);
#13057=VERTEX_POINT('',#16651);
#13058=LINE('',#16652,#16653);
#13059=VERTEX_POINT('',#16654);
#13060=LINE('',#16655,#16656);
#13061=VERTEX_POINT('',#16657);
#13062=LINE('',#16658,#16659);
#13063=LINE('',#16660,#16661);
#13064=FILL_AREA_STYLE_COLOUR('',#16662);
#13065=VERTEX_POINT('',#16663);
#13066=LINE('',#16664,#16665);
#13067=VERTEX_POINT('',#16666);
#13068=LINE('',#16667,#16668);
#13069=LINE('',#16669,#16670);
#13070=FILL_AREA_STYLE_COLOUR('',#16671);
#13071=VERTEX_POINT('',#16672);
#13072=VERTEX_POINT('',#16673);
#13073=LINE('',#16674,#16675);
#13074=VERTEX_POINT('',#16676);
#13075=LINE('',#16677,#16678);
#13076=LINE('',#16679,#16680);
#13077=LINE('',#16681,#16682);
#13078=LINE('',#16683,#16684);
#13079=FILL_AREA_STYLE_COLOUR('',#16685);
#13080=FILL_AREA_STYLE_COLOUR('',#16686);
#13081=VERTEX_POINT('',#16687);
#13082=LINE('',#16688,#16689);
#13083=VERTEX_POINT('',#16690);
#13084=LINE('',#16691,#16692);
#13085=LINE('',#16693,#16694);
#13086=FILL_AREA_STYLE_COLOUR('',#16695);
#13087=VERTEX_POINT('',#16696);
#13088=LINE('',#16697,#16698);
#13089=VERTEX_POINT('',#16699);
#13090=LINE('',#16700,#16701);
#13091=LINE('',#16702,#16703);
#13092=FILL_AREA_STYLE_COLOUR('',#16704);
#13093=LINE('',#16705,#16706);
#13094=LINE('',#16707,#16708);
#13095=FILL_AREA_STYLE_COLOUR('',#16709);
#13096=VERTEX_POINT('',#16710);
#13097=LINE('',#16711,#16712);
#13098=LINE('',#16713,#16714);
#13099=FILL_AREA_STYLE_COLOUR('',#16715);
#13100=VERTEX_POINT('',#16716);
#13101=LINE('',#16717,#16718);
#13102=LINE('',#16719,#16720);
#13103=FILL_AREA_STYLE_COLOUR('',#16721);
#13104=VERTEX_POINT('',#16722);
#13105=LINE('',#16723,#16724);
#13106=LINE('',#16725,#16726);
#13107=FILL_AREA_STYLE_COLOUR('',#16727);
#13108=LINE('',#16728,#16729);
#13109=FILL_AREA_STYLE_COLOUR('',#16730);
#13110=FILL_AREA_STYLE_COLOUR('',#16731);
#13111=VERTEX_POINT('',#16732);
#13112=VERTEX_POINT('',#16733);
#13113=CIRCLE('',#16734,1.5239999999999);
#13114=VERTEX_POINT('',#16735);
#13115=LINE('',#16736,#16737);
#13116=VERTEX_POINT('',#16738);
#13117=CIRCLE('',#16739,1.5239999999999);
#13118=LINE('',#16740,#16741);
#13119=FILL_AREA_STYLE_COLOUR('',#16742);
#13120=VERTEX_POINT('',#16743);
#13121=LINE('',#16744,#16745);
#13122=VERTEX_POINT('',#16746);
#13123=LINE('',#16747,#16748);
#13124=VERTEX_POINT('',#16749);
#13125=LINE('',#16750,#16751);
#13126=VERTEX_POINT('',#16752);
#13127=LINE('',#16753,#16754);
#13128=LINE('',#16755,#16756);
#13129=FILL_AREA_STYLE_COLOUR('',#16757);
#13130=VERTEX_POINT('',#16758);
#13131=LINE('',#16759,#16760);
#13132=VERTEX_POINT('',#16761);
#13133=LINE('',#16762,#16763);
#13134=LINE('',#16764,#16765);
#13135=FILL_AREA_STYLE_COLOUR('',#16766);
#13136=VERTEX_POINT('',#16767);
#13137=LINE('',#16768,#16769);
#13138=VERTEX_POINT('',#16770);
#13139=LINE('',#16771,#16772);
#13140=VERTEX_POINT('',#16773);
#13141=LINE('',#16774,#16775);
#13142=VERTEX_POINT('',#16776);
#13143=LINE('',#16777,#16778);
#13144=LINE('',#16779,#16780);
#13145=FILL_AREA_STYLE_COLOUR('',#16781);
#13146=VERTEX_POINT('',#16782);
#13147=LINE('',#16783,#16784);
#13148=VERTEX_POINT('',#16785);
#13149=LINE('',#16786,#16787);
#13150=LINE('',#16788,#16789);
#13151=FILL_AREA_STYLE_COLOUR('',#16790);
#13152=VERTEX_POINT('',#16791);
#13153=VERTEX_POINT('',#16792);
#13154=LINE('',#16793,#16794);
#13155=VERTEX_POINT('',#16795);
#13156=LINE('',#16796,#16797);
#13157=VERTEX_POINT('',#16798);
#13158=LINE('',#16799,#16800);
#13159=LINE('',#16801,#16802);
#13160=FILL_AREA_STYLE_COLOUR('',#16803);
#13161=CIRCLE('',#16804,1.015);
#13162=CIRCLE('',#16805,1.015);
#13163=FILL_AREA_STYLE_COLOUR('',#16806);
#13164=FILL_AREA_STYLE_COLOUR('',#16807);
#13165=LINE('',#16808,#16809);
#13166=LINE('',#16810,#16811);
#13167=FILL_AREA_STYLE_COLOUR('',#16812);
#13168=VERTEX_POINT('',#16813);
#13169=LINE('',#16814,#16815);
#13170=VERTEX_POINT('',#16816);
#13171=LINE('',#16817,#16818);
#13172=VERTEX_POINT('',#16819);
#13173=LINE('',#16820,#16821);
#13174=VERTEX_POINT('',#16822);
#13175=LINE('',#16823,#16824);
#13176=LINE('',#16825,#16826);
#13177=FILL_AREA_STYLE_COLOUR('',#16827);
#13178=VERTEX_POINT('',#16828);
#13179=LINE('',#16829,#16830);
#13180=VERTEX_POINT('',#16831);
#13181=LINE('',#16832,#16833);
#13182=LINE('',#16834,#16835);
#13183=FILL_AREA_STYLE_COLOUR('',#16836);
#13184=VERTEX_POINT('',#16837);
#13185=VERTEX_POINT('',#16838);
#13186=LINE('',#16839,#16840);
#13187=VERTEX_POINT('',#16841);
#13188=LINE('',#16842,#16843);
#13189=LINE('',#16844,#16845);
#13190=LINE('',#16846,#16847);
#13191=LINE('',#16848,#16849);
#13192=FILL_AREA_STYLE_COLOUR('',#16850);
#13193=FILL_AREA_STYLE_COLOUR('',#16851);
#13194=VERTEX_POINT('',#16852);
#13195=LINE('',#16853,#16854);
#13196=VERTEX_POINT('',#16855);
#13197=LINE('',#16856,#16857);
#13198=LINE('',#16858,#16859);
#13199=FILL_AREA_STYLE_COLOUR('',#16860);
#13200=VERTEX_POINT('',#16861);
#13201=LINE('',#16862,#16863);
#13202=VERTEX_POINT('',#16864);
#13203=LINE('',#16865,#16866);
#13204=LINE('',#16867,#16868);
#13205=FILL_AREA_STYLE_COLOUR('',#16869);
#13206=LINE('',#16870,#16871);
#13207=LINE('',#16872,#16873);
#13208=FILL_AREA_STYLE_COLOUR('',#16874);
#13209=VERTEX_POINT('',#16875);
#13210=LINE('',#16876,#16877);
#13211=LINE('',#16878,#16879);
#13212=FILL_AREA_STYLE_COLOUR('',#16880);
#13213=VERTEX_POINT('',#16881);
#13214=LINE('',#16882,#16883);
#13215=LINE('',#16884,#16885);
#13216=FILL_AREA_STYLE_COLOUR('',#16886);
#13217=VERTEX_POINT('',#16887);
#13218=LINE('',#16888,#16889);
#13219=LINE('',#16890,#16891);
#13220=FILL_AREA_STYLE_COLOUR('',#16892);
#13221=LINE('',#16893,#16894);
#13222=FILL_AREA_STYLE_COLOUR('',#16895);
#13223=FILL_AREA_STYLE_COLOUR('',#16896);
#13224=VERTEX_POINT('',#16897);
#13225=LINE('',#16898,#16899);
#13226=VERTEX_POINT('',#16900);
#13227=LINE('',#16901,#16902);
#13228=LINE('',#16903,#16904);
#13229=FILL_AREA_STYLE_COLOUR('',#16905);
#13230=LINE('',#16906,#16907);
#13231=FILL_AREA_STYLE_COLOUR('',#16908);
#13232=LINE('',#16909,#16910);
#13233=FILL_AREA_STYLE_COLOUR('',#16911);
#13234=COLOUR_RGB('',0.431372553110123,0.862745106220245,0.549019634723663);
#13235=CARTESIAN_POINT('',(1.015,-0.635,3.175));
#13236=CARTESIAN_POINT('',(1.015,-0.635,2.159));
#13237=CARTESIAN_POINT('',(1.015,-0.635,2.667));
#13238=VECTOR('',#16912,1.0);
#13239=CARTESIAN_POINT('',(-1.015,-0.635,3.175));
#13240=AXIS2_PLACEMENT_3D('',#16913,#16914,#16915);
#13241=CARTESIAN_POINT('',(-1.015,-0.635,2.159));
#13242=CARTESIAN_POINT('',(-1.015,-0.635,2.667));
#13243=VECTOR('',#16916,1.0);
#13244=AXIS2_PLACEMENT_3D('',#16917,#16918,#16919);
#13245=COLOUR_RGB('',0.431372553110123,0.862745106220245,0.549019634723663);
#13246=CARTESIAN_POINT('',(4.825,-0.635,3.175));
#13247=CARTESIAN_POINT('',(4.825,-0.635,2.159));
#13248=CARTESIAN_POINT('',(4.825,-0.635,2.667));
#13249=VECTOR('',#16920,1.0);
#13250=CARTESIAN_POINT('',(2.795,-0.635,3.175));
#13251=AXIS2_PLACEMENT_3D('',#16921,#16922,#16923);
#13252=CARTESIAN_POINT('',(2.795,-0.635,2.159));
#13253=CARTESIAN_POINT('',(2.795,-0.635,2.667));
#13254=VECTOR('',#16924,1.0);
#13255=AXIS2_PLACEMENT_3D('',#16925,#16926,#16927);
#13256=COLOUR_RGB('',0.431372553110123,0.862745106220245,0.549019634723663);
#13257=CARTESIAN_POINT('',(8.635,-0.635,3.175));
#13258=CARTESIAN_POINT('',(8.635,-0.635,2.159));
#13259=CARTESIAN_POINT('',(8.635,-0.635,2.667));
#13260=VECTOR('',#16928,1.0);
#13261=CARTESIAN_POINT('',(6.605,-0.635,3.175));
#13262=AXIS2_PLACEMENT_3D('',#16929,#16930,#16931);
#13263=CARTESIAN_POINT('',(6.605,-0.635,2.159));
#13264=CARTESIAN_POINT('',(6.605,-0.635,2.667));
#13265=VECTOR('',#16932,1.0);
#13266=AXIS2_PLACEMENT_3D('',#16933,#16934,#16935);
#13267=COLOUR_RGB('',0.431372553110123,0.862745106220245,0.549019634723663);
#13268=CARTESIAN_POINT('',(12.445,-0.635,3.175));
#13269=CARTESIAN_POINT('',(12.445,-0.635,2.159));
#13270=CARTESIAN_POINT('',(12.445,-0.635,2.667));
#13271=VECTOR('',#16936,1.0);
#13272=CARTESIAN_POINT('',(10.415,-0.635,3.175));
#13273=AXIS2_PLACEMENT_3D('',#16937,#16938,#16939);
#13274=CARTESIAN_POINT('',(10.415,-0.635,2.159));
#13275=CARTESIAN_POINT('',(10.415,-0.635,2.667));
#13276=VECTOR('',#16940,1.0);
#13277=AXIS2_PLACEMENT_3D('',#16941,#16942,#16943);
#13278=COLOUR_RGB('',0.431372553110123,0.862745106220245,0.549019634723663);
#13279=CARTESIAN_POINT('',(16.255,-0.635,3.175));
#13280=CARTESIAN_POINT('',(16.255,-0.635,2.159));
#13281=CARTESIAN_POINT('',(16.255,-0.635,2.667));
#13282=VECTOR('',#16944,1.0);
#13283=CARTESIAN_POINT('',(14.225,-0.635,3.175));
#13284=AXIS2_PLACEMENT_3D('',#16945,#16946,#16947);
#13285=CARTESIAN_POINT('',(14.225,-0.635,2.159));
#13286=CARTESIAN_POINT('',(14.225,-0.635,2.667));
#13287=VECTOR('',#16948,1.0);
#13288=AXIS2_PLACEMENT_3D('',#16949,#16950,#16951);
#13289=COLOUR_RGB('',0.431372553110123,0.862745106220245,0.549019634723663);
#13290=CARTESIAN_POINT('',(20.065,-0.635,3.175));
#13291=CARTESIAN_POINT('',(20.065,-0.635,2.159));
#13292=CARTESIAN_POINT('',(20.065,-0.635,2.667));
#13293=VECTOR('',#16952,1.0);
#13294=CARTESIAN_POINT('',(18.035,-0.635,3.175));
#13295=AXIS2_PLACEMENT_3D('',#16953,#16954,#16955);
#13296=CARTESIAN_POINT('',(18.035,-0.635,2.159));
#13297=CARTESIAN_POINT('',(18.035,-0.635,2.667));
#13298=VECTOR('',#16956,1.0);
#13299=AXIS2_PLACEMENT_3D('',#16957,#16958,#16959);
#13300=COLOUR_RGB('',0.431372553110123,0.862745106220245,0.549019634723663);
#13301=CARTESIAN_POINT('',(23.875,-0.635,3.175));
#13302=CARTESIAN_POINT('',(23.875,-0.635,2.159));
#13303=CARTESIAN_POINT('',(23.875,-0.635,2.667));
#13304=VECTOR('',#16960,1.0);
#13305=CARTESIAN_POINT('',(21.845,-0.635,3.175));
#13306=AXIS2_PLACEMENT_3D('',#16961,#16962,#16963);
#13307=CARTESIAN_POINT('',(21.845,-0.635,2.159));
#13308=CARTESIAN_POINT('',(21.845,-0.635,2.667));
#13309=VECTOR('',#16964,1.0);
#13310=AXIS2_PLACEMENT_3D('',#16965,#16966,#16967);
#13311=COLOUR_RGB('',0.431372553110123,0.862745106220245,0.549019634723663);
#13312=CARTESIAN_POINT('',(27.685,-0.635,3.175));
#13313=CARTESIAN_POINT('',(27.685,-0.635,2.159));
#13314=CARTESIAN_POINT('',(27.685,-0.635,2.667));
#13315=VECTOR('',#16968,1.0);
#13316=CARTESIAN_POINT('',(25.655,-0.635,3.175));
#13317=AXIS2_PLACEMENT_3D('',#16969,#16970,#16971);
#13318=CARTESIAN_POINT('',(25.655,-0.635,2.159));
#13319=CARTESIAN_POINT('',(25.655,-0.635,2.667));
#13320=VECTOR('',#16972,1.0);
#13321=AXIS2_PLACEMENT_3D('',#16973,#16974,#16975);
#13322=COLOUR_RGB('',0.431372553110123,0.862745106220245,0.549019634723663);
#13323=CARTESIAN_POINT('',(31.495,-0.635,3.175));
#13324=CARTESIAN_POINT('',(31.495,-0.635,2.159));
#13325=CARTESIAN_POINT('',(31.495,-0.635,2.667));
#13326=VECTOR('',#16976,1.0);
#13327=CARTESIAN_POINT('',(29.465,-0.635,3.175));
#13328=AXIS2_PLACEMENT_3D('',#16977,#16978,#16979);
#13329=CARTESIAN_POINT('',(29.465,-0.635,2.159));
#13330=CARTESIAN_POINT('',(29.465,-0.635,2.667));
#13331=VECTOR('',#16980,1.0);
#13332=AXIS2_PLACEMENT_3D('',#16981,#16982,#16983);
#13333=COLOUR_RGB('',0.431372553110123,0.862745106220245,0.549019634723663);
#13334=CARTESIAN_POINT('',(35.305,-0.635,3.175));
#13335=CARTESIAN_POINT('',(35.305,-0.635,2.159));
#13336=CARTESIAN_POINT('',(35.305,-0.635,2.667));
#13337=VECTOR('',#16984,1.0);
#13338=CARTESIAN_POINT('',(33.275,-0.635,3.175));
#13339=AXIS2_PLACEMENT_3D('',#16985,#16986,#16987);
#13340=CARTESIAN_POINT('',(33.275,-0.635,2.159));
#13341=CARTESIAN_POINT('',(33.275,-0.635,2.667));
#13342=VECTOR('',#16988,1.0);
#13343=AXIS2_PLACEMENT_3D('',#16989,#16990,#16991);
#13344=COLOUR_RGB('',0.431372553110123,0.862745106220245,0.549019634723663);
#13345=CARTESIAN_POINT('',(0.508,1.189,-1.11022302462516E-16));
#13346=CARTESIAN_POINT('',(0.508,1.189,1.4224));
#13347=CARTESIAN_POINT('',(0.508,1.189,0.4612));
#13348=VECTOR('',#16992,1.0);
#13349=CARTESIAN_POINT('',(-0.508,1.189,-7.28052522093102E-17));
#13350=AXIS2_PLACEMENT_3D('',#16993,#16994,#16995);
#13351=CARTESIAN_POINT('',(-0.508,1.189,1.4224));
#13352=CARTESIAN_POINT('',(-0.508,1.189,0.4612));
#13353=VECTOR('',#16996,1.0);
#13354=AXIS2_PLACEMENT_3D('',#16997,#16998,#16999);
#13355=COLOUR_RGB('',0.431372553110123,0.862745106220245,0.549019634723663);
#13356=CARTESIAN_POINT('',(4.318,1.189,-1.11022302462516E-16));
#13357=CARTESIAN_POINT('',(4.318,1.189,1.4224));
#13358=CARTESIAN_POINT('',(4.318,1.189,0.4612));
#13359=VECTOR('',#17000,1.0);
#13360=CARTESIAN_POINT('',(3.302,1.189,-7.28052522093102E-17));
#13361=AXIS2_PLACEMENT_3D('',#17001,#17002,#17003);
#13362=CARTESIAN_POINT('',(3.302,1.189,1.4224));
#13363=CARTESIAN_POINT('',(3.302,1.189,0.4612));
#13364=VECTOR('',#17004,1.0);
#13365=AXIS2_PLACEMENT_3D('',#17005,#17006,#17007);
#13366=COLOUR_RGB('',0.431372553110123,0.862745106220245,0.549019634723663);
#13367=CARTESIAN_POINT('',(8.128,1.189,-1.11022302462516E-16));
#13368=CARTESIAN_POINT('',(8.128,1.189,1.4224));
#13369=CARTESIAN_POINT('',(8.128,1.189,0.4612));
#13370=VECTOR('',#17008,1.0);
#13371=CARTESIAN_POINT('',(7.112,1.189,-7.28052522093102E-17));
#13372=AXIS2_PLACEMENT_3D('',#17009,#17010,#17011);
#13373=CARTESIAN_POINT('',(7.112,1.189,1.4224));
#13374=CARTESIAN_POINT('',(7.112,1.189,0.4612));
#13375=VECTOR('',#17012,1.0);
#13376=AXIS2_PLACEMENT_3D('',#17013,#17014,#17015);
#13377=COLOUR_RGB('',0.431372553110123,0.862745106220245,0.549019634723663);
#13378=CARTESIAN_POINT('',(11.938,1.189,-1.11022302462516E-16));
#13379=CARTESIAN_POINT('',(11.938,1.189,1.4224));
#13380=CARTESIAN_POINT('',(11.938,1.189,0.4612));
#13381=VECTOR('',#17016,1.0);
#13382=CARTESIAN_POINT('',(10.922,1.189,-7.28052522093102E-17));
#13383=AXIS2_PLACEMENT_3D('',#17017,#17018,#17019);
#13384=CARTESIAN_POINT('',(10.922,1.189,1.4224));
#13385=CARTESIAN_POINT('',(10.922,1.189,0.4612));
#13386=VECTOR('',#17020,1.0);
#13387=AXIS2_PLACEMENT_3D('',#17021,#17022,#17023);
#13388=COLOUR_RGB('',0.431372553110123,0.862745106220245,0.549019634723663);
#13389=CARTESIAN_POINT('',(15.748,1.189,-1.11022302462516E-16));
#13390=CARTESIAN_POINT('',(15.748,1.189,1.4224));
#13391=CARTESIAN_POINT('',(15.748,1.189,0.4612));
#13392=VECTOR('',#17024,1.0);
#13393=CARTESIAN_POINT('',(14.732,1.189,-7.28052522093102E-17));
#13394=AXIS2_PLACEMENT_3D('',#17025,#17026,#17027);
#13395=CARTESIAN_POINT('',(14.732,1.189,1.4224));
#13396=CARTESIAN_POINT('',(14.732,1.189,0.4612));
#13397=VECTOR('',#17028,1.0);
#13398=AXIS2_PLACEMENT_3D('',#17029,#17030,#17031);
#13399=COLOUR_RGB('',0.431372553110123,0.862745106220245,0.549019634723663);
#13400=CARTESIAN_POINT('',(19.558,1.189,-1.11022302462516E-16));
#13401=CARTESIAN_POINT('',(19.558,1.189,1.4224));
#13402=CARTESIAN_POINT('',(19.558,1.189,0.4612));
#13403=VECTOR('',#17032,1.0);
#13404=CARTESIAN_POINT('',(18.542,1.189,-7.28052522093102E-17));
#13405=AXIS2_PLACEMENT_3D('',#17033,#17034,#17035);
#13406=CARTESIAN_POINT('',(18.542,1.189,1.4224));
#13407=CARTESIAN_POINT('',(18.542,1.189,0.4612));
#13408=VECTOR('',#17036,1.0);
#13409=AXIS2_PLACEMENT_3D('',#17037,#17038,#17039);
#13410=COLOUR_RGB('',0.431372553110123,0.862745106220245,0.549019634723663);
#13411=CARTESIAN_POINT('',(23.368,1.189,-1.11022302462516E-16));
#13412=CARTESIAN_POINT('',(23.368,1.189,1.4224));
#13413=CARTESIAN_POINT('',(23.368,1.189,0.4612));
#13414=VECTOR('',#17040,1.0);
#13415=CARTESIAN_POINT('',(22.352,1.189,-7.28052522093102E-17));
#13416=AXIS2_PLACEMENT_3D('',#17041,#17042,#17043);
#13417=CARTESIAN_POINT('',(22.352,1.189,1.4224));
#13418=CARTESIAN_POINT('',(22.352,1.189,0.4612));
#13419=VECTOR('',#17044,1.0);
#13420=AXIS2_PLACEMENT_3D('',#17045,#17046,#17047);
#13421=COLOUR_RGB('',0.431372553110123,0.862745106220245,0.549019634723663);
#13422=CARTESIAN_POINT('',(27.178,1.189,-1.11022302462516E-16));
#13423=CARTESIAN_POINT('',(27.178,1.189,1.4224));
#13424=CARTESIAN_POINT('',(27.178,1.189,0.4612));
#13425=VECTOR('',#17048,1.0);
#13426=CARTESIAN_POINT('',(26.162,1.189,-7.28052522093102E-17));
#13427=AXIS2_PLACEMENT_3D('',#17049,#17050,#17051);
#13428=CARTESIAN_POINT('',(26.162,1.189,1.4224));
#13429=CARTESIAN_POINT('',(26.162,1.189,0.4612));
#13430=VECTOR('',#17052,1.0);
#13431=AXIS2_PLACEMENT_3D('',#17053,#17054,#17055);
#13432=COLOUR_RGB('',0.431372553110123,0.862745106220245,0.549019634723663);
#13433=CARTESIAN_POINT('',(30.988,1.189,-1.11022302462516E-16));
#13434=CARTESIAN_POINT('',(30.988,1.189,1.4224));
#13435=CARTESIAN_POINT('',(30.988,1.189,0.4612));
#13436=VECTOR('',#17056,1.0);
#13437=CARTESIAN_POINT('',(29.972,1.189,-7.28052522093102E-17));
#13438=AXIS2_PLACEMENT_3D('',#17057,#17058,#17059);
#13439=CARTESIAN_POINT('',(29.972,1.189,1.4224));
#13440=CARTESIAN_POINT('',(29.972,1.189,0.4612));
#13441=VECTOR('',#17060,1.0);
#13442=AXIS2_PLACEMENT_3D('',#17061,#17062,#17063);
#13443=COLOUR_RGB('',0.431372553110123,0.862745106220245,0.549019634723663);
#13444=CARTESIAN_POINT('',(34.798,1.189,-1.11022302462516E-16));
#13445=CARTESIAN_POINT('',(34.798,1.189,1.4224));
#13446=CARTESIAN_POINT('',(34.798,1.189,0.4612));
#13447=VECTOR('',#17064,1.0);
#13448=CARTESIAN_POINT('',(33.782,1.189,-7.28052522093102E-17));
#13449=AXIS2_PLACEMENT_3D('',#17065,#17066,#17067);
#13450=CARTESIAN_POINT('',(33.782,1.189,1.4224));
#13451=CARTESIAN_POINT('',(33.782,1.189,0.4612));
#13452=VECTOR('',#17068,1.0);
#13453=AXIS2_PLACEMENT_3D('',#17069,#17070,#17071);
#13454=COLOUR_RGB('',0.592156887054443,0.592156887054443,0.592156887054443);
#13455=CARTESIAN_POINT('',(34.6964,-0.251221039079242,1.4124));
#13456=CARTESIAN_POINT('',(33.8836,-0.251221039079242,1.4124));
#13457=CARTESIAN_POINT('',(34.29,-0.251221039079242,1.4124));
#13458=VECTOR('',#17072,1.0);
#13459=CARTESIAN_POINT('',(34.6964,-1.2446,0.609599999999999));
#13460=AXIS2_PLACEMENT_3D('',#17073,#17074,#17075);
#13461=CARTESIAN_POINT('',(33.8836,-1.2446,0.609599999999999));
#13462=CARTESIAN_POINT('',(34.6964,-1.2446,0.609599999999999));
#13463=VECTOR('',#17076,1.0);
#13464=AXIS2_PLACEMENT_3D('',#17077,#17078,#17079);
#13465=COLOUR_RGB('',0.592156887054443,0.592156887054443,0.592156887054443);
#13466=CARTESIAN_POINT('',(33.8836,-1.0414,3.175));
#13467=CARTESIAN_POINT('',(33.8836,-0.228599999999999,3.175));
#13468=CARTESIAN_POINT('',(33.8836,-1.44346197014804,3.175));
#13469=VECTOR('',#17080,1.0);
#13470=CARTESIAN_POINT('',(33.8836,-1.0414,7.112));
#13471=CARTESIAN_POINT('',(33.8836,-1.0414,7.112));
#13472=VECTOR('',#17081,1.0);
#13473=CARTESIAN_POINT('',(33.8836,-0.228599999999999,7.112));
#13474=CARTESIAN_POINT('',(33.8836,-1.69346197014804,7.112));
#13475=VECTOR('',#17082,1.0);
#13476=CARTESIAN_POINT('',(33.8836,-0.228599999999998,1.6256));
#13477=VECTOR('',#17083,1.0);
#13478=COLOUR_RGB('',0.592156887054443,0.592156887054443,0.592156887054443);
#13479=CARTESIAN_POINT('',(34.6964,-1.0414,3.175));
#13480=CARTESIAN_POINT('',(34.4932,-1.0414,3.175));
#13481=VECTOR('',#17084,1.0);
#13482=CARTESIAN_POINT('',(34.6964,-1.0414,7.112));
#13483=CARTESIAN_POINT('',(34.6964,-1.0414,7.112));
#13484=VECTOR('',#17085,1.0);
#13485=CARTESIAN_POINT('',(34.6964,-1.0414,7.112));
#13486=VECTOR('',#17086,1.0);
#13487=COLOUR_RGB('',0.592156887054443,0.592156887054443,0.592156887054443);
#13488=CARTESIAN_POINT('',(34.6964,-0.228599999999999,3.175));
#13489=CARTESIAN_POINT('',(34.6964,-1.44346197014804,3.175));
#13490=VECTOR('',#17087,1.0);
#13491=CARTESIAN_POINT('',(34.6964,-0.228599999999999,7.112));
#13492=CARTESIAN_POINT('',(34.6964,-0.228599999999998,1.6256));
#13493=VECTOR('',#17088,1.0);
#13494=CARTESIAN_POINT('',(34.6964,-1.69346197014804,7.112));
#13495=VECTOR('',#17089,1.0);
#13496=COLOUR_RGB('',0.592156887054443,0.592156887054443,0.592156887054443);
#13497=CARTESIAN_POINT('',(34.6964,-3.429,1.4124));
#13498=CARTESIAN_POINT('',(34.6964,-2.09751197014804,1.4124));
#13499=VECTOR('',#17090,1.0);
#13500=CARTESIAN_POINT('',(34.6964,-3.429,1.4224));
#13501=CARTESIAN_POINT('',(34.6964,-3.429,3.73191858444489));
#13502=VECTOR('',#17091,1.0);
#13503=CARTESIAN_POINT('',(34.6964,-6.223,1.4224));
#13504=CARTESIAN_POINT('',(34.6964,-1.2446,1.4224));
#13505=VECTOR('',#17092,1.0);
#13506=CARTESIAN_POINT('',(34.6964,-6.223,0.609599999999999));
#13507=CARTESIAN_POINT('',(34.6964,-6.223,1.70391858444489));
#13508=VECTOR('',#17093,1.0);
#13509=CARTESIAN_POINT('',(34.6964,-6.223,0.609599999999999));
#13510=VECTOR('',#17094,1.0);
#13511=COLOUR_RGB('',0.592156887054443,0.592156887054443,0.592156887054443);
#13512=CARTESIAN_POINT('',(34.0106,-0.914399999999999,7.874));
#13513=CARTESIAN_POINT('',(33.9548921052632,-0.970107894736842,7.53975263157895));
#13514=VECTOR('',#17095,1.0);
#13515=CARTESIAN_POINT('',(34.0106,-0.3556,7.874));
#13516=CARTESIAN_POINT('',(34.0106,-0.885,7.874));
#13517=VECTOR('',#17096,1.0);
#13518=CARTESIAN_POINT('',(33.96805,-0.31305,7.6187));
#13519=VECTOR('',#17097,1.0);
#13520=COLOUR_RGB('',0.592156887054443,0.592156887054443,0.592156887054443);
#13521=CARTESIAN_POINT('',(34.5694,-0.914399999999999,7.874));
#13522=CARTESIAN_POINT('',(34.6358026315789,-0.980802631578946,7.47558421052632));
#13523=VECTOR('',#17098,1.0);
#13524=CARTESIAN_POINT('',(34.5694,-0.3556,7.874));
#13525=CARTESIAN_POINT('',(34.6226447368421,-0.302355263157894,7.55453157894737));
#13526=VECTOR('',#17099,1.0);
#13527=CARTESIAN_POINT('',(34.5694,-0.885,7.874));
#13528=VECTOR('',#17100,1.0);
#13529=COLOUR_RGB('',0.592156887054443,0.592156887054443,0.592156887054443);
#13530=CARTESIAN_POINT('',(33.8836,-3.429,1.4124));
#13531=CARTESIAN_POINT('',(33.8836,-2.09751197014804,1.4124));
#13532=VECTOR('',#17101,1.0);
#13533=CARTESIAN_POINT('',(33.8836,-6.223,0.609599999999999));
#13534=CARTESIAN_POINT('',(33.8836,-6.223,0.609599999999999));
#13535=VECTOR('',#17102,1.0);
#13536=CARTESIAN_POINT('',(33.8836,-6.223,1.4224));
#13537=CARTESIAN_POINT('',(33.8836,-6.223,1.70391858444489));
#13538=VECTOR('',#17103,1.0);
#13539=CARTESIAN_POINT('',(33.8836,-3.429,1.4224));
#13540=CARTESIAN_POINT('',(33.8836,-1.2446,1.4224));
#13541=VECTOR('',#17104,1.0);
#13542=CARTESIAN_POINT('',(33.8836,-3.429,3.73191858444489));
#13543=VECTOR('',#17105,1.0);
#13544=COLOUR_RGB('',0.592156887054443,0.592156887054443,0.592156887054443);
#13545=CARTESIAN_POINT('',(34.6964,-0.3556,7.874));
#13546=VECTOR('',#17106,1.0);
#13547=CARTESIAN_POINT('',(34.6964,-0.228599999999999,7.112));
#13548=VECTOR('',#17107,1.0);
#13549=COLOUR_RGB('',0.592156887054443,0.592156887054443,0.592156887054443);
#13550=CARTESIAN_POINT('',(34.0106,-6.985,1.2954));
#13551=CARTESIAN_POINT('',(33.96805,-6.7297,1.33795));
#13552=VECTOR('',#17108,1.0);
#13553=CARTESIAN_POINT('',(34.0106,-6.985,0.736599999999999));
#13554=CARTESIAN_POINT('',(33.9548921052632,-6.65075263157895,0.680892105263157));
#13555=VECTOR('',#17109,1.0);
#13556=CARTESIAN_POINT('',(34.0106,-6.985,0.766));
#13557=VECTOR('',#17110,1.0);
#13558=COLOUR_RGB('',0.592156887054443,0.592156887054443,0.592156887054443);
#13559=CARTESIAN_POINT('',(34.5694,-6.985,1.2954));
#13560=CARTESIAN_POINT('',(34.6226447368421,-6.66553157894737,1.34864473684211));
#13561=VECTOR('',#17111,1.0);
#13562=CARTESIAN_POINT('',(34.5694,-6.985,0.736599999999999));
#13563=CARTESIAN_POINT('',(34.5694,-6.985,0.766));
#13564=VECTOR('',#17112,1.0);
#13565=CARTESIAN_POINT('',(34.6358026315789,-6.58658421052631,0.670197368421052));
#13566=VECTOR('',#17113,1.0);
#13567=COLOUR_RGB('',0.592156887054443,0.592156887054443,0.592156887054443);
#13568=CARTESIAN_POINT('',(34.6964,-6.985,0.736599999999999));
#13569=VECTOR('',#17114,1.0);
#13570=CARTESIAN_POINT('',(34.6964,-6.223,0.609599999999999));
#13571=VECTOR('',#17115,1.0);
#13572=COLOUR_RGB('',0.592156887054443,0.592156887054443,0.592156887054443);
#13573=CARTESIAN_POINT('',(34.6964,-6.223,1.4224));
#13574=VECTOR('',#17116,1.0);
#13575=CARTESIAN_POINT('',(34.6964,-6.985,1.2954));
#13576=VECTOR('',#17117,1.0);
#13577=COLOUR_RGB('',0.592156887054443,0.592156887054443,0.592156887054443);
#13578=COLOUR_RGB('',0.592156887054443,0.592156887054443,0.592156887054443);
#13579=COLOUR_RGB('',0.592156887054443,0.592156887054443,0.592156887054443);
#13580=CARTESIAN_POINT('',(34.4932,-0.228599999999998,3.175));
#13581=VECTOR('',#17118,1.0);
#13582=COLOUR_RGB('',0.592156887054443,0.592156887054443,0.592156887054443);
#13583=CARTESIAN_POINT('',(34.6964,-0.914399999999999,7.874));
#13584=VECTOR('',#17119,1.0);
#13585=COLOUR_RGB('',0.592156887054443,0.592156887054443,0.592156887054443);
#13586=COLOUR_RGB('',0.592156887054443,0.592156887054443,0.592156887054443);
#13587=CARTESIAN_POINT('',(25.9207,-3.429,1.4224));
#13588=VECTOR('',#17120,1.0);
#13589=COLOUR_RGB('',0.431372553110123,0.862745106220245,0.549019634723663);
#13590=CARTESIAN_POINT('',(34.7064,-3.429,1.4124));
#13591=CARTESIAN_POINT('',(25.7175,-3.429,1.4124));
#13592=VECTOR('',#17121,1.0);
#13593=CARTESIAN_POINT('',(34.7064,-3.429,2.09965693713814E-16));
#13594=CARTESIAN_POINT('',(34.7064,-3.429,2.4922));
#13595=VECTOR('',#17122,1.0);
#13596=CARTESIAN_POINT('',(36.89,-3.429,2.09965693713814E-16));
#13597=CARTESIAN_POINT('',(17.145,-3.429,2.09965693713814E-16));
#13598=VECTOR('',#17123,1.0);
#13599=CARTESIAN_POINT('',(36.89,-3.429,9.144));
#13600=CARTESIAN_POINT('',(36.89,-3.429,4.572));
#13601=VECTOR('',#17124,1.0);
#13602=CARTESIAN_POINT('',(-2.6,-3.429,9.144));
#13603=CARTESIAN_POINT('',(17.145,-3.429,9.144));
#13604=VECTOR('',#17125,1.0);
#13605=CARTESIAN_POINT('',(-2.6,-3.429,2.09965693713814E-16));
#13606=CARTESIAN_POINT('',(-2.6,-3.429,4.572));
#13607=VECTOR('',#17126,1.0);
#13608=CARTESIAN_POINT('',(-0.416399999999999,-3.429,2.09965693713814E-16));
#13609=CARTESIAN_POINT('',(17.145,-3.429,2.09965693713814E-16));
#13610=VECTOR('',#17127,1.0);
#13611=CARTESIAN_POINT('',(-0.4164,-3.429,1.4124));
#13612=CARTESIAN_POINT('',(-0.416399999999999,-3.429,2.4922));
#13613=VECTOR('',#17128,1.0);
#13614=CARTESIAN_POINT('',(-0.4064,-3.429,1.4124));
#13615=CARTESIAN_POINT('',(8.5725,-3.429,1.4124));
#13616=VECTOR('',#17129,1.0);
#13617=CARTESIAN_POINT('',(-0.4064,-3.429,1.4224));
#13618=CARTESIAN_POINT('',(-0.406400000000001,-3.429,3.73191858444489));
#13619=VECTOR('',#17130,1.0);
#13620=CARTESIAN_POINT('',(0.4064,-3.429,1.4224));
#13621=CARTESIAN_POINT('',(8.7757,-3.429,1.4224));
#13622=VECTOR('',#17131,1.0);
#13623=CARTESIAN_POINT('',(0.4064,-3.429,1.4124));
#13624=CARTESIAN_POINT('',(0.406400000000001,-3.429,3.73191858444489));
#13625=VECTOR('',#17132,1.0);
#13626=CARTESIAN_POINT('',(0.4164,-3.429,1.4124));
#13627=CARTESIAN_POINT('',(8.5725,-3.429,1.4124));
#13628=VECTOR('',#17133,1.0);
#13629=CARTESIAN_POINT('',(0.416399999999999,-3.429,2.09965693713814E-16));
#13630=CARTESIAN_POINT('',(0.416399999999999,-3.429,2.4922));
#13631=VECTOR('',#17134,1.0);
#13632=CARTESIAN_POINT('',(3.3936,-3.429,2.09965693713814E-16));
#13633=CARTESIAN_POINT('',(17.145,-3.429,2.09965693713814E-16));
#13634=VECTOR('',#17135,1.0);
#13635=CARTESIAN_POINT('',(3.3936,-3.429,1.4124));
#13636=CARTESIAN_POINT('',(3.3936,-3.429,2.4922));
#13637=VECTOR('',#17136,1.0);
#13638=CARTESIAN_POINT('',(3.4036,-3.429,1.4124));
#13639=CARTESIAN_POINT('',(10.4775,-3.429,1.4124));
#13640=VECTOR('',#17137,1.0);
#13641=CARTESIAN_POINT('',(3.4036,-3.429,1.4224));
#13642=CARTESIAN_POINT('',(3.4036,-3.429,3.73191858444489));
#13643=VECTOR('',#17138,1.0);
#13644=CARTESIAN_POINT('',(4.2164,-3.429,1.4224));
#13645=CARTESIAN_POINT('',(10.6807,-3.429,1.4224));
#13646=VECTOR('',#17139,1.0);
#13647=CARTESIAN_POINT('',(4.2164,-3.429,1.4124));
#13648=CARTESIAN_POINT('',(4.2164,-3.429,3.73191858444489));
#13649=VECTOR('',#17140,1.0);
#13650=CARTESIAN_POINT('',(4.2264,-3.429,1.4124));
#13651=CARTESIAN_POINT('',(10.4775,-3.429,1.4124));
#13652=VECTOR('',#17141,1.0);
#13653=CARTESIAN_POINT('',(4.2264,-3.429,2.09965693713814E-16));
#13654=CARTESIAN_POINT('',(4.2264,-3.429,2.4922));
#13655=VECTOR('',#17142,1.0);
#13656=CARTESIAN_POINT('',(7.2036,-3.429,2.09965693713814E-16));
#13657=CARTESIAN_POINT('',(17.145,-3.429,2.09965693713814E-16));
#13658=VECTOR('',#17143,1.0);
#13659=CARTESIAN_POINT('',(7.2036,-3.429,1.4124));
#13660=CARTESIAN_POINT('',(7.2036,-3.429,2.4922));
#13661=VECTOR('',#17144,1.0);
#13662=CARTESIAN_POINT('',(7.2136,-3.429,1.4124));
#13663=CARTESIAN_POINT('',(12.3825,-3.429,1.4124));
#13664=VECTOR('',#17145,1.0);
#13665=CARTESIAN_POINT('',(7.2136,-3.429,1.4224));
#13666=CARTESIAN_POINT('',(7.2136,-3.429,3.73191858444489));
#13667=VECTOR('',#17146,1.0);
#13668=CARTESIAN_POINT('',(8.0264,-3.429,1.4224));
#13669=CARTESIAN_POINT('',(12.5857,-3.429,1.4224));
#13670=VECTOR('',#17147,1.0);
#13671=CARTESIAN_POINT('',(8.0264,-3.429,1.4124));
#13672=CARTESIAN_POINT('',(8.0264,-3.429,3.73191858444489));
#13673=VECTOR('',#17148,1.0);
#13674=CARTESIAN_POINT('',(8.0364,-3.429,1.4124));
#13675=CARTESIAN_POINT('',(12.3825,-3.429,1.4124));
#13676=VECTOR('',#17149,1.0);
#13677=CARTESIAN_POINT('',(8.0364,-3.429,2.09965693713814E-16));
#13678=CARTESIAN_POINT('',(8.0364,-3.429,2.4922));
#13679=VECTOR('',#17150,1.0);
#13680=CARTESIAN_POINT('',(11.0136,-3.429,2.09965693713814E-16));
#13681=CARTESIAN_POINT('',(17.145,-3.429,2.09965693713814E-16));
#13682=VECTOR('',#17151,1.0);
#13683=CARTESIAN_POINT('',(11.0136,-3.429,1.4124));
#13684=CARTESIAN_POINT('',(11.0136,-3.429,2.4922));
#13685=VECTOR('',#17152,1.0);
#13686=CARTESIAN_POINT('',(11.0236,-3.429,1.4124));
#13687=CARTESIAN_POINT('',(14.2875,-3.429,1.4124));
#13688=VECTOR('',#17153,1.0);
#13689=CARTESIAN_POINT('',(11.0236,-3.429,1.4224));
#13690=CARTESIAN_POINT('',(11.0236,-3.429,3.73191858444489));
#13691=VECTOR('',#17154,1.0);
#13692=CARTESIAN_POINT('',(11.8364,-3.429,1.4224));
#13693=CARTESIAN_POINT('',(14.4907,-3.429,1.4224));
#13694=VECTOR('',#17155,1.0);
#13695=CARTESIAN_POINT('',(11.8364,-3.429,1.4124));
#13696=CARTESIAN_POINT('',(11.8364,-3.429,3.73191858444489));
#13697=VECTOR('',#17156,1.0);
#13698=CARTESIAN_POINT('',(11.8464,-3.429,1.4124));
#13699=CARTESIAN_POINT('',(14.2875,-3.429,1.4124));
#13700=VECTOR('',#17157,1.0);
#13701=CARTESIAN_POINT('',(11.8464,-3.429,2.09965693713814E-16));
#13702=CARTESIAN_POINT('',(11.8464,-3.429,2.4922));
#13703=VECTOR('',#17158,1.0);
#13704=CARTESIAN_POINT('',(14.8236,-3.429,2.09965693713814E-16));
#13705=CARTESIAN_POINT('',(17.145,-3.429,2.09965693713814E-16));
#13706=VECTOR('',#17159,1.0);
#13707=CARTESIAN_POINT('',(14.8236,-3.429,1.4124));
#13708=CARTESIAN_POINT('',(14.8236,-3.429,2.4922));
#13709=VECTOR('',#17160,1.0);
#13710=CARTESIAN_POINT('',(14.8336,-3.429,1.4124));
#13711=CARTESIAN_POINT('',(16.1925,-3.429,1.4124));
#13712=VECTOR('',#17161,1.0);
#13713=CARTESIAN_POINT('',(14.8336,-3.429,1.4224));
#13714=CARTESIAN_POINT('',(14.8336,-3.429,3.73191858444489));
#13715=VECTOR('',#17162,1.0);
#13716=CARTESIAN_POINT('',(15.6464,-3.429,1.4224));
#13717=CARTESIAN_POINT('',(16.3957,-3.429,1.4224));
#13718=VECTOR('',#17163,1.0);
#13719=CARTESIAN_POINT('',(15.6464,-3.429,1.4124));
#13720=CARTESIAN_POINT('',(15.6464,-3.429,3.73191858444489));
#13721=VECTOR('',#17164,1.0);
#13722=CARTESIAN_POINT('',(15.6564,-3.429,1.4124));
#13723=CARTESIAN_POINT('',(16.1925,-3.429,1.4124));
#13724=VECTOR('',#17165,1.0);
#13725=CARTESIAN_POINT('',(15.6564,-3.429,2.09965693713814E-16));
#13726=CARTESIAN_POINT('',(15.6564,-3.429,2.4922));
#13727=VECTOR('',#17166,1.0);
#13728=CARTESIAN_POINT('',(18.6336,-3.429,2.09965693713814E-16));
#13729=CARTESIAN_POINT('',(17.145,-3.429,2.09965693713814E-16));
#13730=VECTOR('',#17167,1.0);
#13731=CARTESIAN_POINT('',(18.6336,-3.429,1.4124));
#13732=CARTESIAN_POINT('',(18.6336,-3.429,2.4922));
#13733=VECTOR('',#17168,1.0);
#13734=CARTESIAN_POINT('',(18.6436,-3.429,1.4124));
#13735=CARTESIAN_POINT('',(18.0975,-3.429,1.4124));
#13736=VECTOR('',#17169,1.0);
#13737=CARTESIAN_POINT('',(18.6436,-3.429,1.4224));
#13738=CARTESIAN_POINT('',(18.6436,-3.429,3.73191858444489));
#13739=VECTOR('',#17170,1.0);
#13740=CARTESIAN_POINT('',(19.4564,-3.429,1.4224));
#13741=CARTESIAN_POINT('',(18.3007,-3.429,1.4224));
#13742=VECTOR('',#17171,1.0);
#13743=CARTESIAN_POINT('',(19.4564,-3.429,1.4124));
#13744=CARTESIAN_POINT('',(19.4564,-3.429,3.73191858444489));
#13745=VECTOR('',#17172,1.0);
#13746=CARTESIAN_POINT('',(19.4664,-3.429,1.4124));
#13747=CARTESIAN_POINT('',(18.0975,-3.429,1.4124));
#13748=VECTOR('',#17173,1.0);
#13749=CARTESIAN_POINT('',(19.4664,-3.429,2.09965693713814E-16));
#13750=CARTESIAN_POINT('',(19.4664,-3.429,2.4922));
#13751=VECTOR('',#17174,1.0);
#13752=CARTESIAN_POINT('',(22.4436,-3.429,2.09965693713814E-16));
#13753=CARTESIAN_POINT('',(17.145,-3.429,2.09965693713814E-16));
#13754=VECTOR('',#17175,1.0);
#13755=CARTESIAN_POINT('',(22.4436,-3.429,1.4124));
#13756=CARTESIAN_POINT('',(22.4436,-3.429,2.4922));
#13757=VECTOR('',#17176,1.0);
#13758=CARTESIAN_POINT('',(22.4536,-3.429,1.4124));
#13759=CARTESIAN_POINT('',(20.0025,-3.429,1.4124));
#13760=VECTOR('',#17177,1.0);
#13761=CARTESIAN_POINT('',(22.4536,-3.429,1.4224));
#13762=CARTESIAN_POINT('',(22.4536,-3.429,3.73191858444489));
#13763=VECTOR('',#17178,1.0);
#13764=CARTESIAN_POINT('',(23.2664,-3.429,1.4224));
#13765=CARTESIAN_POINT('',(20.2057,-3.429,1.4224));
#13766=VECTOR('',#17179,1.0);
#13767=CARTESIAN_POINT('',(23.2664,-3.429,1.4124));
#13768=CARTESIAN_POINT('',(23.2664,-3.429,3.73191858444489));
#13769=VECTOR('',#17180,1.0);
#13770=CARTESIAN_POINT('',(23.2764,-3.429,1.4124));
#13771=CARTESIAN_POINT('',(20.0025,-3.429,1.4124));
#13772=VECTOR('',#17181,1.0);
#13773=CARTESIAN_POINT('',(23.2764,-3.429,2.09965693713814E-16));
#13774=CARTESIAN_POINT('',(23.2764,-3.429,2.4922));
#13775=VECTOR('',#17182,1.0);
#13776=CARTESIAN_POINT('',(26.2536,-3.429,2.09965693713814E-16));
#13777=CARTESIAN_POINT('',(17.145,-3.429,2.09965693713814E-16));
#13778=VECTOR('',#17183,1.0);
#13779=CARTESIAN_POINT('',(26.2536,-3.429,1.4124));
#13780=CARTESIAN_POINT('',(26.2536,-3.429,2.4922));
#13781=VECTOR('',#17184,1.0);
#13782=CARTESIAN_POINT('',(26.2636,-3.429,1.4124));
#13783=CARTESIAN_POINT('',(21.9075,-3.429,1.4124));
#13784=VECTOR('',#17185,1.0);
#13785=CARTESIAN_POINT('',(26.2636,-3.429,1.4224));
#13786=CARTESIAN_POINT('',(26.2636,-3.429,3.73191858444489));
#13787=VECTOR('',#17186,1.0);
#13788=CARTESIAN_POINT('',(27.0764,-3.429,1.4224));
#13789=CARTESIAN_POINT('',(22.1107,-3.429,1.4224));
#13790=VECTOR('',#17187,1.0);
#13791=CARTESIAN_POINT('',(27.0764,-3.429,1.4124));
#13792=CARTESIAN_POINT('',(27.0764,-3.429,3.73191858444489));
#13793=VECTOR('',#17188,1.0);
#13794=CARTESIAN_POINT('',(27.0864,-3.429,1.4124));
#13795=CARTESIAN_POINT('',(21.9075,-3.429,1.4124));
#13796=VECTOR('',#17189,1.0);
#13797=CARTESIAN_POINT('',(27.0864,-3.429,2.09965693713814E-16));
#13798=CARTESIAN_POINT('',(27.0864,-3.429,2.4922));
#13799=VECTOR('',#17190,1.0);
#13800=CARTESIAN_POINT('',(30.0636,-3.429,2.09965693713814E-16));
#13801=CARTESIAN_POINT('',(17.145,-3.429,2.09965693713814E-16));
#13802=VECTOR('',#17191,1.0);
#13803=CARTESIAN_POINT('',(30.0636,-3.429,1.4124));
#13804=CARTESIAN_POINT('',(30.0636,-3.429,2.4922));
#13805=VECTOR('',#17192,1.0);
#13806=CARTESIAN_POINT('',(30.0736,-3.429,1.4124));
#13807=CARTESIAN_POINT('',(23.8125,-3.429,1.4124));
#13808=VECTOR('',#17193,1.0);
#13809=CARTESIAN_POINT('',(30.0736,-3.429,1.4224));
#13810=CARTESIAN_POINT('',(30.0736,-3.429,3.73191858444489));
#13811=VECTOR('',#17194,1.0);
#13812=CARTESIAN_POINT('',(30.8864,-3.429,1.4224));
#13813=CARTESIAN_POINT('',(24.0157,-3.429,1.4224));
#13814=VECTOR('',#17195,1.0);
#13815=CARTESIAN_POINT('',(30.8864,-3.429,1.4124));
#13816=CARTESIAN_POINT('',(30.8864,-3.429,3.73191858444489));
#13817=VECTOR('',#17196,1.0);
#13818=CARTESIAN_POINT('',(30.8964,-3.429,1.4124));
#13819=CARTESIAN_POINT('',(23.8125,-3.429,1.4124));
#13820=VECTOR('',#17197,1.0);
#13821=CARTESIAN_POINT('',(30.8964,-3.429,2.09965693713814E-16));
#13822=CARTESIAN_POINT('',(30.8964,-3.429,2.4922));
#13823=VECTOR('',#17198,1.0);
#13824=CARTESIAN_POINT('',(33.8736,-3.429,2.09965693713814E-16));
#13825=CARTESIAN_POINT('',(17.145,-3.429,2.09965693713814E-16));
#13826=VECTOR('',#17199,1.0);
#13827=CARTESIAN_POINT('',(33.8736,-3.429,1.4124));
#13828=CARTESIAN_POINT('',(33.8736,-3.429,2.4922));
#13829=VECTOR('',#17200,1.0);
#13830=CARTESIAN_POINT('',(25.7175,-3.429,1.4124));
#13831=VECTOR('',#17201,1.0);
#13832=COLOUR_RGB('',0.592156887054443,0.592156887054443,0.592156887054443);
#13833=CARTESIAN_POINT('',(30.8864,-0.251221039079242,1.4124));
#13834=CARTESIAN_POINT('',(30.0736,-0.251221039079242,1.4124));
#13835=CARTESIAN_POINT('',(30.48,-0.251221039079242,1.4124));
#13836=VECTOR('',#17202,1.0);
#13837=CARTESIAN_POINT('',(30.8864,-1.2446,0.609599999999999));
#13838=AXIS2_PLACEMENT_3D('',#17203,#17204,#17205);
#13839=CARTESIAN_POINT('',(30.0736,-1.2446,0.609599999999999));
#13840=CARTESIAN_POINT('',(30.8864,-1.2446,0.609599999999999));
#13841=VECTOR('',#17206,1.0);
#13842=AXIS2_PLACEMENT_3D('',#17207,#17208,#17209);
#13843=COLOUR_RGB('',0.592156887054443,0.592156887054443,0.592156887054443);
#13844=CARTESIAN_POINT('',(30.0736,-1.0414,3.175));
#13845=CARTESIAN_POINT('',(30.0736,-0.228599999999999,3.175));
#13846=CARTESIAN_POINT('',(30.0736,-1.44346197014804,3.175));
#13847=VECTOR('',#17210,1.0);
#13848=CARTESIAN_POINT('',(30.0736,-1.0414,7.112));
#13849=CARTESIAN_POINT('',(30.0736,-1.0414,7.112));
#13850=VECTOR('',#17211,1.0);
#13851=CARTESIAN_POINT('',(30.0736,-0.228599999999999,7.112));
#13852=CARTESIAN_POINT('',(30.0736,-1.69346197014804,7.112));
#13853=VECTOR('',#17212,1.0);
#13854=CARTESIAN_POINT('',(30.0736,-0.228599999999998,1.6256));
#13855=VECTOR('',#17213,1.0);
#13856=COLOUR_RGB('',0.592156887054443,0.592156887054443,0.592156887054443);
#13857=CARTESIAN_POINT('',(30.8864,-1.0414,3.175));
#13858=CARTESIAN_POINT('',(30.6832,-1.0414,3.175));
#13859=VECTOR('',#17214,1.0);
#13860=CARTESIAN_POINT('',(30.8864,-1.0414,7.112));
#13861=CARTESIAN_POINT('',(30.8864,-1.0414,7.112));
#13862=VECTOR('',#17215,1.0);
#13863=CARTESIAN_POINT('',(30.8864,-1.0414,7.112));
#13864=VECTOR('',#17216,1.0);
#13865=COLOUR_RGB('',0.592156887054443,0.592156887054443,0.592156887054443);
#13866=CARTESIAN_POINT('',(30.8864,-0.228599999999999,3.175));
#13867=CARTESIAN_POINT('',(30.8864,-1.44346197014804,3.175));
#13868=VECTOR('',#17217,1.0);
#13869=CARTESIAN_POINT('',(30.8864,-0.228599999999999,7.112));
#13870=CARTESIAN_POINT('',(30.8864,-0.228599999999998,1.6256));
#13871=VECTOR('',#17218,1.0);
#13872=CARTESIAN_POINT('',(30.8864,-1.69346197014804,7.112));
#13873=VECTOR('',#17219,1.0);
#13874=COLOUR_RGB('',0.592156887054443,0.592156887054443,0.592156887054443);
#13875=CARTESIAN_POINT('',(30.8864,-2.09751197014804,1.4124));
#13876=VECTOR('',#17220,1.0);
#13877=CARTESIAN_POINT('',(30.8864,-6.223,1.4224));
#13878=CARTESIAN_POINT('',(30.8864,-1.2446,1.4224));
#13879=VECTOR('',#17221,1.0);
#13880=CARTESIAN_POINT('',(30.8864,-6.223,0.609599999999999));
#13881=CARTESIAN_POINT('',(30.8864,-6.223,1.70391858444489));
#13882=VECTOR('',#17222,1.0);
#13883=CARTESIAN_POINT('',(30.8864,-6.223,0.609599999999999));
#13884=VECTOR('',#17223,1.0);
#13885=COLOUR_RGB('',0.592156887054443,0.592156887054443,0.592156887054443);
#13886=CARTESIAN_POINT('',(30.2006,-0.914399999999999,7.874));
#13887=CARTESIAN_POINT('',(30.1448921052632,-0.970107894736842,7.53975263157895));
#13888=VECTOR('',#17224,1.0);
#13889=CARTESIAN_POINT('',(30.2006,-0.3556,7.874));
#13890=CARTESIAN_POINT('',(30.2006,-0.885,7.874));
#13891=VECTOR('',#17225,1.0);
#13892=CARTESIAN_POINT('',(30.15805,-0.31305,7.6187));
#13893=VECTOR('',#17226,1.0);
#13894=COLOUR_RGB('',0.592156887054443,0.592156887054443,0.592156887054443);
#13895=CARTESIAN_POINT('',(30.7594,-0.914399999999999,7.874));
#13896=CARTESIAN_POINT('',(30.8258026315789,-0.980802631578946,7.47558421052632));
#13897=VECTOR('',#17227,1.0);
#13898=CARTESIAN_POINT('',(30.7594,-0.3556,7.874));
#13899=CARTESIAN_POINT('',(30.8126447368421,-0.302355263157894,7.55453157894737));
#13900=VECTOR('',#17228,1.0);
#13901=CARTESIAN_POINT('',(30.7594,-0.885,7.874));
#13902=VECTOR('',#17229,1.0);
#13903=COLOUR_RGB('',0.592156887054443,0.592156887054443,0.592156887054443);
#13904=CARTESIAN_POINT('',(30.0736,-2.09751197014804,1.4124));
#13905=VECTOR('',#17230,1.0);
#13906=CARTESIAN_POINT('',(30.0736,-6.223,0.609599999999999));
#13907=CARTESIAN_POINT('',(30.0736,-6.223,0.609599999999999));
#13908=VECTOR('',#17231,1.0);
#13909=CARTESIAN_POINT('',(30.0736,-6.223,1.4224));
#13910=CARTESIAN_POINT('',(30.0736,-6.223,1.70391858444489));
#13911=VECTOR('',#17232,1.0);
#13912=CARTESIAN_POINT('',(30.0736,-1.2446,1.4224));
#13913=VECTOR('',#17233,1.0);
#13914=COLOUR_RGB('',0.592156887054443,0.592156887054443,0.592156887054443);
#13915=CARTESIAN_POINT('',(30.8864,-0.3556,7.874));
#13916=VECTOR('',#17234,1.0);
#13917=CARTESIAN_POINT('',(30.8864,-0.228599999999999,7.112));
#13918=VECTOR('',#17235,1.0);
#13919=COLOUR_RGB('',0.592156887054443,0.592156887054443,0.592156887054443);
#13920=CARTESIAN_POINT('',(30.2006,-6.985,1.2954));
#13921=CARTESIAN_POINT('',(30.15805,-6.7297,1.33795));
#13922=VECTOR('',#17236,1.0);
#13923=CARTESIAN_POINT('',(30.2006,-6.985,0.736599999999999));
#13924=CARTESIAN_POINT('',(30.1448921052632,-6.65075263157895,0.680892105263157));
#13925=VECTOR('',#17237,1.0);
#13926=CARTESIAN_POINT('',(30.2006,-6.985,0.766));
#13927=VECTOR('',#17238,1.0);
#13928=COLOUR_RGB('',0.592156887054443,0.592156887054443,0.592156887054443);
#13929=CARTESIAN_POINT('',(30.7594,-6.985,1.2954));
#13930=CARTESIAN_POINT('',(30.8126447368421,-6.66553157894737,1.34864473684211));
#13931=VECTOR('',#17239,1.0);
#13932=CARTESIAN_POINT('',(30.7594,-6.985,0.736599999999999));
#13933=CARTESIAN_POINT('',(30.7594,-6.985,0.766));
#13934=VECTOR('',#17240,1.0);
#13935=CARTESIAN_POINT('',(30.8258026315789,-6.58658421052631,0.670197368421052));
#13936=VECTOR('',#17241,1.0);
#13937=COLOUR_RGB('',0.592156887054443,0.592156887054443,0.592156887054443);
#13938=CARTESIAN_POINT('',(30.8864,-6.985,0.736599999999999));
#13939=VECTOR('',#17242,1.0);
#13940=CARTESIAN_POINT('',(30.8864,-6.223,0.609599999999999));
#13941=VECTOR('',#17243,1.0);
#13942=COLOUR_RGB('',0.592156887054443,0.592156887054443,0.592156887054443);
#13943=CARTESIAN_POINT('',(30.8864,-6.223,1.4224));
#13944=VECTOR('',#17244,1.0);
#13945=CARTESIAN_POINT('',(30.8864,-6.985,1.2954));
#13946=VECTOR('',#17245,1.0);
#13947=COLOUR_RGB('',0.592156887054443,0.592156887054443,0.592156887054443);
#13948=COLOUR_RGB('',0.592156887054443,0.592156887054443,0.592156887054443);
#13949=COLOUR_RGB('',0.592156887054443,0.592156887054443,0.592156887054443);
#13950=CARTESIAN_POINT('',(30.6832,-0.228599999999998,3.175));
#13951=VECTOR('',#17246,1.0);
#13952=COLOUR_RGB('',0.592156887054443,0.592156887054443,0.592156887054443);
#13953=CARTESIAN_POINT('',(30.8864,-0.914399999999999,7.874));
#13954=VECTOR('',#17247,1.0);
#13955=COLOUR_RGB('',0.592156887054443,0.592156887054443,0.592156887054443);
#13956=COLOUR_RGB('',0.592156887054443,0.592156887054443,0.592156887054443);
#13957=COLOUR_RGB('',0.592156887054443,0.592156887054443,0.592156887054443);
#13958=CARTESIAN_POINT('',(27.0764,-0.251221039079242,1.4124));
#13959=CARTESIAN_POINT('',(26.2636,-0.251221039079242,1.4124));
#13960=CARTESIAN_POINT('',(26.67,-0.251221039079242,1.4124));
#13961=VECTOR('',#17248,1.0);
#13962=CARTESIAN_POINT('',(27.0764,-1.2446,0.609599999999999));
#13963=AXIS2_PLACEMENT_3D('',#17249,#17250,#17251);
#13964=CARTESIAN_POINT('',(26.2636,-1.2446,0.609599999999999));
#13965=CARTESIAN_POINT('',(27.0764,-1.2446,0.609599999999999));
#13966=VECTOR('',#17252,1.0);
#13967=AXIS2_PLACEMENT_3D('',#17253,#17254,#17255);
#13968=COLOUR_RGB('',0.592156887054443,0.592156887054443,0.592156887054443);
#13969=CARTESIAN_POINT('',(26.2636,-1.0414,3.175));
#13970=CARTESIAN_POINT('',(26.2636,-0.228599999999999,3.175));
#13971=CARTESIAN_POINT('',(26.2636,-1.44346197014804,3.175));
#13972=VECTOR('',#17256,1.0);
#13973=CARTESIAN_POINT('',(26.2636,-1.0414,7.112));
#13974=CARTESIAN_POINT('',(26.2636,-1.0414,7.112));
#13975=VECTOR('',#17257,1.0);
#13976=CARTESIAN_POINT('',(26.2636,-0.228599999999999,7.112));
#13977=CARTESIAN_POINT('',(26.2636,-1.69346197014804,7.112));
#13978=VECTOR('',#17258,1.0);
#13979=CARTESIAN_POINT('',(26.2636,-0.228599999999998,1.6256));
#13980=VECTOR('',#17259,1.0);
#13981=COLOUR_RGB('',0.592156887054443,0.592156887054443,0.592156887054443);
#13982=CARTESIAN_POINT('',(27.0764,-1.0414,3.175));
#13983=CARTESIAN_POINT('',(26.8732,-1.0414,3.175));
#13984=VECTOR('',#17260,1.0);
#13985=CARTESIAN_POINT('',(27.0764,-1.0414,7.112));
#13986=CARTESIAN_POINT('',(27.0764,-1.0414,7.112));
#13987=VECTOR('',#17261,1.0);
#13988=CARTESIAN_POINT('',(27.0764,-1.0414,7.112));
#13989=VECTOR('',#17262,1.0);
#13990=COLOUR_RGB('',0.592156887054443,0.592156887054443,0.592156887054443);
#13991=CARTESIAN_POINT('',(27.0764,-0.228599999999999,3.175));
#13992=CARTESIAN_POINT('',(27.0764,-1.44346197014804,3.175));
#13993=VECTOR('',#17263,1.0);
#13994=CARTESIAN_POINT('',(27.0764,-0.228599999999999,7.112));
#13995=CARTESIAN_POINT('',(27.0764,-0.228599999999998,1.6256));
#13996=VECTOR('',#17264,1.0);
#13997=CARTESIAN_POINT('',(27.0764,-1.69346197014804,7.112));
#13998=VECTOR('',#17265,1.0);
#13999=COLOUR_RGB('',0.592156887054443,0.592156887054443,0.592156887054443);
#14000=CARTESIAN_POINT('',(27.0764,-2.09751197014804,1.4124));
#14001=VECTOR('',#17266,1.0);
#14002=CARTESIAN_POINT('',(27.0764,-6.223,1.4224));
#14003=CARTESIAN_POINT('',(27.0764,-1.2446,1.4224));
#14004=VECTOR('',#17267,1.0);
#14005=CARTESIAN_POINT('',(27.0764,-6.223,0.609599999999999));
#14006=CARTESIAN_POINT('',(27.0764,-6.223,1.70391858444489));
#14007=VECTOR('',#17268,1.0);
#14008=CARTESIAN_POINT('',(27.0764,-6.223,0.609599999999999));
#14009=VECTOR('',#17269,1.0);
#14010=COLOUR_RGB('',0.592156887054443,0.592156887054443,0.592156887054443);
#14011=CARTESIAN_POINT('',(26.3906,-0.914399999999999,7.874));
#14012=CARTESIAN_POINT('',(26.3348921052632,-0.970107894736842,7.53975263157895));
#14013=VECTOR('',#17270,1.0);
#14014=CARTESIAN_POINT('',(26.3906,-0.3556,7.874));
#14015=CARTESIAN_POINT('',(26.3906,-0.885,7.874));
#14016=VECTOR('',#17271,1.0);
#14017=CARTESIAN_POINT('',(26.34805,-0.31305,7.6187));
#14018=VECTOR('',#17272,1.0);
#14019=COLOUR_RGB('',0.592156887054443,0.592156887054443,0.592156887054443);
#14020=CARTESIAN_POINT('',(26.9494,-0.914399999999999,7.874));
#14021=CARTESIAN_POINT('',(27.0158026315789,-0.980802631578946,7.47558421052632));
#14022=VECTOR('',#17273,1.0);
#14023=CARTESIAN_POINT('',(26.9494,-0.3556,7.874));
#14024=CARTESIAN_POINT('',(27.0026447368421,-0.302355263157894,7.55453157894737));
#14025=VECTOR('',#17274,1.0);
#14026=CARTESIAN_POINT('',(26.9494,-0.885,7.874));
#14027=VECTOR('',#17275,1.0);
#14028=COLOUR_RGB('',0.592156887054443,0.592156887054443,0.592156887054443);
#14029=CARTESIAN_POINT('',(26.2636,-2.09751197014804,1.4124));
#14030=VECTOR('',#17276,1.0);
#14031=CARTESIAN_POINT('',(26.2636,-6.223,0.609599999999999));
#14032=CARTESIAN_POINT('',(26.2636,-6.223,0.609599999999999));
#14033=VECTOR('',#17277,1.0);
#14034=CARTESIAN_POINT('',(26.2636,-6.223,1.4224));
#14035=CARTESIAN_POINT('',(26.2636,-6.223,1.70391858444489));
#14036=VECTOR('',#17278,1.0);
#14037=CARTESIAN_POINT('',(26.2636,-1.2446,1.4224));
#14038=VECTOR('',#17279,1.0);
#14039=COLOUR_RGB('',0.592156887054443,0.592156887054443,0.592156887054443);
#14040=CARTESIAN_POINT('',(27.0764,-0.3556,7.874));
#14041=VECTOR('',#17280,1.0);
#14042=CARTESIAN_POINT('',(27.0764,-0.228599999999999,7.112));
#14043=VECTOR('',#17281,1.0);
#14044=COLOUR_RGB('',0.592156887054443,0.592156887054443,0.592156887054443);
#14045=CARTESIAN_POINT('',(26.3906,-6.985,1.2954));
#14046=CARTESIAN_POINT('',(26.34805,-6.7297,1.33795));
#14047=VECTOR('',#17282,1.0);
#14048=CARTESIAN_POINT('',(26.3906,-6.985,0.736599999999999));
#14049=CARTESIAN_POINT('',(26.3348921052632,-6.65075263157895,0.680892105263157));
#14050=VECTOR('',#17283,1.0);
#14051=CARTESIAN_POINT('',(26.3906,-6.985,0.766));
#14052=VECTOR('',#17284,1.0);
#14053=COLOUR_RGB('',0.592156887054443,0.592156887054443,0.592156887054443);
#14054=CARTESIAN_POINT('',(26.9494,-6.985,1.2954));
#14055=CARTESIAN_POINT('',(27.0026447368421,-6.66553157894737,1.34864473684211));
#14056=VECTOR('',#17285,1.0);
#14057=CARTESIAN_POINT('',(26.9494,-6.985,0.736599999999999));
#14058=CARTESIAN_POINT('',(26.9494,-6.985,0.766));
#14059=VECTOR('',#17286,1.0);
#14060=CARTESIAN_POINT('',(27.0158026315789,-6.58658421052631,0.670197368421052));
#14061=VECTOR('',#17287,1.0);
#14062=COLOUR_RGB('',0.592156887054443,0.592156887054443,0.592156887054443);
#14063=CARTESIAN_POINT('',(27.0764,-6.985,0.736599999999999));
#14064=VECTOR('',#17288,1.0);
#14065=CARTESIAN_POINT('',(27.0764,-6.223,0.609599999999999));
#14066=VECTOR('',#17289,1.0);
#14067=COLOUR_RGB('',0.592156887054443,0.592156887054443,0.592156887054443);
#14068=CARTESIAN_POINT('',(27.0764,-6.223,1.4224));
#14069=VECTOR('',#17290,1.0);
#14070=CARTESIAN_POINT('',(27.0764,-6.985,1.2954));
#14071=VECTOR('',#17291,1.0);
#14072=COLOUR_RGB('',0.592156887054443,0.592156887054443,0.592156887054443);
#14073=COLOUR_RGB('',0.592156887054443,0.592156887054443,0.592156887054443);
#14074=COLOUR_RGB('',0.592156887054443,0.592156887054443,0.592156887054443);
#14075=CARTESIAN_POINT('',(26.8732,-0.228599999999998,3.175));
#14076=VECTOR('',#17292,1.0);
#14077=COLOUR_RGB('',0.592156887054443,0.592156887054443,0.592156887054443);
#14078=CARTESIAN_POINT('',(27.0764,-0.914399999999999,7.874));
#14079=VECTOR('',#17293,1.0);
#14080=COLOUR_RGB('',0.592156887054443,0.592156887054443,0.592156887054443);
#14081=COLOUR_RGB('',0.592156887054443,0.592156887054443,0.592156887054443);
#14082=COLOUR_RGB('',0.592156887054443,0.592156887054443,0.592156887054443);
#14083=CARTESIAN_POINT('',(23.2664,-0.251221039079242,1.4124));
#14084=CARTESIAN_POINT('',(22.4536,-0.251221039079242,1.4124));
#14085=CARTESIAN_POINT('',(22.86,-0.251221039079242,1.4124));
#14086=VECTOR('',#17294,1.0);
#14087=CARTESIAN_POINT('',(23.2664,-1.2446,0.609599999999999));
#14088=AXIS2_PLACEMENT_3D('',#17295,#17296,#17297);
#14089=CARTESIAN_POINT('',(22.4536,-1.2446,0.609599999999999));
#14090=CARTESIAN_POINT('',(23.2664,-1.2446,0.609599999999999));
#14091=VECTOR('',#17298,1.0);
#14092=AXIS2_PLACEMENT_3D('',#17299,#17300,#17301);
#14093=COLOUR_RGB('',0.592156887054443,0.592156887054443,0.592156887054443);
#14094=CARTESIAN_POINT('',(22.4536,-1.0414,3.175));
#14095=CARTESIAN_POINT('',(22.4536,-0.228599999999999,3.175));
#14096=CARTESIAN_POINT('',(22.4536,-1.44346197014804,3.175));
#14097=VECTOR('',#17302,1.0);
#14098=CARTESIAN_POINT('',(22.4536,-1.0414,7.112));
#14099=CARTESIAN_POINT('',(22.4536,-1.0414,7.112));
#14100=VECTOR('',#17303,1.0);
#14101=CARTESIAN_POINT('',(22.4536,-0.228599999999999,7.112));
#14102=CARTESIAN_POINT('',(22.4536,-1.69346197014804,7.112));
#14103=VECTOR('',#17304,1.0);
#14104=CARTESIAN_POINT('',(22.4536,-0.228599999999998,1.6256));
#14105=VECTOR('',#17305,1.0);
#14106=COLOUR_RGB('',0.592156887054443,0.592156887054443,0.592156887054443);
#14107=CARTESIAN_POINT('',(23.2664,-1.0414,3.175));
#14108=CARTESIAN_POINT('',(23.0632,-1.0414,3.175));
#14109=VECTOR('',#17306,1.0);
#14110=CARTESIAN_POINT('',(23.2664,-1.0414,7.112));
#14111=CARTESIAN_POINT('',(23.2664,-1.0414,7.112));
#14112=VECTOR('',#17307,1.0);
#14113=CARTESIAN_POINT('',(23.2664,-1.0414,7.112));
#14114=VECTOR('',#17308,1.0);
#14115=COLOUR_RGB('',0.592156887054443,0.592156887054443,0.592156887054443);
#14116=CARTESIAN_POINT('',(23.2664,-0.228599999999999,3.175));
#14117=CARTESIAN_POINT('',(23.2664,-1.44346197014804,3.175));
#14118=VECTOR('',#17309,1.0);
#14119=CARTESIAN_POINT('',(23.2664,-0.228599999999999,7.112));
#14120=CARTESIAN_POINT('',(23.2664,-0.228599999999998,1.6256));
#14121=VECTOR('',#17310,1.0);
#14122=CARTESIAN_POINT('',(23.2664,-1.69346197014804,7.112));
#14123=VECTOR('',#17311,1.0);
#14124=COLOUR_RGB('',0.592156887054443,0.592156887054443,0.592156887054443);
#14125=CARTESIAN_POINT('',(23.2664,-2.09751197014804,1.4124));
#14126=VECTOR('',#17312,1.0);
#14127=CARTESIAN_POINT('',(23.2664,-6.223,1.4224));
#14128=CARTESIAN_POINT('',(23.2664,-1.2446,1.4224));
#14129=VECTOR('',#17313,1.0);
#14130=CARTESIAN_POINT('',(23.2664,-6.223,0.609599999999999));
#14131=CARTESIAN_POINT('',(23.2664,-6.223,1.70391858444489));
#14132=VECTOR('',#17314,1.0);
#14133=CARTESIAN_POINT('',(23.2664,-6.223,0.609599999999999));
#14134=VECTOR('',#17315,1.0);
#14135=COLOUR_RGB('',0.592156887054443,0.592156887054443,0.592156887054443);
#14136=CARTESIAN_POINT('',(22.5806,-0.914399999999999,7.874));
#14137=CARTESIAN_POINT('',(22.5248921052632,-0.970107894736842,7.53975263157895));
#14138=VECTOR('',#17316,1.0);
#14139=CARTESIAN_POINT('',(22.5806,-0.3556,7.874));
#14140=CARTESIAN_POINT('',(22.5806,-0.885,7.874));
#14141=VECTOR('',#17317,1.0);
#14142=CARTESIAN_POINT('',(22.53805,-0.31305,7.6187));
#14143=VECTOR('',#17318,1.0);
#14144=COLOUR_RGB('',0.592156887054443,0.592156887054443,0.592156887054443);
#14145=CARTESIAN_POINT('',(23.1394,-0.914399999999999,7.874));
#14146=CARTESIAN_POINT('',(23.2058026315789,-0.980802631578946,7.47558421052632));
#14147=VECTOR('',#17319,1.0);
#14148=CARTESIAN_POINT('',(23.1394,-0.3556,7.874));
#14149=CARTESIAN_POINT('',(23.1926447368421,-0.302355263157894,7.55453157894737));
#14150=VECTOR('',#17320,1.0);
#14151=CARTESIAN_POINT('',(23.1394,-0.885,7.874));
#14152=VECTOR('',#17321,1.0);
#14153=COLOUR_RGB('',0.592156887054443,0.592156887054443,0.592156887054443);
#14154=CARTESIAN_POINT('',(22.4536,-2.09751197014804,1.4124));
#14155=VECTOR('',#17322,1.0);
#14156=CARTESIAN_POINT('',(22.4536,-6.223,0.609599999999999));
#14157=CARTESIAN_POINT('',(22.4536,-6.223,0.609599999999999));
#14158=VECTOR('',#17323,1.0);
#14159=CARTESIAN_POINT('',(22.4536,-6.223,1.4224));
#14160=CARTESIAN_POINT('',(22.4536,-6.223,1.70391858444489));
#14161=VECTOR('',#17324,1.0);
#14162=CARTESIAN_POINT('',(22.4536,-1.2446,1.4224));
#14163=VECTOR('',#17325,1.0);
#14164=COLOUR_RGB('',0.592156887054443,0.592156887054443,0.592156887054443);
#14165=CARTESIAN_POINT('',(23.2664,-0.3556,7.874));
#14166=VECTOR('',#17326,1.0);
#14167=CARTESIAN_POINT('',(23.2664,-0.228599999999999,7.112));
#14168=VECTOR('',#17327,1.0);
#14169=COLOUR_RGB('',0.592156887054443,0.592156887054443,0.592156887054443);
#14170=CARTESIAN_POINT('',(22.5806,-6.985,1.2954));
#14171=CARTESIAN_POINT('',(22.53805,-6.7297,1.33795));
#14172=VECTOR('',#17328,1.0);
#14173=CARTESIAN_POINT('',(22.5806,-6.985,0.736599999999999));
#14174=CARTESIAN_POINT('',(22.5248921052632,-6.65075263157895,0.680892105263157));
#14175=VECTOR('',#17329,1.0);
#14176=CARTESIAN_POINT('',(22.5806,-6.985,0.766));
#14177=VECTOR('',#17330,1.0);
#14178=COLOUR_RGB('',0.592156887054443,0.592156887054443,0.592156887054443);
#14179=CARTESIAN_POINT('',(23.1394,-6.985,1.2954));
#14180=CARTESIAN_POINT('',(23.1926447368421,-6.66553157894737,1.34864473684211));
#14181=VECTOR('',#17331,1.0);
#14182=CARTESIAN_POINT('',(23.1394,-6.985,0.736599999999999));
#14183=CARTESIAN_POINT('',(23.1394,-6.985,0.766));
#14184=VECTOR('',#17332,1.0);
#14185=CARTESIAN_POINT('',(23.2058026315789,-6.58658421052631,0.670197368421052));
#14186=VECTOR('',#17333,1.0);
#14187=COLOUR_RGB('',0.592156887054443,0.592156887054443,0.592156887054443);
#14188=CARTESIAN_POINT('',(23.2664,-6.985,0.736599999999999));
#14189=VECTOR('',#17334,1.0);
#14190=CARTESIAN_POINT('',(23.2664,-6.223,0.609599999999999));
#14191=VECTOR('',#17335,1.0);
#14192=COLOUR_RGB('',0.592156887054443,0.592156887054443,0.592156887054443);
#14193=CARTESIAN_POINT('',(23.2664,-6.223,1.4224));
#14194=VECTOR('',#17336,1.0);
#14195=CARTESIAN_POINT('',(23.2664,-6.985,1.2954));
#14196=VECTOR('',#17337,1.0);
#14197=COLOUR_RGB('',0.592156887054443,0.592156887054443,0.592156887054443);
#14198=COLOUR_RGB('',0.592156887054443,0.592156887054443,0.592156887054443);
#14199=COLOUR_RGB('',0.592156887054443,0.592156887054443,0.592156887054443);
#14200=CARTESIAN_POINT('',(23.0632,-0.228599999999998,3.175));
#14201=VECTOR('',#17338,1.0);
#14202=COLOUR_RGB('',0.592156887054443,0.592156887054443,0.592156887054443);
#14203=CARTESIAN_POINT('',(23.2664,-0.914399999999999,7.874));
#14204=VECTOR('',#17339,1.0);
#14205=COLOUR_RGB('',0.592156887054443,0.592156887054443,0.592156887054443);
#14206=COLOUR_RGB('',0.592156887054443,0.592156887054443,0.592156887054443);
#14207=COLOUR_RGB('',0.592156887054443,0.592156887054443,0.592156887054443);
#14208=CARTESIAN_POINT('',(19.4564,-0.251221039079242,1.4124));
#14209=CARTESIAN_POINT('',(18.6436,-0.251221039079242,1.4124));
#14210=CARTESIAN_POINT('',(19.05,-0.251221039079242,1.4124));
#14211=VECTOR('',#17340,1.0);
#14212=CARTESIAN_POINT('',(19.4564,-1.2446,0.609599999999999));
#14213=AXIS2_PLACEMENT_3D('',#17341,#17342,#17343);
#14214=CARTESIAN_POINT('',(18.6436,-1.2446,0.609599999999999));
#14215=CARTESIAN_POINT('',(19.4564,-1.2446,0.609599999999999));
#14216=VECTOR('',#17344,1.0);
#14217=AXIS2_PLACEMENT_3D('',#17345,#17346,#17347);
#14218=COLOUR_RGB('',0.592156887054443,0.592156887054443,0.592156887054443);
#14219=CARTESIAN_POINT('',(18.6436,-1.0414,3.175));
#14220=CARTESIAN_POINT('',(18.6436,-0.228599999999999,3.175));
#14221=CARTESIAN_POINT('',(18.6436,-1.44346197014804,3.175));
#14222=VECTOR('',#17348,1.0);
#14223=CARTESIAN_POINT('',(18.6436,-1.0414,7.112));
#14224=CARTESIAN_POINT('',(18.6436,-1.0414,7.112));
#14225=VECTOR('',#17349,1.0);
#14226=CARTESIAN_POINT('',(18.6436,-0.228599999999999,7.112));
#14227=CARTESIAN_POINT('',(18.6436,-1.69346197014804,7.112));
#14228=VECTOR('',#17350,1.0);
#14229=CARTESIAN_POINT('',(18.6436,-0.228599999999998,1.6256));
#14230=VECTOR('',#17351,1.0);
#14231=COLOUR_RGB('',0.592156887054443,0.592156887054443,0.592156887054443);
#14232=CARTESIAN_POINT('',(19.4564,-1.0414,3.175));
#14233=CARTESIAN_POINT('',(19.2532,-1.0414,3.175));
#14234=VECTOR('',#17352,1.0);
#14235=CARTESIAN_POINT('',(19.4564,-1.0414,7.112));
#14236=CARTESIAN_POINT('',(19.4564,-1.0414,7.112));
#14237=VECTOR('',#17353,1.0);
#14238=CARTESIAN_POINT('',(19.4564,-1.0414,7.112));
#14239=VECTOR('',#17354,1.0);
#14240=COLOUR_RGB('',0.592156887054443,0.592156887054443,0.592156887054443);
#14241=CARTESIAN_POINT('',(19.4564,-0.228599999999999,3.175));
#14242=CARTESIAN_POINT('',(19.4564,-1.44346197014804,3.175));
#14243=VECTOR('',#17355,1.0);
#14244=CARTESIAN_POINT('',(19.4564,-0.228599999999999,7.112));
#14245=CARTESIAN_POINT('',(19.4564,-0.228599999999998,1.6256));
#14246=VECTOR('',#17356,1.0);
#14247=CARTESIAN_POINT('',(19.4564,-1.69346197014804,7.112));
#14248=VECTOR('',#17357,1.0);
#14249=COLOUR_RGB('',0.592156887054443,0.592156887054443,0.592156887054443);
#14250=CARTESIAN_POINT('',(19.4564,-2.09751197014804,1.4124));
#14251=VECTOR('',#17358,1.0);
#14252=CARTESIAN_POINT('',(19.4564,-6.223,1.4224));
#14253=CARTESIAN_POINT('',(19.4564,-1.2446,1.4224));
#14254=VECTOR('',#17359,1.0);
#14255=CARTESIAN_POINT('',(19.4564,-6.223,0.609599999999999));
#14256=CARTESIAN_POINT('',(19.4564,-6.223,1.70391858444489));
#14257=VECTOR('',#17360,1.0);
#14258=CARTESIAN_POINT('',(19.4564,-6.223,0.609599999999999));
#14259=VECTOR('',#17361,1.0);
#14260=COLOUR_RGB('',0.592156887054443,0.592156887054443,0.592156887054443);
#14261=CARTESIAN_POINT('',(18.7706,-0.914399999999999,7.874));
#14262=CARTESIAN_POINT('',(18.7148921052632,-0.970107894736842,7.53975263157895));
#14263=VECTOR('',#17362,1.0);
#14264=CARTESIAN_POINT('',(18.7706,-0.3556,7.874));
#14265=CARTESIAN_POINT('',(18.7706,-0.885,7.874));
#14266=VECTOR('',#17363,1.0);
#14267=CARTESIAN_POINT('',(18.72805,-0.31305,7.6187));
#14268=VECTOR('',#17364,1.0);
#14269=COLOUR_RGB('',0.592156887054443,0.592156887054443,0.592156887054443);
#14270=CARTESIAN_POINT('',(19.3294,-0.914399999999999,7.874));
#14271=CARTESIAN_POINT('',(19.3958026315789,-0.980802631578946,7.47558421052632));
#14272=VECTOR('',#17365,1.0);
#14273=CARTESIAN_POINT('',(19.3294,-0.3556,7.874));
#14274=CARTESIAN_POINT('',(19.3826447368421,-0.302355263157894,7.55453157894737));
#14275=VECTOR('',#17366,1.0);
#14276=CARTESIAN_POINT('',(19.3294,-0.885,7.874));
#14277=VECTOR('',#17367,1.0);
#14278=COLOUR_RGB('',0.592156887054443,0.592156887054443,0.592156887054443);
#14279=CARTESIAN_POINT('',(18.6436,-2.09751197014804,1.4124));
#14280=VECTOR('',#17368,1.0);
#14281=CARTESIAN_POINT('',(18.6436,-6.223,0.609599999999999));
#14282=CARTESIAN_POINT('',(18.6436,-6.223,0.609599999999999));
#14283=VECTOR('',#17369,1.0);
#14284=CARTESIAN_POINT('',(18.6436,-6.223,1.4224));
#14285=CARTESIAN_POINT('',(18.6436,-6.223,1.70391858444489));
#14286=VECTOR('',#17370,1.0);
#14287=CARTESIAN_POINT('',(18.6436,-1.2446,1.4224));
#14288=VECTOR('',#17371,1.0);
#14289=COLOUR_RGB('',0.592156887054443,0.592156887054443,0.592156887054443);
#14290=CARTESIAN_POINT('',(19.4564,-0.3556,7.874));
#14291=VECTOR('',#17372,1.0);
#14292=CARTESIAN_POINT('',(19.4564,-0.228599999999999,7.112));
#14293=VECTOR('',#17373,1.0);
#14294=COLOUR_RGB('',0.592156887054443,0.592156887054443,0.592156887054443);
#14295=CARTESIAN_POINT('',(18.7706,-6.985,1.2954));
#14296=CARTESIAN_POINT('',(18.72805,-6.7297,1.33795));
#14297=VECTOR('',#17374,1.0);
#14298=CARTESIAN_POINT('',(18.7706,-6.985,0.736599999999999));
#14299=CARTESIAN_POINT('',(18.7148921052632,-6.65075263157895,0.680892105263157));
#14300=VECTOR('',#17375,1.0);
#14301=CARTESIAN_POINT('',(18.7706,-6.985,0.766));
#14302=VECTOR('',#17376,1.0);
#14303=COLOUR_RGB('',0.592156887054443,0.592156887054443,0.592156887054443);
#14304=CARTESIAN_POINT('',(19.3294,-6.985,1.2954));
#14305=CARTESIAN_POINT('',(19.3826447368421,-6.66553157894737,1.34864473684211));
#14306=VECTOR('',#17377,1.0);
#14307=CARTESIAN_POINT('',(19.3294,-6.985,0.736599999999999));
#14308=CARTESIAN_POINT('',(19.3294,-6.985,0.766));
#14309=VECTOR('',#17378,1.0);
#14310=CARTESIAN_POINT('',(19.3958026315789,-6.58658421052631,0.670197368421052));
#14311=VECTOR('',#17379,1.0);
#14312=COLOUR_RGB('',0.592156887054443,0.592156887054443,0.592156887054443);
#14313=CARTESIAN_POINT('',(19.4564,-6.985,0.736599999999999));
#14314=VECTOR('',#17380,1.0);
#14315=CARTESIAN_POINT('',(19.4564,-6.223,0.609599999999999));
#14316=VECTOR('',#17381,1.0);
#14317=COLOUR_RGB('',0.592156887054443,0.592156887054443,0.592156887054443);
#14318=CARTESIAN_POINT('',(19.4564,-6.223,1.4224));
#14319=VECTOR('',#17382,1.0);
#14320=CARTESIAN_POINT('',(19.4564,-6.985,1.2954));
#14321=VECTOR('',#17383,1.0);
#14322=COLOUR_RGB('',0.592156887054443,0.592156887054443,0.592156887054443);
#14323=COLOUR_RGB('',0.592156887054443,0.592156887054443,0.592156887054443);
#14324=COLOUR_RGB('',0.592156887054443,0.592156887054443,0.592156887054443);
#14325=CARTESIAN_POINT('',(19.2532,-0.228599999999998,3.175));
#14326=VECTOR('',#17384,1.0);
#14327=COLOUR_RGB('',0.592156887054443,0.592156887054443,0.592156887054443);
#14328=CARTESIAN_POINT('',(19.4564,-0.914399999999999,7.874));
#14329=VECTOR('',#17385,1.0);
#14330=COLOUR_RGB('',0.592156887054443,0.592156887054443,0.592156887054443);
#14331=COLOUR_RGB('',0.592156887054443,0.592156887054443,0.592156887054443);
#14332=COLOUR_RGB('',0.592156887054443,0.592156887054443,0.592156887054443);
#14333=CARTESIAN_POINT('',(15.6464,-0.251221039079242,1.4124));
#14334=CARTESIAN_POINT('',(14.8336,-0.251221039079242,1.4124));
#14335=CARTESIAN_POINT('',(15.24,-0.251221039079242,1.4124));
#14336=VECTOR('',#17386,1.0);
#14337=CARTESIAN_POINT('',(15.6464,-1.2446,0.609599999999999));
#14338=AXIS2_PLACEMENT_3D('',#17387,#17388,#17389);
#14339=CARTESIAN_POINT('',(14.8336,-1.2446,0.609599999999999));
#14340=CARTESIAN_POINT('',(15.6464,-1.2446,0.609599999999999));
#14341=VECTOR('',#17390,1.0);
#14342=AXIS2_PLACEMENT_3D('',#17391,#17392,#17393);
#14343=COLOUR_RGB('',0.592156887054443,0.592156887054443,0.592156887054443);
#14344=CARTESIAN_POINT('',(14.8336,-1.0414,3.175));
#14345=CARTESIAN_POINT('',(14.8336,-0.228599999999999,3.175));
#14346=CARTESIAN_POINT('',(14.8336,-1.44346197014804,3.175));
#14347=VECTOR('',#17394,1.0);
#14348=CARTESIAN_POINT('',(14.8336,-1.0414,7.112));
#14349=CARTESIAN_POINT('',(14.8336,-1.0414,7.112));
#14350=VECTOR('',#17395,1.0);
#14351=CARTESIAN_POINT('',(14.8336,-0.228599999999999,7.112));
#14352=CARTESIAN_POINT('',(14.8336,-1.69346197014804,7.112));
#14353=VECTOR('',#17396,1.0);
#14354=CARTESIAN_POINT('',(14.8336,-0.228599999999998,1.6256));
#14355=VECTOR('',#17397,1.0);
#14356=COLOUR_RGB('',0.592156887054443,0.592156887054443,0.592156887054443);
#14357=CARTESIAN_POINT('',(15.6464,-1.0414,3.175));
#14358=CARTESIAN_POINT('',(15.4432,-1.0414,3.175));
#14359=VECTOR('',#17398,1.0);
#14360=CARTESIAN_POINT('',(15.6464,-1.0414,7.112));
#14361=CARTESIAN_POINT('',(15.6464,-1.0414,7.112));
#14362=VECTOR('',#17399,1.0);
#14363=CARTESIAN_POINT('',(15.6464,-1.0414,7.112));
#14364=VECTOR('',#17400,1.0);
#14365=COLOUR_RGB('',0.592156887054443,0.592156887054443,0.592156887054443);
#14366=CARTESIAN_POINT('',(15.6464,-0.228599999999999,3.175));
#14367=CARTESIAN_POINT('',(15.6464,-1.44346197014804,3.175));
#14368=VECTOR('',#17401,1.0);
#14369=CARTESIAN_POINT('',(15.6464,-0.228599999999999,7.112));
#14370=CARTESIAN_POINT('',(15.6464,-0.228599999999998,1.6256));
#14371=VECTOR('',#17402,1.0);
#14372=CARTESIAN_POINT('',(15.6464,-1.69346197014804,7.112));
#14373=VECTOR('',#17403,1.0);
#14374=COLOUR_RGB('',0.592156887054443,0.592156887054443,0.592156887054443);
#14375=CARTESIAN_POINT('',(15.6464,-2.09751197014804,1.4124));
#14376=VECTOR('',#17404,1.0);
#14377=CARTESIAN_POINT('',(15.6464,-6.223,1.4224));
#14378=CARTESIAN_POINT('',(15.6464,-1.2446,1.4224));
#14379=VECTOR('',#17405,1.0);
#14380=CARTESIAN_POINT('',(15.6464,-6.223,0.609599999999999));
#14381=CARTESIAN_POINT('',(15.6464,-6.223,1.70391858444489));
#14382=VECTOR('',#17406,1.0);
#14383=CARTESIAN_POINT('',(15.6464,-6.223,0.609599999999999));
#14384=VECTOR('',#17407,1.0);
#14385=COLOUR_RGB('',0.592156887054443,0.592156887054443,0.592156887054443);
#14386=CARTESIAN_POINT('',(14.9606,-0.914399999999999,7.874));
#14387=CARTESIAN_POINT('',(14.9048921052632,-0.970107894736842,7.53975263157895));
#14388=VECTOR('',#17408,1.0);
#14389=CARTESIAN_POINT('',(14.9606,-0.3556,7.874));
#14390=CARTESIAN_POINT('',(14.9606,-0.885,7.874));
#14391=VECTOR('',#17409,1.0);
#14392=CARTESIAN_POINT('',(14.91805,-0.31305,7.6187));
#14393=VECTOR('',#17410,1.0);
#14394=COLOUR_RGB('',0.592156887054443,0.592156887054443,0.592156887054443);
#14395=CARTESIAN_POINT('',(15.5194,-0.914399999999999,7.874));
#14396=CARTESIAN_POINT('',(15.5858026315789,-0.980802631578946,7.47558421052632));
#14397=VECTOR('',#17411,1.0);
#14398=CARTESIAN_POINT('',(15.5194,-0.3556,7.874));
#14399=CARTESIAN_POINT('',(15.5726447368421,-0.302355263157894,7.55453157894737));
#14400=VECTOR('',#17412,1.0);
#14401=CARTESIAN_POINT('',(15.5194,-0.885,7.874));
#14402=VECTOR('',#17413,1.0);
#14403=COLOUR_RGB('',0.592156887054443,0.592156887054443,0.592156887054443);
#14404=CARTESIAN_POINT('',(14.8336,-2.09751197014804,1.4124));
#14405=VECTOR('',#17414,1.0);
#14406=CARTESIAN_POINT('',(14.8336,-6.223,0.609599999999999));
#14407=CARTESIAN_POINT('',(14.8336,-6.223,0.609599999999999));
#14408=VECTOR('',#17415,1.0);
#14409=CARTESIAN_POINT('',(14.8336,-6.223,1.4224));
#14410=CARTESIAN_POINT('',(14.8336,-6.223,1.70391858444489));
#14411=VECTOR('',#17416,1.0);
#14412=CARTESIAN_POINT('',(14.8336,-1.2446,1.4224));
#14413=VECTOR('',#17417,1.0);
#14414=COLOUR_RGB('',0.592156887054443,0.592156887054443,0.592156887054443);
#14415=CARTESIAN_POINT('',(15.6464,-0.3556,7.874));
#14416=VECTOR('',#17418,1.0);
#14417=CARTESIAN_POINT('',(15.6464,-0.228599999999999,7.112));
#14418=VECTOR('',#17419,1.0);
#14419=COLOUR_RGB('',0.592156887054443,0.592156887054443,0.592156887054443);
#14420=CARTESIAN_POINT('',(14.9606,-6.985,1.2954));
#14421=CARTESIAN_POINT('',(14.91805,-6.7297,1.33795));
#14422=VECTOR('',#17420,1.0);
#14423=CARTESIAN_POINT('',(14.9606,-6.985,0.736599999999999));
#14424=CARTESIAN_POINT('',(14.9048921052632,-6.65075263157895,0.680892105263157));
#14425=VECTOR('',#17421,1.0);
#14426=CARTESIAN_POINT('',(14.9606,-6.985,0.766));
#14427=VECTOR('',#17422,1.0);
#14428=COLOUR_RGB('',0.592156887054443,0.592156887054443,0.592156887054443);
#14429=CARTESIAN_POINT('',(15.5194,-6.985,1.2954));
#14430=CARTESIAN_POINT('',(15.5726447368421,-6.66553157894737,1.34864473684211));
#14431=VECTOR('',#17423,1.0);
#14432=CARTESIAN_POINT('',(15.5194,-6.985,0.736599999999999));
#14433=CARTESIAN_POINT('',(15.5194,-6.985,0.766));
#14434=VECTOR('',#17424,1.0);
#14435=CARTESIAN_POINT('',(15.5858026315789,-6.58658421052631,0.670197368421052));
#14436=VECTOR('',#17425,1.0);
#14437=COLOUR_RGB('',0.592156887054443,0.592156887054443,0.592156887054443);
#14438=CARTESIAN_POINT('',(15.6464,-6.985,0.736599999999999));
#14439=VECTOR('',#17426,1.0);
#14440=CARTESIAN_POINT('',(15.6464,-6.223,0.609599999999999));
#14441=VECTOR('',#17427,1.0);
#14442=COLOUR_RGB('',0.592156887054443,0.592156887054443,0.592156887054443);
#14443=CARTESIAN_POINT('',(15.6464,-6.223,1.4224));
#14444=VECTOR('',#17428,1.0);
#14445=CARTESIAN_POINT('',(15.6464,-6.985,1.2954));
#14446=VECTOR('',#17429,1.0);
#14447=COLOUR_RGB('',0.592156887054443,0.592156887054443,0.592156887054443);
#14448=COLOUR_RGB('',0.592156887054443,0.592156887054443,0.592156887054443);
#14449=COLOUR_RGB('',0.592156887054443,0.592156887054443,0.592156887054443);
#14450=CARTESIAN_POINT('',(15.4432,-0.228599999999998,3.175));
#14451=VECTOR('',#17430,1.0);
#14452=COLOUR_RGB('',0.592156887054443,0.592156887054443,0.592156887054443);
#14453=CARTESIAN_POINT('',(15.6464,-0.914399999999999,7.874));
#14454=VECTOR('',#17431,1.0);
#14455=COLOUR_RGB('',0.592156887054443,0.592156887054443,0.592156887054443);
#14456=COLOUR_RGB('',0.592156887054443,0.592156887054443,0.592156887054443);
#14457=COLOUR_RGB('',0.592156887054443,0.592156887054443,0.592156887054443);
#14458=CARTESIAN_POINT('',(11.8364,-0.251221039079242,1.4124));
#14459=CARTESIAN_POINT('',(11.0236,-0.251221039079242,1.4124));
#14460=CARTESIAN_POINT('',(11.43,-0.251221039079242,1.4124));
#14461=VECTOR('',#17432,1.0);
#14462=CARTESIAN_POINT('',(11.8364,-1.2446,0.609599999999999));
#14463=AXIS2_PLACEMENT_3D('',#17433,#17434,#17435);
#14464=CARTESIAN_POINT('',(11.0236,-1.2446,0.609599999999999));
#14465=CARTESIAN_POINT('',(11.8364,-1.2446,0.609599999999999));
#14466=VECTOR('',#17436,1.0);
#14467=AXIS2_PLACEMENT_3D('',#17437,#17438,#17439);
#14468=COLOUR_RGB('',0.592156887054443,0.592156887054443,0.592156887054443);
#14469=CARTESIAN_POINT('',(11.0236,-1.0414,3.175));
#14470=CARTESIAN_POINT('',(11.0236,-0.228599999999999,3.175));
#14471=CARTESIAN_POINT('',(11.0236,-1.44346197014804,3.175));
#14472=VECTOR('',#17440,1.0);
#14473=CARTESIAN_POINT('',(11.0236,-1.0414,7.112));
#14474=CARTESIAN_POINT('',(11.0236,-1.0414,7.112));
#14475=VECTOR('',#17441,1.0);
#14476=CARTESIAN_POINT('',(11.0236,-0.228599999999999,7.112));
#14477=CARTESIAN_POINT('',(11.0236,-1.69346197014804,7.112));
#14478=VECTOR('',#17442,1.0);
#14479=CARTESIAN_POINT('',(11.0236,-0.228599999999998,1.6256));
#14480=VECTOR('',#17443,1.0);
#14481=COLOUR_RGB('',0.592156887054443,0.592156887054443,0.592156887054443);
#14482=CARTESIAN_POINT('',(11.8364,-1.0414,3.175));
#14483=CARTESIAN_POINT('',(11.6332,-1.0414,3.175));
#14484=VECTOR('',#17444,1.0);
#14485=CARTESIAN_POINT('',(11.8364,-1.0414,7.112));
#14486=CARTESIAN_POINT('',(11.8364,-1.0414,7.112));
#14487=VECTOR('',#17445,1.0);
#14488=CARTESIAN_POINT('',(11.8364,-1.0414,7.112));
#14489=VECTOR('',#17446,1.0);
#14490=COLOUR_RGB('',0.592156887054443,0.592156887054443,0.592156887054443);
#14491=CARTESIAN_POINT('',(11.8364,-0.228599999999999,3.175));
#14492=CARTESIAN_POINT('',(11.8364,-1.44346197014804,3.175));
#14493=VECTOR('',#17447,1.0);
#14494=CARTESIAN_POINT('',(11.8364,-0.228599999999999,7.112));
#14495=CARTESIAN_POINT('',(11.8364,-0.228599999999998,1.6256));
#14496=VECTOR('',#17448,1.0);
#14497=CARTESIAN_POINT('',(11.8364,-1.69346197014804,7.112));
#14498=VECTOR('',#17449,1.0);
#14499=COLOUR_RGB('',0.592156887054443,0.592156887054443,0.592156887054443);
#14500=CARTESIAN_POINT('',(11.8364,-2.09751197014804,1.4124));
#14501=VECTOR('',#17450,1.0);
#14502=CARTESIAN_POINT('',(11.8364,-6.223,1.4224));
#14503=CARTESIAN_POINT('',(11.8364,-1.2446,1.4224));
#14504=VECTOR('',#17451,1.0);
#14505=CARTESIAN_POINT('',(11.8364,-6.223,0.609599999999999));
#14506=CARTESIAN_POINT('',(11.8364,-6.223,1.70391858444489));
#14507=VECTOR('',#17452,1.0);
#14508=CARTESIAN_POINT('',(11.8364,-6.223,0.609599999999999));
#14509=VECTOR('',#17453,1.0);
#14510=COLOUR_RGB('',0.592156887054443,0.592156887054443,0.592156887054443);
#14511=CARTESIAN_POINT('',(11.1506,-0.914399999999999,7.874));
#14512=CARTESIAN_POINT('',(11.0948921052632,-0.970107894736842,7.53975263157895));
#14513=VECTOR('',#17454,1.0);
#14514=CARTESIAN_POINT('',(11.1506,-0.3556,7.874));
#14515=CARTESIAN_POINT('',(11.1506,-0.885,7.874));
#14516=VECTOR('',#17455,1.0);
#14517=CARTESIAN_POINT('',(11.10805,-0.31305,7.6187));
#14518=VECTOR('',#17456,1.0);
#14519=COLOUR_RGB('',0.592156887054443,0.592156887054443,0.592156887054443);
#14520=CARTESIAN_POINT('',(11.7094,-0.914399999999999,7.874));
#14521=CARTESIAN_POINT('',(11.7758026315789,-0.980802631578946,7.47558421052632));
#14522=VECTOR('',#17457,1.0);
#14523=CARTESIAN_POINT('',(11.7094,-0.3556,7.874));
#14524=CARTESIAN_POINT('',(11.7626447368421,-0.302355263157894,7.55453157894737));
#14525=VECTOR('',#17458,1.0);
#14526=CARTESIAN_POINT('',(11.7094,-0.885,7.874));
#14527=VECTOR('',#17459,1.0);
#14528=COLOUR_RGB('',0.592156887054443,0.592156887054443,0.592156887054443);
#14529=CARTESIAN_POINT('',(11.0236,-2.09751197014804,1.4124));
#14530=VECTOR('',#17460,1.0);
#14531=CARTESIAN_POINT('',(11.0236,-6.223,0.609599999999999));
#14532=CARTESIAN_POINT('',(11.0236,-6.223,0.609599999999999));
#14533=VECTOR('',#17461,1.0);
#14534=CARTESIAN_POINT('',(11.0236,-6.223,1.4224));
#14535=CARTESIAN_POINT('',(11.0236,-6.223,1.70391858444489));
#14536=VECTOR('',#17462,1.0);
#14537=CARTESIAN_POINT('',(11.0236,-1.2446,1.4224));
#14538=VECTOR('',#17463,1.0);
#14539=COLOUR_RGB('',0.592156887054443,0.592156887054443,0.592156887054443);
#14540=CARTESIAN_POINT('',(11.8364,-0.3556,7.874));
#14541=VECTOR('',#17464,1.0);
#14542=CARTESIAN_POINT('',(11.8364,-0.228599999999999,7.112));
#14543=VECTOR('',#17465,1.0);
#14544=COLOUR_RGB('',0.592156887054443,0.592156887054443,0.592156887054443);
#14545=CARTESIAN_POINT('',(11.1506,-6.985,1.2954));
#14546=CARTESIAN_POINT('',(11.10805,-6.7297,1.33795));
#14547=VECTOR('',#17466,1.0);
#14548=CARTESIAN_POINT('',(11.1506,-6.985,0.736599999999999));
#14549=CARTESIAN_POINT('',(11.0948921052632,-6.65075263157895,0.680892105263157));
#14550=VECTOR('',#17467,1.0);
#14551=CARTESIAN_POINT('',(11.1506,-6.985,0.766));
#14552=VECTOR('',#17468,1.0);
#14553=COLOUR_RGB('',0.592156887054443,0.592156887054443,0.592156887054443);
#14554=CARTESIAN_POINT('',(11.7094,-6.985,1.2954));
#14555=CARTESIAN_POINT('',(11.7626447368421,-6.66553157894737,1.34864473684211));
#14556=VECTOR('',#17469,1.0);
#14557=CARTESIAN_POINT('',(11.7094,-6.985,0.736599999999999));
#14558=CARTESIAN_POINT('',(11.7094,-6.985,0.766));
#14559=VECTOR('',#17470,1.0);
#14560=CARTESIAN_POINT('',(11.7758026315789,-6.58658421052631,0.670197368421052));
#14561=VECTOR('',#17471,1.0);
#14562=COLOUR_RGB('',0.592156887054443,0.592156887054443,0.592156887054443);
#14563=CARTESIAN_POINT('',(11.8364,-6.985,0.736599999999999));
#14564=VECTOR('',#17472,1.0);
#14565=CARTESIAN_POINT('',(11.8364,-6.223,0.609599999999999));
#14566=VECTOR('',#17473,1.0);
#14567=COLOUR_RGB('',0.592156887054443,0.592156887054443,0.592156887054443);
#14568=CARTESIAN_POINT('',(11.8364,-6.223,1.4224));
#14569=VECTOR('',#17474,1.0);
#14570=CARTESIAN_POINT('',(11.8364,-6.985,1.2954));
#14571=VECTOR('',#17475,1.0);
#14572=COLOUR_RGB('',0.592156887054443,0.592156887054443,0.592156887054443);
#14573=COLOUR_RGB('',0.592156887054443,0.592156887054443,0.592156887054443);
#14574=COLOUR_RGB('',0.592156887054443,0.592156887054443,0.592156887054443);
#14575=CARTESIAN_POINT('',(11.6332,-0.228599999999998,3.175));
#14576=VECTOR('',#17476,1.0);
#14577=COLOUR_RGB('',0.592156887054443,0.592156887054443,0.592156887054443);
#14578=CARTESIAN_POINT('',(11.8364,-0.914399999999999,7.874));
#14579=VECTOR('',#17477,1.0);
#14580=COLOUR_RGB('',0.592156887054443,0.592156887054443,0.592156887054443);
#14581=COLOUR_RGB('',0.592156887054443,0.592156887054443,0.592156887054443);
#14582=COLOUR_RGB('',0.592156887054443,0.592156887054443,0.592156887054443);
#14583=CARTESIAN_POINT('',(8.0264,-0.251221039079242,1.4124));
#14584=CARTESIAN_POINT('',(7.2136,-0.251221039079242,1.4124));
#14585=CARTESIAN_POINT('',(7.62,-0.251221039079242,1.4124));
#14586=VECTOR('',#17478,1.0);
#14587=CARTESIAN_POINT('',(8.0264,-1.2446,0.609599999999999));
#14588=AXIS2_PLACEMENT_3D('',#17479,#17480,#17481);
#14589=CARTESIAN_POINT('',(7.2136,-1.2446,0.609599999999999));
#14590=CARTESIAN_POINT('',(8.0264,-1.2446,0.609599999999999));
#14591=VECTOR('',#17482,1.0);
#14592=AXIS2_PLACEMENT_3D('',#17483,#17484,#17485);
#14593=COLOUR_RGB('',0.592156887054443,0.592156887054443,0.592156887054443);
#14594=CARTESIAN_POINT('',(7.2136,-1.0414,3.175));
#14595=CARTESIAN_POINT('',(7.2136,-0.228599999999999,3.175));
#14596=CARTESIAN_POINT('',(7.2136,-1.44346197014804,3.175));
#14597=VECTOR('',#17486,1.0);
#14598=CARTESIAN_POINT('',(7.2136,-1.0414,7.112));
#14599=CARTESIAN_POINT('',(7.2136,-1.0414,7.112));
#14600=VECTOR('',#17487,1.0);
#14601=CARTESIAN_POINT('',(7.2136,-0.228599999999999,7.112));
#14602=CARTESIAN_POINT('',(7.2136,-1.69346197014804,7.112));
#14603=VECTOR('',#17488,1.0);
#14604=CARTESIAN_POINT('',(7.2136,-0.228599999999998,1.6256));
#14605=VECTOR('',#17489,1.0);
#14606=COLOUR_RGB('',0.592156887054443,0.592156887054443,0.592156887054443);
#14607=CARTESIAN_POINT('',(8.0264,-1.0414,3.175));
#14608=CARTESIAN_POINT('',(7.8232,-1.0414,3.175));
#14609=VECTOR('',#17490,1.0);
#14610=CARTESIAN_POINT('',(8.0264,-1.0414,7.112));
#14611=CARTESIAN_POINT('',(8.0264,-1.0414,7.112));
#14612=VECTOR('',#17491,1.0);
#14613=CARTESIAN_POINT('',(8.0264,-1.0414,7.112));
#14614=VECTOR('',#17492,1.0);
#14615=COLOUR_RGB('',0.592156887054443,0.592156887054443,0.592156887054443);
#14616=CARTESIAN_POINT('',(8.0264,-0.228599999999999,3.175));
#14617=CARTESIAN_POINT('',(8.0264,-1.44346197014804,3.175));
#14618=VECTOR('',#17493,1.0);
#14619=CARTESIAN_POINT('',(8.0264,-0.228599999999999,7.112));
#14620=CARTESIAN_POINT('',(8.0264,-0.228599999999998,1.6256));
#14621=VECTOR('',#17494,1.0);
#14622=CARTESIAN_POINT('',(8.0264,-1.69346197014804,7.112));
#14623=VECTOR('',#17495,1.0);
#14624=COLOUR_RGB('',0.592156887054443,0.592156887054443,0.592156887054443);
#14625=CARTESIAN_POINT('',(8.0264,-2.09751197014804,1.4124));
#14626=VECTOR('',#17496,1.0);
#14627=CARTESIAN_POINT('',(8.0264,-6.223,1.4224));
#14628=CARTESIAN_POINT('',(8.0264,-1.2446,1.4224));
#14629=VECTOR('',#17497,1.0);
#14630=CARTESIAN_POINT('',(8.0264,-6.223,0.609599999999999));
#14631=CARTESIAN_POINT('',(8.0264,-6.223,1.70391858444489));
#14632=VECTOR('',#17498,1.0);
#14633=CARTESIAN_POINT('',(8.0264,-6.223,0.609599999999999));
#14634=VECTOR('',#17499,1.0);
#14635=COLOUR_RGB('',0.592156887054443,0.592156887054443,0.592156887054443);
#14636=CARTESIAN_POINT('',(7.3406,-0.914399999999999,7.874));
#14637=CARTESIAN_POINT('',(7.28489210526316,-0.970107894736842,7.53975263157895));
#14638=VECTOR('',#17500,1.0);
#14639=CARTESIAN_POINT('',(7.3406,-0.3556,7.874));
#14640=CARTESIAN_POINT('',(7.3406,-0.885,7.874));
#14641=VECTOR('',#17501,1.0);
#14642=CARTESIAN_POINT('',(7.29805,-0.31305,7.6187));
#14643=VECTOR('',#17502,1.0);
#14644=COLOUR_RGB('',0.592156887054443,0.592156887054443,0.592156887054443);
#14645=CARTESIAN_POINT('',(7.8994,-0.914399999999999,7.874));
#14646=CARTESIAN_POINT('',(7.96580263157895,-0.980802631578946,7.47558421052632));
#14647=VECTOR('',#17503,1.0);
#14648=CARTESIAN_POINT('',(7.8994,-0.3556,7.874));
#14649=CARTESIAN_POINT('',(7.95264473684211,-0.302355263157894,7.55453157894737));
#14650=VECTOR('',#17504,1.0);
#14651=CARTESIAN_POINT('',(7.8994,-0.885,7.874));
#14652=VECTOR('',#17505,1.0);
#14653=COLOUR_RGB('',0.592156887054443,0.592156887054443,0.592156887054443);
#14654=CARTESIAN_POINT('',(7.2136,-2.09751197014804,1.4124));
#14655=VECTOR('',#17506,1.0);
#14656=CARTESIAN_POINT('',(7.2136,-6.223,0.609599999999999));
#14657=CARTESIAN_POINT('',(7.2136,-6.223,0.609599999999999));
#14658=VECTOR('',#17507,1.0);
#14659=CARTESIAN_POINT('',(7.2136,-6.223,1.4224));
#14660=CARTESIAN_POINT('',(7.2136,-6.223,1.70391858444489));
#14661=VECTOR('',#17508,1.0);
#14662=CARTESIAN_POINT('',(7.2136,-1.2446,1.4224));
#14663=VECTOR('',#17509,1.0);
#14664=COLOUR_RGB('',0.592156887054443,0.592156887054443,0.592156887054443);
#14665=CARTESIAN_POINT('',(8.0264,-0.3556,7.874));
#14666=VECTOR('',#17510,1.0);
#14667=CARTESIAN_POINT('',(8.0264,-0.228599999999999,7.112));
#14668=VECTOR('',#17511,1.0);
#14669=COLOUR_RGB('',0.592156887054443,0.592156887054443,0.592156887054443);
#14670=CARTESIAN_POINT('',(7.3406,-6.985,1.2954));
#14671=CARTESIAN_POINT('',(7.29805,-6.7297,1.33795));
#14672=VECTOR('',#17512,1.0);
#14673=CARTESIAN_POINT('',(7.3406,-6.985,0.736599999999999));
#14674=CARTESIAN_POINT('',(7.28489210526316,-6.65075263157895,0.680892105263157));
#14675=VECTOR('',#17513,1.0);
#14676=CARTESIAN_POINT('',(7.3406,-6.985,0.766));
#14677=VECTOR('',#17514,1.0);
#14678=COLOUR_RGB('',0.592156887054443,0.592156887054443,0.592156887054443);
#14679=CARTESIAN_POINT('',(7.8994,-6.985,1.2954));
#14680=CARTESIAN_POINT('',(7.95264473684211,-6.66553157894737,1.34864473684211));
#14681=VECTOR('',#17515,1.0);
#14682=CARTESIAN_POINT('',(7.8994,-6.985,0.736599999999999));
#14683=CARTESIAN_POINT('',(7.8994,-6.985,0.766));
#14684=VECTOR('',#17516,1.0);
#14685=CARTESIAN_POINT('',(7.96580263157895,-6.58658421052631,0.670197368421052));
#14686=VECTOR('',#17517,1.0);
#14687=COLOUR_RGB('',0.592156887054443,0.592156887054443,0.592156887054443);
#14688=CARTESIAN_POINT('',(8.0264,-6.985,0.736599999999999));
#14689=VECTOR('',#17518,1.0);
#14690=CARTESIAN_POINT('',(8.0264,-6.223,0.609599999999999));
#14691=VECTOR('',#17519,1.0);
#14692=COLOUR_RGB('',0.592156887054443,0.592156887054443,0.592156887054443);
#14693=CARTESIAN_POINT('',(8.0264,-6.223,1.4224));
#14694=VECTOR('',#17520,1.0);
#14695=CARTESIAN_POINT('',(8.0264,-6.985,1.2954));
#14696=VECTOR('',#17521,1.0);
#14697=COLOUR_RGB('',0.592156887054443,0.592156887054443,0.592156887054443);
#14698=COLOUR_RGB('',0.592156887054443,0.592156887054443,0.592156887054443);
#14699=COLOUR_RGB('',0.592156887054443,0.592156887054443,0.592156887054443);
#14700=CARTESIAN_POINT('',(7.8232,-0.228599999999998,3.175));
#14701=VECTOR('',#17522,1.0);
#14702=COLOUR_RGB('',0.592156887054443,0.592156887054443,0.592156887054443);
#14703=CARTESIAN_POINT('',(8.0264,-0.914399999999999,7.874));
#14704=VECTOR('',#17523,1.0);
#14705=COLOUR_RGB('',0.592156887054443,0.592156887054443,0.592156887054443);
#14706=COLOUR_RGB('',0.592156887054443,0.592156887054443,0.592156887054443);
#14707=COLOUR_RGB('',0.592156887054443,0.592156887054443,0.592156887054443);
#14708=CARTESIAN_POINT('',(4.2164,-0.251221039079242,1.4124));
#14709=CARTESIAN_POINT('',(3.4036,-0.251221039079242,1.4124));
#14710=CARTESIAN_POINT('',(3.81,-0.251221039079242,1.4124));
#14711=VECTOR('',#17524,1.0);
#14712=CARTESIAN_POINT('',(4.2164,-1.2446,0.609599999999999));
#14713=AXIS2_PLACEMENT_3D('',#17525,#17526,#17527);
#14714=CARTESIAN_POINT('',(3.4036,-1.2446,0.609599999999999));
#14715=CARTESIAN_POINT('',(4.2164,-1.2446,0.609599999999999));
#14716=VECTOR('',#17528,1.0);
#14717=AXIS2_PLACEMENT_3D('',#17529,#17530,#17531);
#14718=COLOUR_RGB('',0.592156887054443,0.592156887054443,0.592156887054443);
#14719=CARTESIAN_POINT('',(3.4036,-1.0414,3.175));
#14720=CARTESIAN_POINT('',(3.4036,-0.228599999999999,3.175));
#14721=CARTESIAN_POINT('',(3.4036,-1.44346197014804,3.175));
#14722=VECTOR('',#17532,1.0);
#14723=CARTESIAN_POINT('',(3.4036,-1.0414,7.112));
#14724=CARTESIAN_POINT('',(3.4036,-1.0414,7.112));
#14725=VECTOR('',#17533,1.0);
#14726=CARTESIAN_POINT('',(3.4036,-0.228599999999999,7.112));
#14727=CARTESIAN_POINT('',(3.4036,-1.69346197014804,7.112));
#14728=VECTOR('',#17534,1.0);
#14729=CARTESIAN_POINT('',(3.4036,-0.228599999999998,1.6256));
#14730=VECTOR('',#17535,1.0);
#14731=COLOUR_RGB('',0.592156887054443,0.592156887054443,0.592156887054443);
#14732=CARTESIAN_POINT('',(4.2164,-1.0414,3.175));
#14733=CARTESIAN_POINT('',(4.0132,-1.0414,3.175));
#14734=VECTOR('',#17536,1.0);
#14735=CARTESIAN_POINT('',(4.2164,-1.0414,7.112));
#14736=CARTESIAN_POINT('',(4.2164,-1.0414,7.112));
#14737=VECTOR('',#17537,1.0);
#14738=CARTESIAN_POINT('',(4.2164,-1.0414,7.112));
#14739=VECTOR('',#17538,1.0);
#14740=COLOUR_RGB('',0.592156887054443,0.592156887054443,0.592156887054443);
#14741=CARTESIAN_POINT('',(4.2164,-0.228599999999999,3.175));
#14742=CARTESIAN_POINT('',(4.2164,-1.44346197014804,3.175));
#14743=VECTOR('',#17539,1.0);
#14744=CARTESIAN_POINT('',(4.2164,-0.228599999999999,7.112));
#14745=CARTESIAN_POINT('',(4.2164,-0.228599999999998,1.6256));
#14746=VECTOR('',#17540,1.0);
#14747=CARTESIAN_POINT('',(4.2164,-1.69346197014804,7.112));
#14748=VECTOR('',#17541,1.0);
#14749=COLOUR_RGB('',0.592156887054443,0.592156887054443,0.592156887054443);
#14750=CARTESIAN_POINT('',(4.2164,-2.09751197014804,1.4124));
#14751=VECTOR('',#17542,1.0);
#14752=CARTESIAN_POINT('',(4.2164,-6.223,1.4224));
#14753=CARTESIAN_POINT('',(4.2164,-1.2446,1.4224));
#14754=VECTOR('',#17543,1.0);
#14755=CARTESIAN_POINT('',(4.2164,-6.223,0.609599999999999));
#14756=CARTESIAN_POINT('',(4.2164,-6.223,1.70391858444489));
#14757=VECTOR('',#17544,1.0);
#14758=CARTESIAN_POINT('',(4.2164,-6.223,0.609599999999999));
#14759=VECTOR('',#17545,1.0);
#14760=COLOUR_RGB('',0.592156887054443,0.592156887054443,0.592156887054443);
#14761=CARTESIAN_POINT('',(3.5306,-0.914399999999999,7.874));
#14762=CARTESIAN_POINT('',(3.47489210526316,-0.970107894736842,7.53975263157895));
#14763=VECTOR('',#17546,1.0);
#14764=CARTESIAN_POINT('',(3.5306,-0.3556,7.874));
#14765=CARTESIAN_POINT('',(3.5306,-0.885,7.874));
#14766=VECTOR('',#17547,1.0);
#14767=CARTESIAN_POINT('',(3.48805,-0.31305,7.6187));
#14768=VECTOR('',#17548,1.0);
#14769=COLOUR_RGB('',0.592156887054443,0.592156887054443,0.592156887054443);
#14770=CARTESIAN_POINT('',(4.0894,-0.914399999999999,7.874));
#14771=CARTESIAN_POINT('',(4.15580263157895,-0.980802631578946,7.47558421052632));
#14772=VECTOR('',#17549,1.0);
#14773=CARTESIAN_POINT('',(4.0894,-0.3556,7.874));
#14774=CARTESIAN_POINT('',(4.14264473684211,-0.302355263157894,7.55453157894737));
#14775=VECTOR('',#17550,1.0);
#14776=CARTESIAN_POINT('',(4.0894,-0.885,7.874));
#14777=VECTOR('',#17551,1.0);
#14778=COLOUR_RGB('',0.592156887054443,0.592156887054443,0.592156887054443);
#14779=CARTESIAN_POINT('',(3.4036,-2.09751197014804,1.4124));
#14780=VECTOR('',#17552,1.0);
#14781=CARTESIAN_POINT('',(3.4036,-6.223,0.609599999999999));
#14782=CARTESIAN_POINT('',(3.4036,-6.223,0.609599999999999));
#14783=VECTOR('',#17553,1.0);
#14784=CARTESIAN_POINT('',(3.4036,-6.223,1.4224));
#14785=CARTESIAN_POINT('',(3.4036,-6.223,1.70391858444489));
#14786=VECTOR('',#17554,1.0);
#14787=CARTESIAN_POINT('',(3.4036,-1.2446,1.4224));
#14788=VECTOR('',#17555,1.0);
#14789=COLOUR_RGB('',0.592156887054443,0.592156887054443,0.592156887054443);
#14790=CARTESIAN_POINT('',(4.2164,-0.3556,7.874));
#14791=VECTOR('',#17556,1.0);
#14792=CARTESIAN_POINT('',(4.2164,-0.228599999999999,7.112));
#14793=VECTOR('',#17557,1.0);
#14794=COLOUR_RGB('',0.592156887054443,0.592156887054443,0.592156887054443);
#14795=CARTESIAN_POINT('',(3.5306,-6.985,1.2954));
#14796=CARTESIAN_POINT('',(3.48805,-6.7297,1.33795));
#14797=VECTOR('',#17558,1.0);
#14798=CARTESIAN_POINT('',(3.5306,-6.985,0.736599999999999));
#14799=CARTESIAN_POINT('',(3.47489210526316,-6.65075263157895,0.680892105263157));
#14800=VECTOR('',#17559,1.0);
#14801=CARTESIAN_POINT('',(3.5306,-6.985,0.766));
#14802=VECTOR('',#17560,1.0);
#14803=COLOUR_RGB('',0.592156887054443,0.592156887054443,0.592156887054443);
#14804=CARTESIAN_POINT('',(4.0894,-6.985,1.2954));
#14805=CARTESIAN_POINT('',(4.14264473684211,-6.66553157894737,1.34864473684211));
#14806=VECTOR('',#17561,1.0);
#14807=CARTESIAN_POINT('',(4.0894,-6.985,0.736599999999999));
#14808=CARTESIAN_POINT('',(4.0894,-6.985,0.766));
#14809=VECTOR('',#17562,1.0);
#14810=CARTESIAN_POINT('',(4.15580263157895,-6.58658421052631,0.670197368421052));
#14811=VECTOR('',#17563,1.0);
#14812=COLOUR_RGB('',0.592156887054443,0.592156887054443,0.592156887054443);
#14813=CARTESIAN_POINT('',(4.2164,-6.985,0.736599999999999));
#14814=VECTOR('',#17564,1.0);
#14815=CARTESIAN_POINT('',(4.2164,-6.223,0.609599999999999));
#14816=VECTOR('',#17565,1.0);
#14817=COLOUR_RGB('',0.592156887054443,0.592156887054443,0.592156887054443);
#14818=CARTESIAN_POINT('',(4.2164,-6.223,1.4224));
#14819=VECTOR('',#17566,1.0);
#14820=CARTESIAN_POINT('',(4.2164,-6.985,1.2954));
#14821=VECTOR('',#17567,1.0);
#14822=COLOUR_RGB('',0.592156887054443,0.592156887054443,0.592156887054443);
#14823=COLOUR_RGB('',0.592156887054443,0.592156887054443,0.592156887054443);
#14824=COLOUR_RGB('',0.592156887054443,0.592156887054443,0.592156887054443);
#14825=CARTESIAN_POINT('',(4.0132,-0.228599999999998,3.175));
#14826=VECTOR('',#17568,1.0);
#14827=COLOUR_RGB('',0.592156887054443,0.592156887054443,0.592156887054443);
#14828=CARTESIAN_POINT('',(4.2164,-0.914399999999999,7.874));
#14829=VECTOR('',#17569,1.0);
#14830=COLOUR_RGB('',0.592156887054443,0.592156887054443,0.592156887054443);
#14831=COLOUR_RGB('',0.592156887054443,0.592156887054443,0.592156887054443);
#14832=COLOUR_RGB('',0.592156887054443,0.592156887054443,0.592156887054443);
#14833=CARTESIAN_POINT('',(0.4064,-0.251221039079242,1.4124));
#14834=CARTESIAN_POINT('',(-0.4064,-0.251221039079242,1.4124));
#14835=CARTESIAN_POINT('',(4.24564163523471E-17,-0.251221039079242,1.4124));
#14836=VECTOR('',#17570,1.0);
#14837=CARTESIAN_POINT('',(0.4064,-1.2446,0.609599999999999));
#14838=AXIS2_PLACEMENT_3D('',#17571,#17572,#17573);
#14839=CARTESIAN_POINT('',(-0.4064,-1.2446,0.609599999999999));
#14840=CARTESIAN_POINT('',(0.4064,-1.2446,0.609599999999999));
#14841=VECTOR('',#17574,1.0);
#14842=AXIS2_PLACEMENT_3D('',#17575,#17576,#17577);
#14843=COLOUR_RGB('',0.592156887054443,0.592156887054443,0.592156887054443);
#14844=CARTESIAN_POINT('',(-0.4064,-1.0414,3.175));
#14845=CARTESIAN_POINT('',(-0.4064,-0.228599999999999,3.175));
#14846=CARTESIAN_POINT('',(-0.4064,-1.44346197014804,3.175));
#14847=VECTOR('',#17578,1.0);
#14848=CARTESIAN_POINT('',(-0.4064,-1.0414,7.112));
#14849=CARTESIAN_POINT('',(-0.4064,-1.0414,7.112));
#14850=VECTOR('',#17579,1.0);
#14851=CARTESIAN_POINT('',(-0.4064,-0.228599999999999,7.112));
#14852=CARTESIAN_POINT('',(-0.406400000000001,-1.69346197014804,7.112));
#14853=VECTOR('',#17580,1.0);
#14854=CARTESIAN_POINT('',(-0.4064,-0.228599999999998,1.6256));
#14855=VECTOR('',#17581,1.0);
#14856=COLOUR_RGB('',0.592156887054443,0.592156887054443,0.592156887054443);
#14857=CARTESIAN_POINT('',(0.4064,-1.0414,3.175));
#14858=CARTESIAN_POINT('',(0.2032,-1.0414,3.175));
#14859=VECTOR('',#17582,1.0);
#14860=CARTESIAN_POINT('',(0.4064,-1.0414,7.112));
#14861=CARTESIAN_POINT('',(0.4064,-1.0414,7.112));
#14862=VECTOR('',#17583,1.0);
#14863=CARTESIAN_POINT('',(0.4064,-1.0414,7.112));
#14864=VECTOR('',#17584,1.0);
#14865=COLOUR_RGB('',0.592156887054443,0.592156887054443,0.592156887054443);
#14866=CARTESIAN_POINT('',(0.4064,-0.228599999999999,3.175));
#14867=CARTESIAN_POINT('',(0.4064,-1.44346197014804,3.175));
#14868=VECTOR('',#17585,1.0);
#14869=CARTESIAN_POINT('',(0.4064,-0.228599999999999,7.112));
#14870=CARTESIAN_POINT('',(0.4064,-0.228599999999998,1.6256));
#14871=VECTOR('',#17586,1.0);
#14872=CARTESIAN_POINT('',(0.4064,-1.69346197014804,7.112));
#14873=VECTOR('',#17587,1.0);
#14874=COLOUR_RGB('',0.592156887054443,0.592156887054443,0.592156887054443);
#14875=CARTESIAN_POINT('',(0.4064,-2.09751197014804,1.4124));
#14876=VECTOR('',#17588,1.0);
#14877=CARTESIAN_POINT('',(0.4064,-6.223,1.4224));
#14878=CARTESIAN_POINT('',(0.4064,-1.2446,1.4224));
#14879=VECTOR('',#17589,1.0);
#14880=CARTESIAN_POINT('',(0.4064,-6.223,0.609599999999999));
#14881=CARTESIAN_POINT('',(0.4064,-6.223,1.70391858444489));
#14882=VECTOR('',#17590,1.0);
#14883=CARTESIAN_POINT('',(0.4064,-6.223,0.609599999999999));
#14884=VECTOR('',#17591,1.0);
#14885=COLOUR_RGB('',0.592156887054443,0.592156887054443,0.592156887054443);
#14886=CARTESIAN_POINT('',(-0.279400000000001,-0.914399999999999,7.874));
#14887=CARTESIAN_POINT('',(-0.335107894736843,-0.970107894736842,7.53975263157895));
#14888=VECTOR('',#17592,1.0);
#14889=CARTESIAN_POINT('',(-0.279400000000001,-0.3556,7.874));
#14890=CARTESIAN_POINT('',(-0.279400000000001,-0.885,7.874));
#14891=VECTOR('',#17593,1.0);
#14892=CARTESIAN_POINT('',(-0.321950000000001,-0.31305,7.6187));
#14893=VECTOR('',#17594,1.0);
#14894=COLOUR_RGB('',0.592156887054443,0.592156887054443,0.592156887054443);
#14895=CARTESIAN_POINT('',(0.279400000000001,-0.914399999999999,7.874));
#14896=CARTESIAN_POINT('',(0.345802631578948,-0.980802631578946,7.47558421052632));
#14897=VECTOR('',#17595,1.0);
#14898=CARTESIAN_POINT('',(0.279400000000001,-0.3556,7.874));
#14899=CARTESIAN_POINT('',(0.332644736842105,-0.302355263157894,7.55453157894737));
#14900=VECTOR('',#17596,1.0);
#14901=CARTESIAN_POINT('',(0.279400000000001,-0.885,7.874));
#14902=VECTOR('',#17597,1.0);
#14903=COLOUR_RGB('',0.592156887054443,0.592156887054443,0.592156887054443);
#14904=CARTESIAN_POINT('',(-0.4064,-2.09751197014804,1.4124));
#14905=VECTOR('',#17598,1.0);
#14906=CARTESIAN_POINT('',(-0.4064,-6.223,0.609599999999999));
#14907=CARTESIAN_POINT('',(-0.4064,-6.223,0.609599999999999));
#14908=VECTOR('',#17599,1.0);
#14909=CARTESIAN_POINT('',(-0.4064,-6.223,1.4224));
#14910=CARTESIAN_POINT('',(-0.406400000000001,-6.223,1.70391858444489));
#14911=VECTOR('',#17600,1.0);
#14912=CARTESIAN_POINT('',(-0.4064,-1.2446,1.4224));
#14913=VECTOR('',#17601,1.0);
#14914=COLOUR_RGB('',0.592156887054443,0.592156887054443,0.592156887054443);
#14915=CARTESIAN_POINT('',(0.4064,-0.3556,7.874));
#14916=VECTOR('',#17602,1.0);
#14917=CARTESIAN_POINT('',(0.4064,-0.228599999999999,7.112));
#14918=VECTOR('',#17603,1.0);
#14919=COLOUR_RGB('',0.592156887054443,0.592156887054443,0.592156887054443);
#14920=CARTESIAN_POINT('',(-0.279400000000001,-6.985,1.2954));
#14921=CARTESIAN_POINT('',(-0.321950000000001,-6.7297,1.33795));
#14922=VECTOR('',#17604,1.0);
#14923=CARTESIAN_POINT('',(-0.279400000000001,-6.985,0.736599999999999));
#14924=CARTESIAN_POINT('',(-0.335107894736843,-6.65075263157895,0.680892105263157));
#14925=VECTOR('',#17605,1.0);
#14926=CARTESIAN_POINT('',(-0.279400000000001,-6.985,0.766));
#14927=VECTOR('',#17606,1.0);
#14928=COLOUR_RGB('',0.592156887054443,0.592156887054443,0.592156887054443);
#14929=CARTESIAN_POINT('',(0.279400000000001,-6.985,1.2954));
#14930=CARTESIAN_POINT('',(0.332644736842106,-6.66553157894737,1.34864473684211));
#14931=VECTOR('',#17607,1.0);
#14932=CARTESIAN_POINT('',(0.279400000000001,-6.985,0.736599999999999));
#14933=CARTESIAN_POINT('',(0.279400000000001,-6.985,0.766));
#14934=VECTOR('',#17608,1.0);
#14935=CARTESIAN_POINT('',(0.345802631578948,-6.58658421052631,0.670197368421052));
#14936=VECTOR('',#17609,1.0);
#14937=COLOUR_RGB('',0.592156887054443,0.592156887054443,0.592156887054443);
#14938=CARTESIAN_POINT('',(0.4064,-6.985,0.736599999999999));
#14939=VECTOR('',#17610,1.0);
#14940=CARTESIAN_POINT('',(0.4064,-6.223,0.609599999999999));
#14941=VECTOR('',#17611,1.0);
#14942=COLOUR_RGB('',0.592156887054443,0.592156887054443,0.592156887054443);
#14943=CARTESIAN_POINT('',(0.4064,-6.223,1.4224));
#14944=VECTOR('',#17612,1.0);
#14945=CARTESIAN_POINT('',(0.4064,-6.985,1.2954));
#14946=VECTOR('',#17613,1.0);
#14947=COLOUR_RGB('',0.592156887054443,0.592156887054443,0.592156887054443);
#14948=COLOUR_RGB('',0.592156887054443,0.592156887054443,0.592156887054443);
#14949=COLOUR_RGB('',0.592156887054443,0.592156887054443,0.592156887054443);
#14950=CARTESIAN_POINT('',(0.2032,-0.228599999999998,3.175));
#14951=VECTOR('',#17614,1.0);
#14952=COLOUR_RGB('',0.592156887054443,0.592156887054443,0.592156887054443);
#14953=CARTESIAN_POINT('',(0.4064,-0.914399999999999,7.874));
#14954=VECTOR('',#17615,1.0);
#14955=COLOUR_RGB('',0.592156887054443,0.592156887054443,0.592156887054443);
#14956=COLOUR_RGB('',0.592156887054443,0.592156887054443,0.592156887054443);
#14957=COLOUR_RGB('',0.431372553110123,0.862745106220245,0.549019634723663);
#14958=AXIS2_PLACEMENT_3D('',#17616,#17617,#17618);
#14959=AXIS2_PLACEMENT_3D('',#17619,#17620,#17621);
#14960=COLOUR_RGB('',0.431372553110123,0.862745106220245,0.549019634723663);
#14961=COLOUR_RGB('',0.431372553110123,0.862745106220245,0.549019634723663);
#14962=AXIS2_PLACEMENT_3D('',#17622,#17623,#17624);
#14963=AXIS2_PLACEMENT_3D('',#17625,#17626,#17627);
#14964=COLOUR_RGB('',0.431372553110123,0.862745106220245,0.549019634723663);
#14965=COLOUR_RGB('',0.431372553110123,0.862745106220245,0.549019634723663);
#14966=AXIS2_PLACEMENT_3D('',#17628,#17629,#17630);
#14967=AXIS2_PLACEMENT_3D('',#17631,#17632,#17633);
#14968=COLOUR_RGB('',0.431372553110123,0.862745106220245,0.549019634723663);
#14969=COLOUR_RGB('',0.431372553110123,0.862745106220245,0.549019634723663);
#14970=AXIS2_PLACEMENT_3D('',#17634,#17635,#17636);
#14971=AXIS2_PLACEMENT_3D('',#17637,#17638,#17639);
#14972=COLOUR_RGB('',0.431372553110123,0.862745106220245,0.549019634723663);
#14973=COLOUR_RGB('',0.431372553110123,0.862745106220245,0.549019634723663);
#14974=AXIS2_PLACEMENT_3D('',#17640,#17641,#17642);
#14975=AXIS2_PLACEMENT_3D('',#17643,#17644,#17645);
#14976=COLOUR_RGB('',0.431372553110123,0.862745106220245,0.549019634723663);
#14977=COLOUR_RGB('',0.431372553110123,0.862745106220245,0.549019634723663);
#14978=AXIS2_PLACEMENT_3D('',#17646,#17647,#17648);
#14979=AXIS2_PLACEMENT_3D('',#17649,#17650,#17651);
#14980=COLOUR_RGB('',0.431372553110123,0.862745106220245,0.549019634723663);
#14981=COLOUR_RGB('',0.431372553110123,0.862745106220245,0.549019634723663);
#14982=AXIS2_PLACEMENT_3D('',#17652,#17653,#17654);
#14983=AXIS2_PLACEMENT_3D('',#17655,#17656,#17657);
#14984=COLOUR_RGB('',0.431372553110123,0.862745106220245,0.549019634723663);
#14985=COLOUR_RGB('',0.431372553110123,0.862745106220245,0.549019634723663);
#14986=AXIS2_PLACEMENT_3D('',#17658,#17659,#17660);
#14987=AXIS2_PLACEMENT_3D('',#17661,#17662,#17663);
#14988=COLOUR_RGB('',0.431372553110123,0.862745106220245,0.549019634723663);
#14989=COLOUR_RGB('',0.431372553110123,0.862745106220245,0.549019634723663);
#14990=AXIS2_PLACEMENT_3D('',#17664,#17665,#17666);
#14991=AXIS2_PLACEMENT_3D('',#17667,#17668,#17669);
#14992=COLOUR_RGB('',0.431372553110123,0.862745106220245,0.549019634723663);
#14993=COLOUR_RGB('',0.431372553110123,0.862745106220245,0.549019634723663);
#14994=AXIS2_PLACEMENT_3D('',#17670,#17671,#17672);
#14995=AXIS2_PLACEMENT_3D('',#17673,#17674,#17675);
#14996=COLOUR_RGB('',0.431372553110123,0.862745106220245,0.549019634723663);
#14997=COLOUR_RGB('',0.431372553110123,0.862745106220245,0.549019634723663);
#14998=CARTESIAN_POINT('',(33.8736,-0.2286,1.4124));
#14999=CARTESIAN_POINT('',(33.8736,-1.9431,1.4124));
#15000=VECTOR('',#17676,1.0);
#15001=CARTESIAN_POINT('',(34.7064,-0.2286,1.4124));
#15002=CARTESIAN_POINT('',(34.29,-0.2286,1.4124));
#15003=VECTOR('',#17677,1.0);
#15004=CARTESIAN_POINT('',(34.7064,-1.9431,1.4124));
#15005=VECTOR('',#17678,1.0);
#15006=COLOUR_RGB('',0.431372553110123,0.862745106220245,0.549019634723663);
#15007=CARTESIAN_POINT('',(34.7064,-0.2286,1.39977129142542E-17));
#15008=CARTESIAN_POINT('',(34.7064,-0.2286,0.4124));
#15009=VECTOR('',#17679,1.0);
#15010=CARTESIAN_POINT('',(34.7064,-0.97155,5.94902798855805E-17));
#15011=VECTOR('',#17680,1.0);
#15012=COLOUR_RGB('',0.431372553110123,0.862745106220245,0.549019634723663);
#15013=CARTESIAN_POINT('',(33.8736,-0.2286,1.39977129142542E-17));
#15014=CARTESIAN_POINT('',(25.7175,-0.2286,1.39977129142542E-17));
#15015=VECTOR('',#17681,1.0);
#15016=CARTESIAN_POINT('',(33.8736,-0.2286,0.4124));
#15017=VECTOR('',#17682,1.0);
#15018=COLOUR_RGB('',0.431372553110123,0.862745106220245,0.549019634723663);
#15019=CARTESIAN_POINT('',(33.8736,-0.97155,5.94902798855805E-17));
#15020=VECTOR('',#17683,1.0);
#15021=COLOUR_RGB('',0.431372553110123,0.862745106220245,0.549019634723663);
#15022=CARTESIAN_POINT('',(30.8964,-0.2286,1.39977129142542E-17));
#15023=CARTESIAN_POINT('',(30.0636,-0.2286,1.39977129142542E-17));
#15024=CARTESIAN_POINT('',(23.8125,-0.2286,1.39977129142542E-17));
#15025=VECTOR('',#17684,1.0);
#15026=CARTESIAN_POINT('',(30.8964,-0.2286,1.4124));
#15027=CARTESIAN_POINT('',(30.8964,-0.2286,0.4124));
#15028=VECTOR('',#17685,1.0);
#15029=CARTESIAN_POINT('',(30.0636,-0.2286,1.4124));
#15030=CARTESIAN_POINT('',(30.48,-0.2286,1.4124));
#15031=VECTOR('',#17686,1.0);
#15032=CARTESIAN_POINT('',(30.0636,-0.2286,0.4124));
#15033=VECTOR('',#17687,1.0);
#15034=COLOUR_RGB('',0.431372553110123,0.862745106220245,0.549019634723663);
#15035=CARTESIAN_POINT('',(30.0636,-0.97155,5.94902798855805E-17));
#15036=VECTOR('',#17688,1.0);
#15037=CARTESIAN_POINT('',(30.0636,-1.9431,1.4124));
#15038=VECTOR('',#17689,1.0);
#15039=COLOUR_RGB('',0.431372553110123,0.862745106220245,0.549019634723663);
#15040=CARTESIAN_POINT('',(30.8964,-1.9431,1.4124));
#15041=VECTOR('',#17690,1.0);
#15042=COLOUR_RGB('',0.431372553110123,0.862745106220245,0.549019634723663);
#15043=CARTESIAN_POINT('',(30.8964,-0.97155,5.94902798855805E-17));
#15044=VECTOR('',#17691,1.0);
#15045=COLOUR_RGB('',0.431372553110123,0.862745106220245,0.549019634723663);
#15046=CARTESIAN_POINT('',(27.0864,-0.2286,1.39977129142542E-17));
#15047=CARTESIAN_POINT('',(27.0864,-0.97155,5.94902798855805E-17));
#15048=VECTOR('',#17692,1.0);
#15049=CARTESIAN_POINT('',(26.2536,-0.2286,1.39977129142542E-17));
#15050=CARTESIAN_POINT('',(21.9075,-0.2286,1.39977129142542E-17));
#15051=VECTOR('',#17693,1.0);
#15052=CARTESIAN_POINT('',(26.2536,-0.97155,5.94902798855805E-17));
#15053=VECTOR('',#17694,1.0);
#15054=CARTESIAN_POINT('',(23.2764,-0.2286,1.39977129142542E-17));
#15055=CARTESIAN_POINT('',(23.2764,-0.97155,5.94902798855805E-17));
#15056=VECTOR('',#17695,1.0);
#15057=CARTESIAN_POINT('',(22.4436,-0.2286,1.39977129142542E-17));
#15058=CARTESIAN_POINT('',(20.0025,-0.2286,1.39977129142542E-17));
#15059=VECTOR('',#17696,1.0);
#15060=CARTESIAN_POINT('',(22.4436,-0.97155,5.94902798855805E-17));
#15061=VECTOR('',#17697,1.0);
#15062=CARTESIAN_POINT('',(19.4664,-0.2286,1.39977129142542E-17));
#15063=CARTESIAN_POINT('',(19.4664,-0.97155,5.94902798855805E-17));
#15064=VECTOR('',#17698,1.0);
#15065=CARTESIAN_POINT('',(18.6336,-0.2286,1.39977129142542E-17));
#15066=CARTESIAN_POINT('',(18.0975,-0.2286,1.39977129142542E-17));
#15067=VECTOR('',#17699,1.0);
#15068=CARTESIAN_POINT('',(18.6336,-0.97155,5.94902798855805E-17));
#15069=VECTOR('',#17700,1.0);
#15070=CARTESIAN_POINT('',(15.6564,-0.2286,1.39977129142542E-17));
#15071=CARTESIAN_POINT('',(15.6564,-0.97155,5.94902798855805E-17));
#15072=VECTOR('',#17701,1.0);
#15073=CARTESIAN_POINT('',(14.8236,-0.2286,1.39977129142542E-17));
#15074=CARTESIAN_POINT('',(16.1925,-0.2286,1.39977129142542E-17));
#15075=VECTOR('',#17702,1.0);
#15076=CARTESIAN_POINT('',(14.8236,-0.97155,5.94902798855805E-17));
#15077=VECTOR('',#17703,1.0);
#15078=CARTESIAN_POINT('',(11.8464,-0.2286,1.39977129142542E-17));
#15079=CARTESIAN_POINT('',(11.8464,-0.97155,5.94902798855805E-17));
#15080=VECTOR('',#17704,1.0);
#15081=CARTESIAN_POINT('',(11.0136,-0.2286,1.39977129142542E-17));
#15082=CARTESIAN_POINT('',(14.2875,-0.2286,1.39977129142542E-17));
#15083=VECTOR('',#17705,1.0);
#15084=CARTESIAN_POINT('',(11.0136,-0.97155,5.94902798855805E-17));
#15085=VECTOR('',#17706,1.0);
#15086=CARTESIAN_POINT('',(8.0364,-0.2286,1.39977129142542E-17));
#15087=CARTESIAN_POINT('',(8.0364,-0.97155,5.94902798855805E-17));
#15088=VECTOR('',#17707,1.0);
#15089=CARTESIAN_POINT('',(7.2036,-0.2286,1.39977129142542E-17));
#15090=CARTESIAN_POINT('',(12.3825,-0.2286,1.39977129142542E-17));
#15091=VECTOR('',#17708,1.0);
#15092=CARTESIAN_POINT('',(7.2036,-0.97155,5.94902798855805E-17));
#15093=VECTOR('',#17709,1.0);
#15094=CARTESIAN_POINT('',(4.2264,-0.2286,1.39977129142542E-17));
#15095=CARTESIAN_POINT('',(4.2264,-0.97155,5.94902798855805E-17));
#15096=VECTOR('',#17710,1.0);
#15097=CARTESIAN_POINT('',(3.3936,-0.2286,1.39977129142542E-17));
#15098=CARTESIAN_POINT('',(10.4775,-0.2286,1.39977129142542E-17));
#15099=VECTOR('',#17711,1.0);
#15100=CARTESIAN_POINT('',(3.3936,-0.97155,5.94902798855805E-17));
#15101=VECTOR('',#17712,1.0);
#15102=CARTESIAN_POINT('',(0.4164,-0.2286,1.39977129142542E-17));
#15103=CARTESIAN_POINT('',(0.416399999999999,-0.97155,5.94902798855805E-17));
#15104=VECTOR('',#17713,1.0);
#15105=CARTESIAN_POINT('',(-0.4164,-0.2286,1.39977129142542E-17));
#15106=CARTESIAN_POINT('',(8.5725,-0.2286,1.39977129142542E-17));
#15107=VECTOR('',#17714,1.0);
#15108=CARTESIAN_POINT('',(-0.416399999999999,-0.97155,5.94902798855805E-17));
#15109=VECTOR('',#17715,1.0);
#15110=CARTESIAN_POINT('',(-2.6,3.429,-2.09965693713814E-16));
#15111=CARTESIAN_POINT('',(-2.6,0.0,0.0));
#15112=VECTOR('',#17716,1.0);
#15113=CARTESIAN_POINT('',(36.89,3.429,-2.09965693713814E-16));
#15114=CARTESIAN_POINT('',(17.145,3.429,-2.09965693713814E-16));
#15115=VECTOR('',#17717,1.0);
#15116=CARTESIAN_POINT('',(36.89,0.0,0.0));
#15117=VECTOR('',#17718,1.0);
#15118=COLOUR_RGB('',0.431372553110123,0.862745106220245,0.549019634723663);
#15119=CARTESIAN_POINT('',(26.2536,-0.2286,1.4124));
#15120=CARTESIAN_POINT('',(26.2536,-1.9431,1.4124));
#15121=VECTOR('',#17719,1.0);
#15122=CARTESIAN_POINT('',(27.0864,-0.2286,1.4124));
#15123=CARTESIAN_POINT('',(26.67,-0.2286,1.4124));
#15124=VECTOR('',#17720,1.0);
#15125=CARTESIAN_POINT('',(27.0864,-1.9431,1.4124));
#15126=VECTOR('',#17721,1.0);
#15127=COLOUR_RGB('',0.431372553110123,0.862745106220245,0.549019634723663);
#15128=CARTESIAN_POINT('',(27.0864,-0.2286,0.4124));
#15129=VECTOR('',#17722,1.0);
#15130=COLOUR_RGB('',0.431372553110123,0.862745106220245,0.549019634723663);
#15131=CARTESIAN_POINT('',(26.2536,-0.2286,0.4124));
#15132=VECTOR('',#17723,1.0);
#15133=COLOUR_RGB('',0.431372553110123,0.862745106220245,0.549019634723663);
#15134=COLOUR_RGB('',0.431372553110123,0.862745106220245,0.549019634723663);
#15135=CARTESIAN_POINT('',(23.2764,-0.2286,1.4124));
#15136=CARTESIAN_POINT('',(23.2764,-0.2286,0.4124));
#15137=VECTOR('',#17724,1.0);
#15138=CARTESIAN_POINT('',(22.4436,-0.2286,1.4124));
#15139=CARTESIAN_POINT('',(22.86,-0.2286,1.4124));
#15140=VECTOR('',#17725,1.0);
#15141=CARTESIAN_POINT('',(22.4436,-0.2286,0.4124));
#15142=VECTOR('',#17726,1.0);
#15143=COLOUR_RGB('',0.431372553110123,0.862745106220245,0.549019634723663);
#15144=CARTESIAN_POINT('',(22.4436,-1.9431,1.4124));
#15145=VECTOR('',#17727,1.0);
#15146=COLOUR_RGB('',0.431372553110123,0.862745106220245,0.549019634723663);
#15147=CARTESIAN_POINT('',(23.2764,-1.9431,1.4124));
#15148=VECTOR('',#17728,1.0);
#15149=COLOUR_RGB('',0.431372553110123,0.862745106220245,0.549019634723663);
#15150=COLOUR_RGB('',0.431372553110123,0.862745106220245,0.549019634723663);
#15151=CARTESIAN_POINT('',(18.6336,-0.2286,1.4124));
#15152=CARTESIAN_POINT('',(18.6336,-1.9431,1.4124));
#15153=VECTOR('',#17729,1.0);
#15154=CARTESIAN_POINT('',(19.4664,-0.2286,1.4124));
#15155=CARTESIAN_POINT('',(19.05,-0.2286,1.4124));
#15156=VECTOR('',#17730,1.0);
#15157=CARTESIAN_POINT('',(19.4664,-1.9431,1.4124));
#15158=VECTOR('',#17731,1.0);
#15159=COLOUR_RGB('',0.431372553110123,0.862745106220245,0.549019634723663);
#15160=CARTESIAN_POINT('',(19.4664,-0.2286,0.4124));
#15161=VECTOR('',#17732,1.0);
#15162=COLOUR_RGB('',0.431372553110123,0.862745106220245,0.549019634723663);
#15163=CARTESIAN_POINT('',(18.6336,-0.2286,0.4124));
#15164=VECTOR('',#17733,1.0);
#15165=COLOUR_RGB('',0.431372553110123,0.862745106220245,0.549019634723663);
#15166=COLOUR_RGB('',0.431372553110123,0.862745106220245,0.549019634723663);
#15167=CARTESIAN_POINT('',(15.6564,-0.2286,1.4124));
#15168=CARTESIAN_POINT('',(15.6564,-0.2286,0.4124));
#15169=VECTOR('',#17734,1.0);
#15170=CARTESIAN_POINT('',(14.8236,-0.2286,1.4124));
#15171=CARTESIAN_POINT('',(15.24,-0.2286,1.4124));
#15172=VECTOR('',#17735,1.0);
#15173=CARTESIAN_POINT('',(14.8236,-0.2286,0.4124));
#15174=VECTOR('',#17736,1.0);
#15175=COLOUR_RGB('',0.431372553110123,0.862745106220245,0.549019634723663);
#15176=CARTESIAN_POINT('',(14.8236,-1.9431,1.4124));
#15177=VECTOR('',#17737,1.0);
#15178=COLOUR_RGB('',0.431372553110123,0.862745106220245,0.549019634723663);
#15179=CARTESIAN_POINT('',(15.6564,-1.9431,1.4124));
#15180=VECTOR('',#17738,1.0);
#15181=COLOUR_RGB('',0.431372553110123,0.862745106220245,0.549019634723663);
#15182=COLOUR_RGB('',0.431372553110123,0.862745106220245,0.549019634723663);
#15183=CARTESIAN_POINT('',(11.0136,-0.2286,1.4124));
#15184=CARTESIAN_POINT('',(11.0136,-1.9431,1.4124));
#15185=VECTOR('',#17739,1.0);
#15186=CARTESIAN_POINT('',(11.8464,-0.2286,1.4124));
#15187=CARTESIAN_POINT('',(11.43,-0.2286,1.4124));
#15188=VECTOR('',#17740,1.0);
#15189=CARTESIAN_POINT('',(11.8464,-1.9431,1.4124));
#15190=VECTOR('',#17741,1.0);
#15191=COLOUR_RGB('',0.431372553110123,0.862745106220245,0.549019634723663);
#15192=CARTESIAN_POINT('',(11.8464,-0.2286,0.4124));
#15193=VECTOR('',#17742,1.0);
#15194=COLOUR_RGB('',0.431372553110123,0.862745106220245,0.549019634723663);
#15195=CARTESIAN_POINT('',(11.0136,-0.2286,0.4124));
#15196=VECTOR('',#17743,1.0);
#15197=COLOUR_RGB('',0.431372553110123,0.862745106220245,0.549019634723663);
#15198=COLOUR_RGB('',0.431372553110123,0.862745106220245,0.549019634723663);
#15199=CARTESIAN_POINT('',(8.0364,-0.2286,1.4124));
#15200=CARTESIAN_POINT('',(8.0364,-0.2286,0.4124));
#15201=VECTOR('',#17744,1.0);
#15202=CARTESIAN_POINT('',(7.2036,-0.2286,1.4124));
#15203=CARTESIAN_POINT('',(7.62,-0.2286,1.4124));
#15204=VECTOR('',#17745,1.0);
#15205=CARTESIAN_POINT('',(7.2036,-0.2286,0.4124));
#15206=VECTOR('',#17746,1.0);
#15207=COLOUR_RGB('',0.431372553110123,0.862745106220245,0.549019634723663);
#15208=CARTESIAN_POINT('',(7.2036,-1.9431,1.4124));
#15209=VECTOR('',#17747,1.0);
#15210=COLOUR_RGB('',0.431372553110123,0.862745106220245,0.549019634723663);
#15211=CARTESIAN_POINT('',(8.0364,-1.9431,1.4124));
#15212=VECTOR('',#17748,1.0);
#15213=COLOUR_RGB('',0.431372553110123,0.862745106220245,0.549019634723663);
#15214=COLOUR_RGB('',0.431372553110123,0.862745106220245,0.549019634723663);
#15215=CARTESIAN_POINT('',(3.3936,-0.2286,1.4124));
#15216=CARTESIAN_POINT('',(3.3936,-1.9431,1.4124));
#15217=VECTOR('',#17749,1.0);
#15218=CARTESIAN_POINT('',(4.2264,-0.2286,1.4124));
#15219=CARTESIAN_POINT('',(3.81,-0.2286,1.4124));
#15220=VECTOR('',#17750,1.0);
#15221=CARTESIAN_POINT('',(4.2264,-1.9431,1.4124));
#15222=VECTOR('',#17751,1.0);
#15223=COLOUR_RGB('',0.431372553110123,0.862745106220245,0.549019634723663);
#15224=CARTESIAN_POINT('',(4.2264,-0.2286,0.4124));
#15225=VECTOR('',#17752,1.0);
#15226=COLOUR_RGB('',0.431372553110123,0.862745106220245,0.549019634723663);
#15227=CARTESIAN_POINT('',(3.3936,-0.2286,0.4124));
#15228=VECTOR('',#17753,1.0);
#15229=COLOUR_RGB('',0.431372553110123,0.862745106220245,0.549019634723663);
#15230=COLOUR_RGB('',0.431372553110123,0.862745106220245,0.549019634723663);
#15231=CARTESIAN_POINT('',(0.4164,-0.2286,1.4124));
#15232=CARTESIAN_POINT('',(0.4164,-0.2286,0.4124));
#15233=VECTOR('',#17754,1.0);
#15234=CARTESIAN_POINT('',(-0.4164,-0.2286,1.4124));
#15235=CARTESIAN_POINT('',(0.0,-0.2286,1.4124));
#15236=VECTOR('',#17755,1.0);
#15237=CARTESIAN_POINT('',(-0.4164,-0.2286,0.4124));
#15238=VECTOR('',#17756,1.0);
#15239=COLOUR_RGB('',0.431372553110123,0.862745106220245,0.549019634723663);
#15240=CARTESIAN_POINT('',(-0.4164,-1.9431,1.4124));
#15241=VECTOR('',#17757,1.0);
#15242=COLOUR_RGB('',0.431372553110123,0.862745106220245,0.549019634723663);
#15243=CARTESIAN_POINT('',(0.4164,-1.9431,1.4124));
#15244=VECTOR('',#17758,1.0);
#15245=COLOUR_RGB('',0.431372553110123,0.862745106220245,0.549019634723663);
#15246=COLOUR_RGB('',0.431372553110123,0.862745106220245,0.549019634723663);
#15247=CARTESIAN_POINT('',(35.179,-2.921,9.144));
#15248=CARTESIAN_POINT('',(33.401,-2.921,9.144));
#15249=AXIS2_PLACEMENT_3D('',#17759,#17760,#17761);
#15250=CARTESIAN_POINT('',(35.179,-2.921,2.159));
#15251=CARTESIAN_POINT('',(35.179,-2.921,1.016));
#15252=VECTOR('',#17762,1.0);
#15253=CARTESIAN_POINT('',(33.401,-2.921,2.159));
#15254=AXIS2_PLACEMENT_3D('',#17763,#17764,#17765);
#15255=CARTESIAN_POINT('',(33.401,-2.921,1.016));
#15256=VECTOR('',#17766,1.0);
#15257=COLOUR_RGB('',0.431372553110123,0.862745106220245,0.549019634723663);
#15258=CARTESIAN_POINT('',(32.766,-2.921,9.144));
#15259=CARTESIAN_POINT('',(25.11425,-2.921,9.144));
#15260=VECTOR('',#17767,1.0);
#15261=CARTESIAN_POINT('',(33.274,-2.921,2.159));
#15262=CARTESIAN_POINT('',(33.68675,-2.921,2.159));
#15263=VECTOR('',#17768,1.0);
#15264=CARTESIAN_POINT('',(33.274,-2.921,1.016));
#15265=CARTESIAN_POINT('',(33.274,-2.921,1.0875));
#15266=VECTOR('',#17769,1.0);
#15267=CARTESIAN_POINT('',(32.766,-2.921,1.016));
#15268=CARTESIAN_POINT('',(32.766,-2.921,1.016));
#15269=VECTOR('',#17770,1.0);
#15270=CARTESIAN_POINT('',(32.766,-2.921,1.016));
#15271=VECTOR('',#17771,1.0);
#15272=COLOUR_RGB('',0.431372553110123,0.862745106220245,0.549019634723663);
#15273=CARTESIAN_POINT('',(32.766,1.651,9.144));
#15274=CARTESIAN_POINT('',(32.766,-0.317499999999999,9.144));
#15275=VECTOR('',#17772,1.0);
#15276=CARTESIAN_POINT('',(32.766,1.651,1.016));
#15277=CARTESIAN_POINT('',(32.766,1.651,1.016));
#15278=VECTOR('',#17773,1.0);
#15279=CARTESIAN_POINT('',(32.766,1.651,1.016));
#15280=VECTOR('',#17774,1.0);
#15281=COLOUR_RGB('',0.431372553110123,0.862745106220245,0.549019634723663);
#15282=CARTESIAN_POINT('',(33.528,1.651,9.144));
#15283=CARTESIAN_POINT('',(25.146,1.651,9.144));
#15284=VECTOR('',#17775,1.0);
#15285=CARTESIAN_POINT('',(33.274,1.651,1.016));
#15286=CARTESIAN_POINT('',(33.528,1.651,1.016));
#15287=VECTOR('',#17776,1.0);
#15288=CARTESIAN_POINT('',(33.274,1.651,2.159));
#15289=CARTESIAN_POINT('',(33.274,1.651,1.0875));
#15290=VECTOR('',#17777,1.0);
#15291=CARTESIAN_POINT('',(33.528,1.651,2.159));
#15292=CARTESIAN_POINT('',(33.7185,1.651,2.159));
#15293=VECTOR('',#17778,1.0);
#15294=CARTESIAN_POINT('',(33.528,1.651,1.016));
#15295=VECTOR('',#17779,1.0);
#15296=COLOUR_RGB('',0.431372553110123,0.862745106220245,0.549019634723663);
#15297=CARTESIAN_POINT('',(33.528,2.159,9.144));
#15298=CARTESIAN_POINT('',(33.528,0.9525,9.144));
#15299=VECTOR('',#17780,1.0);
#15300=CARTESIAN_POINT('',(33.528,2.159,2.159));
#15301=CARTESIAN_POINT('',(33.528,0.732,2.159));
#15302=VECTOR('',#17781,1.0);
#15303=CARTESIAN_POINT('',(33.528,2.159,1.016));
#15304=VECTOR('',#17782,1.0);
#15305=COLOUR_RGB('',0.431372553110123,0.862745106220245,0.549019634723663);
#15306=CARTESIAN_POINT('',(33.274,2.159,9.144));
#15307=CARTESIAN_POINT('',(32.766,3.048,9.144));
#15308=CARTESIAN_POINT('',(31.6269076923077,5.04141153846154,9.144));
#15309=VECTOR('',#17783,1.0);
#15310=CARTESIAN_POINT('',(33.274,2.159,1.016));
#15311=CARTESIAN_POINT('',(33.274,2.159,1.016));
#15312=VECTOR('',#17784,1.0);
#15313=CARTESIAN_POINT('',(32.766,3.048,1.016));
#15314=CARTESIAN_POINT('',(32.766,3.048,1.016));
#15315=VECTOR('',#17785,0.999999999999999);
#15316=CARTESIAN_POINT('',(32.766,3.048,1.016));
#15317=VECTOR('',#17786,1.0);
#15318=COLOUR_RGB('',0.431372553110123,0.862745106220245,0.549019634723663);
#15319=AXIS2_PLACEMENT_3D('',#17787,#17788,#17789);
#15320=AXIS2_PLACEMENT_3D('',#17790,#17791,#17792);
#15321=COLOUR_RGB('',0.431372553110123,0.862745106220245,0.549019634723663);
#15322=COLOUR_RGB('',0.431372553110123,0.862745106220245,0.549019634723663);
#15323=CARTESIAN_POINT('',(33.274,-0.087709239157186,1.016));
#15324=VECTOR('',#17793,1.0);
#15325=CARTESIAN_POINT('',(33.274,-0.441,2.159));
#15326=VECTOR('',#17794,1.0);
#15327=COLOUR_RGB('',0.431372553110123,0.862745106220245,0.549019634723663);
#15328=CARTESIAN_POINT('',(35.306,-2.921,2.159));
#15329=CARTESIAN_POINT('',(34.89325,-2.921,2.159));
#15330=VECTOR('',#17795,1.0);
#15331=CARTESIAN_POINT('',(35.306,1.651,2.159));
#15332=CARTESIAN_POINT('',(35.306,-0.441,2.159));
#15333=VECTOR('',#17796,1.0);
#15334=CARTESIAN_POINT('',(35.052,1.651,2.159));
#15335=CARTESIAN_POINT('',(34.8615,1.651,2.159));
#15336=VECTOR('',#17797,1.0);
#15337=CARTESIAN_POINT('',(35.052,2.159,2.159));
#15338=CARTESIAN_POINT('',(35.052,0.732,2.159));
#15339=VECTOR('',#17798,1.0);
#15340=CARTESIAN_POINT('',(34.29,2.159,2.159));
#15341=VECTOR('',#17799,1.0);
#15342=COLOUR_RGB('',0.431372553110123,0.862745106220245,0.549019634723663);
#15343=CARTESIAN_POINT('',(35.306,1.651,1.016));
#15344=CARTESIAN_POINT('',(35.306,1.651,1.0875));
#15345=VECTOR('',#17800,1.0);
#15346=CARTESIAN_POINT('',(35.306,-2.921,1.016));
#15347=CARTESIAN_POINT('',(35.306,-2.921,1.0875));
#15348=VECTOR('',#17801,1.0);
#15349=CARTESIAN_POINT('',(35.306,-0.087709239157186,1.016));
#15350=VECTOR('',#17802,1.0);
#15351=COLOUR_RGB('',0.431372553110123,0.862745106220245,0.549019634723663);
#15352=CARTESIAN_POINT('',(35.306,2.159,9.144));
#15353=CARTESIAN_POINT('',(35.052,2.159,9.144));
#15354=CARTESIAN_POINT('',(25.273,2.159,9.144));
#15355=VECTOR('',#17803,1.0);
#15356=CARTESIAN_POINT('',(35.306,2.159,1.016));
#15357=CARTESIAN_POINT('',(35.306,2.159,1.016));
#15358=VECTOR('',#17804,1.0);
#15359=CARTESIAN_POINT('',(33.274,2.159,1.016));
#15360=VECTOR('',#17805,1.0);
#15361=CARTESIAN_POINT('',(25.273,2.159,9.144));
#15362=VECTOR('',#17806,1.0);
#15363=CARTESIAN_POINT('',(35.052,2.159,1.016));
#15364=VECTOR('',#17807,1.0);
#15365=COLOUR_RGB('',0.431372553110123,0.862745106220245,0.549019634723663);
#15366=COLOUR_RGB('',0.431372553110123,0.862745106220245,0.549019634723663);
#15367=CARTESIAN_POINT('',(35.814,-2.921,1.016));
#15368=CARTESIAN_POINT('',(35.179,-2.921,1.016));
#15369=VECTOR('',#17808,1.0);
#15370=CARTESIAN_POINT('',(35.814,1.651,1.016));
#15371=CARTESIAN_POINT('',(35.814,-2.921,1.016));
#15372=VECTOR('',#17809,1.0);
#15373=CARTESIAN_POINT('',(35.814,1.651,1.016));
#15374=VECTOR('',#17810,1.0);
#15375=COLOUR_RGB('',0.431372553110123,0.862745106220245,0.549019634723663);
#15376=CARTESIAN_POINT('',(35.814,3.048,9.144));
#15377=CARTESIAN_POINT('',(25.7175,3.048,9.144));
#15378=VECTOR('',#17811,1.0);
#15379=CARTESIAN_POINT('',(35.814,3.048,1.016));
#15380=CARTESIAN_POINT('',(35.814,3.048,1.016));
#15381=VECTOR('',#17812,1.0);
#15382=CARTESIAN_POINT('',(35.814,3.048,1.016));
#15383=VECTOR('',#17813,1.0);
#15384=COLOUR_RGB('',0.431372553110123,0.862745106220245,0.549019634723663);
#15385=CARTESIAN_POINT('',(32.7327846153846,-2.34412692307692,9.144));
#15386=VECTOR('',#17814,1.0);
#15387=CARTESIAN_POINT('',(35.306,2.159,1.016));
#15388=VECTOR('',#17815,0.999999999999999);
#15389=COLOUR_RGB('',0.431372553110123,0.862745106220245,0.549019634723663);
#15390=CARTESIAN_POINT('',(35.052,1.651,9.144));
#15391=CARTESIAN_POINT('',(35.052,0.9525,9.144));
#15392=VECTOR('',#17816,1.0);
#15393=CARTESIAN_POINT('',(35.052,1.651,1.016));
#15394=VECTOR('',#17817,1.0);
#15395=COLOUR_RGB('',0.431372553110123,0.862745106220245,0.549019634723663);
#15396=CARTESIAN_POINT('',(35.814,1.651,9.144));
#15397=CARTESIAN_POINT('',(26.289,1.651,9.144));
#15398=VECTOR('',#17818,1.0);
#15399=CARTESIAN_POINT('',(35.814,1.651,1.016));
#15400=VECTOR('',#17819,1.0);
#15401=COLOUR_RGB('',0.431372553110123,0.862745106220245,0.549019634723663);
#15402=CARTESIAN_POINT('',(35.814,-2.921,9.144));
#15403=CARTESIAN_POINT('',(35.814,-0.317499999999999,9.144));
#15404=VECTOR('',#17820,1.0);
#15405=CARTESIAN_POINT('',(35.814,-2.921,1.016));
#15406=VECTOR('',#17821,1.0);
#15407=COLOUR_RGB('',0.431372553110123,0.862745106220245,0.549019634723663);
#15408=CARTESIAN_POINT('',(26.32075,-2.921,9.144));
#15409=VECTOR('',#17822,1.0);
#15410=COLOUR_RGB('',0.431372553110123,0.862745106220245,0.549019634723663);
#15411=COLOUR_RGB('',0.431372553110123,0.862745106220245,0.549019634723663);
#15412=CARTESIAN_POINT('',(31.369,-2.921,9.144));
#15413=CARTESIAN_POINT('',(29.591,-2.921,9.144));
#15414=AXIS2_PLACEMENT_3D('',#17823,#17824,#17825);
#15415=CARTESIAN_POINT('',(31.369,-2.921,2.159));
#15416=CARTESIAN_POINT('',(31.369,-2.921,1.016));
#15417=VECTOR('',#17826,1.0);
#15418=CARTESIAN_POINT('',(29.591,-2.921,2.159));
#15419=AXIS2_PLACEMENT_3D('',#17827,#17828,#17829);
#15420=CARTESIAN_POINT('',(29.591,-2.921,1.016));
#15421=VECTOR('',#17830,1.0);
#15422=COLOUR_RGB('',0.431372553110123,0.862745106220245,0.549019634723663);
#15423=CARTESIAN_POINT('',(28.956,-2.921,9.144));
#15424=CARTESIAN_POINT('',(23.20925,-2.921,9.144));
#15425=VECTOR('',#17831,1.0);
#15426=CARTESIAN_POINT('',(29.464,-2.921,2.159));
#15427=CARTESIAN_POINT('',(29.87675,-2.921,2.159));
#15428=VECTOR('',#17832,1.0);
#15429=CARTESIAN_POINT('',(29.464,-2.921,1.016));
#15430=CARTESIAN_POINT('',(29.464,-2.921,1.0875));
#15431=VECTOR('',#17833,1.0);
#15432=CARTESIAN_POINT('',(28.956,-2.921,1.016));
#15433=CARTESIAN_POINT('',(28.956,-2.921,1.016));
#15434=VECTOR('',#17834,1.0);
#15435=CARTESIAN_POINT('',(28.956,-2.921,1.016));
#15436=VECTOR('',#17835,1.0);
#15437=COLOUR_RGB('',0.431372553110123,0.862745106220245,0.549019634723663);
#15438=CARTESIAN_POINT('',(28.956,1.651,9.144));
#15439=CARTESIAN_POINT('',(28.956,-0.317499999999999,9.144));
#15440=VECTOR('',#17836,1.0);
#15441=CARTESIAN_POINT('',(28.956,1.651,1.016));
#15442=CARTESIAN_POINT('',(28.956,1.651,1.016));
#15443=VECTOR('',#17837,1.0);
#15444=CARTESIAN_POINT('',(28.956,1.651,1.016));
#15445=VECTOR('',#17838,1.0);
#15446=COLOUR_RGB('',0.431372553110123,0.862745106220245,0.549019634723663);
#15447=CARTESIAN_POINT('',(29.718,1.651,9.144));
#15448=CARTESIAN_POINT('',(23.241,1.651,9.144));
#15449=VECTOR('',#17839,1.0);
#15450=CARTESIAN_POINT('',(29.464,1.651,1.016));
#15451=CARTESIAN_POINT('',(29.718,1.651,1.016));
#15452=VECTOR('',#17840,1.0);
#15453=CARTESIAN_POINT('',(29.464,1.651,2.159));
#15454=CARTESIAN_POINT('',(29.464,1.651,1.0875));
#15455=VECTOR('',#17841,1.0);
#15456=CARTESIAN_POINT('',(29.718,1.651,2.159));
#15457=CARTESIAN_POINT('',(29.9085,1.651,2.159));
#15458=VECTOR('',#17842,1.0);
#15459=CARTESIAN_POINT('',(29.718,1.651,1.016));
#15460=VECTOR('',#17843,1.0);
#15461=COLOUR_RGB('',0.431372553110123,0.862745106220245,0.549019634723663);
#15462=CARTESIAN_POINT('',(29.718,2.159,9.144));
#15463=CARTESIAN_POINT('',(29.718,0.9525,9.144));
#15464=VECTOR('',#17844,1.0);
#15465=CARTESIAN_POINT('',(29.718,2.159,2.159));
#15466=CARTESIAN_POINT('',(29.718,0.732,2.159));
#15467=VECTOR('',#17845,1.0);
#15468=CARTESIAN_POINT('',(29.718,2.159,1.016));
#15469=VECTOR('',#17846,1.0);
#15470=COLOUR_RGB('',0.431372553110123,0.862745106220245,0.549019634723663);
#15471=CARTESIAN_POINT('',(29.464,2.159,9.144));
#15472=CARTESIAN_POINT('',(28.956,3.048,9.144));
#15473=CARTESIAN_POINT('',(28.2858307692308,4.22079615384615,9.144));
#15474=VECTOR('',#17847,1.0);
#15475=CARTESIAN_POINT('',(29.464,2.159,1.016));
#15476=CARTESIAN_POINT('',(29.464,2.159,1.016));
#15477=VECTOR('',#17848,1.0);
#15478=CARTESIAN_POINT('',(28.956,3.048,1.016));
#15479=CARTESIAN_POINT('',(28.956,3.048,1.016));
#15480=VECTOR('',#17849,0.999999999999999);
#15481=CARTESIAN_POINT('',(28.956,3.048,1.016));
#15482=VECTOR('',#17850,1.0);
#15483=COLOUR_RGB('',0.431372553110123,0.862745106220245,0.549019634723663);
#15484=AXIS2_PLACEMENT_3D('',#17851,#17852,#17853);
#15485=AXIS2_PLACEMENT_3D('',#17854,#17855,#17856);
#15486=COLOUR_RGB('',0.431372553110123,0.862745106220245,0.549019634723663);
#15487=COLOUR_RGB('',0.431372553110123,0.862745106220245,0.549019634723663);
#15488=CARTESIAN_POINT('',(29.464,-0.087709239157186,1.016));
#15489=VECTOR('',#17857,1.0);
#15490=CARTESIAN_POINT('',(29.464,-0.441,2.159));
#15491=VECTOR('',#17858,1.0);
#15492=COLOUR_RGB('',0.431372553110123,0.862745106220245,0.549019634723663);
#15493=CARTESIAN_POINT('',(31.496,-2.921,2.159));
#15494=CARTESIAN_POINT('',(31.08325,-2.921,2.159));
#15495=VECTOR('',#17859,1.0);
#15496=CARTESIAN_POINT('',(31.496,1.651,2.159));
#15497=CARTESIAN_POINT('',(31.496,-0.441,2.159));
#15498=VECTOR('',#17860,1.0);
#15499=CARTESIAN_POINT('',(31.242,1.651,2.159));
#15500=CARTESIAN_POINT('',(31.0515,1.651,2.159));
#15501=VECTOR('',#17861,1.0);
#15502=CARTESIAN_POINT('',(31.242,2.159,2.159));
#15503=CARTESIAN_POINT('',(31.242,0.732,2.159));
#15504=VECTOR('',#17862,1.0);
#15505=CARTESIAN_POINT('',(30.48,2.159,2.159));
#15506=VECTOR('',#17863,1.0);
#15507=COLOUR_RGB('',0.431372553110123,0.862745106220245,0.549019634723663);
#15508=CARTESIAN_POINT('',(31.496,1.651,1.016));
#15509=CARTESIAN_POINT('',(31.496,1.651,1.0875));
#15510=VECTOR('',#17864,1.0);
#15511=CARTESIAN_POINT('',(31.496,-2.921,1.016));
#15512=CARTESIAN_POINT('',(31.496,-2.921,1.0875));
#15513=VECTOR('',#17865,1.0);
#15514=CARTESIAN_POINT('',(31.496,-0.087709239157186,1.016));
#15515=VECTOR('',#17866,1.0);
#15516=COLOUR_RGB('',0.431372553110123,0.862745106220245,0.549019634723663);
#15517=CARTESIAN_POINT('',(31.496,2.159,9.144));
#15518=CARTESIAN_POINT('',(31.242,2.159,9.144));
#15519=CARTESIAN_POINT('',(23.368,2.159,9.144));
#15520=VECTOR('',#17867,1.0);
#15521=CARTESIAN_POINT('',(31.496,2.159,1.016));
#15522=CARTESIAN_POINT('',(31.496,2.159,1.016));
#15523=VECTOR('',#17868,1.0);
#15524=CARTESIAN_POINT('',(29.464,2.159,1.016));
#15525=VECTOR('',#17869,1.0);
#15526=CARTESIAN_POINT('',(23.368,2.159,9.144));
#15527=VECTOR('',#17870,1.0);
#15528=CARTESIAN_POINT('',(31.242,2.159,1.016));
#15529=VECTOR('',#17871,1.0);
#15530=COLOUR_RGB('',0.431372553110123,0.862745106220245,0.549019634723663);
#15531=COLOUR_RGB('',0.431372553110123,0.862745106220245,0.549019634723663);
#15532=CARTESIAN_POINT('',(32.004,-2.921,1.016));
#15533=CARTESIAN_POINT('',(31.369,-2.921,1.016));
#15534=VECTOR('',#17872,1.0);
#15535=CARTESIAN_POINT('',(32.004,1.651,1.016));
#15536=CARTESIAN_POINT('',(32.004,-2.921,1.016));
#15537=VECTOR('',#17873,1.0);
#15538=CARTESIAN_POINT('',(32.004,1.651,1.016));
#15539=VECTOR('',#17874,1.0);
#15540=COLOUR_RGB('',0.431372553110123,0.862745106220245,0.549019634723663);
#15541=CARTESIAN_POINT('',(32.004,3.048,9.144));
#15542=CARTESIAN_POINT('',(23.8125,3.048,9.144));
#15543=VECTOR('',#17875,1.0);
#15544=CARTESIAN_POINT('',(32.004,3.048,1.016));
#15545=CARTESIAN_POINT('',(32.004,3.048,1.016));
#15546=VECTOR('',#17876,1.0);
#15547=CARTESIAN_POINT('',(32.004,3.048,1.016));
#15548=VECTOR('',#17877,1.0);
#15549=COLOUR_RGB('',0.431372553110123,0.862745106220245,0.549019634723663);
#15550=CARTESIAN_POINT('',(29.3917076923077,-1.52351153846154,9.144));
#15551=VECTOR('',#17878,1.0);
#15552=CARTESIAN_POINT('',(31.496,2.159,1.016));
#15553=VECTOR('',#17879,0.999999999999999);
#15554=COLOUR_RGB('',0.431372553110123,0.862745106220245,0.549019634723663);
#15555=CARTESIAN_POINT('',(31.242,1.651,9.144));
#15556=CARTESIAN_POINT('',(31.242,0.9525,9.144));
#15557=VECTOR('',#17880,1.0);
#15558=CARTESIAN_POINT('',(31.242,1.651,1.016));
#15559=VECTOR('',#17881,1.0);
#15560=COLOUR_RGB('',0.431372553110123,0.862745106220245,0.549019634723663);
#15561=CARTESIAN_POINT('',(32.004,1.651,9.144));
#15562=CARTESIAN_POINT('',(24.384,1.651,9.144));
#15563=VECTOR('',#17882,1.0);
#15564=CARTESIAN_POINT('',(32.004,1.651,1.016));
#15565=VECTOR('',#17883,1.0);
#15566=COLOUR_RGB('',0.431372553110123,0.862745106220245,0.549019634723663);
#15567=CARTESIAN_POINT('',(32.004,-2.921,9.144));
#15568=CARTESIAN_POINT('',(32.004,-0.317499999999999,9.144));
#15569=VECTOR('',#17884,1.0);
#15570=CARTESIAN_POINT('',(32.004,-2.921,1.016));
#15571=VECTOR('',#17885,1.0);
#15572=COLOUR_RGB('',0.431372553110123,0.862745106220245,0.549019634723663);
#15573=CARTESIAN_POINT('',(24.41575,-2.921,9.144));
#15574=VECTOR('',#17886,1.0);
#15575=COLOUR_RGB('',0.431372553110123,0.862745106220245,0.549019634723663);
#15576=COLOUR_RGB('',0.431372553110123,0.862745106220245,0.549019634723663);
#15577=CARTESIAN_POINT('',(27.559,-2.921,9.144));
#15578=CARTESIAN_POINT('',(25.781,-2.921,9.144));
#15579=AXIS2_PLACEMENT_3D('',#17887,#17888,#17889);
#15580=CARTESIAN_POINT('',(27.559,-2.921,2.159));
#15581=CARTESIAN_POINT('',(27.559,-2.921,1.016));
#15582=VECTOR('',#17890,1.0);
#15583=CARTESIAN_POINT('',(25.781,-2.921,2.159));
#15584=AXIS2_PLACEMENT_3D('',#17891,#17892,#17893);
#15585=CARTESIAN_POINT('',(25.781,-2.921,1.016));
#15586=VECTOR('',#17894,1.0);
#15587=COLOUR_RGB('',0.431372553110123,0.862745106220245,0.549019634723663);
#15588=CARTESIAN_POINT('',(25.146,-2.921,9.144));
#15589=CARTESIAN_POINT('',(21.30425,-2.921,9.144));
#15590=VECTOR('',#17895,1.0);
#15591=CARTESIAN_POINT('',(25.654,-2.921,2.159));
#15592=CARTESIAN_POINT('',(26.06675,-2.921,2.159));
#15593=VECTOR('',#17896,1.0);
#15594=CARTESIAN_POINT('',(25.654,-2.921,1.016));
#15595=CARTESIAN_POINT('',(25.654,-2.921,1.0875));
#15596=VECTOR('',#17897,1.0);
#15597=CARTESIAN_POINT('',(25.146,-2.921,1.016));
#15598=CARTESIAN_POINT('',(25.146,-2.921,1.016));
#15599=VECTOR('',#17898,1.0);
#15600=CARTESIAN_POINT('',(25.146,-2.921,1.016));
#15601=VECTOR('',#17899,1.0);
#15602=COLOUR_RGB('',0.431372553110123,0.862745106220245,0.549019634723663);
#15603=CARTESIAN_POINT('',(25.146,1.651,9.144));
#15604=CARTESIAN_POINT('',(25.146,-0.317499999999999,9.144));
#15605=VECTOR('',#17900,1.0);
#15606=CARTESIAN_POINT('',(25.146,1.651,1.016));
#15607=CARTESIAN_POINT('',(25.146,1.651,1.016));
#15608=VECTOR('',#17901,1.0);
#15609=CARTESIAN_POINT('',(25.146,1.651,1.016));
#15610=VECTOR('',#17902,1.0);
#15611=COLOUR_RGB('',0.431372553110123,0.862745106220245,0.549019634723663);
#15612=CARTESIAN_POINT('',(25.908,1.651,9.144));
#15613=CARTESIAN_POINT('',(21.336,1.651,9.144));
#15614=VECTOR('',#17903,1.0);
#15615=CARTESIAN_POINT('',(25.654,1.651,1.016));
#15616=CARTESIAN_POINT('',(25.908,1.651,1.016));
#15617=VECTOR('',#17904,1.0);
#15618=CARTESIAN_POINT('',(25.654,1.651,2.159));
#15619=CARTESIAN_POINT('',(25.654,1.651,1.0875));
#15620=VECTOR('',#17905,1.0);
#15621=CARTESIAN_POINT('',(25.908,1.651,2.159));
#15622=CARTESIAN_POINT('',(26.0985,1.651,2.159));
#15623=VECTOR('',#17906,1.0);
#15624=CARTESIAN_POINT('',(25.908,1.651,1.016));
#15625=VECTOR('',#17907,1.0);
#15626=COLOUR_RGB('',0.431372553110123,0.862745106220245,0.549019634723663);
#15627=CARTESIAN_POINT('',(25.908,2.159,9.144));
#15628=CARTESIAN_POINT('',(25.908,0.9525,9.144));
#15629=VECTOR('',#17908,1.0);
#15630=CARTESIAN_POINT('',(25.908,2.159,2.159));
#15631=CARTESIAN_POINT('',(25.908,0.732,2.159));
#15632=VECTOR('',#17909,1.0);
#15633=CARTESIAN_POINT('',(25.908,2.159,1.016));
#15634=VECTOR('',#17910,1.0);
#15635=COLOUR_RGB('',0.431372553110123,0.862745106220245,0.549019634723663);
#15636=CARTESIAN_POINT('',(25.654,2.159,9.144));
#15637=CARTESIAN_POINT('',(25.146,3.048,9.144));
#15638=CARTESIAN_POINT('',(24.9447538461538,3.40018076923077,9.144));
#15639=VECTOR('',#17911,1.0);
#15640=CARTESIAN_POINT('',(25.654,2.159,1.016));
#15641=CARTESIAN_POINT('',(25.654,2.159,1.016));
#15642=VECTOR('',#17912,1.0);
#15643=CARTESIAN_POINT('',(25.146,3.048,1.016));
#15644=CARTESIAN_POINT('',(25.146,3.048,1.016));
#15645=VECTOR('',#17913,0.999999999999999);
#15646=CARTESIAN_POINT('',(25.146,3.048,1.016));
#15647=VECTOR('',#17914,1.0);
#15648=COLOUR_RGB('',0.431372553110123,0.862745106220245,0.549019634723663);
#15649=AXIS2_PLACEMENT_3D('',#17915,#17916,#17917);
#15650=AXIS2_PLACEMENT_3D('',#17918,#17919,#17920);
#15651=COLOUR_RGB('',0.431372553110123,0.862745106220245,0.549019634723663);
#15652=COLOUR_RGB('',0.431372553110123,0.862745106220245,0.549019634723663);
#15653=CARTESIAN_POINT('',(25.654,-0.087709239157186,1.016));
#15654=VECTOR('',#17921,1.0);
#15655=CARTESIAN_POINT('',(25.654,-0.441,2.159));
#15656=VECTOR('',#17922,1.0);
#15657=COLOUR_RGB('',0.431372553110123,0.862745106220245,0.549019634723663);
#15658=CARTESIAN_POINT('',(27.686,-2.921,2.159));
#15659=CARTESIAN_POINT('',(27.27325,-2.921,2.159));
#15660=VECTOR('',#17923,1.0);
#15661=CARTESIAN_POINT('',(27.686,1.651,2.159));
#15662=CARTESIAN_POINT('',(27.686,-0.441,2.159));
#15663=VECTOR('',#17924,1.0);
#15664=CARTESIAN_POINT('',(27.432,1.651,2.159));
#15665=CARTESIAN_POINT('',(27.2415,1.651,2.159));
#15666=VECTOR('',#17925,1.0);
#15667=CARTESIAN_POINT('',(27.432,2.159,2.159));
#15668=CARTESIAN_POINT('',(27.432,0.732,2.159));
#15669=VECTOR('',#17926,1.0);
#15670=CARTESIAN_POINT('',(26.67,2.159,2.159));
#15671=VECTOR('',#17927,1.0);
#15672=COLOUR_RGB('',0.431372553110123,0.862745106220245,0.549019634723663);
#15673=CARTESIAN_POINT('',(27.686,1.651,1.016));
#15674=CARTESIAN_POINT('',(27.686,1.651,1.0875));
#15675=VECTOR('',#17928,1.0);
#15676=CARTESIAN_POINT('',(27.686,-2.921,1.016));
#15677=CARTESIAN_POINT('',(27.686,-2.921,1.0875));
#15678=VECTOR('',#17929,1.0);
#15679=CARTESIAN_POINT('',(27.686,-0.087709239157186,1.016));
#15680=VECTOR('',#17930,1.0);
#15681=COLOUR_RGB('',0.431372553110123,0.862745106220245,0.549019634723663);
#15682=CARTESIAN_POINT('',(27.686,2.159,9.144));
#15683=CARTESIAN_POINT('',(27.432,2.159,9.144));
#15684=CARTESIAN_POINT('',(21.463,2.159,9.144));
#15685=VECTOR('',#17931,1.0);
#15686=CARTESIAN_POINT('',(27.686,2.159,1.016));
#15687=CARTESIAN_POINT('',(27.686,2.159,1.016));
#15688=VECTOR('',#17932,1.0);
#15689=CARTESIAN_POINT('',(25.654,2.159,1.016));
#15690=VECTOR('',#17933,1.0);
#15691=CARTESIAN_POINT('',(21.463,2.159,9.144));
#15692=VECTOR('',#17934,1.0);
#15693=CARTESIAN_POINT('',(27.432,2.159,1.016));
#15694=VECTOR('',#17935,1.0);
#15695=COLOUR_RGB('',0.431372553110123,0.862745106220245,0.549019634723663);
#15696=COLOUR_RGB('',0.431372553110123,0.862745106220245,0.549019634723663);
#15697=CARTESIAN_POINT('',(28.194,-2.921,1.016));
#15698=CARTESIAN_POINT('',(27.559,-2.921,1.016));
#15699=VECTOR('',#17936,1.0);
#15700=CARTESIAN_POINT('',(28.194,1.651,1.016));
#15701=CARTESIAN_POINT('',(28.194,-2.921,1.016));
#15702=VECTOR('',#17937,1.0);
#15703=CARTESIAN_POINT('',(28.194,1.651,1.016));
#15704=VECTOR('',#17938,1.0);
#15705=COLOUR_RGB('',0.431372553110123,0.862745106220245,0.549019634723663);
#15706=CARTESIAN_POINT('',(28.194,3.048,9.144));
#15707=CARTESIAN_POINT('',(21.9075,3.048,9.144));
#15708=VECTOR('',#17939,1.0);
#15709=CARTESIAN_POINT('',(28.194,3.048,1.016));
#15710=CARTESIAN_POINT('',(28.194,3.048,1.016));
#15711=VECTOR('',#17940,1.0);
#15712=CARTESIAN_POINT('',(28.194,3.048,1.016));
#15713=VECTOR('',#17941,1.0);
#15714=COLOUR_RGB('',0.431372553110123,0.862745106220245,0.549019634723663);
#15715=CARTESIAN_POINT('',(26.0506307692308,-0.702896153846154,9.144));
#15716=VECTOR('',#17942,1.0);
#15717=CARTESIAN_POINT('',(27.686,2.159,1.016));
#15718=VECTOR('',#17943,0.999999999999999);
#15719=COLOUR_RGB('',0.431372553110123,0.862745106220245,0.549019634723663);
#15720=CARTESIAN_POINT('',(27.432,1.651,9.144));
#15721=CARTESIAN_POINT('',(27.432,0.9525,9.144));
#15722=VECTOR('',#17944,1.0);
#15723=CARTESIAN_POINT('',(27.432,1.651,1.016));
#15724=VECTOR('',#17945,1.0);
#15725=COLOUR_RGB('',0.431372553110123,0.862745106220245,0.549019634723663);
#15726=CARTESIAN_POINT('',(28.194,1.651,9.144));
#15727=CARTESIAN_POINT('',(22.479,1.651,9.144));
#15728=VECTOR('',#17946,1.0);
#15729=CARTESIAN_POINT('',(28.194,1.651,1.016));
#15730=VECTOR('',#17947,1.0);
#15731=COLOUR_RGB('',0.431372553110123,0.862745106220245,0.549019634723663);
#15732=CARTESIAN_POINT('',(28.194,-2.921,9.144));
#15733=CARTESIAN_POINT('',(28.194,-0.317499999999999,9.144));
#15734=VECTOR('',#17948,1.0);
#15735=CARTESIAN_POINT('',(28.194,-2.921,1.016));
#15736=VECTOR('',#17949,1.0);
#15737=COLOUR_RGB('',0.431372553110123,0.862745106220245,0.549019634723663);
#15738=CARTESIAN_POINT('',(22.51075,-2.921,9.144));
#15739=VECTOR('',#17950,1.0);
#15740=COLOUR_RGB('',0.431372553110123,0.862745106220245,0.549019634723663);
#15741=COLOUR_RGB('',0.431372553110123,0.862745106220245,0.549019634723663);
#15742=CARTESIAN_POINT('',(23.749,-2.921,9.144));
#15743=CARTESIAN_POINT('',(21.971,-2.921,9.144));
#15744=AXIS2_PLACEMENT_3D('',#17951,#17952,#17953);
#15745=CARTESIAN_POINT('',(23.749,-2.921,2.159));
#15746=CARTESIAN_POINT('',(23.749,-2.921,1.016));
#15747=VECTOR('',#17954,1.0);
#15748=CARTESIAN_POINT('',(21.971,-2.921,2.159));
#15749=AXIS2_PLACEMENT_3D('',#17955,#17956,#17957);
#15750=CARTESIAN_POINT('',(21.971,-2.921,1.016));
#15751=VECTOR('',#17958,1.0);
#15752=COLOUR_RGB('',0.431372553110123,0.862745106220245,0.549019634723663);
#15753=CARTESIAN_POINT('',(21.336,-2.921,9.144));
#15754=CARTESIAN_POINT('',(19.39925,-2.921,9.144));
#15755=VECTOR('',#17959,1.0);
#15756=CARTESIAN_POINT('',(21.844,-2.921,2.159));
#15757=CARTESIAN_POINT('',(22.25675,-2.921,2.159));
#15758=VECTOR('',#17960,1.0);
#15759=CARTESIAN_POINT('',(21.844,-2.921,1.016));
#15760=CARTESIAN_POINT('',(21.844,-2.921,1.0875));
#15761=VECTOR('',#17961,1.0);
#15762=CARTESIAN_POINT('',(21.336,-2.921,1.016));
#15763=CARTESIAN_POINT('',(21.336,-2.921,1.016));
#15764=VECTOR('',#17962,1.0);
#15765=CARTESIAN_POINT('',(21.336,-2.921,1.016));
#15766=VECTOR('',#17963,1.0);
#15767=COLOUR_RGB('',0.431372553110123,0.862745106220245,0.549019634723663);
#15768=CARTESIAN_POINT('',(21.336,1.651,9.144));
#15769=CARTESIAN_POINT('',(21.336,-0.317499999999999,9.144));
#15770=VECTOR('',#17964,1.0);
#15771=CARTESIAN_POINT('',(21.336,1.651,1.016));
#15772=CARTESIAN_POINT('',(21.336,1.651,1.016));
#15773=VECTOR('',#17965,1.0);
#15774=CARTESIAN_POINT('',(21.336,1.651,1.016));
#15775=VECTOR('',#17966,1.0);
#15776=COLOUR_RGB('',0.431372553110123,0.862745106220245,0.549019634723663);
#15777=CARTESIAN_POINT('',(22.098,1.651,9.144));
#15778=CARTESIAN_POINT('',(19.431,1.651,9.144));
#15779=VECTOR('',#17967,1.0);
#15780=CARTESIAN_POINT('',(21.844,1.651,1.016));
#15781=CARTESIAN_POINT('',(22.098,1.651,1.016));
#15782=VECTOR('',#17968,1.0);
#15783=CARTESIAN_POINT('',(21.844,1.651,2.159));
#15784=CARTESIAN_POINT('',(21.844,1.651,1.0875));
#15785=VECTOR('',#17969,1.0);
#15786=CARTESIAN_POINT('',(22.098,1.651,2.159));
#15787=CARTESIAN_POINT('',(22.2885,1.651,2.159));
#15788=VECTOR('',#17970,1.0);
#15789=CARTESIAN_POINT('',(22.098,1.651,1.016));
#15790=VECTOR('',#17971,1.0);
#15791=COLOUR_RGB('',0.431372553110123,0.862745106220245,0.549019634723663);
#15792=CARTESIAN_POINT('',(22.098,2.159,9.144));
#15793=CARTESIAN_POINT('',(22.098,0.9525,9.144));
#15794=VECTOR('',#17972,1.0);
#15795=CARTESIAN_POINT('',(22.098,2.159,2.159));
#15796=CARTESIAN_POINT('',(22.098,0.732,2.159));
#15797=VECTOR('',#17973,1.0);
#15798=CARTESIAN_POINT('',(22.098,2.159,1.016));
#15799=VECTOR('',#17974,1.0);
#15800=COLOUR_RGB('',0.431372553110123,0.862745106220245,0.549019634723663);
#15801=CARTESIAN_POINT('',(21.844,2.159,9.144));
#15802=CARTESIAN_POINT('',(21.336,3.048,9.144));
#15803=CARTESIAN_POINT('',(21.6036769230769,2.57956538461538,9.144));
#15804=VECTOR('',#17975,1.0);
#15805=CARTESIAN_POINT('',(21.844,2.159,1.016));
#15806=CARTESIAN_POINT('',(21.844,2.159,1.016));
#15807=VECTOR('',#17976,1.0);
#15808=CARTESIAN_POINT('',(21.336,3.048,1.016));
#15809=CARTESIAN_POINT('',(21.336,3.048,1.016));
#15810=VECTOR('',#17977,0.999999999999999);
#15811=CARTESIAN_POINT('',(21.336,3.048,1.016));
#15812=VECTOR('',#17978,1.0);
#15813=COLOUR_RGB('',0.431372553110123,0.862745106220245,0.549019634723663);
#15814=AXIS2_PLACEMENT_3D('',#17979,#17980,#17981);
#15815=AXIS2_PLACEMENT_3D('',#17982,#17983,#17984);
#15816=COLOUR_RGB('',0.431372553110123,0.862745106220245,0.549019634723663);
#15817=COLOUR_RGB('',0.431372553110123,0.862745106220245,0.549019634723663);
#15818=CARTESIAN_POINT('',(21.844,-0.087709239157186,1.016));
#15819=VECTOR('',#17985,1.0);
#15820=CARTESIAN_POINT('',(21.844,-0.441,2.159));
#15821=VECTOR('',#17986,1.0);
#15822=COLOUR_RGB('',0.431372553110123,0.862745106220245,0.549019634723663);
#15823=CARTESIAN_POINT('',(23.876,-2.921,2.159));
#15824=CARTESIAN_POINT('',(23.46325,-2.921,2.159));
#15825=VECTOR('',#17987,1.0);
#15826=CARTESIAN_POINT('',(23.876,1.651,2.159));
#15827=CARTESIAN_POINT('',(23.876,-0.441,2.159));
#15828=VECTOR('',#17988,1.0);
#15829=CARTESIAN_POINT('',(23.622,1.651,2.159));
#15830=CARTESIAN_POINT('',(23.4315,1.651,2.159));
#15831=VECTOR('',#17989,1.0);
#15832=CARTESIAN_POINT('',(23.622,2.159,2.159));
#15833=CARTESIAN_POINT('',(23.622,0.732,2.159));
#15834=VECTOR('',#17990,1.0);
#15835=CARTESIAN_POINT('',(22.86,2.159,2.159));
#15836=VECTOR('',#17991,1.0);
#15837=COLOUR_RGB('',0.431372553110123,0.862745106220245,0.549019634723663);
#15838=CARTESIAN_POINT('',(23.876,1.651,1.016));
#15839=CARTESIAN_POINT('',(23.876,1.651,1.0875));
#15840=VECTOR('',#17992,1.0);
#15841=CARTESIAN_POINT('',(23.876,-2.921,1.016));
#15842=CARTESIAN_POINT('',(23.876,-2.921,1.0875));
#15843=VECTOR('',#17993,1.0);
#15844=CARTESIAN_POINT('',(23.876,-0.087709239157186,1.016));
#15845=VECTOR('',#17994,1.0);
#15846=COLOUR_RGB('',0.431372553110123,0.862745106220245,0.549019634723663);
#15847=CARTESIAN_POINT('',(23.876,2.159,9.144));
#15848=CARTESIAN_POINT('',(23.622,2.159,9.144));
#15849=CARTESIAN_POINT('',(19.558,2.159,9.144));
#15850=VECTOR('',#17995,1.0);
#15851=CARTESIAN_POINT('',(23.876,2.159,1.016));
#15852=CARTESIAN_POINT('',(23.876,2.159,1.016));
#15853=VECTOR('',#17996,1.0);
#15854=CARTESIAN_POINT('',(21.844,2.159,1.016));
#15855=VECTOR('',#17997,1.0);
#15856=CARTESIAN_POINT('',(19.558,2.159,9.144));
#15857=VECTOR('',#17998,1.0);
#15858=CARTESIAN_POINT('',(23.622,2.159,1.016));
#15859=VECTOR('',#17999,1.0);
#15860=COLOUR_RGB('',0.431372553110123,0.862745106220245,0.549019634723663);
#15861=COLOUR_RGB('',0.431372553110123,0.862745106220245,0.549019634723663);
#15862=CARTESIAN_POINT('',(24.384,-2.921,1.016));
#15863=CARTESIAN_POINT('',(23.749,-2.921,1.016));
#15864=VECTOR('',#18000,1.0);
#15865=CARTESIAN_POINT('',(24.384,1.651,1.016));
#15866=CARTESIAN_POINT('',(24.384,-2.921,1.016));
#15867=VECTOR('',#18001,1.0);
#15868=CARTESIAN_POINT('',(24.384,1.651,1.016));
#15869=VECTOR('',#18002,1.0);
#15870=COLOUR_RGB('',0.431372553110123,0.862745106220245,0.549019634723663);
#15871=CARTESIAN_POINT('',(24.384,3.048,9.144));
#15872=CARTESIAN_POINT('',(20.0025,3.048,9.144));
#15873=VECTOR('',#18003,1.0);
#15874=CARTESIAN_POINT('',(24.384,3.048,1.016));
#15875=CARTESIAN_POINT('',(24.384,3.048,1.016));
#15876=VECTOR('',#18004,1.0);
#15877=CARTESIAN_POINT('',(24.384,3.048,1.016));
#15878=VECTOR('',#18005,1.0);
#15879=COLOUR_RGB('',0.431372553110123,0.862745106220245,0.549019634723663);
#15880=CARTESIAN_POINT('',(22.7095538461538,0.117719230769231,9.144));
#15881=VECTOR('',#18006,1.0);
#15882=CARTESIAN_POINT('',(23.876,2.159,1.016));
#15883=VECTOR('',#18007,0.999999999999999);
#15884=COLOUR_RGB('',0.431372553110123,0.862745106220245,0.549019634723663);
#15885=CARTESIAN_POINT('',(23.622,1.651,9.144));
#15886=CARTESIAN_POINT('',(23.622,0.9525,9.144));
#15887=VECTOR('',#18008,1.0);
#15888=CARTESIAN_POINT('',(23.622,1.651,1.016));
#15889=VECTOR('',#18009,1.0);
#15890=COLOUR_RGB('',0.431372553110123,0.862745106220245,0.549019634723663);
#15891=CARTESIAN_POINT('',(24.384,1.651,9.144));
#15892=CARTESIAN_POINT('',(20.574,1.651,9.144));
#15893=VECTOR('',#18010,1.0);
#15894=CARTESIAN_POINT('',(24.384,1.651,1.016));
#15895=VECTOR('',#18011,1.0);
#15896=COLOUR_RGB('',0.431372553110123,0.862745106220245,0.549019634723663);
#15897=CARTESIAN_POINT('',(24.384,-2.921,9.144));
#15898=CARTESIAN_POINT('',(24.384,-0.317499999999999,9.144));
#15899=VECTOR('',#18012,1.0);
#15900=CARTESIAN_POINT('',(24.384,-2.921,1.016));
#15901=VECTOR('',#18013,1.0);
#15902=COLOUR_RGB('',0.431372553110123,0.862745106220245,0.549019634723663);
#15903=CARTESIAN_POINT('',(20.60575,-2.921,9.144));
#15904=VECTOR('',#18014,1.0);
#15905=COLOUR_RGB('',0.431372553110123,0.862745106220245,0.549019634723663);
#15906=COLOUR_RGB('',0.431372553110123,0.862745106220245,0.549019634723663);
#15907=CARTESIAN_POINT('',(19.939,-2.921,9.144));
#15908=CARTESIAN_POINT('',(18.161,-2.921,9.144));
#15909=AXIS2_PLACEMENT_3D('',#18015,#18016,#18017);
#15910=CARTESIAN_POINT('',(19.939,-2.921,2.159));
#15911=CARTESIAN_POINT('',(19.939,-2.921,1.016));
#15912=VECTOR('',#18018,1.0);
#15913=CARTESIAN_POINT('',(18.161,-2.921,2.159));
#15914=AXIS2_PLACEMENT_3D('',#18019,#18020,#18021);
#15915=CARTESIAN_POINT('',(18.161,-2.921,1.016));
#15916=VECTOR('',#18022,1.0);
#15917=COLOUR_RGB('',0.431372553110123,0.862745106220245,0.549019634723663);
#15918=CARTESIAN_POINT('',(17.526,-2.921,9.144));
#15919=CARTESIAN_POINT('',(17.49425,-2.921,9.144));
#15920=VECTOR('',#18023,1.0);
#15921=CARTESIAN_POINT('',(18.034,-2.921,2.159));
#15922=CARTESIAN_POINT('',(18.44675,-2.921,2.159));
#15923=VECTOR('',#18024,1.0);
#15924=CARTESIAN_POINT('',(18.034,-2.921,1.016));
#15925=CARTESIAN_POINT('',(18.034,-2.921,1.0875));
#15926=VECTOR('',#18025,1.0);
#15927=CARTESIAN_POINT('',(17.526,-2.921,1.016));
#15928=CARTESIAN_POINT('',(17.526,-2.921,1.016));
#15929=VECTOR('',#18026,1.0);
#15930=CARTESIAN_POINT('',(17.526,-2.921,1.016));
#15931=VECTOR('',#18027,1.0);
#15932=COLOUR_RGB('',0.431372553110123,0.862745106220245,0.549019634723663);
#15933=CARTESIAN_POINT('',(17.526,1.651,9.144));
#15934=CARTESIAN_POINT('',(17.526,-0.317499999999999,9.144));
#15935=VECTOR('',#18028,1.0);
#15936=CARTESIAN_POINT('',(17.526,1.651,1.016));
#15937=CARTESIAN_POINT('',(17.526,1.651,1.016));
#15938=VECTOR('',#18029,1.0);
#15939=CARTESIAN_POINT('',(17.526,1.651,1.016));
#15940=VECTOR('',#18030,1.0);
#15941=COLOUR_RGB('',0.431372553110123,0.862745106220245,0.549019634723663);
#15942=CARTESIAN_POINT('',(18.288,1.651,9.144));
#15943=CARTESIAN_POINT('',(17.526,1.651,9.144));
#15944=VECTOR('',#18031,1.0);
#15945=CARTESIAN_POINT('',(18.034,1.651,1.016));
#15946=CARTESIAN_POINT('',(18.288,1.651,1.016));
#15947=VECTOR('',#18032,1.0);
#15948=CARTESIAN_POINT('',(18.034,1.651,2.159));
#15949=CARTESIAN_POINT('',(18.034,1.651,1.0875));
#15950=VECTOR('',#18033,1.0);
#15951=CARTESIAN_POINT('',(18.288,1.651,2.159));
#15952=CARTESIAN_POINT('',(18.4785,1.651,2.159));
#15953=VECTOR('',#18034,1.0);
#15954=CARTESIAN_POINT('',(18.288,1.651,1.016));
#15955=VECTOR('',#18035,1.0);
#15956=COLOUR_RGB('',0.431372553110123,0.862745106220245,0.549019634723663);
#15957=CARTESIAN_POINT('',(18.288,2.159,9.144));
#15958=CARTESIAN_POINT('',(18.288,0.9525,9.144));
#15959=VECTOR('',#18036,1.0);
#15960=CARTESIAN_POINT('',(18.288,2.159,2.159));
#15961=CARTESIAN_POINT('',(18.288,0.732,2.159));
#15962=VECTOR('',#18037,1.0);
#15963=CARTESIAN_POINT('',(18.288,2.159,1.016));
#15964=VECTOR('',#18038,1.0);
#15965=COLOUR_RGB('',0.431372553110123,0.862745106220245,0.549019634723663);
#15966=CARTESIAN_POINT('',(18.034,2.159,9.144));
#15967=CARTESIAN_POINT('',(17.526,3.048,9.144));
#15968=CARTESIAN_POINT('',(18.2626,1.75895,9.144));
#15969=VECTOR('',#18039,1.0);
#15970=CARTESIAN_POINT('',(18.034,2.159,1.016));
#15971=CARTESIAN_POINT('',(18.034,2.159,1.016));
#15972=VECTOR('',#18040,1.0);
#15973=CARTESIAN_POINT('',(17.526,3.048,1.016));
#15974=CARTESIAN_POINT('',(17.526,3.048,1.016));
#15975=VECTOR('',#18041,0.999999999999999);
#15976=CARTESIAN_POINT('',(17.526,3.048,1.016));
#15977=VECTOR('',#18042,1.0);
#15978=COLOUR_RGB('',0.431372553110123,0.862745106220245,0.549019634723663);
#15979=AXIS2_PLACEMENT_3D('',#18043,#18044,#18045);
#15980=AXIS2_PLACEMENT_3D('',#18046,#18047,#18048);
#15981=COLOUR_RGB('',0.431372553110123,0.862745106220245,0.549019634723663);
#15982=COLOUR_RGB('',0.431372553110123,0.862745106220245,0.549019634723663);
#15983=CARTESIAN_POINT('',(18.034,-0.087709239157186,1.016));
#15984=VECTOR('',#18049,1.0);
#15985=CARTESIAN_POINT('',(18.034,-0.441,2.159));
#15986=VECTOR('',#18050,1.0);
#15987=COLOUR_RGB('',0.431372553110123,0.862745106220245,0.549019634723663);
#15988=CARTESIAN_POINT('',(20.066,-2.921,2.159));
#15989=CARTESIAN_POINT('',(19.65325,-2.921,2.159));
#15990=VECTOR('',#18051,1.0);
#15991=CARTESIAN_POINT('',(20.066,1.651,2.159));
#15992=CARTESIAN_POINT('',(20.066,-0.441,2.159));
#15993=VECTOR('',#18052,1.0);
#15994=CARTESIAN_POINT('',(19.812,1.651,2.159));
#15995=CARTESIAN_POINT('',(19.6215,1.651,2.159));
#15996=VECTOR('',#18053,1.0);
#15997=CARTESIAN_POINT('',(19.812,2.159,2.159));
#15998=CARTESIAN_POINT('',(19.812,0.732,2.159));
#15999=VECTOR('',#18054,1.0);
#16000=CARTESIAN_POINT('',(19.05,2.159,2.159));
#16001=VECTOR('',#18055,1.0);
#16002=COLOUR_RGB('',0.431372553110123,0.862745106220245,0.549019634723663);
#16003=CARTESIAN_POINT('',(20.066,1.651,1.016));
#16004=CARTESIAN_POINT('',(20.066,1.651,1.0875));
#16005=VECTOR('',#18056,1.0);
#16006=CARTESIAN_POINT('',(20.066,-2.921,1.016));
#16007=CARTESIAN_POINT('',(20.066,-2.921,1.0875));
#16008=VECTOR('',#18057,1.0);
#16009=CARTESIAN_POINT('',(20.066,-0.087709239157186,1.016));
#16010=VECTOR('',#18058,1.0);
#16011=COLOUR_RGB('',0.431372553110123,0.862745106220245,0.549019634723663);
#16012=CARTESIAN_POINT('',(20.066,2.159,9.144));
#16013=CARTESIAN_POINT('',(19.812,2.159,9.144));
#16014=CARTESIAN_POINT('',(17.653,2.159,9.144));
#16015=VECTOR('',#18059,1.0);
#16016=CARTESIAN_POINT('',(20.066,2.159,1.016));
#16017=CARTESIAN_POINT('',(20.066,2.159,1.016));
#16018=VECTOR('',#18060,1.0);
#16019=CARTESIAN_POINT('',(18.034,2.159,1.016));
#16020=VECTOR('',#18061,1.0);
#16021=CARTESIAN_POINT('',(17.653,2.159,9.144));
#16022=VECTOR('',#18062,1.0);
#16023=CARTESIAN_POINT('',(19.812,2.159,1.016));
#16024=VECTOR('',#18063,1.0);
#16025=COLOUR_RGB('',0.431372553110123,0.862745106220245,0.549019634723663);
#16026=COLOUR_RGB('',0.431372553110123,0.862745106220245,0.549019634723663);
#16027=CARTESIAN_POINT('',(20.574,-2.921,1.016));
#16028=CARTESIAN_POINT('',(19.939,-2.921,1.016));
#16029=VECTOR('',#18064,1.0);
#16030=CARTESIAN_POINT('',(20.574,1.651,1.016));
#16031=CARTESIAN_POINT('',(20.574,-2.921,1.016));
#16032=VECTOR('',#18065,1.0);
#16033=CARTESIAN_POINT('',(20.574,1.651,1.016));
#16034=VECTOR('',#18066,1.0);
#16035=COLOUR_RGB('',0.431372553110123,0.862745106220245,0.549019634723663);
#16036=CARTESIAN_POINT('',(20.574,3.048,9.144));
#16037=CARTESIAN_POINT('',(18.0975,3.048,9.144));
#16038=VECTOR('',#18067,1.0);
#16039=CARTESIAN_POINT('',(20.574,3.048,1.016));
#16040=CARTESIAN_POINT('',(20.574,3.048,1.016));
#16041=VECTOR('',#18068,1.0);
#16042=CARTESIAN_POINT('',(20.574,3.048,1.016));
#16043=VECTOR('',#18069,1.0);
#16044=COLOUR_RGB('',0.431372553110123,0.862745106220245,0.549019634723663);
#16045=CARTESIAN_POINT('',(19.3684769230769,0.938334615384616,9.144));
#16046=VECTOR('',#18070,1.0);
#16047=CARTESIAN_POINT('',(20.066,2.159,1.016));
#16048=VECTOR('',#18071,0.999999999999999);
#16049=COLOUR_RGB('',0.431372553110123,0.862745106220245,0.549019634723663);
#16050=CARTESIAN_POINT('',(19.812,1.651,9.144));
#16051=CARTESIAN_POINT('',(19.812,0.9525,9.144));
#16052=VECTOR('',#18072,1.0);
#16053=CARTESIAN_POINT('',(19.812,1.651,1.016));
#16054=VECTOR('',#18073,1.0);
#16055=COLOUR_RGB('',0.431372553110123,0.862745106220245,0.549019634723663);
#16056=CARTESIAN_POINT('',(20.574,1.651,9.144));
#16057=CARTESIAN_POINT('',(18.669,1.651,9.144));
#16058=VECTOR('',#18074,1.0);
#16059=CARTESIAN_POINT('',(20.574,1.651,1.016));
#16060=VECTOR('',#18075,1.0);
#16061=COLOUR_RGB('',0.431372553110123,0.862745106220245,0.549019634723663);
#16062=CARTESIAN_POINT('',(20.574,-2.921,9.144));
#16063=CARTESIAN_POINT('',(20.574,-0.317499999999999,9.144));
#16064=VECTOR('',#18076,1.0);
#16065=CARTESIAN_POINT('',(20.574,-2.921,1.016));
#16066=VECTOR('',#18077,1.0);
#16067=COLOUR_RGB('',0.431372553110123,0.862745106220245,0.549019634723663);
#16068=CARTESIAN_POINT('',(18.70075,-2.921,9.144));
#16069=VECTOR('',#18078,1.0);
#16070=COLOUR_RGB('',0.431372553110123,0.862745106220245,0.549019634723663);
#16071=COLOUR_RGB('',0.431372553110123,0.862745106220245,0.549019634723663);
#16072=CARTESIAN_POINT('',(16.129,-2.921,9.144));
#16073=CARTESIAN_POINT('',(14.351,-2.921,9.144));
#16074=AXIS2_PLACEMENT_3D('',#18079,#18080,#18081);
#16075=CARTESIAN_POINT('',(16.129,-2.921,2.159));
#16076=CARTESIAN_POINT('',(16.129,-2.921,1.016));
#16077=VECTOR('',#18082,1.0);
#16078=CARTESIAN_POINT('',(14.351,-2.921,2.159));
#16079=AXIS2_PLACEMENT_3D('',#18083,#18084,#18085);
#16080=CARTESIAN_POINT('',(14.351,-2.921,1.016));
#16081=VECTOR('',#18086,1.0);
#16082=COLOUR_RGB('',0.431372553110123,0.862745106220245,0.549019634723663);
#16083=CARTESIAN_POINT('',(13.716,-2.921,9.144));
#16084=CARTESIAN_POINT('',(15.58925,-2.921,9.144));
#16085=VECTOR('',#18087,1.0);
#16086=CARTESIAN_POINT('',(14.224,-2.921,2.159));
#16087=CARTESIAN_POINT('',(14.63675,-2.921,2.159));
#16088=VECTOR('',#18088,1.0);
#16089=CARTESIAN_POINT('',(14.224,-2.921,1.016));
#16090=CARTESIAN_POINT('',(14.224,-2.921,1.0875));
#16091=VECTOR('',#18089,1.0);
#16092=CARTESIAN_POINT('',(13.716,-2.921,1.016));
#16093=CARTESIAN_POINT('',(13.716,-2.921,1.016));
#16094=VECTOR('',#18090,1.0);
#16095=CARTESIAN_POINT('',(13.716,-2.921,1.016));
#16096=VECTOR('',#18091,1.0);
#16097=COLOUR_RGB('',0.431372553110123,0.862745106220245,0.549019634723663);
#16098=CARTESIAN_POINT('',(13.716,1.651,9.144));
#16099=CARTESIAN_POINT('',(13.716,-0.317499999999999,9.144));
#16100=VECTOR('',#18092,1.0);
#16101=CARTESIAN_POINT('',(13.716,1.651,1.016));
#16102=CARTESIAN_POINT('',(13.716,1.651,1.016));
#16103=VECTOR('',#18093,1.0);
#16104=CARTESIAN_POINT('',(13.716,1.651,1.016));
#16105=VECTOR('',#18094,1.0);
#16106=COLOUR_RGB('',0.431372553110123,0.862745106220245,0.549019634723663);
#16107=CARTESIAN_POINT('',(14.478,1.651,9.144));
#16108=CARTESIAN_POINT('',(15.621,1.651,9.144));
#16109=VECTOR('',#18095,1.0);
#16110=CARTESIAN_POINT('',(14.224,1.651,1.016));
#16111=CARTESIAN_POINT('',(14.478,1.651,1.016));
#16112=VECTOR('',#18096,1.0);
#16113=CARTESIAN_POINT('',(14.224,1.651,2.159));
#16114=CARTESIAN_POINT('',(14.224,1.651,1.0875));
#16115=VECTOR('',#18097,1.0);
#16116=CARTESIAN_POINT('',(14.478,1.651,2.159));
#16117=CARTESIAN_POINT('',(14.6685,1.651,2.159));
#16118=VECTOR('',#18098,1.0);
#16119=CARTESIAN_POINT('',(14.478,1.651,1.016));
#16120=VECTOR('',#18099,1.0);
#16121=COLOUR_RGB('',0.431372553110123,0.862745106220245,0.549019634723663);
#16122=CARTESIAN_POINT('',(14.478,2.159,9.144));
#16123=CARTESIAN_POINT('',(14.478,0.9525,9.144));
#16124=VECTOR('',#18100,1.0);
#16125=CARTESIAN_POINT('',(14.478,2.159,2.159));
#16126=CARTESIAN_POINT('',(14.478,0.732,2.159));
#16127=VECTOR('',#18101,1.0);
#16128=CARTESIAN_POINT('',(14.478,2.159,1.016));
#16129=VECTOR('',#18102,1.0);
#16130=COLOUR_RGB('',0.431372553110123,0.862745106220245,0.549019634723663);
#16131=CARTESIAN_POINT('',(14.224,2.159,9.144));
#16132=CARTESIAN_POINT('',(13.716,3.048,9.144));
#16133=CARTESIAN_POINT('',(14.9215230769231,0.938334615384616,9.144));
#16134=VECTOR('',#18103,1.0);
#16135=CARTESIAN_POINT('',(14.224,2.159,1.016));
#16136=CARTESIAN_POINT('',(14.224,2.159,1.016));
#16137=VECTOR('',#18104,1.0);
#16138=CARTESIAN_POINT('',(13.716,3.048,1.016));
#16139=CARTESIAN_POINT('',(13.716,3.048,1.016));
#16140=VECTOR('',#18105,0.999999999999999);
#16141=CARTESIAN_POINT('',(13.716,3.048,1.016));
#16142=VECTOR('',#18106,1.0);
#16143=COLOUR_RGB('',0.431372553110123,0.862745106220245,0.549019634723663);
#16144=AXIS2_PLACEMENT_3D('',#18107,#18108,#18109);
#16145=AXIS2_PLACEMENT_3D('',#18110,#18111,#18112);
#16146=COLOUR_RGB('',0.431372553110123,0.862745106220245,0.549019634723663);
#16147=COLOUR_RGB('',0.431372553110123,0.862745106220245,0.549019634723663);
#16148=CARTESIAN_POINT('',(14.224,-0.087709239157186,1.016));
#16149=VECTOR('',#18113,1.0);
#16150=CARTESIAN_POINT('',(14.224,-0.441,2.159));
#16151=VECTOR('',#18114,1.0);
#16152=COLOUR_RGB('',0.431372553110123,0.862745106220245,0.549019634723663);
#16153=CARTESIAN_POINT('',(16.256,-2.921,2.159));
#16154=CARTESIAN_POINT('',(15.84325,-2.921,2.159));
#16155=VECTOR('',#18115,1.0);
#16156=CARTESIAN_POINT('',(16.256,1.651,2.159));
#16157=CARTESIAN_POINT('',(16.256,-0.441,2.159));
#16158=VECTOR('',#18116,1.0);
#16159=CARTESIAN_POINT('',(16.002,1.651,2.159));
#16160=CARTESIAN_POINT('',(15.8115,1.651,2.159));
#16161=VECTOR('',#18117,1.0);
#16162=CARTESIAN_POINT('',(16.002,2.159,2.159));
#16163=CARTESIAN_POINT('',(16.002,0.732,2.159));
#16164=VECTOR('',#18118,1.0);
#16165=CARTESIAN_POINT('',(15.24,2.159,2.159));
#16166=VECTOR('',#18119,1.0);
#16167=COLOUR_RGB('',0.431372553110123,0.862745106220245,0.549019634723663);
#16168=CARTESIAN_POINT('',(16.256,1.651,1.016));
#16169=CARTESIAN_POINT('',(16.256,1.651,1.0875));
#16170=VECTOR('',#18120,1.0);
#16171=CARTESIAN_POINT('',(16.256,-2.921,1.016));
#16172=CARTESIAN_POINT('',(16.256,-2.921,1.0875));
#16173=VECTOR('',#18121,1.0);
#16174=CARTESIAN_POINT('',(16.256,-0.087709239157186,1.016));
#16175=VECTOR('',#18122,1.0);
#16176=COLOUR_RGB('',0.431372553110123,0.862745106220245,0.549019634723663);
#16177=CARTESIAN_POINT('',(16.256,2.159,9.144));
#16178=CARTESIAN_POINT('',(16.002,2.159,9.144));
#16179=CARTESIAN_POINT('',(15.748,2.159,9.144));
#16180=VECTOR('',#18123,1.0);
#16181=CARTESIAN_POINT('',(16.256,2.159,1.016));
#16182=CARTESIAN_POINT('',(16.256,2.159,1.016));
#16183=VECTOR('',#18124,1.0);
#16184=CARTESIAN_POINT('',(14.224,2.159,1.016));
#16185=VECTOR('',#18125,1.0);
#16186=CARTESIAN_POINT('',(15.748,2.159,9.144));
#16187=VECTOR('',#18126,1.0);
#16188=CARTESIAN_POINT('',(16.002,2.159,1.016));
#16189=VECTOR('',#18127,1.0);
#16190=COLOUR_RGB('',0.431372553110123,0.862745106220245,0.549019634723663);
#16191=COLOUR_RGB('',0.431372553110123,0.862745106220245,0.549019634723663);
#16192=CARTESIAN_POINT('',(16.764,-2.921,1.016));
#16193=CARTESIAN_POINT('',(16.129,-2.921,1.016));
#16194=VECTOR('',#18128,1.0);
#16195=CARTESIAN_POINT('',(16.764,1.651,1.016));
#16196=CARTESIAN_POINT('',(16.764,-2.921,1.016));
#16197=VECTOR('',#18129,1.0);
#16198=CARTESIAN_POINT('',(16.764,1.651,1.016));
#16199=VECTOR('',#18130,1.0);
#16200=COLOUR_RGB('',0.431372553110123,0.862745106220245,0.549019634723663);
#16201=CARTESIAN_POINT('',(16.764,3.048,9.144));
#16202=CARTESIAN_POINT('',(16.1925,3.048,9.144));
#16203=VECTOR('',#18131,1.0);
#16204=CARTESIAN_POINT('',(16.764,3.048,1.016));
#16205=CARTESIAN_POINT('',(16.764,3.048,1.016));
#16206=VECTOR('',#18132,1.0);
#16207=CARTESIAN_POINT('',(16.764,3.048,1.016));
#16208=VECTOR('',#18133,1.0);
#16209=COLOUR_RGB('',0.431372553110123,0.862745106220245,0.549019634723663);
#16210=CARTESIAN_POINT('',(16.0274,1.75895,9.144));
#16211=VECTOR('',#18134,1.0);
#16212=CARTESIAN_POINT('',(16.256,2.159,1.016));
#16213=VECTOR('',#18135,0.999999999999999);
#16214=COLOUR_RGB('',0.431372553110123,0.862745106220245,0.549019634723663);
#16215=CARTESIAN_POINT('',(16.002,1.651,9.144));
#16216=CARTESIAN_POINT('',(16.002,0.9525,9.144));
#16217=VECTOR('',#18136,1.0);
#16218=CARTESIAN_POINT('',(16.002,1.651,1.016));
#16219=VECTOR('',#18137,1.0);
#16220=COLOUR_RGB('',0.431372553110123,0.862745106220245,0.549019634723663);
#16221=CARTESIAN_POINT('',(16.764,1.651,9.144));
#16222=CARTESIAN_POINT('',(16.764,1.651,9.144));
#16223=VECTOR('',#18138,1.0);
#16224=CARTESIAN_POINT('',(16.764,1.651,1.016));
#16225=VECTOR('',#18139,1.0);
#16226=COLOUR_RGB('',0.431372553110123,0.862745106220245,0.549019634723663);
#16227=CARTESIAN_POINT('',(16.764,-2.921,9.144));
#16228=CARTESIAN_POINT('',(16.764,-0.317499999999999,9.144));
#16229=VECTOR('',#18140,1.0);
#16230=CARTESIAN_POINT('',(16.764,-2.921,1.016));
#16231=VECTOR('',#18141,1.0);
#16232=COLOUR_RGB('',0.431372553110123,0.862745106220245,0.549019634723663);
#16233=CARTESIAN_POINT('',(16.79575,-2.921,9.144));
#16234=VECTOR('',#18142,1.0);
#16235=COLOUR_RGB('',0.431372553110123,0.862745106220245,0.549019634723663);
#16236=COLOUR_RGB('',0.431372553110123,0.862745106220245,0.549019634723663);
#16237=CARTESIAN_POINT('',(12.319,-2.921,9.144));
#16238=CARTESIAN_POINT('',(10.541,-2.921,9.144));
#16239=AXIS2_PLACEMENT_3D('',#18143,#18144,#18145);
#16240=CARTESIAN_POINT('',(12.319,-2.921,2.159));
#16241=CARTESIAN_POINT('',(12.319,-2.921,1.016));
#16242=VECTOR('',#18146,1.0);
#16243=CARTESIAN_POINT('',(10.541,-2.921,2.159));
#16244=AXIS2_PLACEMENT_3D('',#18147,#18148,#18149);
#16245=CARTESIAN_POINT('',(10.541,-2.921,1.016));
#16246=VECTOR('',#18150,1.0);
#16247=COLOUR_RGB('',0.431372553110123,0.862745106220245,0.549019634723663);
#16248=CARTESIAN_POINT('',(9.906,-2.921,9.144));
#16249=CARTESIAN_POINT('',(13.68425,-2.921,9.144));
#16250=VECTOR('',#18151,1.0);
#16251=CARTESIAN_POINT('',(10.414,-2.921,2.159));
#16252=CARTESIAN_POINT('',(10.82675,-2.921,2.159));
#16253=VECTOR('',#18152,1.0);
#16254=CARTESIAN_POINT('',(10.414,-2.921,1.016));
#16255=CARTESIAN_POINT('',(10.414,-2.921,1.0875));
#16256=VECTOR('',#18153,1.0);
#16257=CARTESIAN_POINT('',(9.906,-2.921,1.016));
#16258=CARTESIAN_POINT('',(9.906,-2.921,1.016));
#16259=VECTOR('',#18154,1.0);
#16260=CARTESIAN_POINT('',(9.906,-2.921,1.016));
#16261=VECTOR('',#18155,1.0);
#16262=COLOUR_RGB('',0.431372553110123,0.862745106220245,0.549019634723663);
#16263=CARTESIAN_POINT('',(9.906,1.651,9.144));
#16264=CARTESIAN_POINT('',(9.906,-0.317499999999999,9.144));
#16265=VECTOR('',#18156,1.0);
#16266=CARTESIAN_POINT('',(9.906,1.651,1.016));
#16267=CARTESIAN_POINT('',(9.906,1.651,1.016));
#16268=VECTOR('',#18157,1.0);
#16269=CARTESIAN_POINT('',(9.906,1.651,1.016));
#16270=VECTOR('',#18158,1.0);
#16271=COLOUR_RGB('',0.431372553110123,0.862745106220245,0.549019634723663);
#16272=CARTESIAN_POINT('',(10.668,1.651,9.144));
#16273=CARTESIAN_POINT('',(13.716,1.651,9.144));
#16274=VECTOR('',#18159,1.0);
#16275=CARTESIAN_POINT('',(10.414,1.651,1.016));
#16276=CARTESIAN_POINT('',(10.668,1.651,1.016));
#16277=VECTOR('',#18160,1.0);
#16278=CARTESIAN_POINT('',(10.414,1.651,2.159));
#16279=CARTESIAN_POINT('',(10.414,1.651,1.0875));
#16280=VECTOR('',#18161,1.0);
#16281=CARTESIAN_POINT('',(10.668,1.651,2.159));
#16282=CARTESIAN_POINT('',(10.8585,1.651,2.159));
#16283=VECTOR('',#18162,1.0);
#16284=CARTESIAN_POINT('',(10.668,1.651,1.016));
#16285=VECTOR('',#18163,1.0);
#16286=COLOUR_RGB('',0.431372553110123,0.862745106220245,0.549019634723663);
#16287=CARTESIAN_POINT('',(10.668,2.159,9.144));
#16288=CARTESIAN_POINT('',(10.668,0.9525,9.144));
#16289=VECTOR('',#18164,1.0);
#16290=CARTESIAN_POINT('',(10.668,2.159,2.159));
#16291=CARTESIAN_POINT('',(10.668,0.732,2.159));
#16292=VECTOR('',#18165,1.0);
#16293=CARTESIAN_POINT('',(10.668,2.159,1.016));
#16294=VECTOR('',#18166,1.0);
#16295=COLOUR_RGB('',0.431372553110123,0.862745106220245,0.549019634723663);
#16296=CARTESIAN_POINT('',(10.414,2.159,9.144));
#16297=CARTESIAN_POINT('',(9.906,3.048,9.144));
#16298=CARTESIAN_POINT('',(11.5804461538462,0.117719230769232,9.144));
#16299=VECTOR('',#18167,1.0);
#16300=CARTESIAN_POINT('',(10.414,2.159,1.016));
#16301=CARTESIAN_POINT('',(10.414,2.159,1.016));
#16302=VECTOR('',#18168,1.0);
#16303=CARTESIAN_POINT('',(9.906,3.048,1.016));
#16304=CARTESIAN_POINT('',(9.906,3.048,1.016));
#16305=VECTOR('',#18169,0.999999999999999);
#16306=CARTESIAN_POINT('',(9.906,3.048,1.016));
#16307=VECTOR('',#18170,1.0);
#16308=COLOUR_RGB('',0.431372553110123,0.862745106220245,0.549019634723663);
#16309=AXIS2_PLACEMENT_3D('',#18171,#18172,#18173);
#16310=AXIS2_PLACEMENT_3D('',#18174,#18175,#18176);
#16311=COLOUR_RGB('',0.431372553110123,0.862745106220245,0.549019634723663);
#16312=COLOUR_RGB('',0.431372553110123,0.862745106220245,0.549019634723663);
#16313=CARTESIAN_POINT('',(10.414,-0.087709239157186,1.016));
#16314=VECTOR('',#18177,1.0);
#16315=CARTESIAN_POINT('',(10.414,-0.441,2.159));
#16316=VECTOR('',#18178,1.0);
#16317=COLOUR_RGB('',0.431372553110123,0.862745106220245,0.549019634723663);
#16318=CARTESIAN_POINT('',(12.446,-2.921,2.159));
#16319=CARTESIAN_POINT('',(12.03325,-2.921,2.159));
#16320=VECTOR('',#18179,1.0);
#16321=CARTESIAN_POINT('',(12.446,1.651,2.159));
#16322=CARTESIAN_POINT('',(12.446,-0.441,2.159));
#16323=VECTOR('',#18180,1.0);
#16324=CARTESIAN_POINT('',(12.192,1.651,2.159));
#16325=CARTESIAN_POINT('',(12.0015,1.651,2.159));
#16326=VECTOR('',#18181,1.0);
#16327=CARTESIAN_POINT('',(12.192,2.159,2.159));
#16328=CARTESIAN_POINT('',(12.192,0.732,2.159));
#16329=VECTOR('',#18182,1.0);
#16330=CARTESIAN_POINT('',(11.43,2.159,2.159));
#16331=VECTOR('',#18183,1.0);
#16332=COLOUR_RGB('',0.431372553110123,0.862745106220245,0.549019634723663);
#16333=CARTESIAN_POINT('',(12.446,1.651,1.016));
#16334=CARTESIAN_POINT('',(12.446,1.651,1.0875));
#16335=VECTOR('',#18184,1.0);
#16336=CARTESIAN_POINT('',(12.446,-2.921,1.016));
#16337=CARTESIAN_POINT('',(12.446,-2.921,1.0875));
#16338=VECTOR('',#18185,1.0);
#16339=CARTESIAN_POINT('',(12.446,-0.087709239157186,1.016));
#16340=VECTOR('',#18186,1.0);
#16341=COLOUR_RGB('',0.431372553110123,0.862745106220245,0.549019634723663);
#16342=CARTESIAN_POINT('',(12.446,2.159,9.144));
#16343=CARTESIAN_POINT('',(12.192,2.159,9.144));
#16344=CARTESIAN_POINT('',(13.843,2.159,9.144));
#16345=VECTOR('',#18187,1.0);
#16346=CARTESIAN_POINT('',(12.446,2.159,1.016));
#16347=CARTESIAN_POINT('',(12.446,2.159,1.016));
#16348=VECTOR('',#18188,1.0);
#16349=CARTESIAN_POINT('',(10.414,2.159,1.016));
#16350=VECTOR('',#18189,1.0);
#16351=CARTESIAN_POINT('',(13.843,2.159,9.144));
#16352=VECTOR('',#18190,1.0);
#16353=CARTESIAN_POINT('',(12.192,2.159,1.016));
#16354=VECTOR('',#18191,1.0);
#16355=COLOUR_RGB('',0.431372553110123,0.862745106220245,0.549019634723663);
#16356=COLOUR_RGB('',0.431372553110123,0.862745106220245,0.549019634723663);
#16357=CARTESIAN_POINT('',(12.954,-2.921,1.016));
#16358=CARTESIAN_POINT('',(12.319,-2.921,1.016));
#16359=VECTOR('',#18192,1.0);
#16360=CARTESIAN_POINT('',(12.954,1.651,1.016));
#16361=CARTESIAN_POINT('',(12.954,-2.921,1.016));
#16362=VECTOR('',#18193,1.0);
#16363=CARTESIAN_POINT('',(12.954,1.651,1.016));
#16364=VECTOR('',#18194,1.0);
#16365=COLOUR_RGB('',0.431372553110123,0.862745106220245,0.549019634723663);
#16366=CARTESIAN_POINT('',(12.954,3.048,9.144));
#16367=CARTESIAN_POINT('',(14.2875,3.048,9.144));
#16368=VECTOR('',#18195,1.0);
#16369=CARTESIAN_POINT('',(12.954,3.048,1.016));
#16370=CARTESIAN_POINT('',(12.954,3.048,1.016));
#16371=VECTOR('',#18196,1.0);
#16372=CARTESIAN_POINT('',(12.954,3.048,1.016));
#16373=VECTOR('',#18197,1.0);
#16374=COLOUR_RGB('',0.431372553110123,0.862745106220245,0.549019634723663);
#16375=CARTESIAN_POINT('',(12.6863230769231,2.57956538461539,9.144));
#16376=VECTOR('',#18198,1.0);
#16377=CARTESIAN_POINT('',(12.446,2.159,1.016));
#16378=VECTOR('',#18199,0.999999999999999);
#16379=COLOUR_RGB('',0.431372553110123,0.862745106220245,0.549019634723663);
#16380=CARTESIAN_POINT('',(12.192,1.651,9.144));
#16381=CARTESIAN_POINT('',(12.192,0.9525,9.144));
#16382=VECTOR('',#18200,1.0);
#16383=CARTESIAN_POINT('',(12.192,1.651,1.016));
#16384=VECTOR('',#18201,1.0);
#16385=COLOUR_RGB('',0.431372553110123,0.862745106220245,0.549019634723663);
#16386=CARTESIAN_POINT('',(12.954,1.651,9.144));
#16387=CARTESIAN_POINT('',(14.859,1.651,9.144));
#16388=VECTOR('',#18202,1.0);
#16389=CARTESIAN_POINT('',(12.954,1.651,1.016));
#16390=VECTOR('',#18203,1.0);
#16391=COLOUR_RGB('',0.431372553110123,0.862745106220245,0.549019634723663);
#16392=CARTESIAN_POINT('',(12.954,-2.921,9.144));
#16393=CARTESIAN_POINT('',(12.954,-0.317499999999999,9.144));
#16394=VECTOR('',#18204,1.0);
#16395=CARTESIAN_POINT('',(12.954,-2.921,1.016));
#16396=VECTOR('',#18205,1.0);
#16397=COLOUR_RGB('',0.431372553110123,0.862745106220245,0.549019634723663);
#16398=CARTESIAN_POINT('',(14.89075,-2.921,9.144));
#16399=VECTOR('',#18206,1.0);
#16400=COLOUR_RGB('',0.431372553110123,0.862745106220245,0.549019634723663);
#16401=COLOUR_RGB('',0.431372553110123,0.862745106220245,0.549019634723663);
#16402=CARTESIAN_POINT('',(8.509,-2.921,9.144));
#16403=CARTESIAN_POINT('',(6.731,-2.921,9.144));
#16404=AXIS2_PLACEMENT_3D('',#18207,#18208,#18209);
#16405=CARTESIAN_POINT('',(8.509,-2.921,2.159));
#16406=CARTESIAN_POINT('',(8.509,-2.921,1.016));
#16407=VECTOR('',#18210,1.0);
#16408=CARTESIAN_POINT('',(6.731,-2.921,2.159));
#16409=AXIS2_PLACEMENT_3D('',#18211,#18212,#18213);
#16410=CARTESIAN_POINT('',(6.731,-2.921,1.016));
#16411=VECTOR('',#18214,1.0);
#16412=COLOUR_RGB('',0.431372553110123,0.862745106220245,0.549019634723663);
#16413=CARTESIAN_POINT('',(6.096,-2.921,9.144));
#16414=CARTESIAN_POINT('',(11.77925,-2.921,9.144));
#16415=VECTOR('',#18215,1.0);
#16416=CARTESIAN_POINT('',(6.604,-2.921,2.159));
#16417=CARTESIAN_POINT('',(7.01675,-2.921,2.159));
#16418=VECTOR('',#18216,1.0);
#16419=CARTESIAN_POINT('',(6.604,-2.921,1.016));
#16420=CARTESIAN_POINT('',(6.604,-2.921,1.0875));
#16421=VECTOR('',#18217,1.0);
#16422=CARTESIAN_POINT('',(6.096,-2.921,1.016));
#16423=CARTESIAN_POINT('',(6.096,-2.921,1.016));
#16424=VECTOR('',#18218,1.0);
#16425=CARTESIAN_POINT('',(6.096,-2.921,1.016));
#16426=VECTOR('',#18219,1.0);
#16427=COLOUR_RGB('',0.431372553110123,0.862745106220245,0.549019634723663);
#16428=CARTESIAN_POINT('',(6.096,1.651,9.144));
#16429=CARTESIAN_POINT('',(6.096,-0.317499999999999,9.144));
#16430=VECTOR('',#18220,1.0);
#16431=CARTESIAN_POINT('',(6.096,1.651,1.016));
#16432=CARTESIAN_POINT('',(6.096,1.651,1.016));
#16433=VECTOR('',#18221,1.0);
#16434=CARTESIAN_POINT('',(6.096,1.651,1.016));
#16435=VECTOR('',#18222,1.0);
#16436=COLOUR_RGB('',0.431372553110123,0.862745106220245,0.549019634723663);
#16437=CARTESIAN_POINT('',(6.858,1.651,9.144));
#16438=CARTESIAN_POINT('',(11.811,1.651,9.144));
#16439=VECTOR('',#18223,1.0);
#16440=CARTESIAN_POINT('',(6.604,1.651,1.016));
#16441=CARTESIAN_POINT('',(6.858,1.651,1.016));
#16442=VECTOR('',#18224,1.0);
#16443=CARTESIAN_POINT('',(6.604,1.651,2.159));
#16444=CARTESIAN_POINT('',(6.604,1.651,1.0875));
#16445=VECTOR('',#18225,1.0);
#16446=CARTESIAN_POINT('',(6.858,1.651,2.159));
#16447=CARTESIAN_POINT('',(7.0485,1.651,2.159));
#16448=VECTOR('',#18226,1.0);
#16449=CARTESIAN_POINT('',(6.858,1.651,1.016));
#16450=VECTOR('',#18227,1.0);
#16451=COLOUR_RGB('',0.431372553110123,0.862745106220245,0.549019634723663);
#16452=CARTESIAN_POINT('',(6.858,2.159,9.144));
#16453=CARTESIAN_POINT('',(6.858,0.9525,9.144));
#16454=VECTOR('',#18228,1.0);
#16455=CARTESIAN_POINT('',(6.858,2.159,2.159));
#16456=CARTESIAN_POINT('',(6.858,0.732,2.159));
#16457=VECTOR('',#18229,1.0);
#16458=CARTESIAN_POINT('',(6.858,2.159,1.016));
#16459=VECTOR('',#18230,1.0);
#16460=COLOUR_RGB('',0.431372553110123,0.862745106220245,0.549019634723663);
#16461=CARTESIAN_POINT('',(6.604,2.159,9.144));
#16462=CARTESIAN_POINT('',(6.096,3.048,9.144));
#16463=CARTESIAN_POINT('',(8.23936923076923,-0.702896153846152,9.144));
#16464=VECTOR('',#18231,1.0);
#16465=CARTESIAN_POINT('',(6.604,2.159,1.016));
#16466=CARTESIAN_POINT('',(6.604,2.159,1.016));
#16467=VECTOR('',#18232,1.0);
#16468=CARTESIAN_POINT('',(6.096,3.048,1.016));
#16469=CARTESIAN_POINT('',(6.096,3.048,1.016));
#16470=VECTOR('',#18233,0.999999999999999);
#16471=CARTESIAN_POINT('',(6.096,3.048,1.016));
#16472=VECTOR('',#18234,1.0);
#16473=COLOUR_RGB('',0.431372553110123,0.862745106220245,0.549019634723663);
#16474=AXIS2_PLACEMENT_3D('',#18235,#18236,#18237);
#16475=AXIS2_PLACEMENT_3D('',#18238,#18239,#18240);
#16476=COLOUR_RGB('',0.431372553110123,0.862745106220245,0.549019634723663);
#16477=COLOUR_RGB('',0.431372553110123,0.862745106220245,0.549019634723663);
#16478=CARTESIAN_POINT('',(6.604,-0.087709239157186,1.016));
#16479=VECTOR('',#18241,1.0);
#16480=CARTESIAN_POINT('',(6.604,-0.441,2.159));
#16481=VECTOR('',#18242,1.0);
#16482=COLOUR_RGB('',0.431372553110123,0.862745106220245,0.549019634723663);
#16483=CARTESIAN_POINT('',(8.636,-2.921,2.159));
#16484=CARTESIAN_POINT('',(8.22325,-2.921,2.159));
#16485=VECTOR('',#18243,1.0);
#16486=CARTESIAN_POINT('',(8.636,1.651,2.159));
#16487=CARTESIAN_POINT('',(8.636,-0.441,2.159));
#16488=VECTOR('',#18244,1.0);
#16489=CARTESIAN_POINT('',(8.382,1.651,2.159));
#16490=CARTESIAN_POINT('',(8.1915,1.651,2.159));
#16491=VECTOR('',#18245,1.0);
#16492=CARTESIAN_POINT('',(8.382,2.159,2.159));
#16493=CARTESIAN_POINT('',(8.382,0.732,2.159));
#16494=VECTOR('',#18246,1.0);
#16495=CARTESIAN_POINT('',(7.62,2.159,2.159));
#16496=VECTOR('',#18247,1.0);
#16497=COLOUR_RGB('',0.431372553110123,0.862745106220245,0.549019634723663);
#16498=CARTESIAN_POINT('',(8.636,1.651,1.016));
#16499=CARTESIAN_POINT('',(8.636,1.651,1.0875));
#16500=VECTOR('',#18248,1.0);
#16501=CARTESIAN_POINT('',(8.636,-2.921,1.016));
#16502=CARTESIAN_POINT('',(8.636,-2.921,1.0875));
#16503=VECTOR('',#18249,1.0);
#16504=CARTESIAN_POINT('',(8.636,-0.087709239157186,1.016));
#16505=VECTOR('',#18250,1.0);
#16506=COLOUR_RGB('',0.431372553110123,0.862745106220245,0.549019634723663);
#16507=CARTESIAN_POINT('',(8.636,2.159,9.144));
#16508=CARTESIAN_POINT('',(8.382,2.159,9.144));
#16509=CARTESIAN_POINT('',(11.938,2.159,9.144));
#16510=VECTOR('',#18251,1.0);
#16511=CARTESIAN_POINT('',(8.636,2.159,1.016));
#16512=CARTESIAN_POINT('',(8.636,2.159,1.016));
#16513=VECTOR('',#18252,1.0);
#16514=CARTESIAN_POINT('',(6.604,2.159,1.016));
#16515=VECTOR('',#18253,1.0);
#16516=CARTESIAN_POINT('',(11.938,2.159,9.144));
#16517=VECTOR('',#18254,1.0);
#16518=CARTESIAN_POINT('',(8.382,2.159,1.016));
#16519=VECTOR('',#18255,1.0);
#16520=COLOUR_RGB('',0.431372553110123,0.862745106220245,0.549019634723663);
#16521=COLOUR_RGB('',0.431372553110123,0.862745106220245,0.549019634723663);
#16522=CARTESIAN_POINT('',(9.144,-2.921,1.016));
#16523=CARTESIAN_POINT('',(8.509,-2.921,1.016));
#16524=VECTOR('',#18256,1.0);
#16525=CARTESIAN_POINT('',(9.144,1.651,1.016));
#16526=CARTESIAN_POINT('',(9.144,-2.921,1.016));
#16527=VECTOR('',#18257,1.0);
#16528=CARTESIAN_POINT('',(9.144,1.651,1.016));
#16529=VECTOR('',#18258,1.0);
#16530=COLOUR_RGB('',0.431372553110123,0.862745106220245,0.549019634723663);
#16531=CARTESIAN_POINT('',(9.144,3.048,9.144));
#16532=CARTESIAN_POINT('',(12.3825,3.048,9.144));
#16533=VECTOR('',#18259,1.0);
#16534=CARTESIAN_POINT('',(9.144,3.048,1.016));
#16535=CARTESIAN_POINT('',(9.144,3.048,1.016));
#16536=VECTOR('',#18260,1.0);
#16537=CARTESIAN_POINT('',(9.144,3.048,1.016));
#16538=VECTOR('',#18261,1.0);
#16539=COLOUR_RGB('',0.431372553110123,0.862745106220245,0.549019634723663);
#16540=CARTESIAN_POINT('',(9.34524615384616,3.40018076923077,9.144));
#16541=VECTOR('',#18262,1.0);
#16542=CARTESIAN_POINT('',(8.636,2.159,1.016));
#16543=VECTOR('',#18263,0.999999999999999);
#16544=COLOUR_RGB('',0.431372553110123,0.862745106220245,0.549019634723663);
#16545=CARTESIAN_POINT('',(8.382,1.651,9.144));
#16546=CARTESIAN_POINT('',(8.382,0.9525,9.144));
#16547=VECTOR('',#18264,1.0);
#16548=CARTESIAN_POINT('',(8.382,1.651,1.016));
#16549=VECTOR('',#18265,1.0);
#16550=COLOUR_RGB('',0.431372553110123,0.862745106220245,0.549019634723663);
#16551=CARTESIAN_POINT('',(9.144,1.651,9.144));
#16552=CARTESIAN_POINT('',(12.954,1.651,9.144));
#16553=VECTOR('',#18266,1.0);
#16554=CARTESIAN_POINT('',(9.144,1.651,1.016));
#16555=VECTOR('',#18267,1.0);
#16556=COLOUR_RGB('',0.431372553110123,0.862745106220245,0.549019634723663);
#16557=CARTESIAN_POINT('',(9.144,-2.921,9.144));
#16558=CARTESIAN_POINT('',(9.144,-0.317499999999999,9.144));
#16559=VECTOR('',#18268,1.0);
#16560=CARTESIAN_POINT('',(9.144,-2.921,1.016));
#16561=VECTOR('',#18269,1.0);
#16562=COLOUR_RGB('',0.431372553110123,0.862745106220245,0.549019634723663);
#16563=CARTESIAN_POINT('',(12.98575,-2.921,9.144));
#16564=VECTOR('',#18270,1.0);
#16565=COLOUR_RGB('',0.431372553110123,0.862745106220245,0.549019634723663);
#16566=COLOUR_RGB('',0.431372553110123,0.862745106220245,0.549019634723663);
#16567=CARTESIAN_POINT('',(4.699,-2.921,9.144));
#16568=CARTESIAN_POINT('',(2.921,-2.921,9.144));
#16569=AXIS2_PLACEMENT_3D('',#18271,#18272,#18273);
#16570=CARTESIAN_POINT('',(4.699,-2.921,2.159));
#16571=CARTESIAN_POINT('',(4.699,-2.921,1.016));
#16572=VECTOR('',#18274,1.0);
#16573=CARTESIAN_POINT('',(2.921,-2.921,2.159));
#16574=AXIS2_PLACEMENT_3D('',#18275,#18276,#18277);
#16575=CARTESIAN_POINT('',(2.921,-2.921,1.016));
#16576=VECTOR('',#18278,1.0);
#16577=COLOUR_RGB('',0.431372553110123,0.862745106220245,0.549019634723663);
#16578=CARTESIAN_POINT('',(2.286,-2.921,9.144));
#16579=CARTESIAN_POINT('',(9.87425,-2.921,9.144));
#16580=VECTOR('',#18279,1.0);
#16581=CARTESIAN_POINT('',(2.794,-2.921,2.159));
#16582=CARTESIAN_POINT('',(3.20675,-2.921,2.159));
#16583=VECTOR('',#18280,1.0);
#16584=CARTESIAN_POINT('',(2.794,-2.921,1.016));
#16585=CARTESIAN_POINT('',(2.794,-2.921,1.0875));
#16586=VECTOR('',#18281,1.0);
#16587=CARTESIAN_POINT('',(2.286,-2.921,1.016));
#16588=CARTESIAN_POINT('',(2.286,-2.921,1.016));
#16589=VECTOR('',#18282,1.0);
#16590=CARTESIAN_POINT('',(2.286,-2.921,1.016));
#16591=VECTOR('',#18283,1.0);
#16592=COLOUR_RGB('',0.431372553110123,0.862745106220245,0.549019634723663);
#16593=CARTESIAN_POINT('',(2.286,1.651,9.144));
#16594=CARTESIAN_POINT('',(2.286,-0.317499999999999,9.144));
#16595=VECTOR('',#18284,1.0);
#16596=CARTESIAN_POINT('',(2.286,1.651,1.016));
#16597=CARTESIAN_POINT('',(2.286,1.651,1.016));
#16598=VECTOR('',#18285,1.0);
#16599=CARTESIAN_POINT('',(2.286,1.651,1.016));
#16600=VECTOR('',#18286,1.0);
#16601=COLOUR_RGB('',0.431372553110123,0.862745106220245,0.549019634723663);
#16602=CARTESIAN_POINT('',(3.048,1.651,9.144));
#16603=CARTESIAN_POINT('',(9.906,1.651,9.144));
#16604=VECTOR('',#18287,1.0);
#16605=CARTESIAN_POINT('',(2.794,1.651,1.016));
#16606=CARTESIAN_POINT('',(3.048,1.651,1.016));
#16607=VECTOR('',#18288,1.0);
#16608=CARTESIAN_POINT('',(2.794,1.651,2.159));
#16609=CARTESIAN_POINT('',(2.794,1.651,1.0875));
#16610=VECTOR('',#18289,1.0);
#16611=CARTESIAN_POINT('',(3.048,1.651,2.159));
#16612=CARTESIAN_POINT('',(3.2385,1.651,2.159));
#16613=VECTOR('',#18290,1.0);
#16614=CARTESIAN_POINT('',(3.048,1.651,1.016));
#16615=VECTOR('',#18291,1.0);
#16616=COLOUR_RGB('',0.431372553110123,0.862745106220245,0.549019634723663);
#16617=CARTESIAN_POINT('',(3.048,2.159,9.144));
#16618=CARTESIAN_POINT('',(3.048,0.9525,9.144));
#16619=VECTOR('',#18292,1.0);
#16620=CARTESIAN_POINT('',(3.048,2.159,2.159));
#16621=CARTESIAN_POINT('',(3.048,0.732,2.159));
#16622=VECTOR('',#18293,1.0);
#16623=CARTESIAN_POINT('',(3.048,2.159,1.016));
#16624=VECTOR('',#18294,1.0);
#16625=COLOUR_RGB('',0.431372553110123,0.862745106220245,0.549019634723663);
#16626=CARTESIAN_POINT('',(2.794,2.159,9.144));
#16627=CARTESIAN_POINT('',(2.286,3.048,9.144));
#16628=CARTESIAN_POINT('',(4.89829230769231,-1.52351153846154,9.144));
#16629=VECTOR('',#18295,1.0);
#16630=CARTESIAN_POINT('',(2.794,2.159,1.016));
#16631=CARTESIAN_POINT('',(2.794,2.159,1.016));
#16632=VECTOR('',#18296,1.0);
#16633=CARTESIAN_POINT('',(2.286,3.048,1.016));
#16634=CARTESIAN_POINT('',(2.286,3.048,1.016));
#16635=VECTOR('',#18297,0.999999999999999);
#16636=CARTESIAN_POINT('',(2.286,3.048,1.016));
#16637=VECTOR('',#18298,1.0);
#16638=COLOUR_RGB('',0.431372553110123,0.862745106220245,0.549019634723663);
#16639=AXIS2_PLACEMENT_3D('',#18299,#18300,#18301);
#16640=AXIS2_PLACEMENT_3D('',#18302,#18303,#18304);
#16641=COLOUR_RGB('',0.431372553110123,0.862745106220245,0.549019634723663);
#16642=COLOUR_RGB('',0.431372553110123,0.862745106220245,0.549019634723663);
#16643=CARTESIAN_POINT('',(2.794,-0.087709239157186,1.016));
#16644=VECTOR('',#18305,1.0);
#16645=CARTESIAN_POINT('',(2.794,-0.441,2.159));
#16646=VECTOR('',#18306,1.0);
#16647=COLOUR_RGB('',0.431372553110123,0.862745106220245,0.549019634723663);
#16648=CARTESIAN_POINT('',(4.826,-2.921,2.159));
#16649=CARTESIAN_POINT('',(4.41325,-2.921,2.159));
#16650=VECTOR('',#18307,1.0);
#16651=CARTESIAN_POINT('',(4.826,1.651,2.159));
#16652=CARTESIAN_POINT('',(4.826,-0.441,2.159));
#16653=VECTOR('',#18308,1.0);
#16654=CARTESIAN_POINT('',(4.572,1.651,2.159));
#16655=CARTESIAN_POINT('',(4.3815,1.651,2.159));
#16656=VECTOR('',#18309,1.0);
#16657=CARTESIAN_POINT('',(4.572,2.159,2.159));
#16658=CARTESIAN_POINT('',(4.572,0.732,2.159));
#16659=VECTOR('',#18310,1.0);
#16660=CARTESIAN_POINT('',(3.81,2.159,2.159));
#16661=VECTOR('',#18311,1.0);
#16662=COLOUR_RGB('',0.431372553110123,0.862745106220245,0.549019634723663);
#16663=CARTESIAN_POINT('',(4.826,1.651,1.016));
#16664=CARTESIAN_POINT('',(4.826,1.651,1.0875));
#16665=VECTOR('',#18312,1.0);
#16666=CARTESIAN_POINT('',(4.826,-2.921,1.016));
#16667=CARTESIAN_POINT('',(4.826,-2.921,1.0875));
#16668=VECTOR('',#18313,1.0);
#16669=CARTESIAN_POINT('',(4.826,-0.087709239157186,1.016));
#16670=VECTOR('',#18314,1.0);
#16671=COLOUR_RGB('',0.431372553110123,0.862745106220245,0.549019634723663);
#16672=CARTESIAN_POINT('',(4.826,2.159,9.144));
#16673=CARTESIAN_POINT('',(4.572,2.159,9.144));
#16674=CARTESIAN_POINT('',(10.033,2.159,9.144));
#16675=VECTOR('',#18315,1.0);
#16676=CARTESIAN_POINT('',(4.826,2.159,1.016));
#16677=CARTESIAN_POINT('',(4.826,2.159,1.016));
#16678=VECTOR('',#18316,1.0);
#16679=CARTESIAN_POINT('',(2.794,2.159,1.016));
#16680=VECTOR('',#18317,1.0);
#16681=CARTESIAN_POINT('',(10.033,2.159,9.144));
#16682=VECTOR('',#18318,1.0);
#16683=CARTESIAN_POINT('',(4.572,2.159,1.016));
#16684=VECTOR('',#18319,1.0);
#16685=COLOUR_RGB('',0.431372553110123,0.862745106220245,0.549019634723663);
#16686=COLOUR_RGB('',0.431372553110123,0.862745106220245,0.549019634723663);
#16687=CARTESIAN_POINT('',(5.334,-2.921,1.016));
#16688=CARTESIAN_POINT('',(4.699,-2.921,1.016));
#16689=VECTOR('',#18320,1.0);
#16690=CARTESIAN_POINT('',(5.334,1.651,1.016));
#16691=CARTESIAN_POINT('',(5.334,-2.921,1.016));
#16692=VECTOR('',#18321,1.0);
#16693=CARTESIAN_POINT('',(5.334,1.651,1.016));
#16694=VECTOR('',#18322,1.0);
#16695=COLOUR_RGB('',0.431372553110123,0.862745106220245,0.549019634723663);
#16696=CARTESIAN_POINT('',(5.334,3.048,9.144));
#16697=CARTESIAN_POINT('',(10.4775,3.048,9.144));
#16698=VECTOR('',#18323,1.0);
#16699=CARTESIAN_POINT('',(5.334,3.048,1.016));
#16700=CARTESIAN_POINT('',(5.334,3.048,1.016));
#16701=VECTOR('',#18324,1.0);
#16702=CARTESIAN_POINT('',(5.334,3.048,1.016));
#16703=VECTOR('',#18325,1.0);
#16704=COLOUR_RGB('',0.431372553110123,0.862745106220245,0.549019634723663);
#16705=CARTESIAN_POINT('',(6.00416923076923,4.22079615384616,9.144));
#16706=VECTOR('',#18326,1.0);
#16707=CARTESIAN_POINT('',(4.826,2.159,1.016));
#16708=VECTOR('',#18327,0.999999999999999);
#16709=COLOUR_RGB('',0.431372553110123,0.862745106220245,0.549019634723663);
#16710=CARTESIAN_POINT('',(4.572,1.651,9.144));
#16711=CARTESIAN_POINT('',(4.572,0.9525,9.144));
#16712=VECTOR('',#18328,1.0);
#16713=CARTESIAN_POINT('',(4.572,1.651,1.016));
#16714=VECTOR('',#18329,1.0);
#16715=COLOUR_RGB('',0.431372553110123,0.862745106220245,0.549019634723663);
#16716=CARTESIAN_POINT('',(5.334,1.651,9.144));
#16717=CARTESIAN_POINT('',(11.049,1.651,9.144));
#16718=VECTOR('',#18330,1.0);
#16719=CARTESIAN_POINT('',(5.334,1.651,1.016));
#16720=VECTOR('',#18331,1.0);
#16721=COLOUR_RGB('',0.431372553110123,0.862745106220245,0.549019634723663);
#16722=CARTESIAN_POINT('',(5.334,-2.921,9.144));
#16723=CARTESIAN_POINT('',(5.334,-0.317499999999999,9.144));
#16724=VECTOR('',#18332,1.0);
#16725=CARTESIAN_POINT('',(5.334,-2.921,1.016));
#16726=VECTOR('',#18333,1.0);
#16727=COLOUR_RGB('',0.431372553110123,0.862745106220245,0.549019634723663);
#16728=CARTESIAN_POINT('',(11.08075,-2.921,9.144));
#16729=VECTOR('',#18334,1.0);
#16730=COLOUR_RGB('',0.431372553110123,0.862745106220245,0.549019634723663);
#16731=COLOUR_RGB('',0.431372553110123,0.862745106220245,0.549019634723663);
#16732=CARTESIAN_POINT('',(0.889,-2.921,9.144));
#16733=CARTESIAN_POINT('',(-0.889,-2.921,9.144));
#16734=AXIS2_PLACEMENT_3D('',#18335,#18336,#18337);
#16735=CARTESIAN_POINT('',(0.889,-2.921,2.159));
#16736=CARTESIAN_POINT('',(0.889,-2.921,1.016));
#16737=VECTOR('',#18338,1.0);
#16738=CARTESIAN_POINT('',(-0.889,-2.921,2.159));
#16739=AXIS2_PLACEMENT_3D('',#18339,#18340,#18341);
#16740=CARTESIAN_POINT('',(-0.889,-2.921,1.016));
#16741=VECTOR('',#18342,1.0);
#16742=COLOUR_RGB('',0.431372553110123,0.862745106220245,0.549019634723663);
#16743=CARTESIAN_POINT('',(-1.524,-2.921,9.144));
#16744=CARTESIAN_POINT('',(7.96925,-2.921,9.144));
#16745=VECTOR('',#18343,1.0);
#16746=CARTESIAN_POINT('',(-1.016,-2.921,2.159));
#16747=CARTESIAN_POINT('',(-0.60325,-2.921,2.159));
#16748=VECTOR('',#18344,1.0);
#16749=CARTESIAN_POINT('',(-1.016,-2.921,1.016));
#16750=CARTESIAN_POINT('',(-1.016,-2.921,1.0875));
#16751=VECTOR('',#18345,1.0);
#16752=CARTESIAN_POINT('',(-1.524,-2.921,1.016));
#16753=CARTESIAN_POINT('',(-1.524,-2.921,1.016));
#16754=VECTOR('',#18346,1.0);
#16755=CARTESIAN_POINT('',(-1.524,-2.921,1.016));
#16756=VECTOR('',#18347,1.0);
#16757=COLOUR_RGB('',0.431372553110123,0.862745106220245,0.549019634723663);
#16758=CARTESIAN_POINT('',(-1.524,1.651,9.144));
#16759=CARTESIAN_POINT('',(-1.524,-0.317499999999999,9.144));
#16760=VECTOR('',#18348,1.0);
#16761=CARTESIAN_POINT('',(-1.524,1.651,1.016));
#16762=CARTESIAN_POINT('',(-1.524,1.651,1.016));
#16763=VECTOR('',#18349,1.0);
#16764=CARTESIAN_POINT('',(-1.524,1.651,1.016));
#16765=VECTOR('',#18350,1.0);
#16766=COLOUR_RGB('',0.431372553110123,0.862745106220245,0.549019634723663);
#16767=CARTESIAN_POINT('',(-0.762,1.651,9.144));
#16768=CARTESIAN_POINT('',(8.001,1.651,9.144));
#16769=VECTOR('',#18351,1.0);
#16770=CARTESIAN_POINT('',(-1.016,1.651,1.016));
#16771=CARTESIAN_POINT('',(-0.762,1.651,1.016));
#16772=VECTOR('',#18352,1.0);
#16773=CARTESIAN_POINT('',(-1.016,1.651,2.159));
#16774=CARTESIAN_POINT('',(-1.016,1.651,1.0875));
#16775=VECTOR('',#18353,1.0);
#16776=CARTESIAN_POINT('',(-0.762,1.651,2.159));
#16777=CARTESIAN_POINT('',(-0.5715,1.651,2.159));
#16778=VECTOR('',#18354,1.0);
#16779=CARTESIAN_POINT('',(-0.762,1.651,1.016));
#16780=VECTOR('',#18355,1.0);
#16781=COLOUR_RGB('',0.431372553110123,0.862745106220245,0.549019634723663);
#16782=CARTESIAN_POINT('',(-0.762,2.159,9.144));
#16783=CARTESIAN_POINT('',(-0.762,0.9525,9.144));
#16784=VECTOR('',#18356,1.0);
#16785=CARTESIAN_POINT('',(-0.762,2.159,2.159));
#16786=CARTESIAN_POINT('',(-0.762,0.732,2.159));
#16787=VECTOR('',#18357,1.0);
#16788=CARTESIAN_POINT('',(-0.762,2.159,1.016));
#16789=VECTOR('',#18358,1.0);
#16790=COLOUR_RGB('',0.431372553110123,0.862745106220245,0.549019634723663);
#16791=CARTESIAN_POINT('',(-1.016,2.159,9.144));
#16792=CARTESIAN_POINT('',(-1.524,3.048,9.144));
#16793=CARTESIAN_POINT('',(1.55721538461539,-2.34412692307692,9.144));
#16794=VECTOR('',#18359,1.0);
#16795=CARTESIAN_POINT('',(-1.016,2.159,1.016));
#16796=CARTESIAN_POINT('',(-1.016,2.159,1.016));
#16797=VECTOR('',#18360,1.0);
#16798=CARTESIAN_POINT('',(-1.524,3.048,1.016));
#16799=CARTESIAN_POINT('',(-1.524,3.048,1.016));
#16800=VECTOR('',#18361,1.0);
#16801=CARTESIAN_POINT('',(-1.524,3.048,1.016));
#16802=VECTOR('',#18362,1.0);
#16803=COLOUR_RGB('',0.431372553110123,0.862745106220245,0.549019634723663);
#16804=AXIS2_PLACEMENT_3D('',#18363,#18364,#18365);
#16805=AXIS2_PLACEMENT_3D('',#18366,#18367,#18368);
#16806=COLOUR_RGB('',0.431372553110123,0.862745106220245,0.549019634723663);
#16807=COLOUR_RGB('',0.431372553110123,0.862745106220245,0.549019634723663);
#16808=CARTESIAN_POINT('',(-1.016,-0.087709239157186,1.016));
#16809=VECTOR('',#18369,1.0);
#16810=CARTESIAN_POINT('',(-1.016,-0.441,2.159));
#16811=VECTOR('',#18370,1.0);
#16812=COLOUR_RGB('',0.431372553110123,0.862745106220245,0.549019634723663);
#16813=CARTESIAN_POINT('',(1.016,-2.921,2.159));
#16814=CARTESIAN_POINT('',(0.60325,-2.921,2.159));
#16815=VECTOR('',#18371,1.0);
#16816=CARTESIAN_POINT('',(1.016,1.651,2.159));
#16817=CARTESIAN_POINT('',(1.016,-0.441,2.159));
#16818=VECTOR('',#18372,1.0);
#16819=CARTESIAN_POINT('',(0.762,1.651,2.159));
#16820=CARTESIAN_POINT('',(0.5715,1.651,2.159));
#16821=VECTOR('',#18373,1.0);
#16822=CARTESIAN_POINT('',(0.762,2.159,2.159));
#16823=CARTESIAN_POINT('',(0.762,0.732,2.159));
#16824=VECTOR('',#18374,1.0);
#16825=CARTESIAN_POINT('',(0.0,2.159,2.159));
#16826=VECTOR('',#18375,1.0);
#16827=COLOUR_RGB('',0.431372553110123,0.862745106220245,0.549019634723663);
#16828=CARTESIAN_POINT('',(1.016,1.651,1.016));
#16829=CARTESIAN_POINT('',(1.016,1.651,1.0875));
#16830=VECTOR('',#18376,1.0);
#16831=CARTESIAN_POINT('',(1.016,-2.921,1.016));
#16832=CARTESIAN_POINT('',(1.016,-2.921,1.0875));
#16833=VECTOR('',#18377,1.0);
#16834=CARTESIAN_POINT('',(1.016,-0.087709239157186,1.016));
#16835=VECTOR('',#18378,1.0);
#16836=COLOUR_RGB('',0.431372553110123,0.862745106220245,0.549019634723663);
#16837=CARTESIAN_POINT('',(1.016,2.159,9.144));
#16838=CARTESIAN_POINT('',(0.762,2.159,9.144));
#16839=CARTESIAN_POINT('',(8.128,2.159,9.144));
#16840=VECTOR('',#18379,1.0);
#16841=CARTESIAN_POINT('',(1.016,2.159,1.016));
#16842=CARTESIAN_POINT('',(1.016,2.159,1.016));
#16843=VECTOR('',#18380,1.0);
#16844=CARTESIAN_POINT('',(-1.016,2.159,1.016));
#16845=VECTOR('',#18381,1.0);
#16846=CARTESIAN_POINT('',(8.128,2.159,9.144));
#16847=VECTOR('',#18382,1.0);
#16848=CARTESIAN_POINT('',(0.762,2.159,1.016));
#16849=VECTOR('',#18383,1.0);
#16850=COLOUR_RGB('',0.431372553110123,0.862745106220245,0.549019634723663);
#16851=COLOUR_RGB('',0.431372553110123,0.862745106220245,0.549019634723663);
#16852=CARTESIAN_POINT('',(1.524,-2.921,1.016));
#16853=CARTESIAN_POINT('',(0.889,-2.921,1.016));
#16854=VECTOR('',#18384,1.0);
#16855=CARTESIAN_POINT('',(1.524,1.651,1.016));
#16856=CARTESIAN_POINT('',(1.524,-2.921,1.016));
#16857=VECTOR('',#18385,1.0);
#16858=CARTESIAN_POINT('',(1.524,1.651,1.016));
#16859=VECTOR('',#18386,1.0);
#16860=COLOUR_RGB('',0.431372553110123,0.862745106220245,0.549019634723663);
#16861=CARTESIAN_POINT('',(1.524,3.048,9.144));
#16862=CARTESIAN_POINT('',(8.5725,3.048,9.144));
#16863=VECTOR('',#18387,1.0);
#16864=CARTESIAN_POINT('',(1.524,3.048,1.016));
#16865=CARTESIAN_POINT('',(1.524,3.048,1.016));
#16866=VECTOR('',#18388,1.0);
#16867=CARTESIAN_POINT('',(1.524,3.048,1.016));
#16868=VECTOR('',#18389,1.0);
#16869=COLOUR_RGB('',0.431372553110123,0.862745106220245,0.549019634723663);
#16870=CARTESIAN_POINT('',(2.66309230769231,5.04141153846154,9.144));
#16871=VECTOR('',#18390,1.0);
#16872=CARTESIAN_POINT('',(1.016,2.159,1.016));
#16873=VECTOR('',#18391,0.999999999999999);
#16874=COLOUR_RGB('',0.431372553110123,0.862745106220245,0.549019634723663);
#16875=CARTESIAN_POINT('',(0.762,1.651,9.144));
#16876=CARTESIAN_POINT('',(0.762,0.9525,9.144));
#16877=VECTOR('',#18392,1.0);
#16878=CARTESIAN_POINT('',(0.762,1.651,1.016));
#16879=VECTOR('',#18393,1.0);
#16880=COLOUR_RGB('',0.431372553110123,0.862745106220245,0.549019634723663);
#16881=CARTESIAN_POINT('',(1.524,1.651,9.144));
#16882=CARTESIAN_POINT('',(9.144,1.651,9.144));
#16883=VECTOR('',#18394,1.0);
#16884=CARTESIAN_POINT('',(1.524,1.651,1.016));
#16885=VECTOR('',#18395,1.0);
#16886=COLOUR_RGB('',0.431372553110123,0.862745106220245,0.549019634723663);
#16887=CARTESIAN_POINT('',(1.524,-2.921,9.144));
#16888=CARTESIAN_POINT('',(1.524,-0.317499999999999,9.144));
#16889=VECTOR('',#18396,1.0);
#16890=CARTESIAN_POINT('',(1.524,-2.921,1.016));
#16891=VECTOR('',#18397,1.0);
#16892=COLOUR_RGB('',0.431372553110123,0.862745106220245,0.549019634723663);
#16893=CARTESIAN_POINT('',(9.17575,-2.921,9.144));
#16894=VECTOR('',#18398,1.0);
#16895=COLOUR_RGB('',0.431372553110123,0.862745106220245,0.549019634723663);
#16896=COLOUR_RGB('',0.431372553110123,0.862745106220245,0.549019634723663);
#16897=CARTESIAN_POINT('',(36.89,3.429,9.144));
#16898=CARTESIAN_POINT('',(36.89,3.429,4.572));
#16899=VECTOR('',#18399,1.0);
#16900=CARTESIAN_POINT('',(-2.6,3.429,9.144));
#16901=CARTESIAN_POINT('',(-2.6,3.429,4.572));
#16902=VECTOR('',#18400,1.0);
#16903=CARTESIAN_POINT('',(17.145,3.429,9.144));
#16904=VECTOR('',#18401,1.0);
#16905=COLOUR_RGB('',0.431372553110123,0.862745106220245,0.549019634723663);
#16906=CARTESIAN_POINT('',(-2.6,5.5990851657017E-16,9.144));
#16907=VECTOR('',#18402,1.0);
#16908=COLOUR_RGB('',0.431372553110123,0.862745106220245,0.549019634723663);
#16909=CARTESIAN_POINT('',(36.89,5.5990851657017E-16,9.144));
#16910=VECTOR('',#18403,1.0);
#16911=COLOUR_RGB('',0.431372553110123,0.862745106220245,0.549019634723663);
#16912=DIRECTION('',(0.0,-6.12323399573676E-17,-1.0));
#16913=CARTESIAN_POINT('',(0.0,-0.635,3.175));
#16914=DIRECTION('',(-0.0,6.12323399573676E-17,1.0));
#16915=DIRECTION('',(1.0,0.0,0.0));
#16916=DIRECTION('',(-0.0,6.12323399573676E-17,1.0));
#16917=CARTESIAN_POINT('',(0.0,-0.635,2.159));
#16918=DIRECTION('',(-0.0,6.12323399573676E-17,1.0));
#16919=DIRECTION('',(1.0,0.0,0.0));
#16920=DIRECTION('',(0.0,-6.12323399573676E-17,-1.0));
#16921=CARTESIAN_POINT('',(3.81,-0.635,3.175));
#16922=DIRECTION('',(-0.0,6.12323399573676E-17,1.0));
#16923=DIRECTION('',(1.0,0.0,0.0));
#16924=DIRECTION('',(-0.0,6.12323399573676E-17,1.0));
#16925=CARTESIAN_POINT('',(3.81,-0.635,2.159));
#16926=DIRECTION('',(-0.0,6.12323399573676E-17,1.0));
#16927=DIRECTION('',(1.0,0.0,0.0));
#16928=DIRECTION('',(0.0,-6.12323399573676E-17,-1.0));
#16929=CARTESIAN_POINT('',(7.62,-0.635,3.175));
#16930=DIRECTION('',(-0.0,6.12323399573676E-17,1.0));
#16931=DIRECTION('',(1.0,0.0,0.0));
#16932=DIRECTION('',(-0.0,6.12323399573676E-17,1.0));
#16933=CARTESIAN_POINT('',(7.62,-0.635,2.159));
#16934=DIRECTION('',(-0.0,6.12323399573676E-17,1.0));
#16935=DIRECTION('',(1.0,0.0,0.0));
#16936=DIRECTION('',(0.0,-6.12323399573676E-17,-1.0));
#16937=CARTESIAN_POINT('',(11.43,-0.635,3.175));
#16938=DIRECTION('',(-0.0,6.12323399573676E-17,1.0));
#16939=DIRECTION('',(1.0,0.0,0.0));
#16940=DIRECTION('',(-0.0,6.12323399573676E-17,1.0));
#16941=CARTESIAN_POINT('',(11.43,-0.635,2.159));
#16942=DIRECTION('',(-0.0,6.12323399573676E-17,1.0));
#16943=DIRECTION('',(1.0,0.0,0.0));
#16944=DIRECTION('',(0.0,-6.12323399573676E-17,-1.0));
#16945=CARTESIAN_POINT('',(15.24,-0.635,3.175));
#16946=DIRECTION('',(-0.0,6.12323399573676E-17,1.0));
#16947=DIRECTION('',(1.0,0.0,0.0));
#16948=DIRECTION('',(-0.0,6.12323399573676E-17,1.0));
#16949=CARTESIAN_POINT('',(15.24,-0.635,2.159));
#16950=DIRECTION('',(-0.0,6.12323399573676E-17,1.0));
#16951=DIRECTION('',(1.0,0.0,0.0));
#16952=DIRECTION('',(0.0,-6.12323399573676E-17,-1.0));
#16953=CARTESIAN_POINT('',(19.05,-0.635,3.175));
#16954=DIRECTION('',(-0.0,6.12323399573676E-17,1.0));
#16955=DIRECTION('',(1.0,0.0,0.0));
#16956=DIRECTION('',(-0.0,6.12323399573676E-17,1.0));
#16957=CARTESIAN_POINT('',(19.05,-0.635,2.159));
#16958=DIRECTION('',(-0.0,6.12323399573676E-17,1.0));
#16959=DIRECTION('',(1.0,0.0,0.0));
#16960=DIRECTION('',(0.0,-6.12323399573676E-17,-1.0));
#16961=CARTESIAN_POINT('',(22.86,-0.635,3.175));
#16962=DIRECTION('',(-0.0,6.12323399573676E-17,1.0));
#16963=DIRECTION('',(1.0,0.0,0.0));
#16964=DIRECTION('',(-0.0,6.12323399573676E-17,1.0));
#16965=CARTESIAN_POINT('',(22.86,-0.635,2.159));
#16966=DIRECTION('',(-0.0,6.12323399573676E-17,1.0));
#16967=DIRECTION('',(1.0,0.0,0.0));
#16968=DIRECTION('',(0.0,-6.12323399573676E-17,-1.0));
#16969=CARTESIAN_POINT('',(26.67,-0.635,3.175));
#16970=DIRECTION('',(-0.0,6.12323399573676E-17,1.0));
#16971=DIRECTION('',(1.0,0.0,0.0));
#16972=DIRECTION('',(-0.0,6.12323399573676E-17,1.0));
#16973=CARTESIAN_POINT('',(26.67,-0.635,2.159));
#16974=DIRECTION('',(-0.0,6.12323399573676E-17,1.0));
#16975=DIRECTION('',(1.0,0.0,0.0));
#16976=DIRECTION('',(0.0,-6.12323399573676E-17,-1.0));
#16977=CARTESIAN_POINT('',(30.48,-0.635,3.175));
#16978=DIRECTION('',(-0.0,6.12323399573676E-17,1.0));
#16979=DIRECTION('',(1.0,0.0,0.0));
#16980=DIRECTION('',(-0.0,6.12323399573676E-17,1.0));
#16981=CARTESIAN_POINT('',(30.48,-0.635,2.159));
#16982=DIRECTION('',(-0.0,6.12323399573676E-17,1.0));
#16983=DIRECTION('',(1.0,0.0,0.0));
#16984=DIRECTION('',(0.0,-6.12323399573676E-17,-1.0));
#16985=CARTESIAN_POINT('',(34.29,-0.635,3.175));
#16986=DIRECTION('',(-0.0,6.12323399573676E-17,1.0));
#16987=DIRECTION('',(1.0,0.0,0.0));
#16988=DIRECTION('',(-0.0,6.12323399573676E-17,1.0));
#16989=CARTESIAN_POINT('',(34.29,-0.635,2.159));
#16990=DIRECTION('',(-0.0,6.12323399573676E-17,1.0));
#16991=DIRECTION('',(1.0,0.0,0.0));
#16992=DIRECTION('',(-0.0,6.12323399573676E-17,1.0));
#16993=CARTESIAN_POINT('',(0.0,1.189,-7.28052522093102E-17));
#16994=DIRECTION('',(-0.0,6.12323399573676E-17,1.0));
#16995=DIRECTION('',(1.0,0.0,0.0));
#16996=DIRECTION('',(-0.0,-6.12323399573676E-17,-1.0));
#16997=CARTESIAN_POINT('',(0.0,1.189,1.4224));
#16998=DIRECTION('',(-0.0,6.12323399573676E-17,1.0));
#16999=DIRECTION('',(1.0,0.0,0.0));
#17000=DIRECTION('',(-0.0,6.12323399573676E-17,1.0));
#17001=CARTESIAN_POINT('',(3.81,1.189,-7.28052522093102E-17));
#17002=DIRECTION('',(-0.0,6.12323399573676E-17,1.0));
#17003=DIRECTION('',(1.0,0.0,0.0));
#17004=DIRECTION('',(-0.0,-6.12323399573676E-17,-1.0));
#17005=CARTESIAN_POINT('',(3.81,1.189,1.4224));
#17006=DIRECTION('',(-0.0,6.12323399573676E-17,1.0));
#17007=DIRECTION('',(1.0,0.0,0.0));
#17008=DIRECTION('',(-0.0,6.12323399573676E-17,1.0));
#17009=CARTESIAN_POINT('',(7.62,1.189,-7.28052522093102E-17));
#17010=DIRECTION('',(-0.0,6.12323399573676E-17,1.0));
#17011=DIRECTION('',(1.0,0.0,0.0));
#17012=DIRECTION('',(-0.0,-6.12323399573676E-17,-1.0));
#17013=CARTESIAN_POINT('',(7.62,1.189,1.4224));
#17014=DIRECTION('',(-0.0,6.12323399573676E-17,1.0));
#17015=DIRECTION('',(1.0,0.0,0.0));
#17016=DIRECTION('',(-0.0,6.12323399573676E-17,1.0));
#17017=CARTESIAN_POINT('',(11.43,1.189,-7.28052522093102E-17));
#17018=DIRECTION('',(-0.0,6.12323399573676E-17,1.0));
#17019=DIRECTION('',(1.0,0.0,0.0));
#17020=DIRECTION('',(-0.0,-6.12323399573676E-17,-1.0));
#17021=CARTESIAN_POINT('',(11.43,1.189,1.4224));
#17022=DIRECTION('',(-0.0,6.12323399573676E-17,1.0));
#17023=DIRECTION('',(1.0,0.0,0.0));
#17024=DIRECTION('',(-0.0,6.12323399573676E-17,1.0));
#17025=CARTESIAN_POINT('',(15.24,1.189,-7.28052522093102E-17));
#17026=DIRECTION('',(-0.0,6.12323399573676E-17,1.0));
#17027=DIRECTION('',(1.0,0.0,0.0));
#17028=DIRECTION('',(-0.0,-6.12323399573676E-17,-1.0));
#17029=CARTESIAN_POINT('',(15.24,1.189,1.4224));
#17030=DIRECTION('',(-0.0,6.12323399573676E-17,1.0));
#17031=DIRECTION('',(1.0,0.0,0.0));
#17032=DIRECTION('',(-0.0,6.12323399573676E-17,1.0));
#17033=CARTESIAN_POINT('',(19.05,1.189,-7.28052522093102E-17));
#17034=DIRECTION('',(-0.0,6.12323399573676E-17,1.0));
#17035=DIRECTION('',(1.0,0.0,0.0));
#17036=DIRECTION('',(-0.0,-6.12323399573676E-17,-1.0));
#17037=CARTESIAN_POINT('',(19.05,1.189,1.4224));
#17038=DIRECTION('',(-0.0,6.12323399573676E-17,1.0));
#17039=DIRECTION('',(1.0,0.0,0.0));
#17040=DIRECTION('',(-0.0,6.12323399573676E-17,1.0));
#17041=CARTESIAN_POINT('',(22.86,1.189,-7.28052522093102E-17));
#17042=DIRECTION('',(-0.0,6.12323399573676E-17,1.0));
#17043=DIRECTION('',(1.0,0.0,0.0));
#17044=DIRECTION('',(-0.0,-6.12323399573676E-17,-1.0));
#17045=CARTESIAN_POINT('',(22.86,1.189,1.4224));
#17046=DIRECTION('',(-0.0,6.12323399573676E-17,1.0));
#17047=DIRECTION('',(1.0,0.0,0.0));
#17048=DIRECTION('',(-0.0,6.12323399573676E-17,1.0));
#17049=CARTESIAN_POINT('',(26.67,1.189,-7.28052522093102E-17));
#17050=DIRECTION('',(-0.0,6.12323399573676E-17,1.0));
#17051=DIRECTION('',(1.0,0.0,0.0));
#17052=DIRECTION('',(-0.0,-6.12323399573676E-17,-1.0));
#17053=CARTESIAN_POINT('',(26.67,1.189,1.4224));
#17054=DIRECTION('',(-0.0,6.12323399573676E-17,1.0));
#17055=DIRECTION('',(1.0,0.0,0.0));
#17056=DIRECTION('',(-0.0,6.12323399573676E-17,1.0));
#17057=CARTESIAN_POINT('',(30.48,1.189,-7.28052522093102E-17));
#17058=DIRECTION('',(-0.0,6.12323399573676E-17,1.0));
#17059=DIRECTION('',(1.0,0.0,0.0));
#17060=DIRECTION('',(-0.0,-6.12323399573676E-17,-1.0));
#17061=CARTESIAN_POINT('',(30.48,1.189,1.4224));
#17062=DIRECTION('',(-0.0,6.12323399573676E-17,1.0));
#17063=DIRECTION('',(1.0,0.0,0.0));
#17064=DIRECTION('',(-0.0,6.12323399573676E-17,1.0));
#17065=CARTESIAN_POINT('',(34.29,1.189,-7.28052522093102E-17));
#17066=DIRECTION('',(-0.0,6.12323399573676E-17,1.0));
#17067=DIRECTION('',(1.0,0.0,0.0));
#17068=DIRECTION('',(-0.0,-6.12323399573676E-17,-1.0));
#17069=CARTESIAN_POINT('',(34.29,1.189,1.4224));
#17070=DIRECTION('',(-0.0,6.12323399573676E-17,1.0));
#17071=DIRECTION('',(1.0,0.0,0.0));
#17072=DIRECTION('',(-1.0,0.0,6.12323399573676E-17));
#17073=CARTESIAN_POINT('',(34.6964,-1.2446,1.6256));
#17074=DIRECTION('',(-1.0,0.0,6.12323399573676E-17));
#17075=DIRECTION('',(6.12323399573676E-17,0.0,1.0));
#17076=DIRECTION('',(-1.0,0.0,6.12323399573676E-17));
#17077=CARTESIAN_POINT('',(33.8836,-1.2446,1.6256));
#17078=DIRECTION('',(1.0,0.0,-6.12323399573676E-17));
#17079=DIRECTION('',(6.12323399573676E-17,0.0,1.0));
#17080=DIRECTION('',(-3.74939945665464E-33,1.0,-6.12323399573676E-17));
#17081=DIRECTION('',(-6.12323399573676E-17,0.0,-1.0));
#17082=DIRECTION('',(3.74939945665464E-33,1.0,6.12323399573676E-17));
#17083=DIRECTION('',(6.12323399573676E-17,-1.61887288513438E-16,1.0));
#17084=DIRECTION('',(-1.0,0.0,0.0));
#17085=DIRECTION('',(-6.12323399573676E-17,0.0,-1.0));
#17086=DIRECTION('',(-1.0,0.0,6.12323399573676E-17));
#17087=DIRECTION('',(3.74939945665464E-33,-1.0,6.12323399573676E-17));
#17088=DIRECTION('',(6.12323399573676E-17,-1.61887288513438E-16,1.0));
#17089=DIRECTION('',(-3.74939945665464E-33,-1.0,-6.12323399573676E-17));
#17090=DIRECTION('',(-3.74939945665464E-33,1.0,-6.12323399573676E-17));
#17091=DIRECTION('',(-6.12323399573676E-17,-6.12323399573676E-17,-1.0));
#17092=DIRECTION('',(0.0,-1.0,0.0));
#17093=DIRECTION('',(-6.12323399573676E-17,-3.67394039744209E-16,-1.0));
#17094=DIRECTION('',(0.0,1.0,0.0));
#17095=DIRECTION('',(-0.162221421130763,-0.162221421130763,-0.973328526784575));
#17096=DIRECTION('',(1.02053899928947E-17,-1.0,-6.24899909442444E-34));
#17097=DIRECTION('',(0.162221421130763,-0.162221421130763,0.973328526784575));
#17098=DIRECTION('',(-0.162221421130761,0.162221421130763,0.973328526784575));
#17099=DIRECTION('',(0.162221421130761,0.162221421130763,-0.973328526784575));
#17100=DIRECTION('',(1.02053899928945E-17,1.0,-6.24899909442435E-34));
#17101=DIRECTION('',(3.74939945665464E-33,-1.0,6.12323399573676E-17));
#17102=DIRECTION('',(0.0,1.0,0.0));
#17103=DIRECTION('',(6.12323399573676E-17,0.0,1.0));
#17104=DIRECTION('',(0.0,-1.0,0.0));
#17105=DIRECTION('',(6.12323399573676E-17,6.12323399573676E-17,1.0));
#17106=DIRECTION('',(-1.0,0.0,6.12323399573676E-17));
#17107=DIRECTION('',(-1.0,0.0,6.12323399573676E-17));
#17108=DIRECTION('',(0.162221421130763,-0.973328526784575,-0.162221421130761));
#17109=DIRECTION('',(-0.162221421130763,0.973328526784575,-0.162221421130763));
#17110=DIRECTION('',(0.0,0.0,-1.0));
#17111=DIRECTION('',(0.162221421130761,0.973328526784576,0.162221421130761));
#17112=DIRECTION('',(0.0,0.0,1.0));
#17113=DIRECTION('',(-0.162221421130761,-0.973328526784575,0.162221421130763));
#17114=DIRECTION('',(-1.0,0.0,6.12323399573676E-17));
#17115=DIRECTION('',(-1.0,0.0,6.12323399573676E-17));
#17116=DIRECTION('',(-1.0,0.0,6.12323399573676E-17));
#17117=DIRECTION('',(-1.0,0.0,6.12323399573676E-17));
#17118=DIRECTION('',(1.0,-9.91273748503128E-33,6.06980111591577E-49));
#17119=DIRECTION('',(-1.0,0.0,6.12323399573676E-17));
#17120=DIRECTION('',(1.0,-3.74939945665464E-33,-6.12323399573676E-17));
#17121=DIRECTION('',(1.0,0.0,0.0));
#17122=DIRECTION('',(0.0,-6.12323399573676E-17,-1.0));
#17123=DIRECTION('',(1.0,0.0,0.0));
#17124=DIRECTION('',(0.0,6.12323399573676E-17,1.0));
#17125=DIRECTION('',(-1.0,0.0,0.0));
#17126=DIRECTION('',(0.0,-6.12323399573676E-17,-1.0));
#17127=DIRECTION('',(1.0,0.0,0.0));
#17128=DIRECTION('',(0.0,6.12323399573676E-17,1.0));
#17129=DIRECTION('',(1.0,0.0,0.0));
#17130=DIRECTION('',(6.12323399573676E-17,6.12323399573676E-17,1.0));
#17131=DIRECTION('',(1.0,-3.74939945665464E-33,-6.12323399573676E-17));
#17132=DIRECTION('',(-6.12323399573676E-17,-6.12323399573676E-17,-1.0));
#17133=DIRECTION('',(1.0,0.0,0.0));
#17134=DIRECTION('',(0.0,-6.12323399573676E-17,-1.0));
#17135=DIRECTION('',(1.0,0.0,0.0));
#17136=DIRECTION('',(0.0,6.12323399573676E-17,1.0));
#17137=DIRECTION('',(1.0,0.0,0.0));
#17138=DIRECTION('',(6.12323399573676E-17,6.12323399573676E-17,1.0));
#17139=DIRECTION('',(1.0,-3.74939945665464E-33,-6.12323399573676E-17));
#17140=DIRECTION('',(-6.12323399573676E-17,-6.12323399573676E-17,-1.0));
#17141=DIRECTION('',(1.0,0.0,0.0));
#17142=DIRECTION('',(0.0,-6.12323399573676E-17,-1.0));
#17143=DIRECTION('',(1.0,0.0,0.0));
#17144=DIRECTION('',(0.0,6.12323399573676E-17,1.0));
#17145=DIRECTION('',(1.0,0.0,0.0));
#17146=DIRECTION('',(6.12323399573676E-17,6.12323399573676E-17,1.0));
#17147=DIRECTION('',(1.0,-3.74939945665464E-33,-6.12323399573676E-17));
#17148=DIRECTION('',(-6.12323399573676E-17,-6.12323399573676E-17,-1.0));
#17149=DIRECTION('',(1.0,0.0,0.0));
#17150=DIRECTION('',(0.0,-6.12323399573676E-17,-1.0));
#17151=DIRECTION('',(1.0,0.0,0.0));
#17152=DIRECTION('',(0.0,6.12323399573676E-17,1.0));
#17153=DIRECTION('',(1.0,0.0,0.0));
#17154=DIRECTION('',(6.12323399573676E-17,6.12323399573676E-17,1.0));
#17155=DIRECTION('',(1.0,-3.74939945665464E-33,-6.12323399573676E-17));
#17156=DIRECTION('',(-6.12323399573676E-17,-6.12323399573676E-17,-1.0));
#17157=DIRECTION('',(1.0,0.0,0.0));
#17158=DIRECTION('',(0.0,-6.12323399573676E-17,-1.0));
#17159=DIRECTION('',(1.0,0.0,0.0));
#17160=DIRECTION('',(0.0,6.12323399573676E-17,1.0));
#17161=DIRECTION('',(1.0,0.0,0.0));
#17162=DIRECTION('',(6.12323399573676E-17,6.12323399573676E-17,1.0));
#17163=DIRECTION('',(1.0,-3.74939945665464E-33,-6.12323399573676E-17));
#17164=DIRECTION('',(-6.12323399573676E-17,-6.12323399573676E-17,-1.0));
#17165=DIRECTION('',(1.0,0.0,0.0));
#17166=DIRECTION('',(0.0,-6.12323399573676E-17,-1.0));
#17167=DIRECTION('',(1.0,0.0,0.0));
#17168=DIRECTION('',(0.0,6.12323399573676E-17,1.0));
#17169=DIRECTION('',(1.0,0.0,0.0));
#17170=DIRECTION('',(6.12323399573676E-17,6.12323399573676E-17,1.0));
#17171=DIRECTION('',(1.0,-3.74939945665464E-33,-6.12323399573676E-17));
#17172=DIRECTION('',(-6.12323399573676E-17,-6.12323399573676E-17,-1.0));
#17173=DIRECTION('',(1.0,0.0,0.0));
#17174=DIRECTION('',(0.0,-6.12323399573676E-17,-1.0));
#17175=DIRECTION('',(1.0,0.0,0.0));
#17176=DIRECTION('',(0.0,6.12323399573676E-17,1.0));
#17177=DIRECTION('',(1.0,0.0,0.0));
#17178=DIRECTION('',(6.12323399573676E-17,6.12323399573676E-17,1.0));
#17179=DIRECTION('',(1.0,-3.74939945665464E-33,-6.12323399573676E-17));
#17180=DIRECTION('',(-6.12323399573676E-17,-6.12323399573676E-17,-1.0));
#17181=DIRECTION('',(1.0,0.0,0.0));
#17182=DIRECTION('',(0.0,-6.12323399573676E-17,-1.0));
#17183=DIRECTION('',(1.0,0.0,0.0));
#17184=DIRECTION('',(0.0,6.12323399573676E-17,1.0));
#17185=DIRECTION('',(1.0,0.0,0.0));
#17186=DIRECTION('',(6.12323399573676E-17,6.12323399573676E-17,1.0));
#17187=DIRECTION('',(1.0,-3.74939945665464E-33,-6.12323399573676E-17));
#17188=DIRECTION('',(-6.12323399573676E-17,-6.12323399573676E-17,-1.0));
#17189=DIRECTION('',(1.0,0.0,0.0));
#17190=DIRECTION('',(0.0,-6.12323399573676E-17,-1.0));
#17191=DIRECTION('',(1.0,0.0,0.0));
#17192=DIRECTION('',(0.0,6.12323399573676E-17,1.0));
#17193=DIRECTION('',(1.0,0.0,0.0));
#17194=DIRECTION('',(6.12323399573676E-17,6.12323399573676E-17,1.0));
#17195=DIRECTION('',(1.0,-3.74939945665464E-33,-6.12323399573676E-17));
#17196=DIRECTION('',(-6.12323399573676E-17,-6.12323399573676E-17,-1.0));
#17197=DIRECTION('',(1.0,0.0,0.0));
#17198=DIRECTION('',(0.0,-6.12323399573676E-17,-1.0));
#17199=DIRECTION('',(1.0,0.0,0.0));
#17200=DIRECTION('',(0.0,6.12323399573676E-17,1.0));
#17201=DIRECTION('',(1.0,0.0,0.0));
#17202=DIRECTION('',(-1.0,0.0,6.12323399573676E-17));
#17203=CARTESIAN_POINT('',(30.8864,-1.2446,1.6256));
#17204=DIRECTION('',(-1.0,0.0,6.12323399573676E-17));
#17205=DIRECTION('',(6.12323399573676E-17,0.0,1.0));
#17206=DIRECTION('',(-1.0,0.0,6.12323399573676E-17));
#17207=CARTESIAN_POINT('',(30.0736,-1.2446,1.6256));
#17208=DIRECTION('',(1.0,0.0,-6.12323399573676E-17));
#17209=DIRECTION('',(6.12323399573676E-17,0.0,1.0));
#17210=DIRECTION('',(-3.74939945665464E-33,1.0,-6.12323399573676E-17));
#17211=DIRECTION('',(-6.12323399573676E-17,0.0,-1.0));
#17212=DIRECTION('',(3.74939945665464E-33,1.0,6.12323399573676E-17));
#17213=DIRECTION('',(6.12323399573676E-17,-1.61887288513438E-16,1.0));
#17214=DIRECTION('',(-1.0,0.0,0.0));
#17215=DIRECTION('',(-6.12323399573676E-17,0.0,-1.0));
#17216=DIRECTION('',(-1.0,0.0,6.12323399573676E-17));
#17217=DIRECTION('',(3.74939945665464E-33,-1.0,6.12323399573676E-17));
#17218=DIRECTION('',(6.12323399573676E-17,-1.61887288513438E-16,1.0));
#17219=DIRECTION('',(-3.74939945665464E-33,-1.0,-6.12323399573676E-17));
#17220=DIRECTION('',(-3.74939945665464E-33,1.0,-6.12323399573676E-17));
#17221=DIRECTION('',(0.0,-1.0,0.0));
#17222=DIRECTION('',(-6.12323399573676E-17,-3.67394039744209E-16,-1.0));
#17223=DIRECTION('',(0.0,1.0,0.0));
#17224=DIRECTION('',(-0.162221421130763,-0.162221421130763,-0.973328526784575));
#17225=DIRECTION('',(1.02053899928947E-17,-1.0,-6.24899909442444E-34));
#17226=DIRECTION('',(0.162221421130763,-0.162221421130763,0.973328526784575));
#17227=DIRECTION('',(-0.162221421130761,0.162221421130763,0.973328526784575));
#17228=DIRECTION('',(0.162221421130761,0.162221421130763,-0.973328526784575));
#17229=DIRECTION('',(1.02053899928945E-17,1.0,-6.24899909442435E-34));
#17230=DIRECTION('',(3.74939945665464E-33,-1.0,6.12323399573676E-17));
#17231=DIRECTION('',(0.0,1.0,0.0));
#17232=DIRECTION('',(6.12323399573676E-17,0.0,1.0));
#17233=DIRECTION('',(0.0,-1.0,0.0));
#17234=DIRECTION('',(-1.0,0.0,6.12323399573676E-17));
#17235=DIRECTION('',(-1.0,0.0,6.12323399573676E-17));
#17236=DIRECTION('',(0.162221421130763,-0.973328526784575,-0.162221421130761));
#17237=DIRECTION('',(-0.162221421130763,0.973328526784575,-0.162221421130763));
#17238=DIRECTION('',(0.0,0.0,-1.0));
#17239=DIRECTION('',(0.162221421130761,0.973328526784576,0.162221421130761));
#17240=DIRECTION('',(0.0,0.0,1.0));
#17241=DIRECTION('',(-0.162221421130761,-0.973328526784575,0.162221421130763));
#17242=DIRECTION('',(-1.0,0.0,6.12323399573676E-17));
#17243=DIRECTION('',(-1.0,0.0,6.12323399573676E-17));
#17244=DIRECTION('',(-1.0,0.0,6.12323399573676E-17));
#17245=DIRECTION('',(-1.0,0.0,6.12323399573676E-17));
#17246=DIRECTION('',(1.0,-9.91273748503128E-33,6.06980111591577E-49));
#17247=DIRECTION('',(-1.0,0.0,6.12323399573676E-17));
#17248=DIRECTION('',(-1.0,0.0,6.12323399573676E-17));
#17249=CARTESIAN_POINT('',(27.0764,-1.2446,1.6256));
#17250=DIRECTION('',(-1.0,0.0,6.12323399573676E-17));
#17251=DIRECTION('',(6.12323399573676E-17,0.0,1.0));
#17252=DIRECTION('',(-1.0,0.0,6.12323399573676E-17));
#17253=CARTESIAN_POINT('',(26.2636,-1.2446,1.6256));
#17254=DIRECTION('',(1.0,0.0,-6.12323399573676E-17));
#17255=DIRECTION('',(6.12323399573676E-17,0.0,1.0));
#17256=DIRECTION('',(-3.74939945665464E-33,1.0,-6.12323399573676E-17));
#17257=DIRECTION('',(-6.12323399573676E-17,0.0,-1.0));
#17258=DIRECTION('',(3.74939945665464E-33,1.0,6.12323399573676E-17));
#17259=DIRECTION('',(6.12323399573676E-17,-1.61887288513438E-16,1.0));
#17260=DIRECTION('',(-1.0,0.0,0.0));
#17261=DIRECTION('',(-6.12323399573676E-17,0.0,-1.0));
#17262=DIRECTION('',(-1.0,0.0,6.12323399573676E-17));
#17263=DIRECTION('',(3.74939945665464E-33,-1.0,6.12323399573676E-17));
#17264=DIRECTION('',(6.12323399573676E-17,-1.61887288513438E-16,1.0));
#17265=DIRECTION('',(-3.74939945665464E-33,-1.0,-6.12323399573676E-17));
#17266=DIRECTION('',(-3.74939945665464E-33,1.0,-6.12323399573676E-17));
#17267=DIRECTION('',(0.0,-1.0,0.0));
#17268=DIRECTION('',(-6.12323399573676E-17,-3.67394039744209E-16,-1.0));
#17269=DIRECTION('',(0.0,1.0,0.0));
#17270=DIRECTION('',(-0.162221421130763,-0.162221421130763,-0.973328526784575));
#17271=DIRECTION('',(1.02053899928947E-17,-1.0,-6.24899909442444E-34));
#17272=DIRECTION('',(0.162221421130763,-0.162221421130763,0.973328526784575));
#17273=DIRECTION('',(-0.162221421130761,0.162221421130763,0.973328526784575));
#17274=DIRECTION('',(0.162221421130761,0.162221421130763,-0.973328526784575));
#17275=DIRECTION('',(1.02053899928945E-17,1.0,-6.24899909442435E-34));
#17276=DIRECTION('',(3.74939945665464E-33,-1.0,6.12323399573676E-17));
#17277=DIRECTION('',(0.0,1.0,0.0));
#17278=DIRECTION('',(6.12323399573676E-17,0.0,1.0));
#17279=DIRECTION('',(0.0,-1.0,0.0));
#17280=DIRECTION('',(-1.0,0.0,6.12323399573676E-17));
#17281=DIRECTION('',(-1.0,0.0,6.12323399573676E-17));
#17282=DIRECTION('',(0.162221421130763,-0.973328526784575,-0.162221421130761));
#17283=DIRECTION('',(-0.162221421130763,0.973328526784575,-0.162221421130763));
#17284=DIRECTION('',(0.0,0.0,-1.0));
#17285=DIRECTION('',(0.162221421130761,0.973328526784576,0.162221421130761));
#17286=DIRECTION('',(0.0,0.0,1.0));
#17287=DIRECTION('',(-0.162221421130761,-0.973328526784575,0.162221421130763));
#17288=DIRECTION('',(-1.0,0.0,6.12323399573676E-17));
#17289=DIRECTION('',(-1.0,0.0,6.12323399573676E-17));
#17290=DIRECTION('',(-1.0,0.0,6.12323399573676E-17));
#17291=DIRECTION('',(-1.0,0.0,6.12323399573676E-17));
#17292=DIRECTION('',(1.0,-9.91273748503128E-33,6.06980111591577E-49));
#17293=DIRECTION('',(-1.0,0.0,6.12323399573676E-17));
#17294=DIRECTION('',(-1.0,0.0,6.12323399573676E-17));
#17295=CARTESIAN_POINT('',(23.2664,-1.2446,1.6256));
#17296=DIRECTION('',(-1.0,0.0,6.12323399573676E-17));
#17297=DIRECTION('',(6.12323399573676E-17,0.0,1.0));
#17298=DIRECTION('',(-1.0,0.0,6.12323399573676E-17));
#17299=CARTESIAN_POINT('',(22.4536,-1.2446,1.6256));
#17300=DIRECTION('',(1.0,0.0,-6.12323399573676E-17));
#17301=DIRECTION('',(6.12323399573676E-17,0.0,1.0));
#17302=DIRECTION('',(-3.74939945665464E-33,1.0,-6.12323399573676E-17));
#17303=DIRECTION('',(-6.12323399573676E-17,0.0,-1.0));
#17304=DIRECTION('',(3.74939945665464E-33,1.0,6.12323399573676E-17));
#17305=DIRECTION('',(6.12323399573676E-17,-1.61887288513438E-16,1.0));
#17306=DIRECTION('',(-1.0,0.0,0.0));
#17307=DIRECTION('',(-6.12323399573676E-17,0.0,-1.0));
#17308=DIRECTION('',(-1.0,0.0,6.12323399573676E-17));
#17309=DIRECTION('',(3.74939945665464E-33,-1.0,6.12323399573676E-17));
#17310=DIRECTION('',(6.12323399573676E-17,-1.61887288513438E-16,1.0));
#17311=DIRECTION('',(-3.74939945665464E-33,-1.0,-6.12323399573676E-17));
#17312=DIRECTION('',(-3.74939945665464E-33,1.0,-6.12323399573676E-17));
#17313=DIRECTION('',(0.0,-1.0,0.0));
#17314=DIRECTION('',(-6.12323399573676E-17,-3.67394039744209E-16,-1.0));
#17315=DIRECTION('',(0.0,1.0,0.0));
#17316=DIRECTION('',(-0.162221421130763,-0.162221421130763,-0.973328526784575));
#17317=DIRECTION('',(1.02053899928947E-17,-1.0,-6.24899909442444E-34));
#17318=DIRECTION('',(0.162221421130763,-0.162221421130763,0.973328526784575));
#17319=DIRECTION('',(-0.162221421130761,0.162221421130763,0.973328526784575));
#17320=DIRECTION('',(0.162221421130761,0.162221421130763,-0.973328526784575));
#17321=DIRECTION('',(1.02053899928945E-17,1.0,-6.24899909442435E-34));
#17322=DIRECTION('',(3.74939945665464E-33,-1.0,6.12323399573676E-17));
#17323=DIRECTION('',(0.0,1.0,0.0));
#17324=DIRECTION('',(6.12323399573676E-17,0.0,1.0));
#17325=DIRECTION('',(0.0,-1.0,0.0));
#17326=DIRECTION('',(-1.0,0.0,6.12323399573676E-17));
#17327=DIRECTION('',(-1.0,0.0,6.12323399573676E-17));
#17328=DIRECTION('',(0.162221421130763,-0.973328526784575,-0.162221421130761));
#17329=DIRECTION('',(-0.162221421130763,0.973328526784575,-0.162221421130763));
#17330=DIRECTION('',(0.0,0.0,-1.0));
#17331=DIRECTION('',(0.162221421130761,0.973328526784576,0.162221421130761));
#17332=DIRECTION('',(0.0,0.0,1.0));
#17333=DIRECTION('',(-0.162221421130761,-0.973328526784575,0.162221421130763));
#17334=DIRECTION('',(-1.0,0.0,6.12323399573676E-17));
#17335=DIRECTION('',(-1.0,0.0,6.12323399573676E-17));
#17336=DIRECTION('',(-1.0,0.0,6.12323399573676E-17));
#17337=DIRECTION('',(-1.0,0.0,6.12323399573676E-17));
#17338=DIRECTION('',(1.0,-9.91273748503128E-33,6.06980111591577E-49));
#17339=DIRECTION('',(-1.0,0.0,6.12323399573676E-17));
#17340=DIRECTION('',(-1.0,0.0,6.12323399573676E-17));
#17341=CARTESIAN_POINT('',(19.4564,-1.2446,1.6256));
#17342=DIRECTION('',(-1.0,0.0,6.12323399573676E-17));
#17343=DIRECTION('',(6.12323399573676E-17,0.0,1.0));
#17344=DIRECTION('',(-1.0,0.0,6.12323399573676E-17));
#17345=CARTESIAN_POINT('',(18.6436,-1.2446,1.6256));
#17346=DIRECTION('',(1.0,0.0,-6.12323399573676E-17));
#17347=DIRECTION('',(6.12323399573676E-17,0.0,1.0));
#17348=DIRECTION('',(-3.74939945665464E-33,1.0,-6.12323399573676E-17));
#17349=DIRECTION('',(-6.12323399573676E-17,0.0,-1.0));
#17350=DIRECTION('',(3.74939945665464E-33,1.0,6.12323399573676E-17));
#17351=DIRECTION('',(6.12323399573676E-17,-1.61887288513438E-16,1.0));
#17352=DIRECTION('',(-1.0,0.0,0.0));
#17353=DIRECTION('',(-6.12323399573676E-17,0.0,-1.0));
#17354=DIRECTION('',(-1.0,0.0,6.12323399573676E-17));
#17355=DIRECTION('',(3.74939945665464E-33,-1.0,6.12323399573676E-17));
#17356=DIRECTION('',(6.12323399573676E-17,-1.61887288513438E-16,1.0));
#17357=DIRECTION('',(-3.74939945665464E-33,-1.0,-6.12323399573676E-17));
#17358=DIRECTION('',(-3.74939945665464E-33,1.0,-6.12323399573676E-17));
#17359=DIRECTION('',(0.0,-1.0,0.0));
#17360=DIRECTION('',(-6.12323399573676E-17,-3.67394039744209E-16,-1.0));
#17361=DIRECTION('',(0.0,1.0,0.0));
#17362=DIRECTION('',(-0.162221421130763,-0.162221421130763,-0.973328526784575));
#17363=DIRECTION('',(1.02053899928947E-17,-1.0,-6.24899909442444E-34));
#17364=DIRECTION('',(0.162221421130763,-0.162221421130763,0.973328526784575));
#17365=DIRECTION('',(-0.162221421130761,0.162221421130763,0.973328526784575));
#17366=DIRECTION('',(0.162221421130761,0.162221421130763,-0.973328526784575));
#17367=DIRECTION('',(1.02053899928945E-17,1.0,-6.24899909442435E-34));
#17368=DIRECTION('',(3.74939945665464E-33,-1.0,6.12323399573676E-17));
#17369=DIRECTION('',(0.0,1.0,0.0));
#17370=DIRECTION('',(6.12323399573676E-17,0.0,1.0));
#17371=DIRECTION('',(0.0,-1.0,0.0));
#17372=DIRECTION('',(-1.0,0.0,6.12323399573676E-17));
#17373=DIRECTION('',(-1.0,0.0,6.12323399573676E-17));
#17374=DIRECTION('',(0.162221421130763,-0.973328526784575,-0.162221421130761));
#17375=DIRECTION('',(-0.162221421130763,0.973328526784575,-0.162221421130763));
#17376=DIRECTION('',(0.0,0.0,-1.0));
#17377=DIRECTION('',(0.162221421130761,0.973328526784576,0.162221421130761));
#17378=DIRECTION('',(0.0,0.0,1.0));
#17379=DIRECTION('',(-0.162221421130761,-0.973328526784575,0.162221421130763));
#17380=DIRECTION('',(-1.0,0.0,6.12323399573676E-17));
#17381=DIRECTION('',(-1.0,0.0,6.12323399573676E-17));
#17382=DIRECTION('',(-1.0,0.0,6.12323399573676E-17));
#17383=DIRECTION('',(-1.0,0.0,6.12323399573676E-17));
#17384=DIRECTION('',(1.0,-9.91273748503128E-33,6.06980111591577E-49));
#17385=DIRECTION('',(-1.0,0.0,6.12323399573676E-17));
#17386=DIRECTION('',(-1.0,0.0,6.12323399573676E-17));
#17387=CARTESIAN_POINT('',(15.6464,-1.2446,1.6256));
#17388=DIRECTION('',(-1.0,0.0,6.12323399573676E-17));
#17389=DIRECTION('',(6.12323399573676E-17,0.0,1.0));
#17390=DIRECTION('',(-1.0,0.0,6.12323399573676E-17));
#17391=CARTESIAN_POINT('',(14.8336,-1.2446,1.6256));
#17392=DIRECTION('',(1.0,0.0,-6.12323399573676E-17));
#17393=DIRECTION('',(6.12323399573676E-17,0.0,1.0));
#17394=DIRECTION('',(-3.74939945665464E-33,1.0,-6.12323399573676E-17));
#17395=DIRECTION('',(-6.12323399573676E-17,0.0,-1.0));
#17396=DIRECTION('',(3.74939945665464E-33,1.0,6.12323399573676E-17));
#17397=DIRECTION('',(6.12323399573676E-17,-1.61887288513438E-16,1.0));
#17398=DIRECTION('',(-1.0,0.0,0.0));
#17399=DIRECTION('',(-6.12323399573676E-17,0.0,-1.0));
#17400=DIRECTION('',(-1.0,0.0,6.12323399573676E-17));
#17401=DIRECTION('',(3.74939945665464E-33,-1.0,6.12323399573676E-17));
#17402=DIRECTION('',(6.12323399573676E-17,-1.61887288513438E-16,1.0));
#17403=DIRECTION('',(-3.74939945665464E-33,-1.0,-6.12323399573676E-17));
#17404=DIRECTION('',(-3.74939945665464E-33,1.0,-6.12323399573676E-17));
#17405=DIRECTION('',(0.0,-1.0,0.0));
#17406=DIRECTION('',(-6.12323399573676E-17,-3.67394039744209E-16,-1.0));
#17407=DIRECTION('',(0.0,1.0,0.0));
#17408=DIRECTION('',(-0.162221421130763,-0.162221421130763,-0.973328526784575));
#17409=DIRECTION('',(1.02053899928947E-17,-1.0,-6.24899909442444E-34));
#17410=DIRECTION('',(0.162221421130763,-0.162221421130763,0.973328526784575));
#17411=DIRECTION('',(-0.162221421130761,0.162221421130763,0.973328526784575));
#17412=DIRECTION('',(0.162221421130761,0.162221421130763,-0.973328526784575));
#17413=DIRECTION('',(1.02053899928945E-17,1.0,-6.24899909442435E-34));
#17414=DIRECTION('',(3.74939945665464E-33,-1.0,6.12323399573676E-17));
#17415=DIRECTION('',(0.0,1.0,0.0));
#17416=DIRECTION('',(6.12323399573676E-17,0.0,1.0));
#17417=DIRECTION('',(0.0,-1.0,0.0));
#17418=DIRECTION('',(-1.0,0.0,6.12323399573676E-17));
#17419=DIRECTION('',(-1.0,0.0,6.12323399573676E-17));
#17420=DIRECTION('',(0.162221421130763,-0.973328526784575,-0.162221421130761));
#17421=DIRECTION('',(-0.162221421130763,0.973328526784575,-0.162221421130763));
#17422=DIRECTION('',(0.0,0.0,-1.0));
#17423=DIRECTION('',(0.162221421130761,0.973328526784576,0.162221421130761));
#17424=DIRECTION('',(0.0,0.0,1.0));
#17425=DIRECTION('',(-0.162221421130761,-0.973328526784575,0.162221421130763));
#17426=DIRECTION('',(-1.0,0.0,6.12323399573676E-17));
#17427=DIRECTION('',(-1.0,0.0,6.12323399573676E-17));
#17428=DIRECTION('',(-1.0,0.0,6.12323399573676E-17));
#17429=DIRECTION('',(-1.0,0.0,6.12323399573676E-17));
#17430=DIRECTION('',(1.0,-9.91273748503128E-33,6.06980111591577E-49));
#17431=DIRECTION('',(-1.0,0.0,6.12323399573676E-17));
#17432=DIRECTION('',(-1.0,0.0,6.12323399573676E-17));
#17433=CARTESIAN_POINT('',(11.8364,-1.2446,1.6256));
#17434=DIRECTION('',(-1.0,0.0,6.12323399573676E-17));
#17435=DIRECTION('',(6.12323399573676E-17,0.0,1.0));
#17436=DIRECTION('',(-1.0,0.0,6.12323399573676E-17));
#17437=CARTESIAN_POINT('',(11.0236,-1.2446,1.6256));
#17438=DIRECTION('',(1.0,0.0,-6.12323399573676E-17));
#17439=DIRECTION('',(6.12323399573676E-17,0.0,1.0));
#17440=DIRECTION('',(-3.74939945665464E-33,1.0,-6.12323399573676E-17));
#17441=DIRECTION('',(-6.12323399573676E-17,0.0,-1.0));
#17442=DIRECTION('',(3.74939945665464E-33,1.0,6.12323399573676E-17));
#17443=DIRECTION('',(6.12323399573676E-17,-1.61887288513438E-16,1.0));
#17444=DIRECTION('',(-1.0,0.0,0.0));
#17445=DIRECTION('',(-6.12323399573676E-17,0.0,-1.0));
#17446=DIRECTION('',(-1.0,0.0,6.12323399573676E-17));
#17447=DIRECTION('',(3.74939945665464E-33,-1.0,6.12323399573676E-17));
#17448=DIRECTION('',(6.12323399573676E-17,-1.61887288513438E-16,1.0));
#17449=DIRECTION('',(-3.74939945665464E-33,-1.0,-6.12323399573676E-17));
#17450=DIRECTION('',(-3.74939945665464E-33,1.0,-6.12323399573676E-17));
#17451=DIRECTION('',(0.0,-1.0,0.0));
#17452=DIRECTION('',(-6.12323399573676E-17,-3.67394039744209E-16,-1.0));
#17453=DIRECTION('',(0.0,1.0,0.0));
#17454=DIRECTION('',(-0.162221421130763,-0.162221421130763,-0.973328526784575));
#17455=DIRECTION('',(1.02053899928947E-17,-1.0,-6.24899909442444E-34));
#17456=DIRECTION('',(0.162221421130763,-0.162221421130763,0.973328526784575));
#17457=DIRECTION('',(-0.162221421130761,0.162221421130763,0.973328526784575));
#17458=DIRECTION('',(0.162221421130761,0.162221421130763,-0.973328526784575));
#17459=DIRECTION('',(1.02053899928945E-17,1.0,-6.24899909442435E-34));
#17460=DIRECTION('',(3.74939945665464E-33,-1.0,6.12323399573676E-17));
#17461=DIRECTION('',(0.0,1.0,0.0));
#17462=DIRECTION('',(6.12323399573676E-17,0.0,1.0));
#17463=DIRECTION('',(0.0,-1.0,0.0));
#17464=DIRECTION('',(-1.0,0.0,6.12323399573676E-17));
#17465=DIRECTION('',(-1.0,0.0,6.12323399573676E-17));
#17466=DIRECTION('',(0.162221421130763,-0.973328526784575,-0.162221421130761));
#17467=DIRECTION('',(-0.162221421130763,0.973328526784575,-0.162221421130763));
#17468=DIRECTION('',(0.0,0.0,-1.0));
#17469=DIRECTION('',(0.162221421130761,0.973328526784576,0.162221421130761));
#17470=DIRECTION('',(0.0,0.0,1.0));
#17471=DIRECTION('',(-0.162221421130761,-0.973328526784575,0.162221421130763));
#17472=DIRECTION('',(-1.0,0.0,6.12323399573676E-17));
#17473=DIRECTION('',(-1.0,0.0,6.12323399573676E-17));
#17474=DIRECTION('',(-1.0,0.0,6.12323399573676E-17));
#17475=DIRECTION('',(-1.0,0.0,6.12323399573676E-17));
#17476=DIRECTION('',(1.0,-9.91273748503128E-33,6.06980111591577E-49));
#17477=DIRECTION('',(-1.0,0.0,6.12323399573676E-17));
#17478=DIRECTION('',(-1.0,0.0,6.12323399573676E-17));
#17479=CARTESIAN_POINT('',(8.0264,-1.2446,1.6256));
#17480=DIRECTION('',(-1.0,0.0,6.12323399573676E-17));
#17481=DIRECTION('',(6.12323399573676E-17,0.0,1.0));
#17482=DIRECTION('',(-1.0,0.0,6.12323399573676E-17));
#17483=CARTESIAN_POINT('',(7.2136,-1.2446,1.6256));
#17484=DIRECTION('',(1.0,0.0,-6.12323399573676E-17));
#17485=DIRECTION('',(6.12323399573676E-17,0.0,1.0));
#17486=DIRECTION('',(-3.74939945665464E-33,1.0,-6.12323399573676E-17));
#17487=DIRECTION('',(-6.12323399573676E-17,0.0,-1.0));
#17488=DIRECTION('',(3.74939945665464E-33,1.0,6.12323399573676E-17));
#17489=DIRECTION('',(6.12323399573676E-17,-1.61887288513438E-16,1.0));
#17490=DIRECTION('',(-1.0,0.0,0.0));
#17491=DIRECTION('',(-6.12323399573676E-17,0.0,-1.0));
#17492=DIRECTION('',(-1.0,0.0,6.12323399573676E-17));
#17493=DIRECTION('',(3.74939945665464E-33,-1.0,6.12323399573676E-17));
#17494=DIRECTION('',(6.12323399573676E-17,-1.61887288513438E-16,1.0));
#17495=DIRECTION('',(-3.74939945665464E-33,-1.0,-6.12323399573676E-17));
#17496=DIRECTION('',(-3.74939945665464E-33,1.0,-6.12323399573676E-17));
#17497=DIRECTION('',(0.0,-1.0,0.0));
#17498=DIRECTION('',(-6.12323399573676E-17,-3.67394039744209E-16,-1.0));
#17499=DIRECTION('',(0.0,1.0,0.0));
#17500=DIRECTION('',(-0.162221421130763,-0.162221421130763,-0.973328526784575));
#17501=DIRECTION('',(1.02053899928947E-17,-1.0,-6.24899909442444E-34));
#17502=DIRECTION('',(0.162221421130763,-0.162221421130763,0.973328526784575));
#17503=DIRECTION('',(-0.162221421130761,0.162221421130763,0.973328526784575));
#17504=DIRECTION('',(0.162221421130761,0.162221421130763,-0.973328526784575));
#17505=DIRECTION('',(1.02053899928945E-17,1.0,-6.24899909442435E-34));
#17506=DIRECTION('',(3.74939945665464E-33,-1.0,6.12323399573676E-17));
#17507=DIRECTION('',(0.0,1.0,0.0));
#17508=DIRECTION('',(6.12323399573676E-17,0.0,1.0));
#17509=DIRECTION('',(0.0,-1.0,0.0));
#17510=DIRECTION('',(-1.0,0.0,6.12323399573676E-17));
#17511=DIRECTION('',(-1.0,0.0,6.12323399573676E-17));
#17512=DIRECTION('',(0.162221421130763,-0.973328526784575,-0.162221421130761));
#17513=DIRECTION('',(-0.162221421130763,0.973328526784575,-0.162221421130763));
#17514=DIRECTION('',(0.0,0.0,-1.0));
#17515=DIRECTION('',(0.162221421130761,0.973328526784576,0.162221421130761));
#17516=DIRECTION('',(0.0,0.0,1.0));
#17517=DIRECTION('',(-0.162221421130761,-0.973328526784575,0.162221421130763));
#17518=DIRECTION('',(-1.0,0.0,6.12323399573676E-17));
#17519=DIRECTION('',(-1.0,0.0,6.12323399573676E-17));
#17520=DIRECTION('',(-1.0,0.0,6.12323399573676E-17));
#17521=DIRECTION('',(-1.0,0.0,6.12323399573676E-17));
#17522=DIRECTION('',(1.0,-9.91273748503128E-33,6.06980111591577E-49));
#17523=DIRECTION('',(-1.0,0.0,6.12323399573676E-17));
#17524=DIRECTION('',(-1.0,0.0,6.12323399573676E-17));
#17525=CARTESIAN_POINT('',(4.2164,-1.2446,1.6256));
#17526=DIRECTION('',(-1.0,0.0,6.12323399573676E-17));
#17527=DIRECTION('',(6.12323399573676E-17,0.0,1.0));
#17528=DIRECTION('',(-1.0,0.0,6.12323399573676E-17));
#17529=CARTESIAN_POINT('',(3.4036,-1.2446,1.6256));
#17530=DIRECTION('',(1.0,0.0,-6.12323399573676E-17));
#17531=DIRECTION('',(6.12323399573676E-17,0.0,1.0));
#17532=DIRECTION('',(-3.74939945665464E-33,1.0,-6.12323399573676E-17));
#17533=DIRECTION('',(-6.12323399573676E-17,0.0,-1.0));
#17534=DIRECTION('',(3.74939945665464E-33,1.0,6.12323399573676E-17));
#17535=DIRECTION('',(6.12323399573676E-17,-1.61887288513438E-16,1.0));
#17536=DIRECTION('',(-1.0,0.0,0.0));
#17537=DIRECTION('',(-6.12323399573676E-17,0.0,-1.0));
#17538=DIRECTION('',(-1.0,0.0,6.12323399573676E-17));
#17539=DIRECTION('',(3.74939945665464E-33,-1.0,6.12323399573676E-17));
#17540=DIRECTION('',(6.12323399573676E-17,-1.61887288513438E-16,1.0));
#17541=DIRECTION('',(-3.74939945665464E-33,-1.0,-6.12323399573676E-17));
#17542=DIRECTION('',(-3.74939945665464E-33,1.0,-6.12323399573676E-17));
#17543=DIRECTION('',(0.0,-1.0,0.0));
#17544=DIRECTION('',(-6.12323399573676E-17,-3.67394039744209E-16,-1.0));
#17545=DIRECTION('',(0.0,1.0,0.0));
#17546=DIRECTION('',(-0.162221421130763,-0.162221421130763,-0.973328526784575));
#17547=DIRECTION('',(1.02053899928947E-17,-1.0,-6.24899909442444E-34));
#17548=DIRECTION('',(0.162221421130763,-0.162221421130763,0.973328526784575));
#17549=DIRECTION('',(-0.162221421130761,0.162221421130763,0.973328526784575));
#17550=DIRECTION('',(0.162221421130761,0.162221421130763,-0.973328526784575));
#17551=DIRECTION('',(1.02053899928945E-17,1.0,-6.24899909442435E-34));
#17552=DIRECTION('',(3.74939945665464E-33,-1.0,6.12323399573676E-17));
#17553=DIRECTION('',(0.0,1.0,0.0));
#17554=DIRECTION('',(6.12323399573676E-17,0.0,1.0));
#17555=DIRECTION('',(0.0,-1.0,0.0));
#17556=DIRECTION('',(-1.0,0.0,6.12323399573676E-17));
#17557=DIRECTION('',(-1.0,0.0,6.12323399573676E-17));
#17558=DIRECTION('',(0.162221421130763,-0.973328526784575,-0.162221421130761));
#17559=DIRECTION('',(-0.162221421130763,0.973328526784575,-0.162221421130763));
#17560=DIRECTION('',(0.0,0.0,-1.0));
#17561=DIRECTION('',(0.162221421130761,0.973328526784576,0.162221421130761));
#17562=DIRECTION('',(0.0,0.0,1.0));
#17563=DIRECTION('',(-0.162221421130761,-0.973328526784575,0.162221421130763));
#17564=DIRECTION('',(-1.0,0.0,6.12323399573676E-17));
#17565=DIRECTION('',(-1.0,0.0,6.12323399573676E-17));
#17566=DIRECTION('',(-1.0,0.0,6.12323399573676E-17));
#17567=DIRECTION('',(-1.0,0.0,6.12323399573676E-17));
#17568=DIRECTION('',(1.0,-9.91273748503128E-33,6.06980111591577E-49));
#17569=DIRECTION('',(-1.0,0.0,6.12323399573676E-17));
#17570=DIRECTION('',(-1.0,0.0,6.12323399573676E-17));
#17571=CARTESIAN_POINT('',(0.4064,-1.2446,1.6256));
#17572=DIRECTION('',(-1.0,0.0,6.12323399573676E-17));
#17573=DIRECTION('',(6.12323399573676E-17,0.0,1.0));
#17574=DIRECTION('',(-1.0,0.0,6.12323399573676E-17));
#17575=CARTESIAN_POINT('',(-0.4064,-1.2446,1.6256));
#17576=DIRECTION('',(1.0,0.0,-6.12323399573676E-17));
#17577=DIRECTION('',(6.12323399573676E-17,0.0,1.0));
#17578=DIRECTION('',(-3.74939945665464E-33,1.0,-6.12323399573676E-17));
#17579=DIRECTION('',(-6.12323399573676E-17,0.0,-1.0));
#17580=DIRECTION('',(3.74939945665464E-33,1.0,6.12323399573676E-17));
#17581=DIRECTION('',(6.12323399573676E-17,-1.61887288513438E-16,1.0));
#17582=DIRECTION('',(-1.0,0.0,0.0));
#17583=DIRECTION('',(-6.12323399573676E-17,0.0,-1.0));
#17584=DIRECTION('',(-1.0,0.0,6.12323399573676E-17));
#17585=DIRECTION('',(3.74939945665464E-33,-1.0,6.12323399573676E-17));
#17586=DIRECTION('',(6.12323399573676E-17,-1.61887288513438E-16,1.0));
#17587=DIRECTION('',(-3.74939945665464E-33,-1.0,-6.12323399573676E-17));
#17588=DIRECTION('',(-3.74939945665464E-33,1.0,-6.12323399573676E-17));
#17589=DIRECTION('',(0.0,-1.0,0.0));
#17590=DIRECTION('',(-6.12323399573676E-17,-3.67394039744209E-16,-1.0));
#17591=DIRECTION('',(0.0,1.0,0.0));
#17592=DIRECTION('',(-0.162221421130763,-0.162221421130763,-0.973328526784575));
#17593=DIRECTION('',(1.02053899928947E-17,-1.0,-6.24899909442444E-34));
#17594=DIRECTION('',(0.162221421130763,-0.162221421130763,0.973328526784575));
#17595=DIRECTION('',(-0.162221421130761,0.162221421130763,0.973328526784575));
#17596=DIRECTION('',(0.162221421130761,0.162221421130763,-0.973328526784575));
#17597=DIRECTION('',(1.02053899928945E-17,1.0,-6.24899909442435E-34));
#17598=DIRECTION('',(3.74939945665464E-33,-1.0,6.12323399573676E-17));
#17599=DIRECTION('',(0.0,1.0,0.0));
#17600=DIRECTION('',(6.12323399573676E-17,0.0,1.0));
#17601=DIRECTION('',(0.0,-1.0,0.0));
#17602=DIRECTION('',(-1.0,0.0,6.12323399573676E-17));
#17603=DIRECTION('',(-1.0,0.0,6.12323399573676E-17));
#17604=DIRECTION('',(0.162221421130763,-0.973328526784575,-0.162221421130761));
#17605=DIRECTION('',(-0.162221421130763,0.973328526784575,-0.162221421130763));
#17606=DIRECTION('',(0.0,0.0,-1.0));
#17607=DIRECTION('',(0.162221421130761,0.973328526784576,0.162221421130761));
#17608=DIRECTION('',(0.0,0.0,1.0));
#17609=DIRECTION('',(-0.162221421130761,-0.973328526784575,0.162221421130763));
#17610=DIRECTION('',(-1.0,0.0,6.12323399573676E-17));
#17611=DIRECTION('',(-1.0,0.0,6.12323399573676E-17));
#17612=DIRECTION('',(-1.0,0.0,6.12323399573676E-17));
#17613=DIRECTION('',(-1.0,0.0,6.12323399573676E-17));
#17614=DIRECTION('',(1.0,-9.91273748503128E-33,6.06980111591577E-49));
#17615=DIRECTION('',(-1.0,0.0,6.12323399573676E-17));
#17616=CARTESIAN_POINT('',(34.29,1.189,1.4224));
#17617=DIRECTION('',(-0.0,6.12323399573676E-17,1.0));
#17618=DIRECTION('',(1.0,0.0,0.0));
#17619=CARTESIAN_POINT('',(34.29,1.189,-7.28052522093102E-17));
#17620=DIRECTION('',(-0.0,6.12323399573676E-17,1.0));
#17621=DIRECTION('',(1.0,0.0,0.0));
#17622=CARTESIAN_POINT('',(30.48,1.189,1.4224));
#17623=DIRECTION('',(-0.0,6.12323399573676E-17,1.0));
#17624=DIRECTION('',(1.0,0.0,0.0));
#17625=CARTESIAN_POINT('',(30.48,1.189,-7.28052522093102E-17));
#17626=DIRECTION('',(-0.0,6.12323399573676E-17,1.0));
#17627=DIRECTION('',(1.0,0.0,0.0));
#17628=CARTESIAN_POINT('',(26.67,1.189,1.4224));
#17629=DIRECTION('',(-0.0,6.12323399573676E-17,1.0));
#17630=DIRECTION('',(1.0,0.0,0.0));
#17631=CARTESIAN_POINT('',(26.67,1.189,-7.28052522093102E-17));
#17632=DIRECTION('',(-0.0,6.12323399573676E-17,1.0));
#17633=DIRECTION('',(1.0,0.0,0.0));
#17634=CARTESIAN_POINT('',(22.86,1.189,1.4224));
#17635=DIRECTION('',(-0.0,6.12323399573676E-17,1.0));
#17636=DIRECTION('',(1.0,0.0,0.0));
#17637=CARTESIAN_POINT('',(22.86,1.189,-7.28052522093102E-17));
#17638=DIRECTION('',(-0.0,6.12323399573676E-17,1.0));
#17639=DIRECTION('',(1.0,0.0,0.0));
#17640=CARTESIAN_POINT('',(19.05,1.189,1.4224));
#17641=DIRECTION('',(-0.0,6.12323399573676E-17,1.0));
#17642=DIRECTION('',(1.0,0.0,0.0));
#17643=CARTESIAN_POINT('',(19.05,1.189,-7.28052522093102E-17));
#17644=DIRECTION('',(-0.0,6.12323399573676E-17,1.0));
#17645=DIRECTION('',(1.0,0.0,0.0));
#17646=CARTESIAN_POINT('',(15.24,1.189,1.4224));
#17647=DIRECTION('',(-0.0,6.12323399573676E-17,1.0));
#17648=DIRECTION('',(1.0,0.0,0.0));
#17649=CARTESIAN_POINT('',(15.24,1.189,-7.28052522093102E-17));
#17650=DIRECTION('',(-0.0,6.12323399573676E-17,1.0));
#17651=DIRECTION('',(1.0,0.0,0.0));
#17652=CARTESIAN_POINT('',(11.43,1.189,1.4224));
#17653=DIRECTION('',(-0.0,6.12323399573676E-17,1.0));
#17654=DIRECTION('',(1.0,0.0,0.0));
#17655=CARTESIAN_POINT('',(11.43,1.189,-7.28052522093102E-17));
#17656=DIRECTION('',(-0.0,6.12323399573676E-17,1.0));
#17657=DIRECTION('',(1.0,0.0,0.0));
#17658=CARTESIAN_POINT('',(7.62,1.189,1.4224));
#17659=DIRECTION('',(-0.0,6.12323399573676E-17,1.0));
#17660=DIRECTION('',(1.0,0.0,0.0));
#17661=CARTESIAN_POINT('',(7.62,1.189,-7.28052522093102E-17));
#17662=DIRECTION('',(-0.0,6.12323399573676E-17,1.0));
#17663=DIRECTION('',(1.0,0.0,0.0));
#17664=CARTESIAN_POINT('',(3.81,1.189,1.4224));
#17665=DIRECTION('',(-0.0,6.12323399573676E-17,1.0));
#17666=DIRECTION('',(1.0,0.0,0.0));
#17667=CARTESIAN_POINT('',(3.81,1.189,-7.28052522093102E-17));
#17668=DIRECTION('',(-0.0,6.12323399573676E-17,1.0));
#17669=DIRECTION('',(1.0,0.0,0.0));
#17670=CARTESIAN_POINT('',(0.0,1.189,1.4224));
#17671=DIRECTION('',(-0.0,6.12323399573676E-17,1.0));
#17672=DIRECTION('',(1.0,0.0,0.0));
#17673=CARTESIAN_POINT('',(0.0,1.189,-7.28052522093102E-17));
#17674=DIRECTION('',(-0.0,6.12323399573676E-17,1.0));
#17675=DIRECTION('',(1.0,0.0,0.0));
#17676=DIRECTION('',(0.0,1.0,-6.12323399573676E-17));
#17677=DIRECTION('',(1.0,0.0,0.0));
#17678=DIRECTION('',(0.0,1.0,-6.12323399573676E-17));
#17679=DIRECTION('',(0.0,-6.12323399573676E-17,-1.0));
#17680=DIRECTION('',(0.0,1.0,-6.12323399573676E-17));
#17681=DIRECTION('',(-1.0,0.0,0.0));
#17682=DIRECTION('',(0.0,6.12323399573676E-17,1.0));
#17683=DIRECTION('',(0.0,-1.0,6.12323399573676E-17));
#17684=DIRECTION('',(-1.0,0.0,0.0));
#17685=DIRECTION('',(0.0,-6.12323399573676E-17,-1.0));
#17686=DIRECTION('',(1.0,0.0,0.0));
#17687=DIRECTION('',(0.0,6.12323399573676E-17,1.0));
#17688=DIRECTION('',(0.0,-1.0,6.12323399573676E-17));
#17689=DIRECTION('',(0.0,1.0,-6.12323399573676E-17));
#17690=DIRECTION('',(0.0,1.0,-6.12323399573676E-17));
#17691=DIRECTION('',(0.0,1.0,-6.12323399573676E-17));
#17692=DIRECTION('',(0.0,1.0,-6.12323399573676E-17));
#17693=DIRECTION('',(-1.0,0.0,0.0));
#17694=DIRECTION('',(0.0,-1.0,6.12323399573676E-17));
#17695=DIRECTION('',(0.0,1.0,-6.12323399573676E-17));
#17696=DIRECTION('',(-1.0,0.0,0.0));
#17697=DIRECTION('',(0.0,-1.0,6.12323399573676E-17));
#17698=DIRECTION('',(0.0,1.0,-6.12323399573676E-17));
#17699=DIRECTION('',(-1.0,0.0,0.0));
#17700=DIRECTION('',(0.0,-1.0,6.12323399573676E-17));
#17701=DIRECTION('',(0.0,1.0,-6.12323399573676E-17));
#17702=DIRECTION('',(-1.0,0.0,0.0));
#17703=DIRECTION('',(0.0,-1.0,6.12323399573676E-17));
#17704=DIRECTION('',(0.0,1.0,-6.12323399573676E-17));
#17705=DIRECTION('',(-1.0,0.0,0.0));
#17706=DIRECTION('',(0.0,-1.0,6.12323399573676E-17));
#17707=DIRECTION('',(0.0,1.0,-6.12323399573676E-17));
#17708=DIRECTION('',(-1.0,0.0,0.0));
#17709=DIRECTION('',(0.0,-1.0,6.12323399573676E-17));
#17710=DIRECTION('',(0.0,1.0,-6.12323399573676E-17));
#17711=DIRECTION('',(-1.0,0.0,0.0));
#17712=DIRECTION('',(0.0,-1.0,6.12323399573676E-17));
#17713=DIRECTION('',(0.0,1.0,-6.12323399573676E-17));
#17714=DIRECTION('',(-1.0,0.0,0.0));
#17715=DIRECTION('',(0.0,-1.0,6.12323399573676E-17));
#17716=DIRECTION('',(0.0,1.0,-6.12323399573676E-17));
#17717=DIRECTION('',(-1.0,0.0,0.0));
#17718=DIRECTION('',(0.0,1.0,-6.12323399573676E-17));
#17719=DIRECTION('',(0.0,1.0,-6.12323399573676E-17));
#17720=DIRECTION('',(1.0,0.0,0.0));
#17721=DIRECTION('',(0.0,1.0,-6.12323399573676E-17));
#17722=DIRECTION('',(0.0,-6.12323399573676E-17,-1.0));
#17723=DIRECTION('',(0.0,6.12323399573676E-17,1.0));
#17724=DIRECTION('',(0.0,-6.12323399573676E-17,-1.0));
#17725=DIRECTION('',(1.0,0.0,0.0));
#17726=DIRECTION('',(0.0,6.12323399573676E-17,1.0));
#17727=DIRECTION('',(0.0,1.0,-6.12323399573676E-17));
#17728=DIRECTION('',(0.0,1.0,-6.12323399573676E-17));
#17729=DIRECTION('',(0.0,1.0,-6.12323399573676E-17));
#17730=DIRECTION('',(1.0,0.0,0.0));
#17731=DIRECTION('',(0.0,1.0,-6.12323399573676E-17));
#17732=DIRECTION('',(0.0,-6.12323399573676E-17,-1.0));
#17733=DIRECTION('',(0.0,6.12323399573676E-17,1.0));
#17734=DIRECTION('',(0.0,-6.12323399573676E-17,-1.0));
#17735=DIRECTION('',(1.0,0.0,0.0));
#17736=DIRECTION('',(0.0,6.12323399573676E-17,1.0));
#17737=DIRECTION('',(0.0,1.0,-6.12323399573676E-17));
#17738=DIRECTION('',(0.0,1.0,-6.12323399573676E-17));
#17739=DIRECTION('',(0.0,1.0,-6.12323399573676E-17));
#17740=DIRECTION('',(1.0,0.0,0.0));
#17741=DIRECTION('',(0.0,1.0,-6.12323399573676E-17));
#17742=DIRECTION('',(0.0,-6.12323399573676E-17,-1.0));
#17743=DIRECTION('',(0.0,6.12323399573676E-17,1.0));
#17744=DIRECTION('',(0.0,-6.12323399573676E-17,-1.0));
#17745=DIRECTION('',(1.0,0.0,0.0));
#17746=DIRECTION('',(0.0,6.12323399573676E-17,1.0));
#17747=DIRECTION('',(0.0,1.0,-6.12323399573676E-17));
#17748=DIRECTION('',(0.0,1.0,-6.12323399573676E-17));
#17749=DIRECTION('',(0.0,1.0,-6.12323399573676E-17));
#17750=DIRECTION('',(1.0,0.0,0.0));
#17751=DIRECTION('',(0.0,1.0,-6.12323399573676E-17));
#17752=DIRECTION('',(0.0,-6.12323399573676E-17,-1.0));
#17753=DIRECTION('',(0.0,6.12323399573676E-17,1.0));
#17754=DIRECTION('',(0.0,-6.12323399573676E-17,-1.0));
#17755=DIRECTION('',(1.0,0.0,0.0));
#17756=DIRECTION('',(0.0,6.12323399573676E-17,1.0));
#17757=DIRECTION('',(0.0,1.0,-6.12323399573676E-17));
#17758=DIRECTION('',(0.0,1.0,-6.12323399573676E-17));
#17759=CARTESIAN_POINT('',(34.29,-4.15884288179062,9.144));
#17760=DIRECTION('',(-0.0,6.12323399573676E-17,1.0));
#17761=DIRECTION('',(1.0,0.0,0.0));
#17762=DIRECTION('',(0.0,0.0,1.0));
#17763=CARTESIAN_POINT('',(34.29,-4.15884288179062,2.159));
#17764=DIRECTION('',(0.0,-6.12323399573676E-17,-1.0));
#17765=DIRECTION('',(1.0,0.0,0.0));
#17766=DIRECTION('',(0.0,0.0,1.0));
#17767=DIRECTION('',(-1.0,0.0,0.0));
#17768=DIRECTION('',(1.0,0.0,0.0));
#17769=DIRECTION('',(0.0,0.0,1.0));
#17770=DIRECTION('',(1.0,0.0,0.0));
#17771=DIRECTION('',(0.0,0.0,1.0));
#17772=DIRECTION('',(-0.0,1.0,-6.12323399573676E-17));
#17773=DIRECTION('',(0.0,-1.0,0.0));
#17774=DIRECTION('',(0.0,0.0,1.0));
#17775=DIRECTION('',(1.0,0.0,0.0));
#17776=DIRECTION('',(-1.0,0.0,0.0));
#17777=DIRECTION('',(0.0,0.0,-1.0));
#17778=DIRECTION('',(-1.0,0.0,-0.0));
#17779=DIRECTION('',(0.0,0.0,1.0));
#17780=DIRECTION('',(-0.0,1.0,-6.12323399573676E-17));
#17781=DIRECTION('',(0.0,-1.0,6.12323399573676E-17));
#17782=DIRECTION('',(0.0,0.0,1.0));
#17783=DIRECTION('',(-0.496138938356834,0.868243142124459,-5.3164559244218E-17));
#17784=DIRECTION('',(0.0,0.0,1.0));
#17785=DIRECTION('',(0.496138938356834,-0.868243142124459,6.16297582203916E-33));
#17786=DIRECTION('',(0.0,0.0,1.0));
#17787=CARTESIAN_POINT('',(34.29,-0.635,2.159));
#17788=DIRECTION('',(-0.0,6.12323399573676E-17,1.0));
#17789=DIRECTION('',(1.0,0.0,0.0));
#17790=CARTESIAN_POINT('',(34.29,-0.635,3.175));
#17791=DIRECTION('',(-0.0,6.12323399573676E-17,1.0));
#17792=DIRECTION('',(1.0,0.0,0.0));
#17793=DIRECTION('',(0.0,-1.0,0.0));
#17794=DIRECTION('',(0.0,1.0,-6.12323399573676E-17));
#17795=DIRECTION('',(1.0,0.0,0.0));
#17796=DIRECTION('',(0.0,1.0,-6.12323399573676E-17));
#17797=DIRECTION('',(-1.0,0.0,-0.0));
#17798=DIRECTION('',(0.0,1.0,-6.12323399573676E-17));
#17799=DIRECTION('',(1.0,0.0,0.0));
#17800=DIRECTION('',(0.0,0.0,1.0));
#17801=DIRECTION('',(-0.0,0.0,-1.0));
#17802=DIRECTION('',(0.0,1.0,0.0));
#17803=DIRECTION('',(-1.0,0.0,0.0));
#17804=DIRECTION('',(0.0,0.0,1.0));
#17805=DIRECTION('',(1.0,0.0,0.0));
#17806=DIRECTION('',(-1.0,0.0,0.0));
#17807=DIRECTION('',(0.0,0.0,1.0));
#17808=DIRECTION('',(1.0,0.0,0.0));
#17809=DIRECTION('',(0.0,1.0,0.0));
#17810=DIRECTION('',(-1.0,0.0,0.0));
#17811=DIRECTION('',(1.0,0.0,0.0));
#17812=DIRECTION('',(-1.0,0.0,0.0));
#17813=DIRECTION('',(0.0,0.0,1.0));
#17814=DIRECTION('',(-0.496138938356834,-0.868243142124459,5.3164559244218E-17));
#17815=DIRECTION('',(0.496138938356834,0.868243142124459,0.0));
#17816=DIRECTION('',(0.0,-1.0,6.12323399573676E-17));
#17817=DIRECTION('',(0.0,0.0,1.0));
#17818=DIRECTION('',(1.0,0.0,0.0));
#17819=DIRECTION('',(0.0,0.0,1.0));
#17820=DIRECTION('',(0.0,-1.0,6.12323399573676E-17));
#17821=DIRECTION('',(0.0,0.0,1.0));
#17822=DIRECTION('',(-1.0,0.0,0.0));
#17823=CARTESIAN_POINT('',(30.48,-4.15884288179062,9.144));
#17824=DIRECTION('',(-0.0,6.12323399573676E-17,1.0));
#17825=DIRECTION('',(1.0,0.0,0.0));
#17826=DIRECTION('',(0.0,0.0,1.0));
#17827=CARTESIAN_POINT('',(30.48,-4.15884288179062,2.159));
#17828=DIRECTION('',(0.0,-6.12323399573676E-17,-1.0));
#17829=DIRECTION('',(1.0,0.0,0.0));
#17830=DIRECTION('',(0.0,0.0,1.0));
#17831=DIRECTION('',(-1.0,0.0,0.0));
#17832=DIRECTION('',(1.0,0.0,0.0));
#17833=DIRECTION('',(0.0,0.0,1.0));
#17834=DIRECTION('',(1.0,0.0,0.0));
#17835=DIRECTION('',(0.0,0.0,1.0));
#17836=DIRECTION('',(-0.0,1.0,-6.12323399573676E-17));
#17837=DIRECTION('',(0.0,-1.0,0.0));
#17838=DIRECTION('',(0.0,0.0,1.0));
#17839=DIRECTION('',(1.0,0.0,0.0));
#17840=DIRECTION('',(-1.0,0.0,0.0));
#17841=DIRECTION('',(0.0,0.0,-1.0));
#17842=DIRECTION('',(-1.0,0.0,-0.0));
#17843=DIRECTION('',(0.0,0.0,1.0));
#17844=DIRECTION('',(-0.0,1.0,-6.12323399573676E-17));
#17845=DIRECTION('',(0.0,-1.0,6.12323399573676E-17));
#17846=DIRECTION('',(0.0,0.0,1.0));
#17847=DIRECTION('',(-0.496138938356834,0.868243142124459,-5.3164559244218E-17));
#17848=DIRECTION('',(0.0,0.0,1.0));
#17849=DIRECTION('',(0.496138938356834,-0.868243142124459,6.16297582203916E-33));
#17850=DIRECTION('',(0.0,0.0,1.0));
#17851=CARTESIAN_POINT('',(30.48,-0.635,2.159));
#17852=DIRECTION('',(-0.0,6.12323399573676E-17,1.0));
#17853=DIRECTION('',(1.0,0.0,0.0));
#17854=CARTESIAN_POINT('',(30.48,-0.635,3.175));
#17855=DIRECTION('',(-0.0,6.12323399573676E-17,1.0));
#17856=DIRECTION('',(1.0,0.0,0.0));
#17857=DIRECTION('',(0.0,-1.0,0.0));
#17858=DIRECTION('',(0.0,1.0,-6.12323399573676E-17));
#17859=DIRECTION('',(1.0,0.0,0.0));
#17860=DIRECTION('',(0.0,1.0,-6.12323399573676E-17));
#17861=DIRECTION('',(-1.0,0.0,-0.0));
#17862=DIRECTION('',(0.0,1.0,-6.12323399573676E-17));
#17863=DIRECTION('',(1.0,0.0,0.0));
#17864=DIRECTION('',(0.0,0.0,1.0));
#17865=DIRECTION('',(-0.0,0.0,-1.0));
#17866=DIRECTION('',(0.0,1.0,0.0));
#17867=DIRECTION('',(-1.0,0.0,0.0));
#17868=DIRECTION('',(0.0,0.0,1.0));
#17869=DIRECTION('',(1.0,0.0,0.0));
#17870=DIRECTION('',(-1.0,0.0,0.0));
#17871=DIRECTION('',(0.0,0.0,1.0));
#17872=DIRECTION('',(1.0,0.0,0.0));
#17873=DIRECTION('',(0.0,1.0,0.0));
#17874=DIRECTION('',(-1.0,0.0,0.0));
#17875=DIRECTION('',(1.0,0.0,0.0));
#17876=DIRECTION('',(-1.0,0.0,0.0));
#17877=DIRECTION('',(0.0,0.0,1.0));
#17878=DIRECTION('',(-0.496138938356834,-0.868243142124459,5.3164559244218E-17));
#17879=DIRECTION('',(0.496138938356834,0.868243142124459,0.0));
#17880=DIRECTION('',(0.0,-1.0,6.12323399573676E-17));
#17881=DIRECTION('',(0.0,0.0,1.0));
#17882=DIRECTION('',(1.0,0.0,0.0));
#17883=DIRECTION('',(0.0,0.0,1.0));
#17884=DIRECTION('',(0.0,-1.0,6.12323399573676E-17));
#17885=DIRECTION('',(0.0,0.0,1.0));
#17886=DIRECTION('',(-1.0,0.0,0.0));
#17887=CARTESIAN_POINT('',(26.67,-4.15884288179062,9.144));
#17888=DIRECTION('',(-0.0,6.12323399573676E-17,1.0));
#17889=DIRECTION('',(1.0,0.0,0.0));
#17890=DIRECTION('',(0.0,0.0,1.0));
#17891=CARTESIAN_POINT('',(26.67,-4.15884288179062,2.159));
#17892=DIRECTION('',(0.0,-6.12323399573676E-17,-1.0));
#17893=DIRECTION('',(1.0,0.0,0.0));
#17894=DIRECTION('',(0.0,0.0,1.0));
#17895=DIRECTION('',(-1.0,0.0,0.0));
#17896=DIRECTION('',(1.0,0.0,0.0));
#17897=DIRECTION('',(0.0,0.0,1.0));
#17898=DIRECTION('',(1.0,0.0,0.0));
#17899=DIRECTION('',(0.0,0.0,1.0));
#17900=DIRECTION('',(-0.0,1.0,-6.12323399573676E-17));
#17901=DIRECTION('',(0.0,-1.0,0.0));
#17902=DIRECTION('',(0.0,0.0,1.0));
#17903=DIRECTION('',(1.0,0.0,0.0));
#17904=DIRECTION('',(-1.0,0.0,0.0));
#17905=DIRECTION('',(0.0,0.0,-1.0));
#17906=DIRECTION('',(-1.0,0.0,-0.0));
#17907=DIRECTION('',(0.0,0.0,1.0));
#17908=DIRECTION('',(-0.0,1.0,-6.12323399573676E-17));
#17909=DIRECTION('',(0.0,-1.0,6.12323399573676E-17));
#17910=DIRECTION('',(0.0,0.0,1.0));
#17911=DIRECTION('',(-0.496138938356834,0.868243142124459,-5.3164559244218E-17));
#17912=DIRECTION('',(0.0,0.0,1.0));
#17913=DIRECTION('',(0.496138938356834,-0.868243142124459,6.16297582203916E-33));
#17914=DIRECTION('',(0.0,0.0,1.0));
#17915=CARTESIAN_POINT('',(26.67,-0.635,2.159));
#17916=DIRECTION('',(-0.0,6.12323399573676E-17,1.0));
#17917=DIRECTION('',(1.0,0.0,0.0));
#17918=CARTESIAN_POINT('',(26.67,-0.635,3.175));
#17919=DIRECTION('',(-0.0,6.12323399573676E-17,1.0));
#17920=DIRECTION('',(1.0,0.0,0.0));
#17921=DIRECTION('',(0.0,-1.0,0.0));
#17922=DIRECTION('',(0.0,1.0,-6.12323399573676E-17));
#17923=DIRECTION('',(1.0,0.0,0.0));
#17924=DIRECTION('',(0.0,1.0,-6.12323399573676E-17));
#17925=DIRECTION('',(-1.0,0.0,-0.0));
#17926=DIRECTION('',(0.0,1.0,-6.12323399573676E-17));
#17927=DIRECTION('',(1.0,0.0,0.0));
#17928=DIRECTION('',(0.0,0.0,1.0));
#17929=DIRECTION('',(-0.0,0.0,-1.0));
#17930=DIRECTION('',(0.0,1.0,0.0));
#17931=DIRECTION('',(-1.0,0.0,0.0));
#17932=DIRECTION('',(0.0,0.0,1.0));
#17933=DIRECTION('',(1.0,0.0,0.0));
#17934=DIRECTION('',(-1.0,0.0,0.0));
#17935=DIRECTION('',(0.0,0.0,1.0));
#17936=DIRECTION('',(1.0,0.0,0.0));
#17937=DIRECTION('',(0.0,1.0,0.0));
#17938=DIRECTION('',(-1.0,0.0,0.0));
#17939=DIRECTION('',(1.0,0.0,0.0));
#17940=DIRECTION('',(-1.0,0.0,0.0));
#17941=DIRECTION('',(0.0,0.0,1.0));
#17942=DIRECTION('',(-0.496138938356834,-0.868243142124459,5.3164559244218E-17));
#17943=DIRECTION('',(0.496138938356834,0.868243142124459,0.0));
#17944=DIRECTION('',(0.0,-1.0,6.12323399573676E-17));
#17945=DIRECTION('',(0.0,0.0,1.0));
#17946=DIRECTION('',(1.0,0.0,0.0));
#17947=DIRECTION('',(0.0,0.0,1.0));
#17948=DIRECTION('',(0.0,-1.0,6.12323399573676E-17));
#17949=DIRECTION('',(0.0,0.0,1.0));
#17950=DIRECTION('',(-1.0,0.0,0.0));
#17951=CARTESIAN_POINT('',(22.86,-4.15884288179062,9.144));
#17952=DIRECTION('',(-0.0,6.12323399573676E-17,1.0));
#17953=DIRECTION('',(1.0,0.0,0.0));
#17954=DIRECTION('',(0.0,0.0,1.0));
#17955=CARTESIAN_POINT('',(22.86,-4.15884288179062,2.159));
#17956=DIRECTION('',(0.0,-6.12323399573676E-17,-1.0));
#17957=DIRECTION('',(1.0,0.0,0.0));
#17958=DIRECTION('',(0.0,0.0,1.0));
#17959=DIRECTION('',(-1.0,0.0,0.0));
#17960=DIRECTION('',(1.0,0.0,0.0));
#17961=DIRECTION('',(0.0,0.0,1.0));
#17962=DIRECTION('',(1.0,0.0,0.0));
#17963=DIRECTION('',(0.0,0.0,1.0));
#17964=DIRECTION('',(-0.0,1.0,-6.12323399573676E-17));
#17965=DIRECTION('',(0.0,-1.0,0.0));
#17966=DIRECTION('',(0.0,0.0,1.0));
#17967=DIRECTION('',(1.0,0.0,0.0));
#17968=DIRECTION('',(-1.0,0.0,0.0));
#17969=DIRECTION('',(0.0,0.0,-1.0));
#17970=DIRECTION('',(-1.0,0.0,-0.0));
#17971=DIRECTION('',(0.0,0.0,1.0));
#17972=DIRECTION('',(-0.0,1.0,-6.12323399573676E-17));
#17973=DIRECTION('',(0.0,-1.0,6.12323399573676E-17));
#17974=DIRECTION('',(0.0,0.0,1.0));
#17975=DIRECTION('',(-0.496138938356834,0.868243142124459,-5.3164559244218E-17));
#17976=DIRECTION('',(0.0,0.0,1.0));
#17977=DIRECTION('',(0.496138938356834,-0.868243142124459,6.16297582203916E-33));
#17978=DIRECTION('',(0.0,0.0,1.0));
#17979=CARTESIAN_POINT('',(22.86,-0.635,2.159));
#17980=DIRECTION('',(-0.0,6.12323399573676E-17,1.0));
#17981=DIRECTION('',(1.0,0.0,0.0));
#17982=CARTESIAN_POINT('',(22.86,-0.635,3.175));
#17983=DIRECTION('',(-0.0,6.12323399573676E-17,1.0));
#17984=DIRECTION('',(1.0,0.0,0.0));
#17985=DIRECTION('',(0.0,-1.0,0.0));
#17986=DIRECTION('',(0.0,1.0,-6.12323399573676E-17));
#17987=DIRECTION('',(1.0,0.0,0.0));
#17988=DIRECTION('',(0.0,1.0,-6.12323399573676E-17));
#17989=DIRECTION('',(-1.0,0.0,-0.0));
#17990=DIRECTION('',(0.0,1.0,-6.12323399573676E-17));
#17991=DIRECTION('',(1.0,0.0,0.0));
#17992=DIRECTION('',(0.0,0.0,1.0));
#17993=DIRECTION('',(-0.0,0.0,-1.0));
#17994=DIRECTION('',(0.0,1.0,0.0));
#17995=DIRECTION('',(-1.0,0.0,0.0));
#17996=DIRECTION('',(0.0,0.0,1.0));
#17997=DIRECTION('',(1.0,0.0,0.0));
#17998=DIRECTION('',(-1.0,0.0,0.0));
#17999=DIRECTION('',(0.0,0.0,1.0));
#18000=DIRECTION('',(1.0,0.0,0.0));
#18001=DIRECTION('',(0.0,1.0,0.0));
#18002=DIRECTION('',(-1.0,0.0,0.0));
#18003=DIRECTION('',(1.0,0.0,0.0));
#18004=DIRECTION('',(-1.0,0.0,0.0));
#18005=DIRECTION('',(0.0,0.0,1.0));
#18006=DIRECTION('',(-0.496138938356834,-0.868243142124459,5.3164559244218E-17));
#18007=DIRECTION('',(0.496138938356834,0.868243142124459,0.0));
#18008=DIRECTION('',(0.0,-1.0,6.12323399573676E-17));
#18009=DIRECTION('',(0.0,0.0,1.0));
#18010=DIRECTION('',(1.0,0.0,0.0));
#18011=DIRECTION('',(0.0,0.0,1.0));
#18012=DIRECTION('',(0.0,-1.0,6.12323399573676E-17));
#18013=DIRECTION('',(0.0,0.0,1.0));
#18014=DIRECTION('',(-1.0,0.0,0.0));
#18015=CARTESIAN_POINT('',(19.05,-4.15884288179062,9.144));
#18016=DIRECTION('',(-0.0,6.12323399573676E-17,1.0));
#18017=DIRECTION('',(1.0,0.0,0.0));
#18018=DIRECTION('',(0.0,0.0,1.0));
#18019=CARTESIAN_POINT('',(19.05,-4.15884288179062,2.159));
#18020=DIRECTION('',(0.0,-6.12323399573676E-17,-1.0));
#18021=DIRECTION('',(1.0,0.0,0.0));
#18022=DIRECTION('',(0.0,0.0,1.0));
#18023=DIRECTION('',(-1.0,0.0,0.0));
#18024=DIRECTION('',(1.0,0.0,0.0));
#18025=DIRECTION('',(0.0,0.0,1.0));
#18026=DIRECTION('',(1.0,0.0,0.0));
#18027=DIRECTION('',(0.0,0.0,1.0));
#18028=DIRECTION('',(-0.0,1.0,-6.12323399573676E-17));
#18029=DIRECTION('',(0.0,-1.0,0.0));
#18030=DIRECTION('',(0.0,0.0,1.0));
#18031=DIRECTION('',(1.0,0.0,0.0));
#18032=DIRECTION('',(-1.0,0.0,0.0));
#18033=DIRECTION('',(0.0,0.0,-1.0));
#18034=DIRECTION('',(-1.0,0.0,-0.0));
#18035=DIRECTION('',(0.0,0.0,1.0));
#18036=DIRECTION('',(-0.0,1.0,-6.12323399573676E-17));
#18037=DIRECTION('',(0.0,-1.0,6.12323399573676E-17));
#18038=DIRECTION('',(0.0,0.0,1.0));
#18039=DIRECTION('',(-0.496138938356834,0.868243142124459,-5.3164559244218E-17));
#18040=DIRECTION('',(0.0,0.0,1.0));
#18041=DIRECTION('',(0.496138938356834,-0.868243142124459,6.16297582203916E-33));
#18042=DIRECTION('',(0.0,0.0,1.0));
#18043=CARTESIAN_POINT('',(19.05,-0.635,2.159));
#18044=DIRECTION('',(-0.0,6.12323399573676E-17,1.0));
#18045=DIRECTION('',(1.0,0.0,0.0));
#18046=CARTESIAN_POINT('',(19.05,-0.635,3.175));
#18047=DIRECTION('',(-0.0,6.12323399573676E-17,1.0));
#18048=DIRECTION('',(1.0,0.0,0.0));
#18049=DIRECTION('',(0.0,-1.0,0.0));
#18050=DIRECTION('',(0.0,1.0,-6.12323399573676E-17));
#18051=DIRECTION('',(1.0,0.0,0.0));
#18052=DIRECTION('',(0.0,1.0,-6.12323399573676E-17));
#18053=DIRECTION('',(-1.0,0.0,-0.0));
#18054=DIRECTION('',(0.0,1.0,-6.12323399573676E-17));
#18055=DIRECTION('',(1.0,0.0,0.0));
#18056=DIRECTION('',(0.0,0.0,1.0));
#18057=DIRECTION('',(-0.0,0.0,-1.0));
#18058=DIRECTION('',(0.0,1.0,0.0));
#18059=DIRECTION('',(-1.0,0.0,0.0));
#18060=DIRECTION('',(0.0,0.0,1.0));
#18061=DIRECTION('',(1.0,0.0,0.0));
#18062=DIRECTION('',(-1.0,0.0,0.0));
#18063=DIRECTION('',(0.0,0.0,1.0));
#18064=DIRECTION('',(1.0,0.0,0.0));
#18065=DIRECTION('',(0.0,1.0,0.0));
#18066=DIRECTION('',(-1.0,0.0,0.0));
#18067=DIRECTION('',(1.0,0.0,0.0));
#18068=DIRECTION('',(-1.0,0.0,0.0));
#18069=DIRECTION('',(0.0,0.0,1.0));
#18070=DIRECTION('',(-0.496138938356834,-0.868243142124459,5.3164559244218E-17));
#18071=DIRECTION('',(0.496138938356834,0.868243142124459,0.0));
#18072=DIRECTION('',(0.0,-1.0,6.12323399573676E-17));
#18073=DIRECTION('',(0.0,0.0,1.0));
#18074=DIRECTION('',(1.0,0.0,0.0));
#18075=DIRECTION('',(0.0,0.0,1.0));
#18076=DIRECTION('',(0.0,-1.0,6.12323399573676E-17));
#18077=DIRECTION('',(0.0,0.0,1.0));
#18078=DIRECTION('',(-1.0,0.0,0.0));
#18079=CARTESIAN_POINT('',(15.24,-4.15884288179062,9.144));
#18080=DIRECTION('',(-0.0,6.12323399573676E-17,1.0));
#18081=DIRECTION('',(1.0,0.0,0.0));
#18082=DIRECTION('',(0.0,0.0,1.0));
#18083=CARTESIAN_POINT('',(15.24,-4.15884288179062,2.159));
#18084=DIRECTION('',(0.0,-6.12323399573676E-17,-1.0));
#18085=DIRECTION('',(1.0,0.0,0.0));
#18086=DIRECTION('',(0.0,0.0,1.0));
#18087=DIRECTION('',(-1.0,0.0,0.0));
#18088=DIRECTION('',(1.0,0.0,0.0));
#18089=DIRECTION('',(0.0,0.0,1.0));
#18090=DIRECTION('',(1.0,0.0,0.0));
#18091=DIRECTION('',(0.0,0.0,1.0));
#18092=DIRECTION('',(-0.0,1.0,-6.12323399573676E-17));
#18093=DIRECTION('',(0.0,-1.0,0.0));
#18094=DIRECTION('',(0.0,0.0,1.0));
#18095=DIRECTION('',(1.0,0.0,0.0));
#18096=DIRECTION('',(-1.0,0.0,0.0));
#18097=DIRECTION('',(0.0,0.0,-1.0));
#18098=DIRECTION('',(-1.0,0.0,-0.0));
#18099=DIRECTION('',(0.0,0.0,1.0));
#18100=DIRECTION('',(-0.0,1.0,-6.12323399573676E-17));
#18101=DIRECTION('',(0.0,-1.0,6.12323399573676E-17));
#18102=DIRECTION('',(0.0,0.0,1.0));
#18103=DIRECTION('',(-0.496138938356834,0.868243142124459,-5.3164559244218E-17));
#18104=DIRECTION('',(0.0,0.0,1.0));
#18105=DIRECTION('',(0.496138938356834,-0.868243142124459,6.16297582203916E-33));
#18106=DIRECTION('',(0.0,0.0,1.0));
#18107=CARTESIAN_POINT('',(15.24,-0.635,2.159));
#18108=DIRECTION('',(-0.0,6.12323399573676E-17,1.0));
#18109=DIRECTION('',(1.0,0.0,0.0));
#18110=CARTESIAN_POINT('',(15.24,-0.635,3.175));
#18111=DIRECTION('',(-0.0,6.12323399573676E-17,1.0));
#18112=DIRECTION('',(1.0,0.0,0.0));
#18113=DIRECTION('',(0.0,-1.0,0.0));
#18114=DIRECTION('',(0.0,1.0,-6.12323399573676E-17));
#18115=DIRECTION('',(1.0,0.0,0.0));
#18116=DIRECTION('',(0.0,1.0,-6.12323399573676E-17));
#18117=DIRECTION('',(-1.0,0.0,-0.0));
#18118=DIRECTION('',(0.0,1.0,-6.12323399573676E-17));
#18119=DIRECTION('',(1.0,0.0,0.0));
#18120=DIRECTION('',(0.0,0.0,1.0));
#18121=DIRECTION('',(-0.0,0.0,-1.0));
#18122=DIRECTION('',(0.0,1.0,0.0));
#18123=DIRECTION('',(-1.0,0.0,0.0));
#18124=DIRECTION('',(0.0,0.0,1.0));
#18125=DIRECTION('',(1.0,0.0,0.0));
#18126=DIRECTION('',(-1.0,0.0,0.0));
#18127=DIRECTION('',(0.0,0.0,1.0));
#18128=DIRECTION('',(1.0,0.0,0.0));
#18129=DIRECTION('',(0.0,1.0,0.0));
#18130=DIRECTION('',(-1.0,0.0,0.0));
#18131=DIRECTION('',(1.0,0.0,0.0));
#18132=DIRECTION('',(-1.0,0.0,0.0));
#18133=DIRECTION('',(0.0,0.0,1.0));
#18134=DIRECTION('',(-0.496138938356834,-0.868243142124459,5.3164559244218E-17));
#18135=DIRECTION('',(0.496138938356834,0.868243142124459,0.0));
#18136=DIRECTION('',(0.0,-1.0,6.12323399573676E-17));
#18137=DIRECTION('',(0.0,0.0,1.0));
#18138=DIRECTION('',(1.0,0.0,0.0));
#18139=DIRECTION('',(0.0,0.0,1.0));
#18140=DIRECTION('',(0.0,-1.0,6.12323399573676E-17));
#18141=DIRECTION('',(0.0,0.0,1.0));
#18142=DIRECTION('',(-1.0,0.0,0.0));
#18143=CARTESIAN_POINT('',(11.43,-4.15884288179062,9.144));
#18144=DIRECTION('',(-0.0,6.12323399573676E-17,1.0));
#18145=DIRECTION('',(1.0,0.0,0.0));
#18146=DIRECTION('',(0.0,0.0,1.0));
#18147=CARTESIAN_POINT('',(11.43,-4.15884288179062,2.159));
#18148=DIRECTION('',(0.0,-6.12323399573676E-17,-1.0));
#18149=DIRECTION('',(1.0,0.0,0.0));
#18150=DIRECTION('',(0.0,0.0,1.0));
#18151=DIRECTION('',(-1.0,0.0,0.0));
#18152=DIRECTION('',(1.0,0.0,0.0));
#18153=DIRECTION('',(0.0,0.0,1.0));
#18154=DIRECTION('',(1.0,0.0,0.0));
#18155=DIRECTION('',(0.0,0.0,1.0));
#18156=DIRECTION('',(-0.0,1.0,-6.12323399573676E-17));
#18157=DIRECTION('',(0.0,-1.0,0.0));
#18158=DIRECTION('',(0.0,0.0,1.0));
#18159=DIRECTION('',(1.0,0.0,0.0));
#18160=DIRECTION('',(-1.0,0.0,0.0));
#18161=DIRECTION('',(0.0,0.0,-1.0));
#18162=DIRECTION('',(-1.0,0.0,-0.0));
#18163=DIRECTION('',(0.0,0.0,1.0));
#18164=DIRECTION('',(-0.0,1.0,-6.12323399573676E-17));
#18165=DIRECTION('',(0.0,-1.0,6.12323399573676E-17));
#18166=DIRECTION('',(0.0,0.0,1.0));
#18167=DIRECTION('',(-0.496138938356834,0.868243142124459,-5.3164559244218E-17));
#18168=DIRECTION('',(0.0,0.0,1.0));
#18169=DIRECTION('',(0.496138938356834,-0.868243142124459,6.16297582203916E-33));
#18170=DIRECTION('',(0.0,0.0,1.0));
#18171=CARTESIAN_POINT('',(11.43,-0.635,2.159));
#18172=DIRECTION('',(-0.0,6.12323399573676E-17,1.0));
#18173=DIRECTION('',(1.0,0.0,0.0));
#18174=CARTESIAN_POINT('',(11.43,-0.635,3.175));
#18175=DIRECTION('',(-0.0,6.12323399573676E-17,1.0));
#18176=DIRECTION('',(1.0,0.0,0.0));
#18177=DIRECTION('',(0.0,-1.0,0.0));
#18178=DIRECTION('',(0.0,1.0,-6.12323399573676E-17));
#18179=DIRECTION('',(1.0,0.0,0.0));
#18180=DIRECTION('',(0.0,1.0,-6.12323399573676E-17));
#18181=DIRECTION('',(-1.0,0.0,-0.0));
#18182=DIRECTION('',(0.0,1.0,-6.12323399573676E-17));
#18183=DIRECTION('',(1.0,0.0,0.0));
#18184=DIRECTION('',(0.0,0.0,1.0));
#18185=DIRECTION('',(-0.0,0.0,-1.0));
#18186=DIRECTION('',(0.0,1.0,0.0));
#18187=DIRECTION('',(-1.0,0.0,0.0));
#18188=DIRECTION('',(0.0,0.0,1.0));
#18189=DIRECTION('',(1.0,0.0,0.0));
#18190=DIRECTION('',(-1.0,0.0,0.0));
#18191=DIRECTION('',(0.0,0.0,1.0));
#18192=DIRECTION('',(1.0,0.0,0.0));
#18193=DIRECTION('',(0.0,1.0,0.0));
#18194=DIRECTION('',(-1.0,0.0,0.0));
#18195=DIRECTION('',(1.0,0.0,0.0));
#18196=DIRECTION('',(-1.0,0.0,0.0));
#18197=DIRECTION('',(0.0,0.0,1.0));
#18198=DIRECTION('',(-0.496138938356834,-0.868243142124459,5.3164559244218E-17));
#18199=DIRECTION('',(0.496138938356834,0.868243142124459,0.0));
#18200=DIRECTION('',(0.0,-1.0,6.12323399573676E-17));
#18201=DIRECTION('',(0.0,0.0,1.0));
#18202=DIRECTION('',(1.0,0.0,0.0));
#18203=DIRECTION('',(0.0,0.0,1.0));
#18204=DIRECTION('',(0.0,-1.0,6.12323399573676E-17));
#18205=DIRECTION('',(0.0,0.0,1.0));
#18206=DIRECTION('',(-1.0,0.0,0.0));
#18207=CARTESIAN_POINT('',(7.62,-4.15884288179062,9.144));
#18208=DIRECTION('',(-0.0,6.12323399573676E-17,1.0));
#18209=DIRECTION('',(1.0,0.0,0.0));
#18210=DIRECTION('',(0.0,0.0,1.0));
#18211=CARTESIAN_POINT('',(7.62,-4.15884288179062,2.159));
#18212=DIRECTION('',(0.0,-6.12323399573676E-17,-1.0));
#18213=DIRECTION('',(1.0,0.0,0.0));
#18214=DIRECTION('',(0.0,0.0,1.0));
#18215=DIRECTION('',(-1.0,0.0,0.0));
#18216=DIRECTION('',(1.0,0.0,0.0));
#18217=DIRECTION('',(0.0,0.0,1.0));
#18218=DIRECTION('',(1.0,0.0,0.0));
#18219=DIRECTION('',(0.0,0.0,1.0));
#18220=DIRECTION('',(-0.0,1.0,-6.12323399573676E-17));
#18221=DIRECTION('',(0.0,-1.0,0.0));
#18222=DIRECTION('',(0.0,0.0,1.0));
#18223=DIRECTION('',(1.0,0.0,0.0));
#18224=DIRECTION('',(-1.0,0.0,0.0));
#18225=DIRECTION('',(0.0,0.0,-1.0));
#18226=DIRECTION('',(-1.0,0.0,-0.0));
#18227=DIRECTION('',(0.0,0.0,1.0));
#18228=DIRECTION('',(-0.0,1.0,-6.12323399573676E-17));
#18229=DIRECTION('',(0.0,-1.0,6.12323399573676E-17));
#18230=DIRECTION('',(0.0,0.0,1.0));
#18231=DIRECTION('',(-0.496138938356834,0.868243142124459,-5.3164559244218E-17));
#18232=DIRECTION('',(0.0,0.0,1.0));
#18233=DIRECTION('',(0.496138938356834,-0.868243142124459,6.16297582203916E-33));
#18234=DIRECTION('',(0.0,0.0,1.0));
#18235=CARTESIAN_POINT('',(7.62,-0.635,2.159));
#18236=DIRECTION('',(-0.0,6.12323399573676E-17,1.0));
#18237=DIRECTION('',(1.0,0.0,0.0));
#18238=CARTESIAN_POINT('',(7.62,-0.635,3.175));
#18239=DIRECTION('',(-0.0,6.12323399573676E-17,1.0));
#18240=DIRECTION('',(1.0,0.0,0.0));
#18241=DIRECTION('',(0.0,-1.0,0.0));
#18242=DIRECTION('',(0.0,1.0,-6.12323399573676E-17));
#18243=DIRECTION('',(1.0,0.0,0.0));
#18244=DIRECTION('',(0.0,1.0,-6.12323399573676E-17));
#18245=DIRECTION('',(-1.0,0.0,-0.0));
#18246=DIRECTION('',(0.0,1.0,-6.12323399573676E-17));
#18247=DIRECTION('',(1.0,0.0,0.0));
#18248=DIRECTION('',(0.0,0.0,1.0));
#18249=DIRECTION('',(-0.0,0.0,-1.0));
#18250=DIRECTION('',(0.0,1.0,0.0));
#18251=DIRECTION('',(-1.0,0.0,0.0));
#18252=DIRECTION('',(0.0,0.0,1.0));
#18253=DIRECTION('',(1.0,0.0,0.0));
#18254=DIRECTION('',(-1.0,0.0,0.0));
#18255=DIRECTION('',(0.0,0.0,1.0));
#18256=DIRECTION('',(1.0,0.0,0.0));
#18257=DIRECTION('',(0.0,1.0,0.0));
#18258=DIRECTION('',(-1.0,0.0,0.0));
#18259=DIRECTION('',(1.0,0.0,0.0));
#18260=DIRECTION('',(-1.0,0.0,0.0));
#18261=DIRECTION('',(0.0,0.0,1.0));
#18262=DIRECTION('',(-0.496138938356834,-0.868243142124459,5.3164559244218E-17));
#18263=DIRECTION('',(0.496138938356834,0.868243142124459,0.0));
#18264=DIRECTION('',(0.0,-1.0,6.12323399573676E-17));
#18265=DIRECTION('',(0.0,0.0,1.0));
#18266=DIRECTION('',(1.0,0.0,0.0));
#18267=DIRECTION('',(0.0,0.0,1.0));
#18268=DIRECTION('',(0.0,-1.0,6.12323399573676E-17));
#18269=DIRECTION('',(0.0,0.0,1.0));
#18270=DIRECTION('',(-1.0,0.0,0.0));
#18271=CARTESIAN_POINT('',(3.81,-4.15884288179062,9.144));
#18272=DIRECTION('',(-0.0,6.12323399573676E-17,1.0));
#18273=DIRECTION('',(1.0,0.0,0.0));
#18274=DIRECTION('',(0.0,0.0,1.0));
#18275=CARTESIAN_POINT('',(3.81,-4.15884288179062,2.159));
#18276=DIRECTION('',(0.0,-6.12323399573676E-17,-1.0));
#18277=DIRECTION('',(1.0,0.0,0.0));
#18278=DIRECTION('',(0.0,0.0,1.0));
#18279=DIRECTION('',(-1.0,0.0,0.0));
#18280=DIRECTION('',(1.0,0.0,0.0));
#18281=DIRECTION('',(0.0,0.0,1.0));
#18282=DIRECTION('',(1.0,0.0,0.0));
#18283=DIRECTION('',(0.0,0.0,1.0));
#18284=DIRECTION('',(-0.0,1.0,-6.12323399573676E-17));
#18285=DIRECTION('',(0.0,-1.0,0.0));
#18286=DIRECTION('',(0.0,0.0,1.0));
#18287=DIRECTION('',(1.0,0.0,0.0));
#18288=DIRECTION('',(-1.0,0.0,0.0));
#18289=DIRECTION('',(0.0,0.0,-1.0));
#18290=DIRECTION('',(-1.0,0.0,-0.0));
#18291=DIRECTION('',(0.0,0.0,1.0));
#18292=DIRECTION('',(-0.0,1.0,-6.12323399573676E-17));
#18293=DIRECTION('',(0.0,-1.0,6.12323399573676E-17));
#18294=DIRECTION('',(0.0,0.0,1.0));
#18295=DIRECTION('',(-0.496138938356834,0.868243142124459,-5.3164559244218E-17));
#18296=DIRECTION('',(0.0,0.0,1.0));
#18297=DIRECTION('',(0.496138938356834,-0.868243142124459,6.16297582203916E-33));
#18298=DIRECTION('',(0.0,0.0,1.0));
#18299=CARTESIAN_POINT('',(3.81,-0.635,2.159));
#18300=DIRECTION('',(-0.0,6.12323399573676E-17,1.0));
#18301=DIRECTION('',(1.0,0.0,0.0));
#18302=CARTESIAN_POINT('',(3.81,-0.635,3.175));
#18303=DIRECTION('',(-0.0,6.12323399573676E-17,1.0));
#18304=DIRECTION('',(1.0,0.0,0.0));
#18305=DIRECTION('',(0.0,-1.0,0.0));
#18306=DIRECTION('',(0.0,1.0,-6.12323399573676E-17));
#18307=DIRECTION('',(1.0,0.0,0.0));
#18308=DIRECTION('',(0.0,1.0,-6.12323399573676E-17));
#18309=DIRECTION('',(-1.0,0.0,-0.0));
#18310=DIRECTION('',(0.0,1.0,-6.12323399573676E-17));
#18311=DIRECTION('',(1.0,0.0,0.0));
#18312=DIRECTION('',(0.0,0.0,1.0));
#18313=DIRECTION('',(-0.0,0.0,-1.0));
#18314=DIRECTION('',(0.0,1.0,0.0));
#18315=DIRECTION('',(-1.0,0.0,0.0));
#18316=DIRECTION('',(0.0,0.0,1.0));
#18317=DIRECTION('',(1.0,0.0,0.0));
#18318=DIRECTION('',(-1.0,0.0,0.0));
#18319=DIRECTION('',(0.0,0.0,1.0));
#18320=DIRECTION('',(1.0,0.0,0.0));
#18321=DIRECTION('',(0.0,1.0,0.0));
#18322=DIRECTION('',(-1.0,0.0,0.0));
#18323=DIRECTION('',(1.0,0.0,0.0));
#18324=DIRECTION('',(-1.0,0.0,0.0));
#18325=DIRECTION('',(0.0,0.0,1.0));
#18326=DIRECTION('',(-0.496138938356834,-0.868243142124459,5.3164559244218E-17));
#18327=DIRECTION('',(0.496138938356834,0.868243142124459,0.0));
#18328=DIRECTION('',(0.0,-1.0,6.12323399573676E-17));
#18329=DIRECTION('',(0.0,0.0,1.0));
#18330=DIRECTION('',(1.0,0.0,0.0));
#18331=DIRECTION('',(0.0,0.0,1.0));
#18332=DIRECTION('',(0.0,-1.0,6.12323399573676E-17));
#18333=DIRECTION('',(0.0,0.0,1.0));
#18334=DIRECTION('',(-1.0,0.0,0.0));
#18335=CARTESIAN_POINT('',(0.0,-4.15884288179062,9.144));
#18336=DIRECTION('',(-0.0,6.12323399573676E-17,1.0));
#18337=DIRECTION('',(1.0,0.0,0.0));
#18338=DIRECTION('',(0.0,0.0,1.0));
#18339=CARTESIAN_POINT('',(0.0,-4.15884288179062,2.159));
#18340=DIRECTION('',(0.0,-6.12323399573676E-17,-1.0));
#18341=DIRECTION('',(1.0,0.0,0.0));
#18342=DIRECTION('',(0.0,0.0,1.0));
#18343=DIRECTION('',(-1.0,0.0,0.0));
#18344=DIRECTION('',(1.0,0.0,0.0));
#18345=DIRECTION('',(0.0,0.0,1.0));
#18346=DIRECTION('',(1.0,0.0,0.0));
#18347=DIRECTION('',(0.0,0.0,1.0));
#18348=DIRECTION('',(-0.0,1.0,-6.12323399573676E-17));
#18349=DIRECTION('',(0.0,-1.0,0.0));
#18350=DIRECTION('',(0.0,0.0,1.0));
#18351=DIRECTION('',(1.0,0.0,0.0));
#18352=DIRECTION('',(-1.0,0.0,0.0));
#18353=DIRECTION('',(0.0,0.0,-1.0));
#18354=DIRECTION('',(-1.0,0.0,-0.0));
#18355=DIRECTION('',(0.0,0.0,1.0));
#18356=DIRECTION('',(-0.0,1.0,-6.12323399573676E-17));
#18357=DIRECTION('',(0.0,-1.0,6.12323399573676E-17));
#18358=DIRECTION('',(0.0,0.0,1.0));
#18359=DIRECTION('',(-0.496138938356834,0.868243142124459,-5.3164559244218E-17));
#18360=DIRECTION('',(0.0,0.0,1.0));
#18361=DIRECTION('',(0.496138938356834,-0.868243142124459,0.0));
#18362=DIRECTION('',(0.0,0.0,1.0));
#18363=CARTESIAN_POINT('',(0.0,-0.635,2.159));
#18364=DIRECTION('',(-0.0,6.12323399573676E-17,1.0));
#18365=DIRECTION('',(1.0,0.0,0.0));
#18366=CARTESIAN_POINT('',(0.0,-0.635,3.175));
#18367=DIRECTION('',(-0.0,6.12323399573676E-17,1.0));
#18368=DIRECTION('',(1.0,0.0,0.0));
#18369=DIRECTION('',(0.0,-1.0,0.0));
#18370=DIRECTION('',(0.0,1.0,-6.12323399573676E-17));
#18371=DIRECTION('',(1.0,0.0,0.0));
#18372=DIRECTION('',(0.0,1.0,-6.12323399573676E-17));
#18373=DIRECTION('',(-1.0,0.0,-0.0));
#18374=DIRECTION('',(0.0,1.0,-6.12323399573676E-17));
#18375=DIRECTION('',(1.0,0.0,0.0));
#18376=DIRECTION('',(0.0,0.0,1.0));
#18377=DIRECTION('',(-0.0,0.0,-1.0));
#18378=DIRECTION('',(0.0,1.0,0.0));
#18379=DIRECTION('',(-1.0,0.0,0.0));
#18380=DIRECTION('',(0.0,0.0,1.0));
#18381=DIRECTION('',(1.0,0.0,0.0));
#18382=DIRECTION('',(-1.0,0.0,0.0));
#18383=DIRECTION('',(0.0,0.0,1.0));
#18384=DIRECTION('',(1.0,0.0,0.0));
#18385=DIRECTION('',(0.0,1.0,0.0));
#18386=DIRECTION('',(-1.0,0.0,0.0));
#18387=DIRECTION('',(1.0,0.0,0.0));
#18388=DIRECTION('',(-1.0,0.0,0.0));
#18389=DIRECTION('',(0.0,0.0,1.0));
#18390=DIRECTION('',(-0.496138938356834,-0.868243142124459,5.3164559244218E-17));
#18391=DIRECTION('',(0.496138938356834,0.868243142124459,0.0));
#18392=DIRECTION('',(0.0,-1.0,6.12323399573676E-17));
#18393=DIRECTION('',(0.0,0.0,1.0));
#18394=DIRECTION('',(1.0,0.0,0.0));
#18395=DIRECTION('',(0.0,0.0,1.0));
#18396=DIRECTION('',(0.0,-1.0,6.12323399573676E-17));
#18397=DIRECTION('',(0.0,0.0,1.0));
#18398=DIRECTION('',(-1.0,0.0,0.0));
#18399=DIRECTION('',(0.0,-6.12323399573676E-17,-1.0));
#18400=DIRECTION('',(0.0,6.12323399573676E-17,1.0));
#18401=DIRECTION('',(1.0,0.0,0.0));
#18402=DIRECTION('',(0.0,1.0,-6.12323399573676E-17));
#18403=DIRECTION('',(0.0,1.0,-6.12323399573676E-17));
ENDSEC;
END-ISO-10303-21;
